{
"type": "FeatureCollection",
"name": "carlentini_boundary",
"crs": { "type": "name", "properties": { "name": "urn:ogc:def:crs:OGC:1.3:CRS84" } },
"features": [
{ "type": "Feature", "properties": { "COD_RIP": 5, "COD_REG": 19, "COD_PROV": 89, "COD_CM": 0, "COD_UTS": 89, "PRO_COM": "89006", "PRO_COM_T": "089006", "COMUNE": "Carlentini", "COMUNE_A": null, "CC_UTS": 0, "Shape_Leng": 85374.966369500005, "Shape_Area": 158911788.44400001 }, "geometry": { "type": "Polygon", "coordinates": [ [ [ 15.065119312091971, 37.360527094044642 ], [ 15.066971043029625, 37.360262408155016 ], [ 15.067816143579202, 37.360089418300831 ], [ 15.068393971982518, 37.359971135183677 ], [ 15.068459799789062, 37.359957660162948 ], [ 15.068958142669009, 37.359855645284462 ], [ 15.070437255362171, 37.359674500184127 ], [ 15.07202917223427, 37.359355803270859 ], [ 15.073090456676232, 37.359150091017341 ], [ 15.073461381159989, 37.359116119041168 ], [ 15.074750261781194, 37.358998067758321 ], [ 15.075938340782441, 37.358851237280071 ], [ 15.076011078919763, 37.358842247655325 ], [ 15.076161600049014, 37.358823644527057 ], [ 15.077369758890367, 37.358714706771664 ], [ 15.078562324399941, 37.358618447929047 ], [ 15.078601405219068, 37.358615287164604 ], [ 15.079106927300773, 37.35857448669681 ], [ 15.079368311220511, 37.358553386084331 ], [ 15.080870073165034, 37.358489263325673 ], [ 15.081491269647781, 37.358496857185955 ], [ 15.081836483147024, 37.358501082280895 ], [ 15.081892841603246, 37.358501756661916 ], [ 15.082005459808267, 37.358503125737435 ], [ 15.082055028689748, 37.358504390776837 ], [ 15.083501230074276, 37.358566309346287 ], [ 15.083891324193672, 37.358505169366268 ], [ 15.084483461325485, 37.358412371231523 ], [ 15.085296587145098, 37.358495174650947 ], [ 15.085921114874045, 37.358494716363438 ], [ 15.086701086512555, 37.358494137211707 ], [ 15.088809643724558, 37.358507379555789 ], [ 15.089723180542414, 37.358550484673913 ], [ 15.089765521928017, 37.358554947873266 ], [ 15.089953164748859, 37.35856992084917 ], [ 15.090129322626149, 37.358583977706623 ], [ 15.090399096013623, 37.358605504023622 ], [ 15.090686067571625, 37.358628402612048 ], [ 15.090972663479114, 37.35864173443457 ], [ 15.091198633477148, 37.35817022068489 ], [ 15.091493515958978, 37.357554905803624 ], [ 15.091607927628628, 37.356398639161178 ], [ 15.09172273714932, 37.355566086937316 ], [ 15.091750657467786, 37.354710506619377 ], [ 15.091748738351164, 37.353138088147148 ], [ 15.092007626563452, 37.351750469175485 ], [ 15.09209354145837, 37.350987317249789 ], [ 15.092092537591807, 37.350154872110899 ], [ 15.092265451841598, 37.349507275103527 ], [ 15.09226525171618, 37.349345409043558 ], [ 15.092197784689601, 37.349281635611661 ], [ 15.092428056406041, 37.348382212331252 ], [ 15.092505667503858, 37.348211916205301 ], [ 15.092608690770817, 37.347985859979545 ], [ 15.092697698673209, 37.347735336049347 ], [ 15.092764673704798, 37.34754682646583 ], [ 15.092846148484023, 37.347264789887049 ], [ 15.092854097654959, 37.347098797991627 ], [ 15.0928660239921, 37.346849744314511 ], [ 15.09287817513613, 37.346647535260573 ], [ 15.092888808764743, 37.346470565367028 ], [ 15.092864195060447, 37.346198239181653 ], [ 15.09285459816993, 37.346092066725404 ], [ 15.092867185829427, 37.345846520539631 ], [ 15.092872245074894, 37.345747805072278 ], [ 15.092875877511784, 37.345676948598872 ], [ 15.092886459066376, 37.345596907042342 ], [ 15.092926371489867, 37.345294989773635 ], [ 15.092933083513316, 37.345244214257697 ], [ 15.09294878064069, 37.345137900587503 ], [ 15.092987653362103, 37.344874636314266 ], [ 15.093013804668658, 37.344816573497361 ], [ 15.093076885706383, 37.344676515590741 ], [ 15.093020692175303, 37.34465610157114 ], [ 15.092764616090754, 37.344563077620627 ], [ 15.092618886992437, 37.344514526943129 ], [ 15.092423704264034, 37.344449499345863 ], [ 15.092349493017489, 37.344424775450598 ], [ 15.09218638970054, 37.344370547532421 ], [ 15.091690663221087, 37.344205276974137 ], [ 15.091600899538612, 37.344165797403818 ], [ 15.091463325464538, 37.344127071613798 ], [ 15.091194037506902, 37.344034409230822 ], [ 15.091024537015736, 37.343976077539551 ], [ 15.090889032602062, 37.343929445203827 ], [ 15.090449170406455, 37.343831868886838 ], [ 15.090041705749673, 37.343741478611371 ], [ 15.089875302692484, 37.34370586066435 ], [ 15.08967492253336, 37.343662968845713 ], [ 15.089301697253168, 37.343583079757558 ], [ 15.089194926932466, 37.343560224127749 ], [ 15.088729865591951, 37.343482149216854 ], [ 15.088158439063793, 37.343386214439619 ], [ 15.088077777293766, 37.343372672797479 ], [ 15.087590381868898, 37.343338229998679 ], [ 15.087426689362969, 37.343329098119447 ], [ 15.087016064622981, 37.343301507034674 ], [ 15.086455552160878, 37.343238908425107 ], [ 15.086134940842761, 37.343203016848591 ], [ 15.085958230809476, 37.343126632240669 ], [ 15.085880004301268, 37.34309204533006 ], [ 15.085610469997214, 37.342972877829503 ], [ 15.085456950108538, 37.342905001988868 ], [ 15.085286647165859, 37.342820396583207 ], [ 15.085248852257184, 37.34280261180735 ], [ 15.084836149965891, 37.342599549007247 ], [ 15.084067756346151, 37.342402947148663 ], [ 15.0840245717296, 37.342391683809893 ], [ 15.083513969057593, 37.341898272593049 ], [ 15.083491794637059, 37.341867914617907 ], [ 15.083419947914148, 37.341779493363987 ], [ 15.083378755435804, 37.341721893321882 ], [ 15.083344370757159, 37.341676768448174 ], [ 15.083066444644823, 37.341312240276324 ], [ 15.082957786282643, 37.341169722202167 ], [ 15.082881099487437, 37.341069147722465 ], [ 15.082754321393567, 37.340859521027461 ], [ 15.082567874657672, 37.340551229511064 ], [ 15.082395480319443, 37.340266170813344 ], [ 15.08216715808989, 37.339987068919655 ], [ 15.082076236489907, 37.339875924709823 ], [ 15.081947686339994, 37.339718783810333 ], [ 15.081837656881506, 37.33957907053275 ], [ 15.081819060875768, 37.339537015928848 ], [ 15.081672713385462, 37.339206046061634 ], [ 15.081591706701671, 37.339022842301304 ], [ 15.081219416084656, 37.338409767826519 ], [ 15.080800653381653, 37.337997114536442 ], [ 15.08008377064086, 37.337651170192764 ], [ 15.080055032542727, 37.337637301431542 ], [ 15.079786337815692, 37.337417483087656 ], [ 15.079637510971837, 37.337292975157034 ], [ 15.079377145259649, 37.337078252459257 ], [ 15.079084022697851, 37.336754659308575 ], [ 15.078755967432508, 37.336392497040393 ], [ 15.078213470605721, 37.335817443951754 ], [ 15.077761279173735, 37.335356991681991 ], [ 15.07737080955367, 37.335014865341158 ], [ 15.077185150766464, 37.334853416807796 ], [ 15.077049087206348, 37.334702220431829 ], [ 15.07686779942363, 37.334500770977414 ], [ 15.076597064927496, 37.334132210251596 ], [ 15.076488842111102, 37.333865517193793 ], [ 15.076223615693323, 37.33277214916528 ], [ 15.07584150350079, 37.332200093137288 ], [ 15.075772274800784, 37.332096448531132 ], [ 15.075206560685633, 37.331249501863965 ], [ 15.074672264056918, 37.330196815779004 ], [ 15.074538790667411, 37.329933836611715 ], [ 15.074091702797299, 37.329207543211119 ], [ 15.074063439855001, 37.329161629919462 ], [ 15.074010527267484, 37.329075671763931 ], [ 15.073431190667952, 37.328134447130097 ], [ 15.073373543757592, 37.328040789613311 ], [ 15.072640552140498, 37.326789245032842 ], [ 15.072368261121943, 37.326355724232307 ], [ 15.072325665655514, 37.326287907069855 ], [ 15.071951117664975, 37.325691569852857 ], [ 15.07185887308094, 37.325544701312495 ], [ 15.071434286021901, 37.324766901485972 ], [ 15.071414611775612, 37.324730859669394 ], [ 15.071379768650225, 37.324667030567312 ], [ 15.071249574787874, 37.324428524102757 ], [ 15.070334009942597, 37.323139103706026 ], [ 15.07003152665283, 37.322678949710586 ], [ 15.069997711871073, 37.322627507696424 ], [ 15.069911149860058, 37.322495823847262 ], [ 15.069846849674105, 37.32239800480108 ], [ 15.069789744533313, 37.322311131603364 ], [ 15.069773778421482, 37.32228684222715 ], [ 15.069587206047348, 37.322003011656882 ], [ 15.069238910771565, 37.321186250425598 ], [ 15.069179715406914, 37.321047434424102 ], [ 15.068480127433656, 37.319832386853761 ], [ 15.067778944290238, 37.318723061979469 ], [ 15.067744571373158, 37.318668679546207 ], [ 15.067569248622974, 37.318407698130919 ], [ 15.067357870757919, 37.318092314214823 ], [ 15.067248938809815, 37.317929986758536 ], [ 15.067219256772935, 37.317885755643097 ], [ 15.067186040606753, 37.317836257479534 ], [ 15.066804388879504, 37.31728039621153 ], [ 15.066763508032242, 37.31722082742121 ], [ 15.06674935117894, 37.317170967523687 ], [ 15.066707529091589, 37.317083218755201 ], [ 15.066637402193138, 37.316938978375333 ], [ 15.06651191660254, 37.316680869470062 ], [ 15.066308738717503, 37.316262950219439 ], [ 15.066241301707832, 37.315994686779952 ], [ 15.066234880761971, 37.315969137022918 ], [ 15.06602562110762, 37.315136703208438 ], [ 15.065939313946274, 37.314760976437427 ], [ 15.065933513095425, 37.314735720570475 ], [ 15.065904535110731, 37.314609570385571 ], [ 15.065799837589902, 37.314153768618084 ], [ 15.065550820629179, 37.313127034123106 ], [ 15.065117334083167, 37.312174701012836 ], [ 15.065030412075764, 37.311983737540125 ], [ 15.064623305262002, 37.311433148985842 ], [ 15.064609413939785, 37.311405341726747 ], [ 15.064566201403787, 37.311318838989116 ], [ 15.064251355486066, 37.31068858059966 ], [ 15.064159751418689, 37.310505206120247 ], [ 15.06411667853677, 37.31045202323233 ], [ 15.063810117987593, 37.310073500268643 ], [ 15.063561436425502, 37.309766439615409 ], [ 15.063452884133863, 37.309595679158889 ], [ 15.06305171871935, 37.308964607152163 ], [ 15.062983063462028, 37.308730517755471 ], [ 15.062972761530652, 37.308695390037677 ], [ 15.062941643267322, 37.3085892851579 ], [ 15.062811621680821, 37.308145947266759 ], [ 15.06275360534991, 37.307948127365613 ], [ 15.062743038559866, 37.307891422707904 ], [ 15.062476311106321, 37.307713165403889 ], [ 15.062412121906211, 37.307669209498698 ], [ 15.062156466875351, 37.307494506120392 ], [ 15.062126599704982, 37.307477815684287 ], [ 15.06180427313695, 37.307297696484504 ], [ 15.061563577248501, 37.307163192244985 ], [ 15.061447765114311, 37.307098473957851 ], [ 15.061542548886541, 37.306863714945649 ], [ 15.06167320203817, 37.306540106020094 ], [ 15.061692149745518, 37.306403412420913 ], [ 15.061733498890108, 37.306105109616816 ], [ 15.061754977511892, 37.305950156967597 ], [ 15.061809139941236, 37.305559421184441 ], [ 15.061819278412058, 37.305486284318469 ], [ 15.06197885403266, 37.30524676728789 ], [ 15.062124302694947, 37.305028882026228 ], [ 15.062224695366847, 37.304877791451602 ], [ 15.062442202196122, 37.304551330848007 ], [ 15.06246232836591, 37.304519231468319 ], [ 15.062519429171918, 37.304150871042751 ], [ 15.062571794692182, 37.303813057167481 ], [ 15.062596016723164, 37.303656796021855 ], [ 15.062609640546134, 37.303568908013872 ], [ 15.062631067167203, 37.303430685509404 ], [ 15.062559614333706, 37.303220887996915 ], [ 15.062539624895493, 37.303162196245978 ], [ 15.062444842538133, 37.302883902412354 ], [ 15.062275962203639, 37.302388034353079 ], [ 15.062254253946893, 37.302324294295339 ], [ 15.06223069178688, 37.302255107909311 ], [ 15.062144486115017, 37.301997633893478 ], [ 15.062121882958385, 37.301744690503817 ], [ 15.062107020969275, 37.301578374584814 ], [ 15.06209398497162, 37.301432484250284 ], [ 15.062088319254181, 37.301353153920296 ], [ 15.062124634200119, 37.301222671561071 ], [ 15.062177580544606, 37.301032425456725 ], [ 15.062312779025751, 37.300546635626937 ], [ 15.062199199669406, 37.300016550688355 ], [ 15.062110565849911, 37.29996884686787 ], [ 15.061966264708506, 37.299893815302632 ], [ 15.061781359308126, 37.299797670307399 ], [ 15.061717538440965, 37.299780147469562 ], [ 15.061151392031876, 37.299624704226936 ], [ 15.060951843376078, 37.299569913926213 ], [ 15.0607753251718, 37.299521447736559 ], [ 15.060732175219156, 37.299509599638235 ], [ 15.060656020446466, 37.299459472903742 ], [ 15.060490274326654, 37.299350373809659 ], [ 15.060348490971855, 37.299257047590686 ], [ 15.059986552024897, 37.298924630642937 ], [ 15.05961200646512, 37.298656749058139 ], [ 15.059332004492692, 37.29845648659132 ], [ 15.058530303448926, 37.298259178133598 ], [ 15.058510682686837, 37.298213386012698 ], [ 15.058431709346786, 37.298029078005442 ], [ 15.05841088470422, 37.297980477437704 ], [ 15.058294457929204, 37.297708756716112 ], [ 15.058337398835683, 37.297393796710566 ], [ 15.058243621059939, 37.297217117519146 ], [ 15.058215779811524, 37.297164663343004 ], [ 15.058021164351, 37.296797994578938 ], [ 15.05741147862132, 37.296221783308333 ], [ 15.05737933918099, 37.296179966070824 ], [ 15.0573599422207, 37.296154727633734 ], [ 15.057050467722354, 37.295752055172002 ], [ 15.057414173287556, 37.294955387079497 ], [ 15.057429490504365, 37.294921835420972 ], [ 15.05744493702524, 37.294888000800761 ], [ 15.057694124218525, 37.294458215458491 ], [ 15.057720114041947, 37.294413390400372 ], [ 15.057735218993253, 37.294387338094175 ], [ 15.057876785959888, 37.29414316831982 ], [ 15.057578793691885, 37.293751565626813 ], [ 15.05740938745717, 37.293265230213557 ], [ 15.057625247548325, 37.293163293962998 ], [ 15.057747891507224, 37.293105376955573 ], [ 15.057906585009761, 37.293030435547678 ], [ 15.058089517410247, 37.292978660001367 ], [ 15.058256300861826, 37.292931454503304 ], [ 15.058475665329826, 37.292809092627841 ], [ 15.058605522177814, 37.292736657976938 ], [ 15.058660614492222, 37.292705926450907 ], [ 15.058637115658559, 37.29260126821903 ], [ 15.058571708131979, 37.292309964567323 ], [ 15.058319535160191, 37.292173347521988 ], [ 15.058092921494826, 37.292046924916477 ], [ 15.057994907127066, 37.291993075943836 ], [ 15.057515477124502, 37.291847039206907 ], [ 15.057318597293547, 37.291787066227144 ], [ 15.057285366688383, 37.291779061609212 ], [ 15.05693809237297, 37.291695400463666 ], [ 15.056646671663767, 37.291625193825816 ], [ 15.056472463528479, 37.291583225224848 ], [ 15.056396052628381, 37.291564816618873 ], [ 15.056354728753881, 37.291554861150878 ], [ 15.056017667623731, 37.291394149692366 ], [ 15.055896078104224, 37.29133014728901 ], [ 15.05577804384148, 37.291278855505709 ], [ 15.055727447197297, 37.291254513348143 ], [ 15.055636101243751, 37.291130704827872 ], [ 15.055196397244083, 37.290534729181203 ], [ 15.054891599181706, 37.289922605401053 ], [ 15.054810819102949, 37.289741995435335 ], [ 15.054767514539115, 37.289645172890012 ], [ 15.054508765201511, 37.289066640809047 ], [ 15.054440035474235, 37.288912968919973 ], [ 15.054314078789419, 37.28871066623411 ], [ 15.053750409756402, 37.287805321465662 ], [ 15.053626164587424, 37.287722510103819 ], [ 15.053269832677771, 37.287485007715063 ], [ 15.053217067930722, 37.287449839019288 ], [ 15.052869607120213, 37.287218245170365 ], [ 15.052699663884258, 37.287153396180052 ], [ 15.052625083213224, 37.28712314609016 ], [ 15.052493746014497, 37.287074818704788 ], [ 15.052069180347898, 37.286912803968448 ], [ 15.051484589690656, 37.2869942969241 ], [ 15.051093113797767, 37.287035128186211 ], [ 15.05088388860276, 37.287056892423479 ], [ 15.050828347001518, 37.28704473291404 ], [ 15.050184440590431, 37.286903767172703 ], [ 15.050297454680329, 37.286382691407631 ], [ 15.050500511458173, 37.285589216072573 ], [ 15.050499433871707, 37.285140105170825 ], [ 15.050486385596054, 37.284924767320284 ], [ 15.050187950976381, 37.284800291163329 ], [ 15.049787980907096, 37.284633462984026 ], [ 15.049722314197354, 37.284623737631108 ], [ 15.049506962437276, 37.284591844908491 ], [ 15.04923507226991, 37.284551578723651 ], [ 15.048978563958196, 37.284311362772556 ], [ 15.048790111210348, 37.284134878389779 ], [ 15.048649636711161, 37.284003323770605 ], [ 15.048503717644346, 37.283894920572237 ], [ 15.048463106831068, 37.283864749770494 ], [ 15.048006497266197, 37.283525529544981 ], [ 15.047214926383596, 37.283057589392591 ], [ 15.047214881448209, 37.282785315773552 ], [ 15.047316861477375, 37.282091554406264 ], [ 15.047507852771442, 37.281559715713875 ], [ 15.047571083448716, 37.281211857615872 ], [ 15.047607209630504, 37.281013115660663 ], [ 15.047620516405477, 37.280884024184253 ], [ 15.047656665901608, 37.280572574408964 ], [ 15.047665854981512, 37.280406307330836 ], [ 15.047813655332059, 37.280114496608732 ], [ 15.047980603060795, 37.279784876894432 ], [ 15.048136320615491, 37.279647921337116 ], [ 15.048331067443566, 37.279476637349653 ], [ 15.048484446481654, 37.279350521037685 ], [ 15.048685330883989, 37.27919151269581 ], [ 15.048720325525501, 37.279170503356745 ], [ 15.048735134546479, 37.27910424006577 ], [ 15.048757846088275, 37.278987634267665 ], [ 15.048809591501573, 37.278770412005606 ], [ 15.048837550512044, 37.27867434917372 ], [ 15.048648419497834, 37.278129231978774 ], [ 15.048515288021369, 37.278000619611412 ], [ 15.048334051358273, 37.277837665253102 ], [ 15.048192733171319, 37.277710603711633 ], [ 15.047934492800945, 37.277781103466268 ], [ 15.047781472238356, 37.277822877418409 ], [ 15.047568851311608, 37.277880923011899 ], [ 15.047383408595898, 37.277931547805032 ], [ 15.047167719550908, 37.27799042956083 ], [ 15.046838676639236, 37.278161134000591 ], [ 15.046403953691392, 37.278386661911163 ], [ 15.046298028592174, 37.278441614836183 ], [ 15.046247567028669, 37.278467793414691 ], [ 15.045983694964205, 37.27860468371896 ], [ 15.045755794438902, 37.278677696239335 ], [ 15.045182742502694, 37.278884515180721 ], [ 15.044979830600429, 37.278955406502334 ], [ 15.044008034218578, 37.278727078893546 ], [ 15.043750006898495, 37.278666452817951 ], [ 15.043682587109593, 37.278650612250416 ], [ 15.04365362305135, 37.27853393980859 ], [ 15.043572375326821, 37.278340020092529 ], [ 15.043549111957512, 37.278274463507991 ], [ 15.043455173161391, 37.278009732596438 ], [ 15.043503731260346, 37.277126952569994 ], [ 15.043512143864554, 37.276974003033537 ], [ 15.043401397507921, 37.276870021466813 ], [ 15.043068667323682, 37.276557617000215 ], [ 15.04265205282262, 37.276575304572098 ], [ 15.042327328324903, 37.276595929836589 ], [ 15.042100429748809, 37.276669867560607 ], [ 15.041842317371689, 37.276753977026864 ], [ 15.041606327134948, 37.276830876360478 ], [ 15.041233338580385, 37.276961411736274 ], [ 15.041114094032322, 37.277003143498284 ], [ 15.040984816172783, 37.277046169424224 ], [ 15.04095560349203, 37.27705860873192 ], [ 15.040657278451805, 37.277163011635295 ], [ 15.040566870254318, 37.277101816892774 ], [ 15.040334299526705, 37.276935304187155 ], [ 15.040284417459874, 37.276900135429834 ], [ 15.040217524633588, 37.276852975032931 ], [ 15.040171792231654, 37.27681966204684 ], [ 15.040045230907779, 37.276461698496746 ], [ 15.039971081673844, 37.276251971706039 ], [ 15.039925369426351, 37.276225055236047 ], [ 15.039748327121323, 37.27614605769373 ], [ 15.039712937773784, 37.276130265633213 ], [ 15.039541147696248, 37.276053610780295 ], [ 15.03950694433564, 37.27603835106391 ], [ 15.038679767323911, 37.276130607344868 ], [ 15.038537124163817, 37.276146517255093 ], [ 15.038470904885637, 37.276130675992796 ], [ 15.037894050097711, 37.275992677523014 ], [ 15.037718176181931, 37.275911671945458 ], [ 15.037644917873019, 37.275877931813902 ], [ 15.037268331776634, 37.275704483015666 ], [ 15.037138642324047, 37.275644748990821 ], [ 15.037048424548047, 37.275603196351824 ], [ 15.036888271003265, 37.275457435960774 ], [ 15.036822200415468, 37.275407534808465 ], [ 15.03670084126597, 37.275281885046049 ], [ 15.036664884554044, 37.27524664902726 ], [ 15.036617081113576, 37.275200968339831 ], [ 15.036359549048129, 37.274957409103777 ], [ 15.036369953649128, 37.274929285943614 ], [ 15.036563211174684, 37.274406946283911 ], [ 15.03685634103568, 37.273892420335805 ], [ 15.036899009064962, 37.273829012957265 ], [ 15.036915561570117, 37.273804414762111 ], [ 15.03714695065317, 37.273460556173049 ], [ 15.037178742987807, 37.27341330985368 ], [ 15.037238066499032, 37.273325150362766 ], [ 15.037317389074758, 37.273207270317492 ], [ 15.037315360657871, 37.273111156186779 ], [ 15.037313062150673, 37.273002271343174 ], [ 15.037305814677344, 37.27265882969423 ], [ 15.037267352313405, 37.27255433419306 ], [ 15.037242973899104, 37.272488101414908 ], [ 15.037170191858429, 37.272290363333532 ], [ 15.037055837094025, 37.271979674276558 ], [ 15.037027741868252, 37.271903343931925 ], [ 15.036944076876866, 37.271676035702093 ], [ 15.036839562299658, 37.271624227393787 ], [ 15.036380383473768, 37.271396610457074 ], [ 15.03616031162675, 37.271300761049631 ], [ 15.036126142823745, 37.271287118590834 ], [ 15.036029287092836, 37.271245406932373 ], [ 15.035850299323364, 37.27116832240273 ], [ 15.03578270771027, 37.271143682207743 ], [ 15.034271399357092, 37.270613468361738 ], [ 15.033898639509585, 37.270254050368294 ], [ 15.033243136606245, 37.269621995202954 ], [ 15.033117190677888, 37.269373415906784 ], [ 15.032881986775752, 37.26890918370394 ], [ 15.032784917892739, 37.268710186899852 ], [ 15.032762125214928, 37.268663460973286 ], [ 15.032612607330927, 37.268356941389726 ], [ 15.032194192651527, 37.268231051942088 ], [ 15.03215146794232, 37.268206156626277 ], [ 15.031969374172863, 37.26810185350886 ], [ 15.031935037068957, 37.268080046629478 ], [ 15.032072654480089, 37.267960841366381 ], [ 15.032318782237086, 37.267747644832326 ], [ 15.032802527784977, 37.267846664657846 ], [ 15.032961105316025, 37.267819746798303 ], [ 15.033390700334294, 37.267746826220986 ], [ 15.033728026148433, 37.267520315804326 ], [ 15.033897422508213, 37.267538318279705 ], [ 15.033957292462709, 37.267544680125113 ], [ 15.034585587805168, 37.267611449525596 ], [ 15.034841758142905, 37.267484013700575 ], [ 15.034877054912343, 37.267465957937141 ], [ 15.034774561769398, 37.267265963254353 ], [ 15.03469797963893, 37.267117895244418 ], [ 15.034608164637332, 37.266944244741126 ], [ 15.033896982717726, 37.266555841537397 ], [ 15.033715328123103, 37.266456631006143 ], [ 15.03343961537812, 37.26600894233647 ], [ 15.03342024505722, 37.265982753822222 ], [ 15.033449344969716, 37.265880060800171 ], [ 15.033538523347644, 37.265544973590792 ], [ 15.033592546273519, 37.265341985634358 ], [ 15.033636162363383, 37.265178095202259 ], [ 15.033656317455307, 37.264993085897586 ], [ 15.033695154167908, 37.264636591472552 ], [ 15.033725363906617, 37.264359278955695 ], [ 15.033895567570442, 37.263404012808188 ], [ 15.033952270900867, 37.263087280266497 ], [ 15.034097987955811, 37.262753558832706 ], [ 15.034093487775923, 37.262678151888068 ], [ 15.034089485832761, 37.262611090081215 ], [ 15.034074922569792, 37.262367011368674 ], [ 15.034070716246196, 37.262296524458648 ], [ 15.034068907937202, 37.262266221690744 ], [ 15.034066164743827, 37.262220264173024 ], [ 15.034048186536909, 37.261985919760924 ], [ 15.033967034874737, 37.261818568631284 ], [ 15.033894791199977, 37.261669585764984 ], [ 15.033845406376216, 37.261567741958629 ], [ 15.033823718625316, 37.261523017223858 ], [ 15.033724817474258, 37.261319058117678 ], [ 15.033894483802044, 37.26098312550905 ], [ 15.034061970424272, 37.260651503927605 ], [ 15.034623675777679, 37.260049647445243 ], [ 15.034651015608706, 37.260020352981712 ], [ 15.035021274404203, 37.259623622421657 ], [ 15.034732935167847, 37.259273265621225 ], [ 15.034703179984408, 37.259237111081106 ], [ 15.03464082744342, 37.259187849582496 ], [ 15.03461604271474, 37.25915833164737 ], [ 15.034183350657697, 37.25876548272182 ], [ 15.034107281649337, 37.258619015960768 ], [ 15.033893239902509, 37.258206884629274 ], [ 15.033844696916479, 37.258109850847084 ], [ 15.03379419550396, 37.257958184120135 ], [ 15.033520921250771, 37.257137453905521 ], [ 15.033306302899994, 37.256417128898377 ], [ 15.033009614188243, 37.255679398206979 ], [ 15.032985736383816, 37.255620024137507 ], [ 15.032921477785473, 37.255460236233795 ], [ 15.033259023408188, 37.254630674500632 ], [ 15.033260312396902, 37.254189574585887 ], [ 15.033006658468363, 37.253597421089147 ], [ 15.032808526375044, 37.253134869777341 ], [ 15.032582380454455, 37.252604147479374 ], [ 15.032210275074458, 37.252359894076221 ], [ 15.031996200799076, 37.251918562635524 ], [ 15.03157866840229, 37.251458380381052 ], [ 15.03113892974531, 37.251107348956111 ], [ 15.03047239397362, 37.250648629827047 ], [ 15.029908905993995, 37.249991145330682 ], [ 15.028634429500819, 37.249259725912864 ], [ 15.028378720603401, 37.249091627057545 ], [ 15.028251229569729, 37.24900781535392 ], [ 15.027414860103708, 37.248457983833781 ], [ 15.026582102622005, 37.247908729122585 ], [ 15.025397693725978, 37.247449447140617 ], [ 15.02414519739315, 37.247133132374685 ], [ 15.023340708882683, 37.246761985654672 ], [ 15.023313220287847, 37.246719816643726 ], [ 15.023266692120281, 37.246538942063971 ], [ 15.024291897190578, 37.246124324531408 ], [ 15.02437297939508, 37.246088436795709 ], [ 15.025148223974, 37.245745308389218 ], [ 15.026045152307343, 37.245326544464511 ], [ 15.026185550170155, 37.245260993565481 ], [ 15.026286313760215, 37.245213947350223 ], [ 15.026344140508366, 37.245186948122594 ], [ 15.026731194021952, 37.245044784772695 ], [ 15.027212308723396, 37.244868070174249 ], [ 15.027277198620386, 37.244833129271576 ], [ 15.027455500970017, 37.244737117196387 ], [ 15.027738397465596, 37.244584782747189 ], [ 15.027978666876226, 37.244455400193381 ], [ 15.028249450908211, 37.244242403130805 ], [ 15.02852018679045, 37.244029442160411 ], [ 15.02842270509451, 37.243695387887385 ], [ 15.028292451195814, 37.243249019662173 ], [ 15.028249058029575, 37.243189655952101 ], [ 15.027827742634031, 37.242607408064551 ], [ 15.027661925230833, 37.242086408538079 ], [ 15.027834686391973, 37.241828328276647 ], [ 15.028157875833744, 37.241345525307054 ], [ 15.028248339382165, 37.241259165041079 ], [ 15.028733143958759, 37.240796347860822 ], [ 15.028750520881619, 37.240765342689819 ], [ 15.02895841347579, 37.240394433283051 ], [ 15.029034366623554, 37.240258921349309 ], [ 15.029136080767181, 37.240077446798516 ], [ 15.029678363337638, 37.239109914927305 ], [ 15.029586841732172, 37.23883695070991 ], [ 15.029509270936421, 37.238605521777316 ], [ 15.028766104828012, 37.238515240874079 ], [ 15.028247288281545, 37.238444419727848 ], [ 15.027650691956163, 37.238362978029507 ], [ 15.027453906867484, 37.238304086075154 ], [ 15.026443300728971, 37.238001633144094 ], [ 15.025901802139938, 37.238128296806238 ], [ 15.025958533458882, 37.237191567194266 ], [ 15.026443374866409, 37.236523259485104 ], [ 15.027632552383446, 37.236671698976487 ], [ 15.02767139248899, 37.236676547134145 ], [ 15.028084169059786, 37.236767029140523 ], [ 15.028246674974229, 37.236802649673528 ], [ 15.029069985282206, 37.236983114185335 ], [ 15.029533444674716, 37.237185577084915 ], [ 15.029593414275872, 37.2372117753902 ], [ 15.02970163272219, 37.237259050068019 ], [ 15.029835490466878, 37.237317525247178 ], [ 15.02987328492933, 37.237287210005583 ], [ 15.030050504382556, 37.237144310623677 ], [ 15.030358789114013, 37.236897800853768 ], [ 15.030397983915776, 37.236866363504809 ], [ 15.030680464903682, 37.23663979155333 ], [ 15.030739287765957, 37.23654995617094 ], [ 15.031323766517605, 37.235657334418676 ], [ 15.031392177028776, 37.235569867270016 ], [ 15.032225691308232, 37.234504142180924 ], [ 15.032923538624187, 37.233377139182807 ], [ 15.033622663446582, 37.232583100370711 ], [ 15.033881653744908, 37.232338677469606 ], [ 15.034242805091035, 37.23199783549645 ], [ 15.034861840458666, 37.231680403940345 ], [ 15.035587644502098, 37.231061674037342 ], [ 15.036055229787012, 37.230663060778134 ], [ 15.036968822567948, 37.229833258166437 ], [ 15.037023111924078, 37.229696863953514 ], [ 15.037103319442172, 37.229495355075741 ], [ 15.037347007974617, 37.228883117085985 ], [ 15.037374748005405, 37.228813427751632 ], [ 15.03752806561447, 37.22871249354646 ], [ 15.037575123143577, 37.228681513997842 ], [ 15.039290704146243, 37.227552057900127 ], [ 15.039515730554719, 37.227402297452507 ], [ 15.039752210844455, 37.227244912714426 ], [ 15.040737646919409, 37.226899503656632 ], [ 15.040868559240685, 37.2268493590324 ], [ 15.041204258676665, 37.226597157305626 ], [ 15.041263328733754, 37.226552821847633 ], [ 15.041379695590335, 37.226465482828878 ], [ 15.041422340067665, 37.226433475803169 ], [ 15.041578006313193, 37.226316639201173 ], [ 15.042308816942665, 37.225964194959673 ], [ 15.043223469817535, 37.226018604504297 ], [ 15.044575763425316, 37.226196857493463 ], [ 15.04515132382971, 37.226253232913912 ], [ 15.045426880943536, 37.226280222722608 ], [ 15.045963348523925, 37.226332767305962 ], [ 15.047517269626653, 37.226340892621764 ], [ 15.048998047049984, 37.22584659460734 ], [ 15.049062244812992, 37.225825164570054 ], [ 15.050336409368466, 37.225167197933743 ], [ 15.050786658539046, 37.224969034042097 ], [ 15.051913960275442, 37.224472873056271 ], [ 15.053118694345669, 37.224030802191031 ], [ 15.053635434605592, 37.223889480257661 ], [ 15.054212483815046, 37.223731661694011 ], [ 15.054661264242153, 37.223539910628141 ], [ 15.054716526668187, 37.223516298039925 ], [ 15.054748995543118, 37.223502425384879 ], [ 15.054870844111392, 37.223450361766709 ], [ 15.054901076268239, 37.223438673978876 ], [ 15.054833914223691, 37.223314224871018 ], [ 15.054570877157463, 37.222903233233559 ], [ 15.054415752596812, 37.222758179372853 ], [ 15.053851868502642, 37.22223754540731 ], [ 15.053814752395295, 37.222203278109937 ], [ 15.053704651926328, 37.222101619998213 ], [ 15.053622768551804, 37.222047307204186 ], [ 15.053493185548835, 37.221961353529466 ], [ 15.052700168340436, 37.221435366168933 ], [ 15.052191253962713, 37.220957436807424 ], [ 15.05112230719787, 37.220706251665398 ], [ 15.050797942581843, 37.220650450820727 ], [ 15.05069467175827, 37.220632685875962 ], [ 15.050175112046118, 37.220543302266762 ], [ 15.04944274394464, 37.220411199931434 ], [ 15.049380742216499, 37.220400016258729 ], [ 15.049330043777625, 37.220390870460328 ], [ 15.049430068920016, 37.219787201922095 ], [ 15.049526403089441, 37.219175001008622 ], [ 15.04951939241356, 37.219148686249561 ], [ 15.048842150298485, 37.219213608224649 ], [ 15.048404360290981, 37.21906574027431 ], [ 15.048342058553809, 37.219035700717455 ], [ 15.047919241513521, 37.218831841107303 ], [ 15.046543846203841, 37.21867056878375 ], [ 15.045993265670823, 37.218721604269192 ], [ 15.045853703046856, 37.21873454041198 ], [ 15.045146882437617, 37.218800054519754 ], [ 15.045078276739295, 37.218806413283474 ], [ 15.044315995134017, 37.218751305659424 ], [ 15.044169608825392, 37.218740721475676 ], [ 15.043999213919118, 37.218728402000472 ], [ 15.043693702056254, 37.218706314496949 ], [ 15.043058920723665, 37.218319009573854 ], [ 15.042441687513174, 37.21794237901485 ], [ 15.040830309602663, 37.217662613360169 ], [ 15.040710303916626, 37.217704440480674 ], [ 15.040597823298592, 37.217743644720599 ], [ 15.040452227489618, 37.217794391566748 ], [ 15.040050897136922, 37.217934272850165 ], [ 15.039510952037134, 37.218244075149514 ], [ 15.039409312446889, 37.218302392552019 ], [ 15.038756590560938, 37.218474303199095 ], [ 15.038693766081984, 37.218490849023965 ], [ 15.038518570005234, 37.218536991470231 ], [ 15.037876272881698, 37.218176938576754 ], [ 15.037797624597465, 37.218132848832298 ], [ 15.037752075509808, 37.218003529577977 ], [ 15.037588816862913, 37.217540015460635 ], [ 15.03747999056031, 37.217231036730944 ], [ 15.037121453703129, 37.21644090709497 ], [ 15.037062564744444, 37.216311129567174 ], [ 15.037047045531452, 37.216276927171023 ], [ 15.036363698957775, 37.215357523949208 ], [ 15.035124621191619, 37.214428586872323 ], [ 15.034469110144872, 37.214266096654534 ], [ 15.034399985230605, 37.214248961342072 ], [ 15.034226771284033, 37.214206024156269 ], [ 15.034189130721012, 37.214196693506459 ], [ 15.033874274210635, 37.214118594373268 ], [ 15.03313047130867, 37.213934258632364 ], [ 15.032922919758946, 37.213870056610325 ], [ 15.031788325849876, 37.213519086602872 ], [ 15.030246776480508, 37.213035095395163 ], [ 15.030007062003113, 37.212959832427607 ], [ 15.030039572055056, 37.212618390100715 ], [ 15.030175993041942, 37.212204136690957 ], [ 15.030232046940704, 37.211708495934651 ], [ 15.029488300870872, 37.211228966238409 ], [ 15.028846283733204, 37.210525966140992 ], [ 15.028236644555866, 37.209901224444693 ], [ 15.028179085032725, 37.209842238925916 ], [ 15.02750472135317, 37.209156643929404 ], [ 15.027278309390665, 37.208987817241209 ], [ 15.026858079702491, 37.208674466737314 ], [ 15.02666291067419, 37.208528933770886 ], [ 15.026442804622976, 37.208364805697848 ], [ 15.026074287090218, 37.208310074785381 ], [ 15.025906311644182, 37.208285127623384 ], [ 15.025529635186746, 37.208229183326068 ], [ 15.024571653684413, 37.208219584769097 ], [ 15.023827971869565, 37.207634242242968 ], [ 15.023043416199286, 37.207316522258722 ], [ 15.022984175830095, 37.207292532605308 ], [ 15.022600869204329, 37.207232920646625 ], [ 15.021992872596499, 37.207138362128923 ], [ 15.021426971524921, 37.206876966494654 ], [ 15.020934919861576, 37.206642822375066 ], [ 15.020615535878642, 37.206490840859239 ], [ 15.019876058521445, 37.206044530580208 ], [ 15.019793927179604, 37.205994959368716 ], [ 15.019180315218126, 37.205766397450837 ], [ 15.01911912577563, 37.205743604140601 ], [ 15.018486861145755, 37.205364065455363 ], [ 15.018250483712476, 37.204939580927437 ], [ 15.018087724597574, 37.204761793715669 ], [ 15.018060310185763, 37.204731848341972 ], [ 15.018024475048829, 37.204692705151658 ], [ 15.017945427980443, 37.204606359385799 ], [ 15.017566272875328, 37.204533801432092 ], [ 15.017527634415817, 37.204526407093496 ], [ 15.01696548461188, 37.204525411891872 ], [ 15.016729967845302, 37.204524993965308 ], [ 15.016404176226786, 37.204260547662415 ], [ 15.01637805029722, 37.204238487435667 ], [ 15.016304808397498, 37.204023783795414 ], [ 15.016257400544115, 37.203874604521111 ], [ 15.016289863374132, 37.203827397874761 ], [ 15.016327503288464, 37.203772661918521 ], [ 15.016450919301052, 37.203593191015607 ], [ 15.016490796683188, 37.203535201499271 ], [ 15.016743907862116, 37.203262312094338 ], [ 15.016861559025225, 37.203135465907806 ], [ 15.016965147475492, 37.203023782727719 ], [ 15.017143614337892, 37.202831369839537 ], [ 15.017630650408941, 37.202174236226469 ], [ 15.017617975003521, 37.20207352520687 ], [ 15.017538632773961, 37.201443123916526 ], [ 15.017497602440324, 37.201184570710389 ], [ 15.017314066884687, 37.200027959029399 ], [ 15.017103628345533, 37.199516640138498 ], [ 15.016964286865928, 37.199178069430047 ], [ 15.016841008466706, 37.198878522327966 ], [ 15.016106111508821, 37.198053146848714 ], [ 15.015341349460243, 37.197306808920423 ], [ 15.015211486885509, 37.196996337178298 ], [ 15.015114652251965, 37.196764826085179 ], [ 15.015463450222892, 37.196288021306984 ], [ 15.016398978101645, 37.196026566036075 ], [ 15.016703323954976, 37.195968949706902 ], [ 15.016963557875368, 37.195919682002931 ], [ 15.017305646055048, 37.19585491881535 ], [ 15.017684022550082, 37.195783283954505 ], [ 15.017928433892079, 37.195615982349551 ], [ 15.018013260229647, 37.195557916767534 ], [ 15.018151486368422, 37.195463300098424 ], [ 15.018358855171458, 37.195321352151765 ], [ 15.018405567478375, 37.195020800430527 ], [ 15.018494123893177, 37.194451013925942 ], [ 15.018505997289738, 37.194374618758076 ], [ 15.018519166379914, 37.194289886752152 ], [ 15.018528063778195, 37.194232639369908 ], [ 15.018523561920075, 37.194088057066651 ], [ 15.018507844787933, 37.19358322084193 ], [ 15.018494975705222, 37.193169865028167 ], [ 15.018493791674999, 37.193131814507979 ], [ 15.018236778509573, 37.192456359431773 ], [ 15.017366838873309, 37.191942678995353 ], [ 15.016962673285363, 37.191966216280029 ], [ 15.016747395518994, 37.19197875330002 ], [ 15.015203294266692, 37.191184393097181 ], [ 15.014822030552908, 37.190940953840254 ], [ 15.014743762917828, 37.190890979863546 ], [ 15.014685721207028, 37.190853919176575 ], [ 15.014131755503668, 37.190499914000718 ], [ 15.014107947555081, 37.190481189456911 ], [ 15.01392664727517, 37.190337661322836 ], [ 15.013880363748202, 37.190301019130345 ], [ 15.013821775659041, 37.190254637639391 ], [ 15.013732940938233, 37.190184311457053 ], [ 15.013566510256631, 37.190052553302991 ], [ 15.013467254978238, 37.189973973942884 ], [ 15.01333181136699, 37.189868358224501 ], [ 15.013289541804829, 37.189861589109086 ], [ 15.012980884462616, 37.189812165064659 ], [ 15.012335101412164, 37.18970875740257 ], [ 15.012126696923788, 37.189675384575139 ], [ 15.011937707101779, 37.189645120607949 ], [ 15.011409779791773, 37.189316344013292 ], [ 15.011373240865888, 37.189293587719156 ], [ 15.011387582456724, 37.189269659696777 ], [ 15.011409768178714, 37.189232643827985 ], [ 15.011690545667031, 37.188764168002862 ], [ 15.011767945371398, 37.188635028268216 ], [ 15.011794025824821, 37.188591511654096 ], [ 15.011836022373558, 37.188527415169162 ], [ 15.012081694340177, 37.18815856923873 ], [ 15.012185975073974, 37.188002002991375 ], [ 15.012239338898654, 37.187921883925732 ], [ 15.01226918353494, 37.187501195901589 ], [ 15.012270798150603, 37.187435015706271 ], [ 15.012192555353201, 37.187089906432142 ], [ 15.012185393342206, 37.187058315818469 ], [ 15.012195977017956, 37.18702951169417 ], [ 15.012215146862781, 37.186977339029418 ], [ 15.012322253430437, 37.186685836178718 ], [ 15.012374965580294, 37.186542368758545 ], [ 15.012467343902777, 37.186276200640918 ], [ 15.012478459681894, 37.186244175029152 ], [ 15.012487064109431, 37.186219383426575 ], [ 15.01232120231988, 37.186125477411352 ], [ 15.012258776662872, 37.186090134553105 ], [ 15.012104205916375, 37.186002622420105 ], [ 15.011953621354227, 37.186051617770353 ], [ 15.011899461881983, 37.186069239017655 ], [ 15.011857743212325, 37.18608281266151 ], [ 15.011440100454744, 37.18621869574698 ], [ 15.011328172544921, 37.186225548627178 ], [ 15.011001378253981, 37.186245554367048 ], [ 15.01088545760051, 37.186020258149789 ], [ 15.010873110137382, 37.185996261697746 ], [ 15.010825758476566, 37.185904231433824 ], [ 15.010779434570336, 37.185814201888221 ], [ 15.010745013506883, 37.185747373260504 ], [ 15.010478800119927, 37.185701999346385 ], [ 15.010258031782467, 37.185669092058795 ], [ 15.010178822669818, 37.18574243083804 ], [ 15.010067177303004, 37.185845801322252 ], [ 15.009997366915259, 37.185910440172563 ], [ 15.009975138552683, 37.185931020731132 ], [ 15.009933703745746, 37.185996344456917 ], [ 15.009615276138572, 37.186498381321194 ], [ 15.009128010990656, 37.186596148845567 ], [ 15.008984111838405, 37.186625021864813 ], [ 15.008352728314744, 37.18622738414755 ], [ 15.008323439759723, 37.186136031008537 ], [ 15.008307164416376, 37.186085262458668 ], [ 15.008278698443513, 37.185996471360639 ], [ 15.008081582230174, 37.185381615297096 ], [ 15.0080824259312, 37.185312820835776 ], [ 15.008084856801895, 37.185114486546624 ], [ 15.008091591801513, 37.184565215300573 ], [ 15.008093430761011, 37.184415055385976 ], [ 15.0080946394596, 37.184316622599802 ], [ 15.007906480540813, 37.184012994414907 ], [ 15.007814440873048, 37.183864472820218 ], [ 15.007645258334676, 37.183591461195938 ], [ 15.007564730773, 37.183461513454887 ], [ 15.006968141759412, 37.182749318314976 ], [ 15.006585162688648, 37.182233361780554 ], [ 15.006546480910279, 37.182177903182492 ], [ 15.006493350171382, 37.182109670472556 ], [ 15.006032768702866, 37.181622313468758 ], [ 15.005882878273036, 37.181489569367635 ], [ 15.005694582112138, 37.18132281176392 ], [ 15.005422461170106, 37.181081815068737 ], [ 15.005334900313054, 37.181040567867051 ], [ 15.004849081741696, 37.180811714938784 ], [ 15.004026000861, 37.180477795043323 ], [ 15.00329499397689, 37.180152698913076 ], [ 15.003103448851016, 37.179865421144648 ], [ 15.003127047240403, 37.1798321729107 ], [ 15.003282398962268, 37.179613294375933 ], [ 15.003653948792202, 37.179405382093272 ], [ 15.004004078015654, 37.178998296795925 ], [ 15.003981658291227, 37.178459391287582 ], [ 15.003560075298495, 37.178277968636756 ], [ 15.003518706200024, 37.178260166253786 ], [ 15.002741562245365, 37.177973411605613 ], [ 15.002714791848804, 37.177695928980761 ], [ 15.002697923784256, 37.177521097390319 ], [ 15.003035062796556, 37.177100575894364 ], [ 15.003055239420574, 37.177075409799464 ], [ 15.003135214795885, 37.176975653844373 ], [ 15.003109899972573, 37.176872509358972 ], [ 15.003023504992903, 37.176566203978311 ], [ 15.002992781200408, 37.176542564003547 ], [ 15.002943940914008, 37.176504987590512 ], [ 15.002729985136638, 37.176340369026875 ], [ 15.002223536517898, 37.176195111670587 ], [ 15.002135544779097, 37.176138650753067 ], [ 15.001593143149623, 37.175790619404559 ], [ 15.000961011253901, 37.175230945273853 ], [ 15.000650874918179, 37.174777631248119 ], [ 15.000455194097308, 37.174491609786955 ], [ 15.000325380503318, 37.174434675363059 ], [ 15.000061721993395, 37.174319041564473 ], [ 14.999779291146844, 37.174195171319347 ], [ 14.998697399942269, 37.173734859124359 ], [ 14.998179592791836, 37.173455153586261 ], [ 14.997687549492474, 37.173018170585181 ], [ 14.997607155763941, 37.172467797881133 ], [ 14.997843247161025, 37.172122113201468 ], [ 14.997818821400383, 37.171743071303794 ], [ 14.997221321063909, 37.171273893566507 ], [ 14.996322422090058, 37.170815505658084 ], [ 14.994867355432969, 37.169876806487103 ], [ 14.994429730723148, 37.169635314530453 ], [ 14.993788200603042, 37.169281299397525 ], [ 14.9929200686329, 37.168758314086794 ], [ 14.992108285794584, 37.168200978061201 ], [ 14.991753721221002, 37.167968275198753 ], [ 14.991688681829499, 37.167925586890455 ], [ 14.991303364441837, 37.167672695343853 ], [ 14.99070165687308, 37.167277775691055 ], [ 14.990183808310817, 37.166730247990778 ], [ 14.989798249421982, 37.166609692966595 ], [ 14.989292184688404, 37.166451456751943 ], [ 14.989102926312473, 37.166421584634897 ], [ 14.988798222988793, 37.166373493282215 ], [ 14.988267162724462, 37.166289673001984 ], [ 14.987784000200342, 37.166082412732798 ], [ 14.987367082963644, 37.16546000160394 ], [ 14.987099922024935, 37.165212489606006 ], [ 14.987032179658437, 37.16514972954095 ], [ 14.986724596893009, 37.164864766838889 ], [ 14.986432273442356, 37.164350782881961 ], [ 14.986003749746391, 37.163980979835721 ], [ 14.985632981692772, 37.163772507723074 ], [ 14.984935776198773, 37.163729101925284 ], [ 14.984328140510097, 37.163485368868642 ], [ 14.984253721436234, 37.163460455699145 ], [ 14.983785182474085, 37.163303608477676 ], [ 14.983553527856136, 37.163118278236112 ], [ 14.983200629593348, 37.162835946593574 ], [ 14.983167273513541, 37.162791971755652 ], [ 14.982900227743022, 37.162439908120682 ], [ 14.982817666005637, 37.162331061993164 ], [ 14.982712245204516, 37.162229239003132 ], [ 14.98233287972891, 37.161862819011141 ], [ 14.981769505881777, 37.161556090384359 ], [ 14.981062017259402, 37.161177890299378 ], [ 14.98067078386134, 37.160994871901408 ], [ 14.980325637364123, 37.16083340993837 ], [ 14.98025040367453, 37.160798214907857 ], [ 14.979654551489423, 37.160373836003266 ], [ 14.979281708546663, 37.159969681584542 ], [ 14.978989098602609, 37.15928243176571 ], [ 14.978653956817539, 37.158952519048491 ], [ 14.978458636386378, 37.158760244478913 ], [ 14.977863568090672, 37.158416832042491 ], [ 14.977537120782682, 37.158307492890295 ], [ 14.977115808014171, 37.158166380482591 ], [ 14.977028986014298, 37.15813729996546 ], [ 14.976771366288611, 37.158110245241254 ], [ 14.976016914524239, 37.158031010132326 ], [ 14.975373092775174, 37.158128848165191 ], [ 14.974857299143185, 37.158234647538464 ], [ 14.974586675774392, 37.158290157017198 ], [ 14.974426744503084, 37.158290536047232 ], [ 14.973995721267746, 37.158291558181496 ], [ 14.973886773372781, 37.158291817069724 ], [ 14.973211236839646, 37.158361992150859 ], [ 14.972557758820496, 37.158417556173298 ], [ 14.971905927870191, 37.158436791031299 ], [ 14.971702965881503, 37.158442779134305 ], [ 14.971070550161526, 37.158596275513204 ], [ 14.970014059653888, 37.158532698375069 ], [ 14.969438921909177, 37.158325490172729 ], [ 14.968514358086139, 37.15800095231257 ], [ 14.968368268349996, 37.157596547534439 ], [ 14.96835788873517, 37.157567814580588 ], [ 14.968112347021846, 37.157113167487893 ], [ 14.968065684055567, 37.157026767533594 ], [ 14.96767101032553, 37.15658542699866 ], [ 14.967649144307245, 37.156536642480155 ], [ 14.967587242712659, 37.156398526977455 ], [ 14.96746884481994, 37.156134355793853 ], [ 14.96668135979543, 37.155800607446416 ], [ 14.966440205494607, 37.155665077640087 ], [ 14.966276042019279, 37.155572816099024 ], [ 14.965964186486664, 37.155397550186784 ], [ 14.965928278606441, 37.155377369579156 ], [ 14.965663161458863, 37.155090952324926 ], [ 14.965614106704043, 37.155037954918178 ], [ 14.965418885703775, 37.154827046963959 ], [ 14.965296369502147, 37.154674121592976 ], [ 14.965262773744634, 37.154632185656453 ], [ 14.965110602559768, 37.154442239391862 ], [ 14.964912956777544, 37.154195530136356 ], [ 14.964836299621769, 37.154091670641272 ], [ 14.964453431284934, 37.153572931775216 ], [ 14.964375734492638, 37.153505265109779 ], [ 14.964328497498915, 37.153464373388459 ], [ 14.96369879994346, 37.152915719751981 ], [ 14.963482834032733, 37.152844494108336 ], [ 14.962988787330222, 37.152681556857374 ], [ 14.96228929264838, 37.152473845162561 ], [ 14.961310852609662, 37.15229372219688 ], [ 14.960655981879015, 37.152364718744934 ], [ 14.959970658079772, 37.152383878195316 ], [ 14.959477613483532, 37.152462708192424 ], [ 14.959024656174588, 37.15253512711606 ], [ 14.958542934563923, 37.152693252143315 ], [ 14.958336115018337, 37.152761139934434 ], [ 14.958010875614654, 37.15291480843775 ], [ 14.957805880728678, 37.153049981097368 ], [ 14.957655936644665, 37.153148851028774 ], [ 14.957388773036243, 37.153325013081492 ], [ 14.957356777544913, 37.153346110729849 ], [ 14.956928448864231, 37.153761502633387 ], [ 14.956646212899809, 37.154140270807197 ], [ 14.956423521703561, 37.154320284866259 ], [ 14.95612500377184, 37.154439252876799 ], [ 14.955971056649631, 37.154500605843808 ], [ 14.955488198515548, 37.154536223159035 ], [ 14.95537739184673, 37.154508740740248 ], [ 14.955277807879272, 37.154484041522878 ], [ 14.955231694686807, 37.154472604482777 ], [ 14.955144198222589, 37.154450903178031 ], [ 14.955085734084733, 37.154437505637894 ], [ 14.955118556465612, 37.15448454587613 ], [ 14.955135143295232, 37.154506346943172 ], [ 14.955167408797044, 37.154548754528662 ], [ 14.955221043957982, 37.154619250388109 ], [ 14.955259859715474, 37.154670269212282 ], [ 14.955327604832515, 37.154759311092654 ], [ 14.955384418780696, 37.154833985040504 ], [ 14.955575490058175, 37.155187147781724 ], [ 14.955744687018143, 37.155499878254986 ], [ 14.95573843167111, 37.155636761436021 ], [ 14.955728345177933, 37.155857469746245 ], [ 14.955690119297724, 37.15669393543152 ], [ 14.955687379473657, 37.156753896972482 ], [ 14.955695816472653, 37.156805484641474 ], [ 14.95572559020442, 37.156987549426184 ], [ 14.955732585393033, 37.157030321319937 ], [ 14.955745667375833, 37.157110311397695 ], [ 14.955824254986952, 37.157590842852812 ], [ 14.956409019461898, 37.158375923009082 ], [ 14.956819892114316, 37.158946573410752 ], [ 14.957071910033212, 37.159296584767375 ], [ 14.957122596625483, 37.159684013866332 ], [ 14.957144046217085, 37.159847961419423 ], [ 14.957168198194015, 37.160032555031449 ], [ 14.957172428448189, 37.160064891919262 ], [ 14.957179944390086, 37.160122327040817 ], [ 14.957202413464529, 37.160294073811059 ], [ 14.957206138729733, 37.160323096803822 ], [ 14.957200554834243, 37.160472416994246 ], [ 14.957189850768382, 37.161015897970145 ], [ 14.957186990059686, 37.161049430585962 ], [ 14.957170344795276, 37.161251132957787 ], [ 14.95701433854623, 37.162206792072872 ], [ 14.95691503768508, 37.162662982931948 ], [ 14.95686724559542, 37.162882534011565 ], [ 14.957018124554024, 37.163453708067969 ], [ 14.957048501871585, 37.163568697944108 ], [ 14.957211078169149, 37.163869888913361 ], [ 14.95728675113952, 37.164010079811284 ], [ 14.957339015155997, 37.164106904869207 ], [ 14.957384314142187, 37.164190821939989 ], [ 14.9575902247204, 37.164544276541093 ], [ 14.957698872870433, 37.164730769651079 ], [ 14.957937263057564, 37.165129391698038 ], [ 14.957969271808132, 37.16518291397103 ], [ 14.957977645584982, 37.165220194800995 ], [ 14.958092704395428, 37.165732504157731 ], [ 14.958064822564907, 37.166008162307072 ], [ 14.958036199233268, 37.166291154978929 ], [ 14.95804679879296, 37.166321423325599 ], [ 14.958111369565477, 37.166505806971536 ], [ 14.958136863877776, 37.16657860318309 ], [ 14.958365520852643, 37.166709155335489 ], [ 14.958439916962652, 37.166751631977725 ], [ 14.958636257746642, 37.166863732232045 ], [ 14.958732580561932, 37.166922310234817 ], [ 14.959015689946446, 37.167195826437492 ], [ 14.95940969426756, 37.167411290701963 ], [ 14.95945643905964, 37.16743685335522 ], [ 14.959436122796271, 37.167601446492093 ], [ 14.959391662710518, 37.16796160302534 ], [ 14.959364199631091, 37.168184081284103 ], [ 14.959309186048038, 37.168266837983104 ], [ 14.959269031088416, 37.168327242359915 ], [ 14.958926160626861, 37.168843007293511 ], [ 14.958620080598289, 37.169445776111949 ], [ 14.958575211812041, 37.170020958918883 ], [ 14.958450181420972, 37.170572717916329 ], [ 14.958423642608659, 37.170595429155242 ], [ 14.958392755194295, 37.170621863026014 ], [ 14.958227187151698, 37.170763554464855 ], [ 14.958160083265341, 37.170820980898334 ], [ 14.958025629624087, 37.170936043189762 ], [ 14.957966790979098, 37.170986398009617 ], [ 14.957803718973556, 37.170884941509691 ], [ 14.957753380702176, 37.170853622521264 ], [ 14.956795871770385, 37.17025789092898 ], [ 14.95624303385291, 37.169931111699924 ], [ 14.956174303862383, 37.169890485634994 ], [ 14.955625839402556, 37.169566283781997 ], [ 14.955466520038692, 37.169472107142774 ], [ 14.955006121931758, 37.169122867636389 ], [ 14.954431811371917, 37.168687209502892 ], [ 14.953461983700011, 37.168074557501704 ], [ 14.953298899737835, 37.167959359322737 ], [ 14.952559716183238, 37.167437209852956 ], [ 14.9523677925293, 37.167301634910267 ], [ 14.952216487182563, 37.16719224374306 ], [ 14.951551025336011, 37.166811765395586 ], [ 14.951503969845035, 37.166784861375127 ], [ 14.951058172052528, 37.166071882173533 ], [ 14.951041571967799, 37.166045334103103 ], [ 14.950298848672711, 37.16544144804736 ], [ 14.949850134910864, 37.16514792249329 ], [ 14.949679617097363, 37.165036376094754 ], [ 14.949442908835218, 37.164881531059315 ], [ 14.949377027128259, 37.164844078564307 ], [ 14.948795514928182, 37.164513499145151 ], [ 14.948587539622608, 37.164395266457753 ], [ 14.948508412734464, 37.164350284366513 ], [ 14.948411726913394, 37.164314090586565 ], [ 14.948329211122752, 37.164283202789235 ], [ 14.948138456611177, 37.164211796429321 ], [ 14.947517649656829, 37.163979400906236 ], [ 14.946914469562623, 37.16374332207414 ], [ 14.946780449612362, 37.163690867360231 ], [ 14.946223693838393, 37.163472885424234 ], [ 14.946199421823527, 37.163449290020097 ], [ 14.945594401731505, 37.16286112627018 ], [ 14.945555661568585, 37.162849380008083 ], [ 14.944974826849199, 37.162673269115317 ], [ 14.944016000259586, 37.162382540123737 ], [ 14.943879754042971, 37.162294944959683 ], [ 14.943747349493817, 37.162209819664355 ], [ 14.943340842955104, 37.161948467588509 ], [ 14.94235000932246, 37.161678464394527 ], [ 14.94178648979746, 37.161524899962295 ], [ 14.941031543118134, 37.161506626091914 ], [ 14.939871941593491, 37.161929496917537 ], [ 14.938858341142597, 37.162054751611493 ], [ 14.938656238443192, 37.161950214357525 ], [ 14.938319103953962, 37.161775829577323 ], [ 14.938116442445104, 37.161557200152579 ], [ 14.937733164285524, 37.161143714210432 ], [ 14.936517927323171, 37.159917674770554 ], [ 14.935542405987327, 37.158936912711162 ], [ 14.935413745019316, 37.158807556814367 ], [ 14.934401188136581, 37.157843576704096 ], [ 14.933749233772572, 37.156996479006089 ], [ 14.933086720163596, 37.156390693408319 ], [ 14.932489699864609, 37.156331993196964 ], [ 14.93225375711947, 37.156308793879873 ], [ 14.931532072870116, 37.156714079061118 ], [ 14.931158101595566, 37.157014123884096 ], [ 14.931047356391369, 37.157102977871041 ], [ 14.929088294453278, 37.157244107900105 ], [ 14.92827057523229, 37.157281410567471 ], [ 14.928107803691743, 37.157288834708922 ], [ 14.927915214651094, 37.157268027405912 ], [ 14.927183445146753, 37.157188961010803 ], [ 14.926857990199744, 37.157073030520735 ], [ 14.926462771179077, 37.156932246712252 ], [ 14.926148034171451, 37.156820130124501 ], [ 14.925816347857261, 37.156822132528035 ], [ 14.925370473335507, 37.156824822061076 ], [ 14.924975511426675, 37.156827203050987 ], [ 14.924155998456415, 37.156728808952835 ], [ 14.92341022076319, 37.156754975016483 ], [ 14.922633383895118, 37.156492393578425 ], [ 14.921620378191077, 37.155915380274166 ], [ 14.921311417329946, 37.155824810006507 ], [ 14.921228255748469, 37.155800431748183 ], [ 14.92063054969667, 37.155625213700574 ], [ 14.919925202973696, 37.155544004895653 ], [ 14.919879570788767, 37.155538751225883 ], [ 14.919705430308598, 37.155518700263144 ], [ 14.919459583694252, 37.155490393324307 ], [ 14.918941344749927, 37.155864974193697 ], [ 14.918874168258016, 37.15591352967013 ], [ 14.918825244038844, 37.156036537945369 ], [ 14.918716181968648, 37.156310742844369 ], [ 14.918659631733508, 37.156468454718933 ], [ 14.918580606376102, 37.156688840254404 ], [ 14.917603401763635, 37.156857682478652 ], [ 14.9174432796668, 37.156885347561534 ], [ 14.917036355853712, 37.157191523596389 ], [ 14.917010844942881, 37.157285235756568 ], [ 14.916901502508185, 37.157686862206695 ], [ 14.916732954294446, 37.157985333896534 ], [ 14.916787933112152, 37.158243826588205 ], [ 14.916809669300035, 37.158346027770122 ], [ 14.916986156617552, 37.158687524894219 ], [ 14.916939378475437, 37.158882642331882 ], [ 14.916927500939419, 37.158925326039487 ], [ 14.916910390916941, 37.158986807134468 ], [ 14.916953498137394, 37.159216232071685 ], [ 14.916977828242612, 37.159345735205086 ], [ 14.916762927769922, 37.159752544502531 ], [ 14.916313787234749, 37.159698527666364 ], [ 14.916257928498981, 37.159736727824857 ], [ 14.91591966046699, 37.15996805290041 ], [ 14.915894782373204, 37.159985064783108 ], [ 14.91602100367907, 37.160233496273619 ], [ 14.916064245538129, 37.160318604421533 ], [ 14.915955356998623, 37.160470679701895 ], [ 14.915914482755065, 37.160527766898603 ], [ 14.915760088692792, 37.160743396340038 ], [ 14.915591825974593, 37.160721253959672 ], [ 14.915316555183145, 37.160685029137767 ], [ 14.915277144607435, 37.160679842867111 ], [ 14.915197331839948, 37.160789204139341 ], [ 14.915170660749592, 37.160825748245763 ], [ 14.915028272387469, 37.161020845925165 ], [ 14.914801737585417, 37.161175497084905 ], [ 14.914565837467224, 37.161336542393563 ], [ 14.914433773314622, 37.161384423760779 ], [ 14.91429944504743, 37.161433124974181 ], [ 14.914068918352328, 37.161516702466919 ], [ 14.91345036374409, 37.162029239361331 ], [ 14.912930355125335, 37.162669602782266 ], [ 14.912332934350081, 37.162841276650425 ], [ 14.912065126690594, 37.163012206746274 ], [ 14.911893789235108, 37.163428750403696 ], [ 14.911880076896015, 37.163462088737909 ], [ 14.911807293632043, 37.163639034373084 ], [ 14.911757977050975, 37.163758928433545 ], [ 14.911318102974814, 37.16427377292289 ], [ 14.911654957963263, 37.164877979308699 ], [ 14.91167761452747, 37.164950793463376 ], [ 14.91170852143841, 37.165050118943284 ], [ 14.911735463180083, 37.165136701906881 ], [ 14.911766651962457, 37.165236925975563 ], [ 14.91186043401366, 37.165441342043074 ], [ 14.911883657280883, 37.165491961431442 ], [ 14.912014924082781, 37.165778077633234 ], [ 14.912119318705166, 37.165931478913087 ], [ 14.912285006918015, 37.166174942916541 ], [ 14.912408845943732, 37.166356915841021 ], [ 14.912744972087335, 37.166772147931965 ], [ 14.912927040325977, 37.166943060195401 ], [ 14.913067995192867, 37.167208276952515 ], [ 14.91276835538379, 37.167790357390999 ], [ 14.912632672389085, 37.1679363549543 ], [ 14.912580848232311, 37.167992117278075 ], [ 14.912441551149737, 37.168142005005016 ], [ 14.912473978646245, 37.168529676560972 ], [ 14.912867689598613, 37.168773258508679 ], [ 14.913350701729902, 37.16894484267614 ], [ 14.91356346010236, 37.16903302424047 ], [ 14.913655857428932, 37.169071318959837 ], [ 14.91353142337011, 37.169421848973947 ], [ 14.913503620724308, 37.169460794323967 ], [ 14.913487301563453, 37.169483652815856 ], [ 14.913293188601855, 37.169755568780381 ], [ 14.913131099694148, 37.169875824638432 ], [ 14.913013457700085, 37.169963101049731 ], [ 14.91325877576565, 37.170367117300223 ], [ 14.913406557249752, 37.170818767064105 ], [ 14.913968368003514, 37.170945900970437 ], [ 14.914764493147064, 37.170987436572787 ], [ 14.914848585727603, 37.170991823841192 ], [ 14.915220324777007, 37.171163946458819 ], [ 14.915284606617421, 37.171503378554945 ], [ 14.914986974964474, 37.171764179443734 ], [ 14.91493654346065, 37.171806202986957 ], [ 14.914766609379409, 37.171947804434225 ], [ 14.914701324827956, 37.17202918969631 ], [ 14.914632014166095, 37.172112556137812 ], [ 14.91438415975578, 37.172436304404698 ], [ 14.91438207941029, 37.172475166808645 ], [ 14.914378649449576, 37.172539167813582 ], [ 14.914377136198659, 37.172567434421495 ], [ 14.914359693318731, 37.172893053765847 ], [ 14.914564436490751, 37.173008107926918 ], [ 14.914696202011468, 37.173082150845858 ], [ 14.914757824125187, 37.173116779835603 ], [ 14.914856039368061, 37.173171969719348 ], [ 14.914933010298363, 37.173147636176289 ], [ 14.915173826072209, 37.173071504496242 ], [ 14.915397345254599, 37.173000842087021 ], [ 14.915578271362122, 37.172907667986458 ], [ 14.915605548410641, 37.172893620524647 ], [ 14.915818208337029, 37.172789341931718 ], [ 14.91626565524909, 37.17281330857017 ], [ 14.91640837447644, 37.173258397083238 ], [ 14.916421891044012, 37.173300550988614 ], [ 14.916399414165214, 37.173351763399566 ], [ 14.916353568037545, 37.173446580126836 ], [ 14.916185791585608, 37.173805184840212 ], [ 14.916183748427935, 37.174210342857947 ], [ 14.91622449766086, 37.174308126797747 ], [ 14.916363760555203, 37.174642502080488 ], [ 14.916228347807964, 37.175139720886428 ], [ 14.916508865534103, 37.175463196041946 ], [ 14.916598430965019, 37.175439163648896 ], [ 14.91667873298668, 37.175417617054514 ], [ 14.916791798228139, 37.175387278941528 ], [ 14.917119378931217, 37.1752993807834 ], [ 14.917344113703708, 37.175239077813131 ], [ 14.917477549960331, 37.175210482383733 ], [ 14.91767176880667, 37.175171131819845 ], [ 14.917727876133018, 37.175156836037004 ], [ 14.917973349312714, 37.175365061283095 ], [ 14.917782740832413, 37.175998996296876 ], [ 14.917771773298396, 37.1760322355479 ], [ 14.917438448665484, 37.176462770445852 ], [ 14.917374797979292, 37.176538187689751 ], [ 14.917289738916724, 37.176860069580421 ], [ 14.917264975436332, 37.176953784194595 ], [ 14.917239206809404, 37.177051299969094 ], [ 14.917393928519461, 37.17733012320641 ], [ 14.917715235244016, 37.177689082887262 ], [ 14.917746853711609, 37.177725694592901 ], [ 14.917715174229384, 37.177767310615138 ], [ 14.917643577991958, 37.177861355447973 ], [ 14.917526637851175, 37.17801496712984 ], [ 14.9173407769948, 37.178259109353775 ], [ 14.917248794510641, 37.178952313505221 ], [ 14.917248892806695, 37.179493926224097 ], [ 14.917248925313869, 37.179672380039314 ], [ 14.917335588714909, 37.180064617436486 ], [ 14.917370880521645, 37.180224345864509 ], [ 14.917398551206388, 37.180261197799098 ], [ 14.917434504716567, 37.180309084081145 ], [ 14.917520739118855, 37.180423939284175 ], [ 14.917707448879346, 37.180672609537247 ], [ 14.917742130458567, 37.180718799734237 ], [ 14.917835239657476, 37.180808600074492 ], [ 14.917896302594627, 37.18086749260776 ], [ 14.918085465368295, 37.181049930131927 ], [ 14.918134408772172, 37.181097130832917 ], [ 14.918193505252598, 37.181153789562806 ], [ 14.918655575595947, 37.18146178749361 ], [ 14.918732413700974, 37.181513005529027 ], [ 14.919263868272774, 37.181799152939774 ], [ 14.919283778501535, 37.18186019793292 ], [ 14.919329636815874, 37.182000804818387 ], [ 14.919404113234179, 37.182223201591924 ], [ 14.91944151015031, 37.182343814415447 ], [ 14.919367376483484, 37.182460090868318 ], [ 14.919057665250492, 37.182945870094876 ], [ 14.918640875192253, 37.183468583851578 ], [ 14.918563780942856, 37.18360901351393 ], [ 14.918394255785492, 37.183955757794507 ], [ 14.918365085052097, 37.184026675833181 ], [ 14.918345142813383, 37.184070026928161 ], [ 14.918316552833476, 37.184134010148817 ], [ 14.918285373307526, 37.18422046587645 ], [ 14.918224144399925, 37.184369323546335 ], [ 14.918204760144144, 37.184527121717061 ], [ 14.918156515037813, 37.184919831759146 ], [ 14.918108644359899, 37.185570021282238 ], [ 14.918126412170354, 37.185968466583425 ], [ 14.918143985820759, 37.186362601948794 ], [ 14.918118938868211, 37.187191942606916 ], [ 14.918399754223296, 37.187859710007636 ], [ 14.91869534177663, 37.188300450218172 ], [ 14.918804192680971, 37.188462751303398 ], [ 14.918964940146717, 37.188539505492848 ], [ 14.919292875154257, 37.18869049038328 ], [ 14.919345777308525, 37.188719436445723 ], [ 14.919444792182988, 37.188751867089607 ], [ 14.919483382048654, 37.188764506821343 ], [ 14.920077838436058, 37.188959214262496 ], [ 14.920493585402568, 37.189167889307328 ], [ 14.920843185425168, 37.189510395299884 ], [ 14.920864439581099, 37.189871616023794 ], [ 14.920922967956095, 37.190477408162046 ], [ 14.920931512086284, 37.19056584176068 ], [ 14.921146136602788, 37.191079400776772 ], [ 14.921191520748563, 37.191179454085436 ], [ 14.921415601310816, 37.19167345843961 ], [ 14.921685867315542, 37.191936672809199 ], [ 14.922037117452714, 37.192176052905474 ], [ 14.922147206418057, 37.192251079745603 ], [ 14.922698010595504, 37.192594728922657 ], [ 14.922857827626261, 37.19299176597093 ], [ 14.922855151366445, 37.193459962718158 ], [ 14.922888371555128, 37.193547461353191 ], [ 14.922905922584949, 37.193593690079013 ], [ 14.922984334498191, 37.193800214442376 ], [ 14.923057204755613, 37.193992146891226 ], [ 14.92329125937969, 37.194254456489986 ], [ 14.923451176203773, 37.194433676829782 ], [ 14.923687664204165, 37.19474134802433 ], [ 14.924262266844876, 37.194894788686462 ], [ 14.924949925480096, 37.194822025020777 ], [ 14.925445697278541, 37.194857880271321 ], [ 14.925496856768843, 37.194901674448573 ], [ 14.925597092724697, 37.194987477051711 ], [ 14.925735183739327, 37.195105684451292 ], [ 14.925783417387491, 37.195146972727493 ], [ 14.925886433320194, 37.195612327749686 ], [ 14.925928721379814, 37.195803345882666 ], [ 14.925984920938289, 37.196057213649375 ], [ 14.92571726146989, 37.196660870798894 ], [ 14.925488967859755, 37.197175737274925 ], [ 14.925078100038267, 37.197837240252937 ], [ 14.925047524584416, 37.197886469288747 ], [ 14.925079850863201, 37.19792565158378 ], [ 14.925112709196949, 37.19796547684745 ], [ 14.925532456161131, 37.198474216073436 ], [ 14.925611804178146, 37.198573310371692 ], [ 14.925665855933582, 37.198640812208836 ], [ 14.925915276786199, 37.19895229704467 ], [ 14.926532860619346, 37.199503638196511 ], [ 14.926681327456546, 37.199636180461034 ], [ 14.926732533250529, 37.199851179487091 ], [ 14.926816396402792, 37.20020329393526 ], [ 14.926838456363622, 37.200295915105258 ], [ 14.926894232246045, 37.20053009280727 ], [ 14.926978540665013, 37.200613448722734 ], [ 14.92702137661027, 37.200655797662719 ], [ 14.92709932842091, 37.200732867626627 ], [ 14.927212860712713, 37.200845113166501 ], [ 14.92775354666626, 37.201143993020011 ], [ 14.928120014162918, 37.201378616207798 ], [ 14.928121883929045, 37.201426438907298 ], [ 14.928050686840701, 37.201720776138302 ], [ 14.928033632073189, 37.201791280671706 ], [ 14.927985634440805, 37.201989708712212 ], [ 14.927967026613922, 37.202039451824142 ], [ 14.927795451381472, 37.202498122030761 ], [ 14.927706935102558, 37.202740965726363 ], [ 14.927714570196933, 37.202952085439989 ], [ 14.927728522548639, 37.203397559050103 ], [ 14.927762570078224, 37.203434561266654 ], [ 14.927796885776425, 37.203471854242913 ], [ 14.927856928136951, 37.203537108880909 ], [ 14.928048435182184, 37.203745235684856 ], [ 14.928075070038524, 37.20377418592237 ], [ 14.928150204162101, 37.203830466220083 ], [ 14.928184276023075, 37.203855988839621 ], [ 14.928380856782528, 37.204003250232461 ], [ 14.928505605545066, 37.204096701844023 ], [ 14.928559272421511, 37.204136903922951 ], [ 14.928576593085277, 37.204201212016983 ], [ 14.928759842289185, 37.204887159357376 ], [ 14.928647055753654, 37.205131266027593 ], [ 14.928635513229802, 37.205156247833472 ], [ 14.928536264679492, 37.205371055362825 ], [ 14.928491637276119, 37.205455560844349 ], [ 14.928469419096215, 37.205494250187108 ], [ 14.928399811210442, 37.20561813998998 ], [ 14.928197241505513, 37.205975554154094 ], [ 14.928261677810212, 37.206075130544164 ], [ 14.928494663811945, 37.206416637311229 ], [ 14.928564095519819, 37.20652496192816 ], [ 14.928647188813972, 37.206644737414877 ], [ 14.928690542158932, 37.206704623495327 ], [ 14.928725859678444, 37.206953327448119 ], [ 14.928759711508963, 37.207191700602927 ], [ 14.928840963408149, 37.2073961942842 ], [ 14.92892802582371, 37.207615305486428 ], [ 14.929130125695885, 37.208039444285376 ], [ 14.928913589972515, 37.208381507866946 ], [ 14.928845458612178, 37.208438509390454 ], [ 14.928724483302267, 37.20852041692563 ], [ 14.928624851244102, 37.208593307898226 ], [ 14.928565648101417, 37.208636621058915 ], [ 14.928529950120826, 37.20867216294166 ], [ 14.928523629908629, 37.208707621693911 ], [ 14.928513796056837, 37.208762785774567 ], [ 14.928475261993517, 37.208978943586494 ], [ 14.928442025827835, 37.209165385404852 ], [ 14.928437826904819, 37.209216654300377 ], [ 14.92842659230709, 37.209353797190658 ], [ 14.928400807058607, 37.209668566479827 ], [ 14.928394271169587, 37.209748350413008 ], [ 14.928491422869394, 37.209968652743527 ], [ 14.92853116223039, 37.210058763406686 ], [ 14.928790814272874, 37.21023924252053 ], [ 14.928857417696912, 37.210213413005341 ], [ 14.929025575356846, 37.210148194998595 ], [ 14.929206134947334, 37.210078168228819 ], [ 14.92955733679837, 37.209941962332309 ], [ 14.929941591461622, 37.209688805772352 ], [ 14.930102030190508, 37.209583106315876 ], [ 14.930130468142643, 37.209564374671828 ], [ 14.930572165825193, 37.209492686481276 ], [ 14.930806803630229, 37.209997746091844 ], [ 14.930873529003932, 37.210141368851232 ], [ 14.931157917627662, 37.210876059216581 ], [ 14.931076053779794, 37.211582603871626 ], [ 14.931120484430082, 37.211782192364993 ], [ 14.931210208835342, 37.212185253089743 ], [ 14.93123259522425, 37.212285815501566 ], [ 14.931445678231849, 37.212636987087734 ], [ 14.931514964651551, 37.212686779953941 ], [ 14.931747809842291, 37.212853360230049 ], [ 14.931876044466602, 37.212934269348324 ], [ 14.932440440778899, 37.212860304137877 ], [ 14.932754414149045, 37.212819153484176 ], [ 14.933148937306944, 37.212567548420004 ], [ 14.933711433167352, 37.212350246453816 ], [ 14.934343690782995, 37.212205935578844 ], [ 14.934602633898018, 37.212350434950451 ], [ 14.934558723281913, 37.212820702795092 ], [ 14.934556766801258, 37.21315383289754 ], [ 14.934171864668672, 37.213425223105673 ], [ 14.933979261669631, 37.213579058583917 ], [ 14.933938160556448, 37.213611887202248 ], [ 14.933892258229697, 37.213648552237146 ], [ 14.933766601989465, 37.213780038196809 ], [ 14.933648321554921, 37.213903807419946 ], [ 14.933564706466552, 37.213991304637375 ], [ 14.933653992338478, 37.214225814081331 ], [ 14.933890883729125, 37.214848000420353 ], [ 14.934418857098892, 37.215658546766647 ], [ 14.93464014643882, 37.216939400768311 ], [ 14.934644718078081, 37.216965855548708 ], [ 14.934592562217814, 37.21700827564419 ], [ 14.934463935662212, 37.217112890571691 ], [ 14.934201581766931, 37.217326270391133 ], [ 14.933944296782322, 37.217535527042322 ], [ 14.933685866390455, 37.218109939991315 ], [ 14.933826958929293, 37.218328850427795 ], [ 14.93386946100226, 37.218394791539609 ], [ 14.933938797517868, 37.218502367290618 ], [ 14.933969908121009, 37.218550635876902 ], [ 14.93402208721796, 37.218545016751243 ], [ 14.934687054178843, 37.218309380440594 ], [ 14.934859444828719, 37.218343329945917 ], [ 14.935061431996962, 37.218383106912562 ], [ 14.935105742646524, 37.218391832908495 ], [ 14.935133946762789, 37.218477189634328 ], [ 14.935239590377476, 37.218796907381275 ], [ 14.935058929783503, 37.219040014152554 ], [ 14.934633828243149, 37.219260003388563 ], [ 14.93443933702981, 37.219363697244162 ], [ 14.934101243292034, 37.219696650613699 ], [ 14.934100023607549, 37.219723226491617 ], [ 14.934064621239138, 37.219822752249293 ], [ 14.933976387131947, 37.220135372123124 ], [ 14.934167028527305, 37.220329253668154 ], [ 14.934527932795316, 37.220479498667025 ], [ 14.934735426846171, 37.220565876813957 ], [ 14.934811784271409, 37.220597666947519 ], [ 14.9349001127042, 37.220634434806271 ], [ 14.935171265949785, 37.220942584264868 ], [ 14.935128187505887, 37.221031806648426 ], [ 14.935045432074963, 37.221203198979119 ], [ 14.934797740446045, 37.221358343305326 ], [ 14.934686084553581, 37.221428279180493 ], [ 14.934576898119111, 37.221509583383337 ], [ 14.934265116094712, 37.221741736948616 ], [ 14.934212910886323, 37.221780606751068 ], [ 14.93407851787274, 37.221955293489991 ], [ 14.934054991775684, 37.22198587583776 ], [ 14.934013117715656, 37.222034607962804 ], [ 14.933983091423933, 37.222079333833811 ], [ 14.93393017596504, 37.222148113902165 ], [ 14.933809567907065, 37.222448270345005 ], [ 14.93376634749437, 37.222555830207085 ], [ 14.933748374782517, 37.222600558452612 ], [ 14.933767583318929, 37.222900432092487 ], [ 14.933775757715985, 37.22302805100442 ], [ 14.93378242737575, 37.223132164478031 ], [ 14.93406940107524, 37.223662799570015 ], [ 14.934133928774669, 37.223782116637665 ], [ 14.934290648507037, 37.224073986340684 ], [ 14.934331009034633, 37.224222256320019 ], [ 14.93434590237746, 37.224276973096714 ], [ 14.934504795252497, 37.224860694723318 ], [ 14.934534837545424, 37.224971051473069 ], [ 14.934503116124745, 37.22550549211968 ], [ 14.934499646829625, 37.225563931618069 ], [ 14.934493615331725, 37.225665579239802 ], [ 14.934472856200987, 37.226015333078202 ], [ 14.93446853802724, 37.226088069411844 ], [ 14.934465847910609, 37.226133401027695 ], [ 14.934324497748429, 37.226484838199561 ], [ 14.934301593815434, 37.226541781495243 ], [ 14.934049230479044, 37.227169224588543 ], [ 14.933679850052037, 37.228094636161302 ], [ 14.933541434714874, 37.228441402936177 ], [ 14.933179407099107, 37.229062659872312 ], [ 14.932840698471479, 37.229731694276168 ], [ 14.932728179606753, 37.229953944878204 ], [ 14.932690200508418, 37.230052672902076 ], [ 14.93267125519889, 37.230101919922511 ], [ 14.932649888171689, 37.230157461652112 ], [ 14.932618770609631, 37.230246176609718 ], [ 14.932585130446741, 37.230325802144016 ], [ 14.932473343278245, 37.23061639002195 ], [ 14.932438390668619, 37.230707244685249 ], [ 14.93242341652741, 37.230746169386755 ], [ 14.932412156865656, 37.230775440882184 ], [ 14.932280278832669, 37.231047652943296 ], [ 14.932243455002947, 37.231123661586054 ], [ 14.932196392081034, 37.231220806495877 ], [ 14.932042651399595, 37.23153814544451 ], [ 14.932027774786434, 37.231568850789976 ], [ 14.931731421300389, 37.231825338744891 ], [ 14.931684283741308, 37.231866135758359 ], [ 14.931512451357959, 37.232014852925928 ], [ 14.931157289428452, 37.232322232814994 ], [ 14.931114099399789, 37.232359610609151 ], [ 14.93102546677388, 37.23248938349213 ], [ 14.930707152476883, 37.23295543161597 ], [ 14.930650709552483, 37.233038072282703 ], [ 14.930584098206973, 37.233135596958284 ], [ 14.930433865133965, 37.233380567109997 ], [ 14.93041542651363, 37.233417311032035 ], [ 14.930307890602615, 37.233585980401358 ], [ 14.930186832831129, 37.2337833758234 ], [ 14.930179398234248, 37.233842519572853 ], [ 14.930169369322181, 37.233882565501588 ], [ 14.930161978251613, 37.233981087873012 ], [ 14.930153966405545, 37.234044817899999 ], [ 14.930027972633207, 37.23504700141612 ], [ 14.930036462289658, 37.235177127062386 ], [ 14.930038683347489, 37.235211153103528 ], [ 14.930054217154995, 37.235449232559162 ], [ 14.930061011912773, 37.235553369824835 ], [ 14.930066858788761, 37.235642971105925 ], [ 14.930096756263586, 37.236101168552217 ], [ 14.930064676636576, 37.236247703289315 ], [ 14.930054261017865, 37.236295277393772 ], [ 14.929907615345156, 37.236965127842666 ], [ 14.929900932101544, 37.236995652569753 ], [ 14.929842894981901, 37.237260754778873 ], [ 14.929823790805687, 37.237348018504989 ], [ 14.929767496508534, 37.237605149929948 ], [ 14.929305568607562, 37.238280932227035 ], [ 14.928729778976981, 37.239047950139906 ], [ 14.928746990138055, 37.239580541770081 ], [ 14.928754223856913, 37.239804366726744 ], [ 14.928761216970452, 37.240020746336079 ], [ 14.928766214248839, 37.24005959974923 ], [ 14.928774427500816, 37.240123467730584 ], [ 14.928786991026199, 37.24022116569769 ], [ 14.92879103128344, 37.240252570155121 ], [ 14.928811558423849, 37.240412189993371 ], [ 14.928819194413828, 37.240471563006984 ], [ 14.928884284699473, 37.240977674404483 ], [ 14.92867055459474, 37.241490228283411 ], [ 14.92857256524327, 37.241866217042926 ], [ 14.928560767836149, 37.241911482408923 ], [ 14.928431375559672, 37.242407961060735 ], [ 14.928384117868049, 37.242499578072177 ], [ 14.928047293037107, 37.243148470351336 ], [ 14.927833772373361, 37.243780282136008 ], [ 14.927609578161396, 37.244565898496589 ], [ 14.927574472783403, 37.244688916394942 ], [ 14.927325089356724, 37.245446278643506 ], [ 14.926860256237662, 37.246032204640528 ], [ 14.926772027094675, 37.246108724867348 ], [ 14.926433366330778, 37.246402440748433 ], [ 14.926328621093973, 37.246787908281632 ], [ 14.926296360094577, 37.246906622717503 ], [ 14.926313115759234, 37.247027529638416 ], [ 14.926387406106425, 37.247563633424811 ], [ 14.926419551212696, 37.247758469583864 ], [ 14.926491267208391, 37.248193187711585 ], [ 14.926498573661458, 37.248237469060044 ], [ 14.926575922430041, 37.24871754714583 ], [ 14.926685754573072, 37.249072325892584 ], [ 14.926768903350855, 37.249340913318846 ], [ 14.926802290702762, 37.249448760218087 ], [ 14.927003895775171, 37.25002596327063 ], [ 14.927871937838962, 37.250549407991976 ], [ 14.92815352140779, 37.250836805191845 ], [ 14.928380860021178, 37.251056299049431 ], [ 14.928557289312268, 37.251233111797667 ], [ 14.928604973883925, 37.25127991495733 ], [ 14.928659921324499, 37.251384339318783 ], [ 14.92869549985077, 37.251451955603414 ], [ 14.928724817545543, 37.25150746852735 ], [ 14.928887828058341, 37.251817458842879 ], [ 14.928964891683895, 37.251963912253416 ], [ 14.929184984645229, 37.252505060134652 ], [ 14.929389531288926, 37.252794437868182 ], [ 14.929409997465052, 37.252822950997086 ], [ 14.929530517345544, 37.252990856919311 ], [ 14.929641204520896, 37.25314506660817 ], [ 14.929697387557596, 37.253211460631711 ], [ 14.929735617228525, 37.253256638499302 ], [ 14.929799374274285, 37.253331981462871 ], [ 14.930016405047512, 37.253588453336278 ], [ 14.930406149915378, 37.254137235356588 ], [ 14.931015149863086, 37.254480170766747 ], [ 14.9314290327469, 37.254577441002965 ], [ 14.93182708204119, 37.254670989967941 ], [ 14.932027140988257, 37.254731719460572 ], [ 14.932084622715362, 37.254749178059683 ], [ 14.932401898831628, 37.254845537880342 ], [ 14.932660317484746, 37.254924021653814 ], [ 14.932826062560437, 37.255014028539662 ], [ 14.933031602395864, 37.255125646551306 ], [ 14.933048677170978, 37.255164695202375 ], [ 14.933053274366237, 37.255192959732312 ], [ 14.933077005124103, 37.255338908398762 ], [ 14.93308518232233, 37.255389208533408 ], [ 14.933122482053395, 37.255618605494249 ], [ 14.93340511261634, 37.256029122487156 ], [ 14.933526877088029, 37.256205983903463 ], [ 14.93356272273758, 37.256258047318539 ], [ 14.933609359653289, 37.25633607534516 ], [ 14.933656174404774, 37.256414401343299 ], [ 14.933682520439714, 37.256458479656878 ], [ 14.933798648645361, 37.256652771333606 ], [ 14.933938919227653, 37.256887453489824 ], [ 14.93397559893695, 37.256944138279351 ], [ 14.934188593144137, 37.257267569367073 ], [ 14.934259432499251, 37.257375136481457 ], [ 14.934324396904451, 37.257391401101614 ], [ 14.934702815800284, 37.257486140363255 ], [ 14.934947965687144, 37.257547514364191 ], [ 14.935109620739018, 37.257602041286844 ], [ 14.935725926059668, 37.257809920072525 ], [ 14.936739504129525, 37.257993624366087 ], [ 14.936921150592397, 37.258026546377216 ], [ 14.937116908162732, 37.257978190952727 ], [ 14.937187372144317, 37.257960784910061 ], [ 14.937721996320569, 37.257828721079072 ], [ 14.938037848120329, 37.257745337062197 ], [ 14.938680341243563, 37.257575715533342 ], [ 14.93881640708268, 37.257552176264703 ], [ 14.93887381015568, 37.257542249540279 ], [ 14.939131287756112, 37.257497702045583 ], [ 14.939328538412861, 37.257463574174629 ], [ 14.9394470262738, 37.257443073992505 ], [ 14.939524632022925, 37.257429284603042 ], [ 14.939560776876949, 37.257423391864961 ], [ 14.93988376867139, 37.257364473007435 ], [ 14.939928936581609, 37.257356233829256 ], [ 14.940293444287864, 37.257289741001379 ], [ 14.941171190221025, 37.257353546013682 ], [ 14.942107397566, 37.25756067265295 ], [ 14.943134356711681, 37.25772272044378 ], [ 14.943167567546933, 37.257762282179584 ], [ 14.943228232244671, 37.257834544293168 ], [ 14.943452554239201, 37.258101748894461 ], [ 14.943571505121673, 37.258411066200594 ], [ 14.943675680241242, 37.258692592602067 ], [ 14.943707451663128, 37.258778451655587 ], [ 14.943715046547698, 37.258853884089994 ], [ 14.943760130716431, 37.259301662345266 ], [ 14.943785448702036, 37.259553121383306 ], [ 14.943790295465892, 37.25966781450073 ], [ 14.94379770114503, 37.259843085480739 ], [ 14.943799414150924, 37.259883612883762 ], [ 14.943809835348436, 37.260130204894296 ], [ 14.943842316947643, 37.260146863013212 ], [ 14.94437317121405, 37.260419107192519 ], [ 14.944588304373518, 37.260503602382748 ], [ 14.944926626082415, 37.260636482564735 ], [ 14.9449607635764, 37.260649157649851 ], [ 14.94517585550329, 37.260729016442006 ], [ 14.945727114210689, 37.260933684626451 ], [ 14.946436189578739, 37.261263517205386 ], [ 14.946717879689192, 37.261394544407203 ], [ 14.946997058628616, 37.261593120769795 ], [ 14.947176616806832, 37.261720835294263 ], [ 14.947338282427316, 37.261835823978082 ], [ 14.947788043963603, 37.262566969307258 ], [ 14.947809246752628, 37.26260448868269 ], [ 14.948271544423179, 37.263422445833726 ], [ 14.948373162684687, 37.263727264796501 ], [ 14.948525520485992, 37.264184272854557 ], [ 14.948644123031819, 37.264540021674591 ], [ 14.948971194501349, 37.265027587333684 ], [ 14.949309848267955, 37.26532382849463 ], [ 14.94946492229167, 37.26545948143179 ], [ 14.949579122552043, 37.265667254350902 ], [ 14.949725090609927, 37.265932821839364 ], [ 14.94981754148823, 37.266101024746092 ], [ 14.949834499715811, 37.26619622491399 ], [ 14.949860463778407, 37.266341978836145 ], [ 14.949880274563153, 37.266453191983111 ], [ 14.949904875608244, 37.266591294445817 ], [ 14.949929211246687, 37.266727902612956 ], [ 14.949949040477335, 37.266839217422948 ], [ 14.949989311474353, 37.267021081023486 ], [ 14.950006807557759, 37.267100094455579 ], [ 14.950058024068243, 37.267331395005364 ], [ 14.950140101670005, 37.267702053726445 ], [ 14.950291066907957, 37.267974864300115 ], [ 14.950538892516716, 37.268410936942196 ], [ 14.950733121772304, 37.268752696866414 ], [ 14.950775849003639, 37.268834924320792 ], [ 14.950783963773661, 37.268869276956309 ], [ 14.950795562773099, 37.268918382939951 ], [ 14.950881144752415, 37.2692807254288 ], [ 14.95090633229656, 37.269387367278675 ], [ 14.950930575309636, 37.269490006304991 ], [ 14.950892505958263, 37.26974324300096 ], [ 14.95087465384051, 37.269861997790784 ], [ 14.950862743973625, 37.269941227183729 ], [ 14.950975433828797, 37.27081537717406 ], [ 14.951025007362453, 37.271079799203861 ], [ 14.95110828045379, 37.271523976497278 ], [ 14.951121888242451, 37.271596561994883 ], [ 14.951127718071302, 37.271627659882597 ], [ 14.951137059782816, 37.271677493565385 ], [ 14.951150806574454, 37.271750825431482 ], [ 14.951157279020594, 37.271785352693925 ], [ 14.951166419400222, 37.271834105605116 ], [ 14.951212695745101, 37.271977337400415 ], [ 14.951355771390311, 37.272420166915879 ], [ 14.951498849053401, 37.272862996095988 ], [ 14.951641928734402, 37.273305824940721 ], [ 14.951650022880798, 37.273330877758866 ], [ 14.951868893475845, 37.273664484447906 ], [ 14.951907473669927, 37.273723288392233 ], [ 14.95207195368061, 37.273973987110985 ], [ 14.952205465930552, 37.274177485176047 ], [ 14.952358955739443, 37.274411429928129 ], [ 14.952775112421989, 37.274598786058114 ], [ 14.953079895631348, 37.274735999425694 ], [ 14.953181000532457, 37.274781516606801 ], [ 14.953785670051765, 37.274997827513786 ], [ 14.954239768649076, 37.275160271700521 ], [ 14.954888171960254, 37.275392218908436 ], [ 14.954942945013293, 37.275408085753789 ], [ 14.955551412466473, 37.275629469106214 ], [ 14.955980202418273, 37.275784775370113 ], [ 14.95695717044898, 37.276129110073953 ], [ 14.957101846712725, 37.276180530396154 ], [ 14.957137065617585, 37.276190055131508 ], [ 14.957613590826835, 37.276362410752149 ], [ 14.958212785246273, 37.276577425288963 ], [ 14.958879643862101, 37.276860547394485 ], [ 14.959153858724996, 37.276976966917886 ], [ 14.959462402630887, 37.277107959291442 ], [ 14.960045166081439, 37.277355367905486 ], [ 14.960101177093529, 37.277379147269912 ], [ 14.961381567642519, 37.277922712472282 ], [ 14.961792790074503, 37.278088957398701 ], [ 14.962023189474854, 37.278182099145084 ], [ 14.962374601425337, 37.278324161518832 ], [ 14.963012716548096, 37.278582122100715 ], [ 14.963538234192193, 37.278794560160094 ], [ 14.964002248696517, 37.278982134234759 ], [ 14.964120054486267, 37.27902975473782 ], [ 14.964369924940232, 37.279130761329284 ], [ 14.964704006257294, 37.279291802723478 ], [ 14.96490094024427, 37.279386732627692 ], [ 14.965289561834986, 37.279574061926922 ], [ 14.965745923377469, 37.279794040365914 ], [ 14.966186629344804, 37.280006469453269 ], [ 14.966220593416109, 37.280030460872602 ], [ 14.966467666951328, 37.280206290687481 ], [ 14.967066030296895, 37.280630772145678 ], [ 14.967659330333023, 37.281046963669752 ], [ 14.967934658597528, 37.281241175240446 ], [ 14.968247136220301, 37.281467867437115 ], [ 14.968292025815567, 37.281493862519049 ], [ 14.968355865490231, 37.281539002291346 ], [ 14.968414693255122, 37.281580597243476 ], [ 14.968444442499061, 37.281601632013931 ], [ 14.969591869039743, 37.282412927115857 ], [ 14.969738899202349, 37.282530355421919 ], [ 14.970012772639656, 37.282749085538072 ], [ 14.970596049636443, 37.283214916211065 ], [ 14.970660147179016, 37.283286215437762 ], [ 14.970800984355634, 37.283442870516751 ], [ 14.970926323940638, 37.283582290090791 ], [ 14.971074905926802, 37.283747557257378 ], [ 14.971269673803253, 37.283964188214114 ], [ 14.971313324468596, 37.2840127390443 ], [ 14.97140681172338, 37.28411671920955 ], [ 14.971500026883447, 37.284003285238953 ], [ 14.971615316033439, 37.283860929612672 ], [ 14.971790762930105, 37.283649487021748 ], [ 14.971820904092256, 37.283620016508721 ], [ 14.971859472385296, 37.28358230826295 ], [ 14.971910459078135, 37.283532458989896 ], [ 14.97233531719413, 37.283117077683983 ], [ 14.972384375443676, 37.283058416744716 ], [ 14.972761563031591, 37.282589271350396 ], [ 14.972842341415104, 37.282488798464215 ], [ 14.972874131898475, 37.282449257639712 ], [ 14.973110952436093, 37.282121533640066 ], [ 14.973300118827758, 37.281859754078987 ], [ 14.973336592781402, 37.281809281030235 ], [ 14.973800041604999, 37.281261513363972 ], [ 14.974254168895337, 37.280641107067723 ], [ 14.974296107742829, 37.280583812367389 ], [ 14.975085377127607, 37.279999276392815 ], [ 14.975358251738372, 37.279732421554741 ], [ 14.975391143152816, 37.279700255529896 ], [ 14.97541232809996, 37.279671486372202 ], [ 14.975471096031823, 37.279591686049301 ], [ 14.975774984553823, 37.279179024567803 ], [ 14.975943958469268, 37.278682152928624 ], [ 14.975977850086908, 37.278569902526769 ], [ 14.976068834650453, 37.278268549936357 ], [ 14.976103883648301, 37.278216343669591 ], [ 14.976462946306276, 37.277681520267308 ], [ 14.977151955648031, 37.277448588730259 ], [ 14.977349169202324, 37.2774216276785 ], [ 14.977501781229938, 37.277400763793963 ], [ 14.97780589400204, 37.277359187167818 ], [ 14.97786962029009, 37.27732272415556 ], [ 14.978064034426863, 37.277211485073387 ], [ 14.978258154776462, 37.277100411794883 ], [ 14.978483333687619, 37.276971567673066 ], [ 14.978528715632313, 37.276896553434383 ], [ 14.978570405557258, 37.27682764442801 ], [ 14.978844274461888, 37.276374965610472 ], [ 14.979114077536966, 37.276315463332757 ], [ 14.979153668452438, 37.276306731760918 ], [ 14.979374222715574, 37.276258088222576 ], [ 14.979701033862391, 37.276135193139098 ], [ 14.979862341304797, 37.276074534361769 ], [ 14.980018977799645, 37.276013950174487 ], [ 14.980083530658533, 37.27591764477588 ], [ 14.980192675159893, 37.275754815573258 ], [ 14.980395801277332, 37.275451770934076 ], [ 14.980423419727298, 37.27541056765741 ], [ 14.98061606981479, 37.275115020578944 ], [ 14.980699824789665, 37.275049321834224 ], [ 14.980785704451524, 37.274981956341961 ], [ 14.98110897448197, 37.274728378387358 ], [ 14.981168099303714, 37.274682000330635 ], [ 14.98123294685101, 37.274547748733298 ], [ 14.981252017416134, 37.274508268584349 ], [ 14.981277333662907, 37.27445585514198 ], [ 14.98135974340285, 37.274285246633831 ], [ 14.981339716301656, 37.273597927913102 ], [ 14.981336895901798, 37.273501074484223 ], [ 14.981305785366045, 37.273340778935392 ], [ 14.981287594568776, 37.273247048774657 ], [ 14.981224891602441, 37.27292395370624 ], [ 14.981463000714129, 37.272545085046318 ], [ 14.981923114714439, 37.272373248013935 ], [ 14.982011133256508, 37.272388848025159 ], [ 14.982170886971973, 37.272417160820922 ], [ 14.982211547387712, 37.272424366859084 ], [ 14.982544993320877, 37.272483462919922 ], [ 14.982647777130115, 37.272637311726648 ], [ 14.982776155992525, 37.272829471539119 ], [ 14.982803820256928, 37.272870882007389 ], [ 14.983057510702936, 37.273516611308693 ], [ 14.983097649002573, 37.273618780463721 ], [ 14.983142610680227, 37.27370850421368 ], [ 14.983266655023664, 37.273956043446795 ], [ 14.983373257149529, 37.274168774281158 ], [ 14.983391258363561, 37.274204695476016 ], [ 14.98396505908797, 37.274825907804029 ], [ 14.984062150366952, 37.274938159195344 ], [ 14.984149893547611, 37.275039779473474 ], [ 14.984270761291308, 37.275179762229648 ], [ 14.984467293658772, 37.275407372842245 ], [ 14.984574371721488, 37.275531350152448 ], [ 14.984628926199353, 37.275589970864225 ], [ 14.984714878480585, 37.275651679774803 ], [ 14.984750691411413, 37.275677391827095 ], [ 14.985068055844845, 37.275905235566505 ], [ 14.985116071298693, 37.275939629815532 ], [ 14.985278279550267, 37.276054823278201 ], [ 14.985380388635461, 37.276099005225966 ], [ 14.985465992337781, 37.276136043595478 ], [ 14.985679968335328, 37.276228627417908 ], [ 14.985868441224135, 37.276309607762656 ], [ 14.985960758960205, 37.276349274402179 ], [ 14.986301879336757, 37.276502278969303 ], [ 14.986330326841536, 37.276515037622531 ], [ 14.986452215875659, 37.276568841103149 ], [ 14.986874387580487, 37.276755189937283 ], [ 14.98703533012138, 37.27681970167999 ], [ 14.987246558464616, 37.276904367077357 ], [ 14.987552070698404, 37.277026824412161 ], [ 14.98761644977696, 37.277045423798882 ], [ 14.988192866614746, 37.27721195248364 ], [ 14.988267548995646, 37.277233528831268 ], [ 14.988330151538895, 37.277250590650958 ], [ 14.988442362691538, 37.27729600126262 ], [ 14.988560542277503, 37.27731835991009 ], [ 14.988673023346337, 37.277339113994572 ], [ 14.988773910593316, 37.277358902206004 ], [ 14.988986727187561, 37.277426952682227 ], [ 14.989339006767855, 37.277460759758391 ], [ 14.989461301514817, 37.277472496296681 ], [ 14.989714426372149, 37.27750791892025 ], [ 14.989902146420846, 37.277585712902336 ], [ 14.989990366202392, 37.277644138729009 ], [ 14.990039327763911, 37.277676563797485 ], [ 14.990117839594003, 37.277733842599261 ], [ 14.990233271692384, 37.277937781226065 ], [ 14.990359801844658, 37.278215915444903 ], [ 14.990404051565267, 37.278473820934863 ], [ 14.990347076162069, 37.278741828052965 ], [ 14.990277431956912, 37.278984542605457 ], [ 14.990283726117198, 37.279191877428374 ], [ 14.990364917861436, 37.279354875480884 ], [ 14.99040348466046, 37.279393792280679 ], [ 14.990574789729424, 37.279530705623792 ], [ 14.990705245027662, 37.279626916995568 ], [ 14.9908532204071, 37.279631865099546 ], [ 14.990932573765791, 37.279585149532352 ], [ 14.990973472820064, 37.279561073025292 ], [ 14.991112680968874, 37.279520636446755 ], [ 14.991190142383987, 37.279515259674376 ], [ 14.99125824558101, 37.279510532849244 ], [ 14.991371341782378, 37.27949332150699 ], [ 14.991760669606295, 37.279584319607366 ], [ 14.991961990158492, 37.2796313742029 ], [ 14.992327203699693, 37.279626300694105 ], [ 14.992569874326762, 37.279622927723281 ], [ 14.992905349394215, 37.279410183517491 ], [ 14.99295419757523, 37.279378446840099 ], [ 14.993014077773433, 37.279193133235587 ], [ 14.99313574452577, 37.278802167077053 ], [ 14.992989188438036, 37.278287574383235 ], [ 14.992921210337801, 37.277928734168569 ], [ 14.992819657701837, 37.277378102146194 ], [ 14.993010603998901, 37.277026363819871 ], [ 14.993154765460663, 37.276846948565925 ], [ 14.993372515867312, 37.276575944538351 ], [ 14.993575412501576, 37.276493217836055 ], [ 14.99370440438337, 37.276440623482152 ], [ 14.993857996900401, 37.276377997586337 ], [ 14.994421879155528, 37.276339705825301 ], [ 14.994647777975901, 37.276324365022063 ], [ 14.99510808023464, 37.27629647033104 ], [ 14.995530971118232, 37.276136849056918 ], [ 14.995707447865469, 37.276070237563893 ], [ 14.99588730013882, 37.275836076357287 ], [ 14.995976973730048, 37.27552098413679 ], [ 14.996081440039532, 37.275279551608627 ], [ 14.996148206617075, 37.275125247452287 ], [ 14.996196865951299, 37.27509573067838 ], [ 14.996565211691697, 37.274872280847411 ], [ 14.997095055224312, 37.274701320212415 ], [ 14.997233490111066, 37.274673565877315 ], [ 14.997345323456969, 37.274651144186457 ], [ 14.997392759182643, 37.274641634111582 ], [ 14.997501078210107, 37.274619918420868 ], [ 14.997574511142046, 37.274565420584842 ], [ 14.997816797639945, 37.274385609003538 ], [ 14.997954550930768, 37.274260393283235 ], [ 14.997983752193418, 37.274233849992285 ], [ 14.998095041904618, 37.274132688977929 ], [ 14.998301906322448, 37.273944653608652 ], [ 14.998786987413762, 37.273989734485561 ], [ 14.998854525214263, 37.27402206249505 ], [ 14.999182169370961, 37.274178892450749 ], [ 14.999334261700271, 37.27428205111417 ], [ 14.99947536243724, 37.274377753426968 ], [ 14.9996449495415, 37.274792157795325 ], [ 14.999638413975561, 37.274835489887892 ], [ 14.999624877888214, 37.274925225403528 ], [ 14.999606166398882, 37.275049280602651 ], [ 14.99958782909032, 37.275170850541414 ], [ 14.99968657038424, 37.275293908643604 ], [ 14.9997172804812, 37.275332181424993 ], [ 14.999745683563278, 37.275367579677855 ], [ 15.000061804045055, 37.275391723283853 ], [ 15.000806673047849, 37.275448609695715 ], [ 15.001470467829208, 37.275430594906169 ], [ 15.001612327111435, 37.275579221171355 ], [ 15.001685529260868, 37.275655914970763 ], [ 15.001900075719309, 37.276016285638725 ], [ 15.002271886941619, 37.276017621755926 ], [ 15.002543123433536, 37.275702281806403 ], [ 15.002869492102603, 37.275575420597093 ], [ 15.003636614724348, 37.275484613137131 ], [ 15.003819232320106, 37.275471434440519 ], [ 15.005012650081966, 37.275385305873968 ], [ 15.005566409180243, 37.275620376819951 ], [ 15.005701683665871, 37.27569254637811 ], [ 15.006005341200126, 37.275854546247508 ], [ 15.006344769687358, 37.276136763634959 ], [ 15.006558738992553, 37.276314666740518 ], [ 15.006671889257552, 37.276603674880349 ], [ 15.006625531354249, 37.277125822746726 ], [ 15.006638351195775, 37.27759546321662 ], [ 15.006663240691102, 37.277749434143296 ], [ 15.006669381037176, 37.277787417105777 ], [ 15.00676630818495, 37.278360593622253 ], [ 15.006793907776203, 37.278402312576254 ], [ 15.007112062698342, 37.278883192511891 ], [ 15.007369350866098, 37.27922460009399 ], [ 15.007479105686064, 37.279370238209829 ], [ 15.007549780210201, 37.279464017825688 ], [ 15.007574225281306, 37.279496454517847 ], [ 15.007661651883881, 37.279557619652294 ], [ 15.007900119940969, 37.279724459248271 ], [ 15.00802462250919, 37.279811564058477 ], [ 15.008378770940928, 37.280059332112486 ], [ 15.008578552511947, 37.280199091036629 ], [ 15.008613213279975, 37.280224634474415 ], [ 15.008723563569001, 37.280305955524646 ], [ 15.008861296158944, 37.280407454447818 ], [ 15.008737738765232, 37.280603421294416 ], [ 15.008712413932841, 37.280643585042128 ], [ 15.008630440649851, 37.280773598686345 ], [ 15.008428637151045, 37.28090695212417 ], [ 15.008347651426702, 37.28095792616643 ], [ 15.008250965329708, 37.28101684392557 ], [ 15.00776559038038, 37.281145093425387 ], [ 15.007290429367119, 37.281395371910982 ], [ 15.007256347818497, 37.281413323716841 ], [ 15.007159245311891, 37.28146446984762 ], [ 15.006842117525482, 37.281653553708288 ], [ 15.006727467419799, 37.281722257315465 ], [ 15.006400975492125, 37.282245181314913 ], [ 15.006503239367925, 37.282430145517168 ], [ 15.006591991540448, 37.282590671150373 ], [ 15.006641512231193, 37.282664869102632 ], [ 15.006652980546493, 37.282702672503085 ], [ 15.006573602732422, 37.282820103726309 ], [ 15.006535216966279, 37.282873635998733 ], [ 15.00662699851256, 37.283119519363808 ], [ 15.006653747879774, 37.283191180441712 ], [ 15.006697140601901, 37.283263520369495 ], [ 15.006879854899404, 37.283568118770745 ], [ 15.007145856566444, 37.283797166639346 ], [ 15.00731770126901, 37.283984485811303 ], [ 15.007365299433101, 37.284036371152467 ], [ 15.007458411049539, 37.284134707974339 ], [ 15.007670946445108, 37.284416452214025 ], [ 15.007731075624239, 37.284496160450182 ], [ 15.007864072983537, 37.284634364651247 ], [ 15.007847880019964, 37.284700547907576 ], [ 15.007737759868339, 37.285150622150532 ], [ 15.007693743473961, 37.285330518448298 ], [ 15.007681958506991, 37.285453148831003 ], [ 15.00765385099746, 37.28574535035974 ], [ 15.007613952742565, 37.286021912395476 ], [ 15.007534095950588, 37.286245283781696 ], [ 15.007497150474178, 37.28626572633388 ], [ 15.007350488362059, 37.286346878642426 ], [ 15.00720739797679, 37.286643720294983 ], [ 15.007184418981252, 37.286691417702542 ], [ 15.007124051503533, 37.286816725265261 ], [ 15.006992841371996, 37.286969928131555 ], [ 15.006830495992642, 37.287159482321933 ], [ 15.006638415695528, 37.2873837565622 ], [ 15.006618667243805, 37.287406606451647 ], [ 15.006556952539681, 37.287409428439496 ], [ 15.006476305012686, 37.287413116575593 ], [ 15.006111589435049, 37.287429794360285 ], [ 15.005987887235243, 37.287435451662809 ], [ 15.005745626817969, 37.287446517416292 ], [ 15.005702572413158, 37.28745590343059 ], [ 15.005577907756631, 37.287483078927053 ], [ 15.005460119762818, 37.287508750207749 ], [ 15.005416400754539, 37.287518278872689 ], [ 15.005337825178009, 37.287535404226205 ], [ 15.004938229901436, 37.287622492863555 ], [ 15.004771919303593, 37.287709562452058 ], [ 15.004313866120249, 37.287949367466837 ], [ 15.004257092930878, 37.28797908490187 ], [ 15.004228712310573, 37.287993941055291 ], [ 15.003992616076259, 37.288192538983736 ], [ 15.00382145811713, 37.288336510584749 ], [ 15.003763870383297, 37.288384950446627 ], [ 15.003728462400131, 37.288413242422777 ], [ 15.003438295147268, 37.288645084974277 ], [ 15.00339687034305, 37.288678182660973 ], [ 15.003255969969672, 37.28884864353401 ], [ 15.00320999320866, 37.288904266991665 ], [ 15.003102439161637, 37.289034387023115 ], [ 15.003091578380065, 37.289090856529086 ], [ 15.003005421876789, 37.289538347734947 ], [ 15.002970345765458, 37.289667289514675 ], [ 15.002940373417562, 37.289752414755093 ], [ 15.002883100031557, 37.289987997562925 ], [ 15.003543756815089, 37.290437600276491 ], [ 15.003690574625512, 37.290593981163831 ], [ 15.003470380868695, 37.29086768434118 ], [ 15.002981021156556, 37.291063180895101 ], [ 15.00256506610463, 37.291141387592248 ], [ 15.002472402744454, 37.291147081652397 ], [ 15.002261198414507, 37.291160062096793 ], [ 15.001798518847062, 37.291577388309832 ], [ 15.001628038049283, 37.291622803302317 ], [ 15.001439852515764, 37.291671293666468 ], [ 15.001257736288037, 37.291719807002131 ], [ 15.001172741790837, 37.291778013022778 ], [ 15.001063487686059, 37.291845916083957 ], [ 15.00099063410596, 37.291938067312572 ], [ 15.000917794197441, 37.292059305765065 ], [ 15.000844943209241, 37.292170868860012 ], [ 15.000778169643585, 37.292272719503437 ], [ 15.000684376865616, 37.292367162887388 ], [ 15.000576662499441, 37.292551218433736 ], [ 15.00075983324485, 37.292859139022276 ], [ 15.000896919747543, 37.293162012001602 ], [ 15.001020363713032, 37.29374753969141 ], [ 15.001088244233383, 37.29388124886033 ], [ 15.001357999393306, 37.294414407216998 ], [ 15.001555393066102, 37.294782838633573 ], [ 15.001596242078762, 37.294859065907659 ], [ 15.001719675637364, 37.295091313635794 ], [ 15.001822534223958, 37.295277344193707 ], [ 15.001967299933316, 37.295509013529426 ], [ 15.002087830235675, 37.295761123050902 ], [ 15.002148324733202, 37.295875059980808 ], [ 15.002290713257649, 37.296230086326155 ], [ 15.002373802175848, 37.296441879328619 ], [ 15.002272713272768, 37.296852065235115 ], [ 15.002238910368208, 37.296984294977705 ], [ 15.002281903172808, 37.29747938107684 ], [ 15.002295456744168, 37.29762270876369 ], [ 15.002280304903667, 37.29812513157691 ], [ 15.002272077807442, 37.298397969994596 ], [ 15.002193193590214, 37.299218793330127 ], [ 15.002167714431966, 37.299350675018403 ], [ 15.001968419782164, 37.300382322127341 ], [ 15.001967614175271, 37.30043412414414 ], [ 15.001967775856599, 37.300513960382489 ], [ 15.001967902631002, 37.30057524860915 ], [ 15.001968100206161, 37.300670466321002 ], [ 15.001968162076837, 37.300700498005838 ], [ 15.0019684384065, 37.30090564591675 ], [ 15.001957625243282, 37.301120959459233 ], [ 15.001967403054179, 37.301358255315662 ], [ 15.001985906917783, 37.301807350831375 ], [ 15.001992016677761, 37.301955654169781 ], [ 15.002004409125286, 37.302256446423769 ], [ 15.002013321942597, 37.302472731582526 ], [ 15.002006485457789, 37.302706379007979 ], [ 15.001992952773517, 37.303168904390674 ], [ 15.001980110890962, 37.303607796269411 ], [ 15.001976660613641, 37.303725699915681 ], [ 15.001968534369206, 37.304052900918222 ], [ 15.00195554818654, 37.30423233261989 ], [ 15.001951040213651, 37.30429462813683 ], [ 15.001935535879669, 37.304510138193493 ], [ 15.001903041463283, 37.304961829616303 ], [ 15.001900552357755, 37.304996435757701 ], [ 15.001900385933656, 37.305412003101779 ], [ 15.00190020518988, 37.305862049720353 ], [ 15.00190015065081, 37.305997784868431 ], [ 15.001903002146904, 37.306186841467472 ], [ 15.001904940215764, 37.306311846119179 ], [ 15.001909897803531, 37.30663138661744 ], [ 15.001910645228799, 37.306678143837409 ], [ 15.001912001406536, 37.306763012847398 ], [ 15.002250514086189, 37.307476331817682 ], [ 15.002404569395715, 37.307636528406917 ], [ 15.002449494529687, 37.307683771994277 ], [ 15.002665370538519, 37.307907721427675 ], [ 15.00284876101888, 37.308098420027889 ], [ 15.003258305295416, 37.308452303493866 ], [ 15.003525009144475, 37.308682784693808 ], [ 15.004473231315506, 37.309692084435902 ], [ 15.004542777260976, 37.309773350164029 ], [ 15.004668555211641, 37.309904575151975 ], [ 15.004899895147176, 37.310155796066894 ], [ 15.005010185978886, 37.310275574596751 ], [ 15.005342755952716, 37.310637174037801 ], [ 15.005516882883356, 37.310826428021862 ], [ 15.005916912103777, 37.311261204413938 ], [ 15.006131528884803, 37.311498351117997 ], [ 15.00644835047191, 37.311848428063541 ], [ 15.006509680994508, 37.311927840094278 ], [ 15.00668891081858, 37.312159904586338 ], [ 15.00671403112586, 37.312192430014278 ], [ 15.007074833749762, 37.312659587973194 ], [ 15.007137252674733, 37.312740405003346 ], [ 15.007173565200349, 37.312794089802573 ], [ 15.007389845640956, 37.313113839460271 ], [ 15.00746783172692, 37.31322913272821 ], [ 15.007679840148025, 37.313541836690298 ], [ 15.008129207825943, 37.314595753764287 ], [ 15.008289136905727, 37.314948840741074 ], [ 15.008359989085349, 37.315106500851982 ], [ 15.008419388633602, 37.315237993302347 ], [ 15.008447524822996, 37.315299739587907 ], [ 15.008481073671758, 37.315372333201701 ], [ 15.008512790557536, 37.315427383111768 ], [ 15.008581060012329, 37.315596557082699 ], [ 15.008725999012606, 37.315781125762982 ], [ 15.00892830694815, 37.316039777510156 ], [ 15.009008735358979, 37.316142304369627 ], [ 15.009315162910552, 37.316533480385473 ], [ 15.009441504302623, 37.316660885981236 ], [ 15.009631606482767, 37.316852612967743 ], [ 15.009678206075119, 37.316899578146028 ], [ 15.009930420385531, 37.31715396035316 ], [ 15.009969597866741, 37.317193474866421 ], [ 15.010116749988292, 37.317341895023496 ], [ 15.01017318108722, 37.317398806907427 ], [ 15.010729249675975, 37.31777630177691 ], [ 15.011047499280792, 37.317992354687952 ], [ 15.011088457808217, 37.318020158870723 ], [ 15.011144346336696, 37.318058099053253 ], [ 15.011347939523624, 37.318157363131824 ], [ 15.011597943049344, 37.318279254613337 ], [ 15.011936165501446, 37.318444153962872 ], [ 15.012341476581094, 37.318641762779713 ], [ 15.012481681497556, 37.318710113837227 ], [ 15.013141573235949, 37.319031832418617 ], [ 15.013343451246346, 37.319128409869549 ], [ 15.013524768080462, 37.319215151999003 ], [ 15.013792246408139, 37.319343110170834 ], [ 15.013936407905195, 37.319412073030307 ], [ 15.014114914865655, 37.319497469701716 ], [ 15.014167421788159, 37.319523700732205 ], [ 15.014300375505968, 37.319602083518738 ], [ 15.014878720917149, 37.319943044227848 ], [ 15.014937266714801, 37.319977558021002 ], [ 15.01508047167351, 37.320178567112663 ], [ 15.015110299502208, 37.320220434338928 ], [ 15.015253570293766, 37.320421535234608 ], [ 15.015271396036974, 37.320446556012342 ], [ 15.015489510838087, 37.320752708312995 ], [ 15.015503418158181, 37.320895813789697 ], [ 15.015530871405975, 37.32117826465322 ], [ 15.015533516865972, 37.321205486587338 ], [ 15.015541980771541, 37.321292562832774 ], [ 15.015602125316873, 37.32191134132384 ], [ 15.015605483860762, 37.321945897593551 ], [ 15.015614508894021, 37.322038744388074 ], [ 15.015618241488776, 37.322077144698056 ], [ 15.015648816925474, 37.322391699428017 ], [ 15.015627907988879, 37.322649179201008 ], [ 15.0154155896599, 37.323885909055512 ], [ 15.015326977002534, 37.324402202373413 ], [ 15.015216237563543, 37.324958398189388 ], [ 15.015207493077943, 37.325009188357832 ], [ 15.015133324557212, 37.325439268849806 ], [ 15.015008293258049, 37.326164278639219 ], [ 15.014960985687692, 37.326438430089787 ], [ 15.014842386851038, 37.327137897775621 ], [ 15.014825567683665, 37.327197382434619 ], [ 15.014768345064933, 37.328071062460126 ], [ 15.014753189013575, 37.328313395673071 ], [ 15.014734645227216, 37.328609856844466 ], [ 15.014730610166728, 37.328674376812806 ], [ 15.014701280030422, 37.329143310212878 ], [ 15.014767778770992, 37.329684683353818 ], [ 15.014776569543349, 37.329756246364752 ], [ 15.014792200892289, 37.329883492825537 ], [ 15.014854701056976, 37.330075336060325 ], [ 15.014867937123201, 37.330104649456963 ], [ 15.014901649160747, 37.330219440652762 ], [ 15.014934881256991, 37.330321442831575 ], [ 15.014960668480283, 37.330400595694698 ], [ 15.014976952910182, 37.330450578607284 ], [ 15.014994831749549, 37.33050545668528 ], [ 15.015272595043596, 37.331063538504424 ], [ 15.015284554037647, 37.331087565153418 ], [ 15.015299549901753, 37.331117694166345 ], [ 15.015284839637777, 37.331212406508428 ], [ 15.015267095011982, 37.331326640637741 ], [ 15.0152612584744, 37.331364218741065 ], [ 15.015227011687895, 37.331584692121567 ], [ 15.015221359339018, 37.331621079025041 ], [ 15.014801825330766, 37.331743490252776 ], [ 15.014532133853505, 37.331821086113841 ], [ 15.013838422779505, 37.331827280348151 ], [ 15.013737108976027, 37.331828239314056 ], [ 15.013664051374938, 37.331829003313374 ], [ 15.013430496185084, 37.331831286162476 ], [ 15.013392591139208, 37.331831534860399 ], [ 15.013307865365453, 37.331838488742427 ], [ 15.012897843307599, 37.331872142840595 ], [ 15.012523330324026, 37.33190288087178 ], [ 15.011799836773756, 37.332272819428631 ], [ 15.01135009700173, 37.332500149248595 ], [ 15.011049155583729, 37.33265226515045 ], [ 15.0109994689301, 37.332677379981739 ], [ 15.010953311890345, 37.332700709970283 ], [ 15.010835458451089, 37.332742641655564 ], [ 15.009963316568882, 37.333044736003906 ], [ 15.009813851293066, 37.333091888605942 ], [ 15.009774814344171, 37.333107115369721 ], [ 15.009713321822176, 37.333131102518308 ], [ 15.00901712990208, 37.33340221726943 ], [ 15.008922772979664, 37.33343946783328 ], [ 15.008864901307101, 37.333462041372371 ], [ 15.008554589302735, 37.333889645442405 ], [ 15.008531847842912, 37.334033029801205 ], [ 15.008528449000757, 37.334079063002932 ], [ 15.008504936416069, 37.334202706517317 ], [ 15.008538169801087, 37.334662292532094 ], [ 15.008523843372636, 37.334727004044225 ], [ 15.008516457839171, 37.334760364819999 ], [ 15.008507605525718, 37.334800349340085 ], [ 15.008459221159907, 37.335018906713486 ], [ 15.008424806216292, 37.335174364810285 ], [ 15.008392007102962, 37.335261656714415 ], [ 15.008211039279871, 37.335743298448193 ], [ 15.008232271276231, 37.33586937501277 ], [ 15.008279422921587, 37.33614935097502 ], [ 15.008297586498884, 37.336184604762074 ], [ 15.00849301312876, 37.336564863998625 ], [ 15.008527506089228, 37.336996276307936 ], [ 15.008515854222443, 37.337020491934709 ], [ 15.008396915687321, 37.337267662533755 ], [ 15.008336586080263, 37.337393038706885 ], [ 15.008351117089273, 37.337477657090268 ], [ 15.008368540275688, 37.337579118854208 ], [ 15.008426225050743, 37.33791502250623 ], [ 15.008591522857468, 37.338143639813083 ], [ 15.008645003068551, 37.338217460935638 ], [ 15.008777913509215, 37.338401120961883 ], [ 15.009296510789239, 37.33882471877186 ], [ 15.010030398901485, 37.339050586032336 ], [ 15.010366603659888, 37.339211844380394 ], [ 15.010412339268685, 37.339233779323145 ], [ 15.010550814511168, 37.339293552736734 ], [ 15.010988743116769, 37.339510242358266 ], [ 15.01135119529577, 37.339785922799685 ], [ 15.011462867244271, 37.339870860980668 ], [ 15.011811490573505, 37.340584843394346 ], [ 15.011836998673887, 37.340637081748227 ], [ 15.01183650518764, 37.341351254219347 ], [ 15.011836443703253, 37.341440421809551 ], [ 15.011620847959202, 37.342268241679747 ], [ 15.011604888384532, 37.34244575094656 ], [ 15.01157372309898, 37.342792326102348 ], [ 15.011542185532713, 37.343143069610981 ], [ 15.011566288360942, 37.343296821212256 ], [ 15.011570758214219, 37.343325338142627 ], [ 15.01157575391014, 37.343357186445935 ], [ 15.011635889769218, 37.343740590502264 ], [ 15.011690632792178, 37.344089611146281 ], [ 15.011701831322206, 37.344161007542588 ], [ 15.011834100310141, 37.344478066178702 ], [ 15.011939156713028, 37.344729891553101 ], [ 15.012037400916645, 37.344965384931392 ], [ 15.012132635684083, 37.345193664571873 ], [ 15.01215736693109, 37.345252945929751 ], [ 15.012176122165938, 37.345297902239167 ], [ 15.01250286081471, 37.345654617335001 ], [ 15.012742218155593, 37.345915932653455 ], [ 15.012774730729191, 37.345951427473715 ], [ 15.013034653300226, 37.346235189534561 ], [ 15.013256373422502, 37.346435845340807 ], [ 15.013282227127215, 37.346459243354651 ], [ 15.013530986207181, 37.34669112710462 ], [ 15.013783388463578, 37.346912786718462 ], [ 15.013804892264803, 37.346932246392761 ], [ 15.014074137508931, 37.347175904295334 ], [ 15.014230355541699, 37.347317276561427 ], [ 15.014307733851069, 37.347385810456665 ], [ 15.01505474941326, 37.348047445241626 ], [ 15.015216175174016, 37.348190418842194 ], [ 15.015280168297014, 37.348247097085007 ], [ 15.01568412003, 37.348604868681669 ], [ 15.015789984466437, 37.348698630327263 ], [ 15.016058566645166, 37.348936473742796 ], [ 15.016082430828407, 37.348957629727686 ], [ 15.016218122537785, 37.349110345484341 ], [ 15.0167744322657, 37.349815567925738 ], [ 15.016806738707153, 37.349855620103348 ], [ 15.016948975620201, 37.350031958992098 ], [ 15.016998184775794, 37.350092966040869 ], [ 15.01712138322123, 37.350245700065948 ], [ 15.017238792729122, 37.350378589392207 ], [ 15.01727118056287, 37.350415245781868 ], [ 15.017511555720979, 37.350687309937435 ], [ 15.017886184902755, 37.351110267652309 ], [ 15.018047696819316, 37.351270960402672 ], [ 15.018081608305273, 37.351304699000345 ], [ 15.01851094864772, 37.351731856182568 ], [ 15.018628117952584, 37.351755015402148 ], [ 15.018684972384253, 37.351766248588412 ], [ 15.018770981595702, 37.351783242974548 ], [ 15.019390905833296, 37.351905728872801 ], [ 15.019434800187279, 37.351914402233533 ], [ 15.019786885049667, 37.351983966027142 ], [ 15.020334151289166, 37.352042370596969 ], [ 15.020472912030483, 37.352057179394528 ], [ 15.020864012000832, 37.352098915626179 ], [ 15.021055583638061, 37.352119359588151 ], [ 15.02114156107603, 37.352128534869294 ], [ 15.021205118698248, 37.352153294492624 ], [ 15.021577959970513, 37.352298538079019 ], [ 15.021619252659265, 37.35231462422621 ], [ 15.022157746423806, 37.352524397218687 ], [ 15.02238745066157, 37.352717680301353 ], [ 15.022429277028831, 37.352752875347136 ], [ 15.022644476329745, 37.352933952414986 ], [ 15.023004838448269, 37.353237171681677 ], [ 15.023102733950154, 37.353346592333565 ], [ 15.023792179029993, 37.354117199237272 ], [ 15.024044419575235, 37.35439912805122 ], [ 15.024121225734463, 37.354491860969055 ], [ 15.02492875561579, 37.355466825399688 ], [ 15.024978061759978, 37.355527869670667 ], [ 15.025095829827976, 37.355694044563116 ], [ 15.025377948247268, 37.356092119041463 ], [ 15.025405458051384, 37.356130935896267 ], [ 15.025678275107367, 37.356515879589104 ], [ 15.025966327894505, 37.356922315801555 ], [ 15.026215061192806, 37.357259010719801 ], [ 15.026303445462588, 37.357378649868949 ], [ 15.02633701129256, 37.357424084649701 ], [ 15.026518313529797, 37.357669499728729 ], [ 15.026643884209683, 37.357839472651278 ], [ 15.026702458550155, 37.357916868075378 ], [ 15.026989099641208, 37.35829560635019 ], [ 15.027200807402622, 37.358575332189019 ], [ 15.027218139588475, 37.358598233757881 ], [ 15.027889252264115, 37.359139766345208 ], [ 15.02816375803981, 37.359361006516636 ], [ 15.028461931955951, 37.359600091558057 ], [ 15.028529348848121, 37.359674943644201 ], [ 15.028681576099526, 37.359841429891446 ], [ 15.02908262612406, 37.36027937567399 ], [ 15.029218911896558, 37.360428198248279 ], [ 15.029328179710825, 37.360561292609745 ], [ 15.029672898998305, 37.36098117887591 ], [ 15.030100062864074, 37.361501446165789 ], [ 15.030324674309089, 37.361764936803766 ], [ 15.030607351914625, 37.362096541235985 ], [ 15.031273799538228, 37.362672225550405 ], [ 15.031876327393464, 37.363309779249811 ], [ 15.0320570637994, 37.363501009532833 ], [ 15.032109644535852, 37.363556416655726 ], [ 15.032209505338274, 37.363655261207946 ], [ 15.032610102618094, 37.364055003231357 ], [ 15.032995522946878, 37.364430008257393 ], [ 15.032962926102368, 37.364333103267171 ], [ 15.032752204615862, 37.36372828759896 ], [ 15.032440069068411, 37.363026123379242 ], [ 15.032418959357248, 37.362501200555833 ], [ 15.032417323178164, 37.362460500353443 ], [ 15.032701089120337, 37.362356076870405 ], [ 15.03274882781707, 37.362338892562271 ], [ 15.032877600542264, 37.362292538782725 ], [ 15.033211936739219, 37.362172186179002 ], [ 15.033444694221215, 37.362088399004222 ], [ 15.033939921051074, 37.362118672683309 ], [ 15.03432556051799, 37.362142245607671 ], [ 15.034715546366098, 37.362129837642634 ], [ 15.034764793400932, 37.362128270687677 ], [ 15.035183783998779, 37.362114940170251 ], [ 15.035485198075381, 37.362130840085761 ], [ 15.035579653805121, 37.362135824838319 ], [ 15.035684210421447, 37.362141338048353 ], [ 15.036033583880485, 37.362159766531775 ], [ 15.036990620782472, 37.362132417850489 ], [ 15.037209318049063, 37.362140194634371 ], [ 15.037245713395361, 37.362141487501184 ], [ 15.037326628342024, 37.362144364433334 ], [ 15.037405402608259, 37.362147165567698 ], [ 15.037995684039075, 37.362168150697855 ], [ 15.039170159034111, 37.362203836360152 ], [ 15.039586314466922, 37.362220445540729 ], [ 15.040514012512155, 37.362257464638475 ], [ 15.041575571022658, 37.362347228561454 ], [ 15.042560915072574, 37.362428006350299 ], [ 15.042998066042914, 37.36248803312013 ], [ 15.043063396375892, 37.362497003019804 ], [ 15.043608400915206, 37.362571837139782 ], [ 15.044771632388489, 37.362699858265209 ], [ 15.04523298136032, 37.362753885640025 ], [ 15.045980040301274, 37.362841367545343 ], [ 15.04696260416209, 37.363012240520142 ], [ 15.048182338325441, 37.363164977673158 ], [ 15.049289140765866, 37.363326780888606 ], [ 15.050026749696782, 37.36351375993997 ], [ 15.050283080227182, 37.36357873734763 ], [ 15.050880143613616, 37.363901201821328 ], [ 15.050983498388682, 37.363957020542713 ], [ 15.051729136158725, 37.364389363130336 ], [ 15.052373987483032, 37.364785537454672 ], [ 15.052416899013441, 37.364813872506012 ], [ 15.052987522751366, 37.364991395722427 ], [ 15.053163812395258, 37.365046731342318 ], [ 15.053378906032783, 37.364910922863686 ], [ 15.054306700063329, 37.364325106583443 ], [ 15.054936052773961, 37.36398229966958 ], [ 15.05570444517298, 37.363626172734698 ], [ 15.055751182642039, 37.363603992090944 ], [ 15.055784478222835, 37.363581092720516 ], [ 15.05584810130828, 37.363537333910372 ], [ 15.056043033344961, 37.363403266221049 ], [ 15.056091000467974, 37.363370275545066 ], [ 15.056440195901329, 37.363134295800648 ], [ 15.056525981294826, 37.363054007268566 ], [ 15.056967769130905, 37.362640525968537 ], [ 15.057396606844106, 37.362277507313742 ], [ 15.057561568234945, 37.362129203468875 ], [ 15.057848012988257, 37.361871668742396 ], [ 15.058145617178443, 37.361754541250406 ], [ 15.058581817888861, 37.361582866031377 ], [ 15.059180591812927, 37.361399401798934 ], [ 15.059318469401372, 37.361357156014279 ], [ 15.059849416923191, 37.361314377259831 ], [ 15.06016034915498, 37.361289323880428 ], [ 15.060233403117184, 37.361281658885432 ], [ 15.060562894644098, 37.361214439055757 ], [ 15.060845964405647, 37.361156685762722 ], [ 15.06138569448839, 37.361047285190423 ], [ 15.061957485031579, 37.360957649784787 ], [ 15.062057540829692, 37.360941968419183 ], [ 15.062170647443349, 37.360924235800965 ], [ 15.063086884562219, 37.360780587267477 ], [ 15.064542794987352, 37.360599003029868 ], [ 15.064611014344241, 37.360590494172904 ], [ 15.065119312091971, 37.360527094044642 ] ] ] } }
]
}
