{
"type": "FeatureCollection",
"name": "effis_carlentini_2018_2025",
"crs": { "type": "name", "properties": { "name": "urn:ogc:def:crs:OGC:1.3:CRS84" } },
"features": [
{ "type": "Feature", "properties": { "id": "14036", "FIREDATE": "2018-07-23 00:00:00", "FINALDATE": "2018-07-23 00:00:00", "LASTUPDATE": "2022-01-26 12:15:03.088956", "COUNTRY": "IT", "PROVINCE": "Siracusa", "COMMUNE": "Melilli", "AREA_HA": "413", "BROADLEA": "19.036144578308665", "CONIFER": "0", "MIXED": "0", "SCLEROPH": "0", "TRANSIT": "0", "OTHERNATLC": "50.12048192769877", "AGRIAREAS": "30.843373493968475", "ARTIFSURF": "0", "OTHERLC": "0", "PERCNA2K": "0", "year": 2018, "source": "EFFIS" }, "geometry": { "type": "Polygon", "coordinates": [ [ [ 15.029369056640151, 37.282645921318348 ], [ 15.029300267874836, 37.282493209888102 ], [ 15.029231479109521, 37.28211143131248 ], [ 15.029231479109521, 37.281958719882233 ], [ 15.029162690344206, 37.28188236416711 ], [ 15.029162690344206, 37.281729652736864 ], [ 15.029093901578891, 37.281653297021741 ], [ 15.029093901578891, 37.281500585591495 ], [ 15.029025112813574, 37.281424229876372 ], [ 15.029025112813574, 37.281347874161249 ], [ 15.028956324048259, 37.281271518446125 ], [ 15.028956324048259, 37.281118807015879 ], [ 15.028887535282944, 37.281042451300756 ], [ 15.028818746517629, 37.280966095585633 ], [ 15.028749957752314, 37.28088973987051 ], [ 15.028681168986999, 37.28088973987051 ], [ 15.028612380221682, 37.280813384155387 ], [ 15.028612380221682, 37.280737028440264 ], [ 15.028543591456367, 37.280737028440264 ], [ 15.028474802691052, 37.280660672725141 ], [ 15.028406013925737, 37.280660672725141 ], [ 15.028337225160422, 37.28058431701001 ], [ 15.028268436395107, 37.28058431701001 ], [ 15.028199647629791, 37.280507961294887 ], [ 15.028062070099161, 37.280507961294887 ], [ 15.027993281333845, 37.280507961294887 ], [ 15.02792449256853, 37.280507961294887 ], [ 15.027718126272584, 37.280431605579764 ], [ 15.027580548741954, 37.280355249864641 ], [ 15.02703023861943, 37.280278894149518 ], [ 15.0268926610888, 37.280278894149518 ], [ 15.026823872323485, 37.280202538434395 ], [ 15.026686294792855, 37.280202538434395 ], [ 15.026548717262223, 37.280202538434395 ], [ 15.026411139731593, 37.280126182719272 ], [ 15.026342350966278, 37.280126182719272 ], [ 15.026067195905016, 37.279973471289026 ], [ 15.025860829609071, 37.279897115573903 ], [ 15.025654463313124, 37.279820759858779 ], [ 15.025448097017179, 37.279668048428533 ], [ 15.025241730721232, 37.27959169271341 ], [ 15.025035364425285, 37.279438981283164 ], [ 15.02482899812934, 37.279362625568041 ], [ 15.024622631833394, 37.279209914137795 ], [ 15.024485054302763, 37.279133558422672 ], [ 15.024278688006818, 37.278980846992425 ], [ 15.024141110476187, 37.278828135562179 ], [ 15.023934744180242, 37.278751779847049 ], [ 15.02379716664961, 37.278599068416803 ], [ 15.02365958911898, 37.278446356986557 ], [ 15.02352201158835, 37.278370001271433 ], [ 15.023384434057718, 37.278217289841187 ], [ 15.023178067761773, 37.278064578410941 ], [ 15.023040490231143, 37.277835511265572 ], [ 15.022902912700511, 37.277682799835326 ], [ 15.022765335169881, 37.277530088405079 ], [ 15.022627757639249, 37.27730102125971 ], [ 15.022490180108619, 37.277148309829464 ], [ 15.022421391343304, 37.276995598399218 ], [ 15.022352602577989, 37.276919242684087 ], [ 15.022283813812674, 37.276842886968964 ], [ 15.022215025047357, 37.276690175538718 ], [ 15.022215025047357, 37.276613819823595 ], [ 15.022146236282042, 37.276537464108472 ], [ 15.022077447516727, 37.276461108393349 ], [ 15.022077447516727, 37.276384752678226 ], [ 15.022008658751412, 37.276308396963103 ], [ 15.022008658751412, 37.27623204124798 ], [ 15.021939869986097, 37.276155685532856 ], [ 15.021939869986097, 37.276079329817733 ], [ 15.021871081220782, 37.27600297410261 ], [ 15.021871081220782, 37.275926618387487 ], [ 15.021871081220782, 37.275850262672364 ], [ 15.021802292455465, 37.275773906957241 ], [ 15.021802292455465, 37.275697551242118 ], [ 15.021802292455465, 37.275621195526995 ], [ 15.021802292455465, 37.275544839811872 ], [ 15.021802292455465, 37.275468484096749 ], [ 15.021802292455465, 37.275392128381625 ], [ 15.021802292455465, 37.275315772666502 ], [ 15.021802292455465, 37.275239416951379 ], [ 15.021802292455465, 37.275163061236256 ], [ 15.021802292455465, 37.275086705521126 ], [ 15.021802292455465, 37.27493399409088 ], [ 15.021871081220782, 37.274781282660634 ], [ 15.021871081220782, 37.274628571230387 ], [ 15.021939869986097, 37.274246792654772 ], [ 15.022008658751412, 37.274094081224526 ], [ 15.022008658751412, 37.274017725509403 ], [ 15.022008658751412, 37.273865014079156 ], [ 15.022077447516727, 37.27371230264891 ], [ 15.022077447516727, 37.273635946933787 ], [ 15.022077447516727, 37.273559591218664 ], [ 15.022077447516727, 37.273483235503541 ], [ 15.022077447516727, 37.273330524073295 ], [ 15.022008658751412, 37.272948745497672 ], [ 15.022008658751412, 37.272872389782549 ], [ 15.022008658751412, 37.272719678352303 ], [ 15.022008658751412, 37.27264332263718 ], [ 15.022008658751412, 37.272490611206933 ], [ 15.021939869986097, 37.27241425549181 ], [ 15.021939869986097, 37.272261544061564 ], [ 15.021939869986097, 37.272185188346441 ], [ 15.021871081220782, 37.272108832631318 ], [ 15.021871081220782, 37.272032476916195 ], [ 15.021802292455465, 37.271956121201072 ], [ 15.02173350369015, 37.271879765485949 ], [ 15.02173350369015, 37.271803409770826 ], [ 15.021664714924835, 37.271727054055702 ], [ 15.02159592615952, 37.271650698340579 ], [ 15.021527137394205, 37.271650698340579 ], [ 15.021527137394205, 37.271574342625456 ], [ 15.02145834862889, 37.271574342625456 ], [ 15.02145834862889, 37.271497986910333 ], [ 15.021320771098258, 37.271497986910333 ], [ 15.021183193567628, 37.271421631195203 ], [ 15.021114404802313, 37.27134527548008 ], [ 15.020908038506366, 37.271268919764957 ], [ 15.020770460975736, 37.271192564049834 ], [ 15.02056409467979, 37.271116208334711 ], [ 15.020495305914475, 37.271116208334711 ], [ 15.02042651714916, 37.271116208334711 ], [ 15.02042651714916, 37.271039852619587 ], [ 15.020357728383845, 37.271039852619587 ], [ 15.02028893961853, 37.271039852619587 ], [ 15.020220150853213, 37.271039852619587 ], [ 15.020151362087898, 37.271039852619587 ], [ 15.020082573322583, 37.271039852619587 ], [ 15.019944995791953, 37.270963496904464 ], [ 15.019738629496006, 37.270963496904464 ], [ 15.019601051965376, 37.270963496904464 ], [ 15.019257108138799, 37.270963496904464 ], [ 15.019050741842854, 37.270963496904464 ], [ 15.018981953077537, 37.270963496904464 ], [ 15.018913164312222, 37.270963496904464 ], [ 15.018844375546907, 37.270887141189341 ], [ 15.018775586781592, 37.270887141189341 ], [ 15.018638009250962, 37.270887141189341 ], [ 15.018569220485645, 37.270887141189341 ], [ 15.01850043172033, 37.270887141189341 ], [ 15.018431642955015, 37.270810785474218 ], [ 15.0183628541897, 37.270810785474218 ], [ 15.018294065424385, 37.270734429759095 ], [ 15.018225276659068, 37.270734429759095 ], [ 15.018156487893753, 37.270658074043972 ], [ 15.018087699128438, 37.270581718328849 ], [ 15.018018910363123, 37.270505362613726 ], [ 15.017950121597808, 37.270505362613726 ], [ 15.017881332832493, 37.270429006898603 ], [ 15.017881332832493, 37.27035265118348 ], [ 15.017812544067176, 37.270276295468356 ], [ 15.017743755301861, 37.270276295468356 ], [ 15.017743755301861, 37.270199939753233 ], [ 15.017674966536546, 37.27012358403811 ], [ 15.017606177771231, 37.270047228322987 ], [ 15.017606177771231, 37.269970872607864 ], [ 15.017537389005916, 37.269894516892741 ], [ 15.017537389005916, 37.269818161177618 ], [ 15.017537389005916, 37.269741805462495 ], [ 15.017537389005916, 37.269665449747372 ], [ 15.017537389005916, 37.269589094032241 ], [ 15.017537389005916, 37.269512738317118 ], [ 15.017537389005916, 37.269436382601995 ], [ 15.017537389005916, 37.269360026886872 ], [ 15.017537389005916, 37.269283671171749 ], [ 15.017537389005916, 37.269207315456626 ], [ 15.017606177771231, 37.269130959741503 ], [ 15.017606177771231, 37.26905460402638 ], [ 15.017606177771231, 37.268978248311257 ], [ 15.017674966536546, 37.268901892596134 ], [ 15.017674966536546, 37.26882553688101 ], [ 15.017743755301861, 37.268749181165887 ], [ 15.017812544067176, 37.268672825450764 ], [ 15.017881332832493, 37.268596469735641 ], [ 15.017950121597808, 37.268520114020518 ], [ 15.018018910363123, 37.268443758305395 ], [ 15.018087699128438, 37.268367402590272 ], [ 15.018156487893753, 37.268291046875149 ], [ 15.018225276659068, 37.268214691160026 ], [ 15.0183628541897, 37.268138335444903 ], [ 15.018431642955015, 37.268061979729779 ], [ 15.018638009250962, 37.267909268299533 ], [ 15.019050741842854, 37.267603845439034 ], [ 15.019188319373484, 37.267527489723911 ], [ 15.019257108138799, 37.267527489723911 ], [ 15.019394685669429, 37.267374778293664 ], [ 15.019532263200061, 37.267298422578541 ], [ 15.019669840730691, 37.267222066863418 ], [ 15.019807418261321, 37.267145711148295 ], [ 15.019944995791953, 37.267069355433172 ], [ 15.020151362087898, 37.266916644002926 ], [ 15.02028893961853, 37.266840288287803 ], [ 15.02042651714916, 37.26676393257268 ], [ 15.02056409467979, 37.266687576857557 ], [ 15.020770460975736, 37.266611221142433 ], [ 15.020908038506366, 37.26653486542731 ], [ 15.021114404802313, 37.266458509712187 ], [ 15.021251982332943, 37.266382153997064 ], [ 15.02145834862889, 37.266305798281941 ], [ 15.021664714924835, 37.266229442566818 ], [ 15.021802292455465, 37.266153086851695 ], [ 15.022008658751412, 37.266076731136572 ], [ 15.022215025047357, 37.266000375421449 ], [ 15.022421391343304, 37.265924019706318 ], [ 15.022627757639249, 37.265847663991195 ], [ 15.022834123935196, 37.265771308276072 ], [ 15.023040490231143, 37.265694952560949 ], [ 15.023246856527088, 37.265618596845826 ], [ 15.02352201158835, 37.265542241130703 ], [ 15.023934744180242, 37.265389529700457 ], [ 15.024485054302763, 37.265236818270211 ], [ 15.025035364425285, 37.265084106839964 ], [ 15.025860829609071, 37.264855039694595 ], [ 15.025998407139701, 37.264855039694595 ], [ 15.026067195905016, 37.264778683979472 ], [ 15.026204773435646, 37.264778683979472 ], [ 15.026273562200963, 37.264778683979472 ], [ 15.026548717262223, 37.264702328264349 ], [ 15.026961449854115, 37.264625972549226 ], [ 15.027167816150062, 37.264625972549226 ], [ 15.027374182446007, 37.264549616834103 ], [ 15.027511759976639, 37.264549616834103 ], [ 15.027580548741954, 37.26447326111898 ], [ 15.027718126272584, 37.26447326111898 ], [ 15.027786915037899, 37.26447326111898 ], [ 15.027855703803215, 37.264396905403856 ], [ 15.02792449256853, 37.264396905403856 ], [ 15.028062070099161, 37.264396905403856 ], [ 15.028130858864476, 37.264320549688733 ], [ 15.028199647629791, 37.264320549688733 ], [ 15.028199647629791, 37.26424419397361 ], [ 15.028268436395107, 37.26424419397361 ], [ 15.028337225160422, 37.264167838258487 ], [ 15.028474802691052, 37.264167838258487 ], [ 15.028543591456367, 37.264015126828234 ], [ 15.028612380221682, 37.264015126828234 ], [ 15.028749957752314, 37.263862415397988 ], [ 15.029025112813574, 37.263633348252618 ], [ 15.029093901578891, 37.263556992537495 ], [ 15.029231479109521, 37.263404281107249 ], [ 15.029300267874836, 37.263327925392126 ], [ 15.029369056640151, 37.263251569677003 ], [ 15.029437845405466, 37.263251569677003 ], [ 15.029506634170783, 37.263251569677003 ], [ 15.029575422936098, 37.26317521396188 ], [ 15.029644211701413, 37.26317521396188 ], [ 15.029713000466728, 37.263098858246757 ], [ 15.029781789232043, 37.263098858246757 ], [ 15.029850577997358, 37.263098858246757 ], [ 15.029919366762675, 37.263098858246757 ], [ 15.02998815552799, 37.263022502531634 ], [ 15.030056944293305, 37.263022502531634 ], [ 15.03012573305862, 37.263022502531634 ], [ 15.030194521823935, 37.26294614681651 ], [ 15.030332099354567, 37.26294614681651 ], [ 15.030400888119882, 37.26294614681651 ], [ 15.030469676885197, 37.26294614681651 ], [ 15.030607254415827, 37.26294614681651 ], [ 15.030676043181144, 37.26294614681651 ], [ 15.030882409477089, 37.26294614681651 ], [ 15.031088775773036, 37.262869791101387 ], [ 15.031295142068981, 37.262869791101387 ], [ 15.031501508364927, 37.26294614681651 ], [ 15.031707874660873, 37.26294614681651 ], [ 15.031914240956819, 37.26294614681651 ], [ 15.032120607252764, 37.26294614681651 ], [ 15.032189396018079, 37.263022502531634 ], [ 15.032326973548711, 37.263022502531634 ], [ 15.032395762314026, 37.263022502531634 ], [ 15.032464551079341, 37.263022502531634 ], [ 15.032533339844656, 37.263098858246757 ], [ 15.032670917375288, 37.263098858246757 ], [ 15.032739706140603, 37.263098858246757 ], [ 15.032877283671233, 37.26317521396188 ], [ 15.033014861201863, 37.263251569677003 ], [ 15.03308364996718, 37.263251569677003 ], [ 15.03322122749781, 37.263327925392126 ], [ 15.033290016263125, 37.263404281107249 ], [ 15.03335880502844, 37.263480636822372 ], [ 15.033496382559072, 37.263556992537495 ], [ 15.033565171324387, 37.263633348252618 ], [ 15.033702748855017, 37.263786059682865 ], [ 15.033771537620332, 37.263862415397988 ], [ 15.033840326385647, 37.263938771113111 ], [ 15.033909115150964, 37.264091482543357 ], [ 15.034046692681594, 37.26424419397361 ], [ 15.034115481446909, 37.264320549688733 ], [ 15.034184270212224, 37.26447326111898 ], [ 15.034253058977539, 37.264625972549226 ], [ 15.034321847742856, 37.264778683979472 ], [ 15.034390636508171, 37.264931395409718 ], [ 15.034459425273486, 37.265084106839964 ], [ 15.034528214038801, 37.265236818270211 ], [ 15.034597002804116, 37.265389529700457 ], [ 15.034665791569433, 37.265618596845826 ], [ 15.034734580334748, 37.265771308276072 ], [ 15.034803369100063, 37.266000375421449 ], [ 15.034872157865378, 37.266153086851695 ], [ 15.034940946630693, 37.266382153997064 ], [ 15.034940946630693, 37.266611221142433 ], [ 15.035009735396008, 37.266840288287803 ], [ 15.035078524161325, 37.267069355433172 ], [ 15.03514731292664, 37.267298422578541 ], [ 15.03514731292664, 37.267603845439034 ], [ 15.035216101691955, 37.26775655686928 ], [ 15.035216101691955, 37.267909268299533 ], [ 15.03528489045727, 37.268061979729779 ], [ 15.03528489045727, 37.268214691160026 ], [ 15.03528489045727, 37.268291046875149 ], [ 15.03528489045727, 37.268443758305395 ], [ 15.03528489045727, 37.268596469735641 ], [ 15.035353679222585, 37.268672825450764 ], [ 15.035353679222585, 37.26882553688101 ], [ 15.035353679222585, 37.268978248311257 ], [ 15.035353679222585, 37.26905460402638 ], [ 15.035353679222585, 37.269207315456626 ], [ 15.03528489045727, 37.269283671171749 ], [ 15.03528489045727, 37.269360026886872 ], [ 15.03528489045727, 37.269512738317118 ], [ 15.03528489045727, 37.269589094032241 ], [ 15.035216101691955, 37.269818161177618 ], [ 15.035216101691955, 37.269970872607864 ], [ 15.03514731292664, 37.270047228322987 ], [ 15.03514731292664, 37.270199939753233 ], [ 15.035078524161325, 37.270276295468356 ], [ 15.035078524161325, 37.27035265118348 ], [ 15.035009735396008, 37.270429006898603 ], [ 15.035009735396008, 37.270505362613726 ], [ 15.034940946630693, 37.270505362613726 ], [ 15.034940946630693, 37.270581718328849 ], [ 15.034872157865378, 37.270658074043972 ], [ 15.034803369100063, 37.270658074043972 ], [ 15.034803369100063, 37.270734429759095 ], [ 15.034734580334748, 37.270734429759095 ], [ 15.034665791569433, 37.270810785474218 ], [ 15.034597002804116, 37.270810785474218 ], [ 15.034528214038801, 37.270887141189341 ], [ 15.034459425273486, 37.270887141189341 ], [ 15.034390636508171, 37.270963496904464 ], [ 15.034321847742856, 37.270963496904464 ], [ 15.034184270212224, 37.270963496904464 ], [ 15.034046692681594, 37.271039852619587 ], [ 15.033702748855017, 37.271116208334711 ], [ 15.033565171324387, 37.271192564049834 ], [ 15.033427593793755, 37.271192564049834 ], [ 15.033290016263125, 37.271268919764957 ], [ 15.033152438732495, 37.27134527548008 ], [ 15.03308364996718, 37.27134527548008 ], [ 15.033014861201863, 37.271421631195203 ], [ 15.032946072436548, 37.271421631195203 ], [ 15.032877283671233, 37.271497986910333 ], [ 15.032808494905918, 37.271574342625456 ], [ 15.032739706140603, 37.271574342625456 ], [ 15.032670917375288, 37.271650698340579 ], [ 15.032533339844656, 37.271727054055702 ], [ 15.032464551079341, 37.271803409770826 ], [ 15.032395762314026, 37.271879765485949 ], [ 15.032326973548711, 37.271956121201072 ], [ 15.032258184783394, 37.272032476916195 ], [ 15.032189396018079, 37.272108832631318 ], [ 15.032120607252764, 37.272185188346441 ], [ 15.032051818487449, 37.272261544061564 ], [ 15.031983029722134, 37.272337899776687 ], [ 15.031914240956819, 37.27241425549181 ], [ 15.031845452191503, 37.272566966922057 ], [ 15.031845452191503, 37.27264332263718 ], [ 15.031776663426188, 37.272719678352303 ], [ 15.031707874660873, 37.272796034067426 ], [ 15.031639085895558, 37.272872389782549 ], [ 15.031570297130243, 37.273025101212795 ], [ 15.031570297130243, 37.273101456927918 ], [ 15.031501508364927, 37.273177812643041 ], [ 15.031432719599611, 37.273254168358164 ], [ 15.031432719599611, 37.273406879788418 ], [ 15.031363930834296, 37.273483235503541 ], [ 15.031295142068981, 37.273559591218664 ], [ 15.031295142068981, 37.27371230264891 ], [ 15.031226353303666, 37.273788658364033 ], [ 15.031226353303666, 37.273865014079156 ], [ 15.031226353303666, 37.274017725509403 ], [ 15.031157564538351, 37.274094081224526 ], [ 15.031157564538351, 37.274170436939649 ], [ 15.031157564538351, 37.274246792654772 ], [ 15.031088775773036, 37.274399504085018 ], [ 15.031088775773036, 37.274628571230387 ], [ 15.031019987007719, 37.27470492694551 ], [ 15.031019987007719, 37.274781282660634 ], [ 15.031019987007719, 37.274857638375757 ], [ 15.031019987007719, 37.27493399409088 ], [ 15.031019987007719, 37.275010349806003 ], [ 15.031019987007719, 37.275086705521126 ], [ 15.031019987007719, 37.275163061236256 ], [ 15.031019987007719, 37.275239416951379 ], [ 15.031088775773036, 37.275239416951379 ], [ 15.031088775773036, 37.275315772666502 ], [ 15.031157564538351, 37.275392128381625 ], [ 15.031157564538351, 37.275468484096749 ], [ 15.031226353303666, 37.275468484096749 ], [ 15.031295142068981, 37.275544839811872 ], [ 15.031432719599611, 37.275621195526995 ], [ 15.031501508364927, 37.275697551242118 ], [ 15.031639085895558, 37.275850262672364 ], [ 15.031845452191503, 37.275926618387487 ], [ 15.031914240956819, 37.27600297410261 ], [ 15.032051818487449, 37.276079329817733 ], [ 15.032120607252764, 37.276155685532856 ], [ 15.032189396018079, 37.276155685532856 ], [ 15.032326973548711, 37.27623204124798 ], [ 15.032395762314026, 37.27623204124798 ], [ 15.032533339844656, 37.276308396963103 ], [ 15.032670917375288, 37.276308396963103 ], [ 15.032739706140603, 37.276308396963103 ], [ 15.032877283671233, 37.276384752678226 ], [ 15.033014861201863, 37.276384752678226 ], [ 15.033152438732495, 37.276384752678226 ], [ 15.033290016263125, 37.276384752678226 ], [ 15.033427593793755, 37.276461108393349 ], [ 15.033565171324387, 37.276461108393349 ], [ 15.033702748855017, 37.276461108393349 ], [ 15.033909115150964, 37.276461108393349 ], [ 15.034046692681594, 37.276461108393349 ], [ 15.034184270212224, 37.276384752678226 ], [ 15.034321847742856, 37.276384752678226 ], [ 15.034459425273486, 37.276384752678226 ], [ 15.034665791569433, 37.276384752678226 ], [ 15.034803369100063, 37.276384752678226 ], [ 15.035009735396008, 37.276308396963103 ], [ 15.035353679222585, 37.276308396963103 ], [ 15.035697623049161, 37.27623204124798 ], [ 15.036041566875738, 37.276155685532856 ], [ 15.036867032059522, 37.27600297410261 ], [ 15.037073398355469, 37.27600297410261 ], [ 15.037279764651414, 37.275926618387487 ], [ 15.037417342182044, 37.275926618387487 ], [ 15.037830074773936, 37.275850262672364 ], [ 15.037967652304568, 37.275850262672364 ], [ 15.038105229835198, 37.275850262672364 ], [ 15.038174018600513, 37.275850262672364 ], [ 15.038311596131145, 37.275773906957241 ], [ 15.03838038489646, 37.275773906957241 ], [ 15.03851796242709, 37.275697551242118 ], [ 15.038586751192405, 37.275697551242118 ], [ 15.03865553995772, 37.275697551242118 ], [ 15.038793117488352, 37.275621195526995 ], [ 15.038861906253667, 37.275621195526995 ], [ 15.038930695018982, 37.275544839811872 ], [ 15.038999483784297, 37.275544839811872 ], [ 15.039068272549613, 37.275468484096749 ], [ 15.039137061314928, 37.275468484096749 ], [ 15.039205850080243, 37.275392128381625 ], [ 15.039274638845558, 37.275392128381625 ], [ 15.039274638845558, 37.275315772666502 ], [ 15.039343427610874, 37.275239416951379 ], [ 15.039412216376189, 37.275239416951379 ], [ 15.039412216376189, 37.275163061236256 ], [ 15.039481005141505, 37.275163061236256 ], [ 15.039481005141505, 37.275086705521126 ], [ 15.03954979390682, 37.275086705521126 ], [ 15.03954979390682, 37.275010349806003 ], [ 15.03954979390682, 37.27493399409088 ], [ 15.03954979390682, 37.274857638375757 ], [ 15.039618582672135, 37.274781282660634 ], [ 15.039618582672135, 37.27470492694551 ], [ 15.039618582672135, 37.274475859800141 ], [ 15.039618582672135, 37.274399504085018 ], [ 15.039618582672135, 37.274323148369895 ], [ 15.039618582672135, 37.274246792654772 ], [ 15.03968737143745, 37.274170436939649 ], [ 15.039756160202765, 37.274094081224526 ], [ 15.03982494896808, 37.274017725509403 ], [ 15.039893737733397, 37.274017725509403 ], [ 15.039962526498712, 37.273941369794279 ], [ 15.040031315264027, 37.273941369794279 ], [ 15.040100104029342, 37.273941369794279 ], [ 15.040168892794657, 37.273941369794279 ], [ 15.040306470325289, 37.273941369794279 ], [ 15.040375259090604, 37.273941369794279 ], [ 15.040444047855919, 37.273941369794279 ], [ 15.040581625386549, 37.273941369794279 ], [ 15.040719202917181, 37.273941369794279 ], [ 15.040925569213126, 37.273941369794279 ], [ 15.041407090570333, 37.274017725509403 ], [ 15.04161345686628, 37.274017725509403 ], [ 15.04175103439691, 37.274017725509403 ], [ 15.041957400692857, 37.274094081224526 ], [ 15.042026189458172, 37.274094081224526 ], [ 15.042094978223487, 37.274094081224526 ], [ 15.042163766988802, 37.274094081224526 ], [ 15.042301344519434, 37.274094081224526 ], [ 15.042370133284749, 37.274017725509403 ], [ 15.042438922050064, 37.274017725509403 ], [ 15.042507710815379, 37.274017725509403 ], [ 15.042645288346009, 37.274017725509403 ], [ 15.042714077111325, 37.274017725509403 ], [ 15.04278286587664, 37.273941369794279 ], [ 15.042851654641956, 37.273941369794279 ], [ 15.042920443407271, 37.273941369794279 ], [ 15.042989232172586, 37.273865014079156 ], [ 15.043058020937901, 37.273865014079156 ], [ 15.043195598468532, 37.273788658364033 ], [ 15.043333175999162, 37.27371230264891 ], [ 15.043470753529792, 37.273635946933787 ], [ 15.043608331060424, 37.273559591218664 ], [ 15.044021063652316, 37.273406879788418 ], [ 15.044227429948261, 37.273254168358164 ], [ 15.044296218713578, 37.273254168358164 ], [ 15.044433796244208, 37.273177812643041 ], [ 15.044502585009523, 37.273101456927918 ], [ 15.044571373774838, 37.273101456927918 ], [ 15.04470895130547, 37.273025101212795 ], [ 15.044777740070785, 37.273025101212795 ], [ 15.044915317601415, 37.273025101212795 ], [ 15.04498410636673, 37.272948745497672 ], [ 15.045052895132045, 37.272948745497672 ], [ 15.045190472662677, 37.272948745497672 ], [ 15.045259261427992, 37.272948745497672 ], [ 15.045328050193307, 37.272948745497672 ], [ 15.045534416489254, 37.272948745497672 ], [ 15.045671994019884, 37.272948745497672 ], [ 15.045878360315829, 37.272948745497672 ], [ 15.046015937846461, 37.272948745497672 ], [ 15.046153515377091, 37.272948745497672 ], [ 15.046291092907722, 37.272948745497672 ], [ 15.046428670438353, 37.272948745497672 ], [ 15.046497459203668, 37.272948745497672 ], [ 15.046703825499614, 37.273025101212795 ], [ 15.046841403030244, 37.273101456927918 ], [ 15.046978980560874, 37.273101456927918 ], [ 15.047047769326189, 37.273177812643041 ], [ 15.047116558091506, 37.273177812643041 ], [ 15.047185346856821, 37.273177812643041 ], [ 15.047254135622136, 37.273254168358164 ], [ 15.047322924387451, 37.273254168358164 ], [ 15.047391713152766, 37.273330524073295 ], [ 15.047460501918081, 37.273330524073295 ], [ 15.047529290683398, 37.273406879788418 ], [ 15.047598079448713, 37.273483235503541 ], [ 15.047666868214028, 37.273559591218664 ], [ 15.047735656979343, 37.273635946933787 ], [ 15.047735656979343, 37.27371230264891 ], [ 15.047804445744658, 37.27371230264891 ], [ 15.047804445744658, 37.273788658364033 ], [ 15.047804445744658, 37.273865014079156 ], [ 15.047873234509973, 37.273941369794279 ], [ 15.047873234509973, 37.274017725509403 ], [ 15.047873234509973, 37.274094081224526 ], [ 15.047873234509973, 37.274170436939649 ], [ 15.047873234509973, 37.274246792654772 ], [ 15.047873234509973, 37.274323148369895 ], [ 15.047873234509973, 37.274399504085018 ], [ 15.047873234509973, 37.274475859800141 ], [ 15.047873234509973, 37.274552215515264 ], [ 15.047873234509973, 37.274628571230387 ], [ 15.047804445744658, 37.274781282660634 ], [ 15.047804445744658, 37.27493399409088 ], [ 15.047735656979343, 37.275086705521126 ], [ 15.047735656979343, 37.275239416951379 ], [ 15.047666868214028, 37.275468484096749 ], [ 15.047598079448713, 37.275621195526995 ], [ 15.047529290683398, 37.275773906957241 ], [ 15.047529290683398, 37.275850262672364 ], [ 15.047460501918081, 37.27600297410261 ], [ 15.047391713152766, 37.276079329817733 ], [ 15.047322924387451, 37.276155685532856 ], [ 15.047322924387451, 37.27623204124798 ], [ 15.047254135622136, 37.27623204124798 ], [ 15.047254135622136, 37.276308396963103 ], [ 15.047185346856821, 37.276308396963103 ], [ 15.047185346856821, 37.276384752678226 ], [ 15.047116558091506, 37.276384752678226 ], [ 15.047047769326189, 37.276461108393349 ], [ 15.046978980560874, 37.276461108393349 ], [ 15.046910191795559, 37.276537464108472 ], [ 15.046841403030244, 37.276537464108472 ], [ 15.046703825499614, 37.276613819823595 ], [ 15.046566247968983, 37.276690175538718 ], [ 15.046428670438353, 37.276766531253841 ], [ 15.046222304142406, 37.276842886968964 ], [ 15.046153515377091, 37.276842886968964 ], [ 15.046084726611776, 37.276842886968964 ], [ 15.046015937846461, 37.276919242684087 ], [ 15.045878360315829, 37.276919242684087 ], [ 15.045809571550514, 37.276919242684087 ], [ 15.045740782785199, 37.276919242684087 ], [ 15.045603205254569, 37.276919242684087 ], [ 15.045534416489254, 37.276919242684087 ], [ 15.045396838958622, 37.276919242684087 ], [ 15.045259261427992, 37.276919242684087 ], [ 15.045190472662677, 37.276919242684087 ], [ 15.045052895132045, 37.276919242684087 ], [ 15.044777740070785, 37.276842886968964 ], [ 15.044296218713578, 37.276766531253841 ], [ 15.044089852417631, 37.276766531253841 ], [ 15.043883486121686, 37.276690175538718 ], [ 15.043745908591054, 37.276690175538718 ], [ 15.043608331060424, 37.276690175538718 ], [ 15.043539542295109, 37.276690175538718 ], [ 15.043401964764477, 37.276690175538718 ], [ 15.043333175999162, 37.276690175538718 ], [ 15.043264387233847, 37.276690175538718 ], [ 15.043126809703217, 37.276690175538718 ], [ 15.043058020937901, 37.276766531253841 ], [ 15.042989232172586, 37.276766531253841 ], [ 15.042920443407271, 37.276766531253841 ], [ 15.042851654641956, 37.276766531253841 ], [ 15.04278286587664, 37.276842886968964 ], [ 15.042714077111325, 37.276842886968964 ], [ 15.042645288346009, 37.276842886968964 ], [ 15.042576499580694, 37.276919242684087 ], [ 15.042507710815379, 37.276919242684087 ], [ 15.042370133284749, 37.276995598399218 ], [ 15.042232555754117, 37.277071954114341 ], [ 15.042094978223487, 37.277148309829464 ], [ 15.041957400692857, 37.277224665544587 ], [ 15.04161345686628, 37.277453732689956 ], [ 15.04147587933565, 37.277606444120202 ], [ 15.041338301805018, 37.277606444120202 ], [ 15.041269513039703, 37.277682799835326 ], [ 15.041200724274388, 37.277759155550449 ], [ 15.041131935509073, 37.277759155550449 ], [ 15.041063146743756, 37.277835511265572 ], [ 15.040925569213126, 37.277835511265572 ], [ 15.040856780447811, 37.277835511265572 ], [ 15.040787991682496, 37.277911866980695 ], [ 15.040719202917181, 37.277911866980695 ], [ 15.040650414151864, 37.277911866980695 ], [ 15.040581625386549, 37.277911866980695 ], [ 15.040444047855919, 37.277988222695818 ], [ 15.040375259090604, 37.277988222695818 ], [ 15.040306470325289, 37.277988222695818 ], [ 15.040237681559972, 37.277988222695818 ], [ 15.040168892794657, 37.277988222695818 ], [ 15.040031315264027, 37.277988222695818 ], [ 15.039962526498712, 37.277911866980695 ], [ 15.03954979390682, 37.277911866980695 ], [ 15.039481005141505, 37.277911866980695 ], [ 15.039343427610874, 37.277835511265572 ], [ 15.039274638845558, 37.277835511265572 ], [ 15.039205850080243, 37.277835511265572 ], [ 15.039137061314928, 37.277911866980695 ], [ 15.039068272549613, 37.277911866980695 ], [ 15.038930695018982, 37.277911866980695 ], [ 15.038793117488352, 37.277911866980695 ], [ 15.03865553995772, 37.277988222695818 ], [ 15.03851796242709, 37.277988222695818 ], [ 15.03838038489646, 37.278064578410941 ], [ 15.038242807365828, 37.278064578410941 ], [ 15.038105229835198, 37.278140934126064 ], [ 15.037967652304568, 37.278217289841187 ], [ 15.037898863539253, 37.278217289841187 ], [ 15.037761286008621, 37.27829364555631 ], [ 15.037623708477991, 37.278370001271433 ], [ 15.037417342182044, 37.27852271270168 ], [ 15.037279764651414, 37.278599068416803 ], [ 15.037073398355469, 37.278675424131926 ], [ 15.037004609590152, 37.278751779847049 ], [ 15.036935820824837, 37.278828135562179 ], [ 15.036867032059522, 37.278828135562179 ], [ 15.036798243294207, 37.278904491277302 ], [ 15.036798243294207, 37.278980846992425 ], [ 15.036729454528892, 37.279057202707548 ], [ 15.036660665763575, 37.279057202707548 ], [ 15.03659187699826, 37.279133558422672 ], [ 15.036523088232945, 37.279209914137795 ], [ 15.036523088232945, 37.279286269852918 ], [ 15.03645429946763, 37.279286269852918 ], [ 15.03645429946763, 37.279362625568041 ], [ 15.03645429946763, 37.279438981283164 ], [ 15.036385510702315, 37.279438981283164 ], [ 15.036385510702315, 37.279515336998287 ], [ 15.036385510702315, 37.27959169271341 ], [ 15.03645429946763, 37.279668048428533 ], [ 15.03645429946763, 37.279744404143656 ], [ 15.036523088232945, 37.279744404143656 ], [ 15.036523088232945, 37.279820759858779 ], [ 15.03659187699826, 37.279820759858779 ], [ 15.036660665763575, 37.279897115573903 ], [ 15.036798243294207, 37.279973471289026 ], [ 15.036867032059522, 37.280049827004149 ], [ 15.037348553416729, 37.280278894149518 ], [ 15.037417342182044, 37.280355249864641 ], [ 15.037486130947361, 37.280355249864641 ], [ 15.037623708477991, 37.280431605579764 ], [ 15.037692497243306, 37.280431605579764 ], [ 15.037761286008621, 37.280507961294887 ], [ 15.037898863539253, 37.280507961294887 ], [ 15.037967652304568, 37.28058431701001 ], [ 15.038105229835198, 37.28058431701001 ], [ 15.038242807365828, 37.280660672725141 ], [ 15.038311596131145, 37.280660672725141 ], [ 15.038449173661775, 37.280737028440264 ], [ 15.038586751192405, 37.280737028440264 ], [ 15.038861906253667, 37.280813384155387 ], [ 15.039412216376189, 37.28088973987051 ], [ 15.03968737143745, 37.280966095585633 ], [ 15.039893737733397, 37.280966095585633 ], [ 15.040100104029342, 37.281042451300756 ], [ 15.040237681559972, 37.281042451300756 ], [ 15.040375259090604, 37.281118807015879 ], [ 15.040444047855919, 37.281118807015879 ], [ 15.040581625386549, 37.281195162731002 ], [ 15.040650414151864, 37.281195162731002 ], [ 15.040787991682496, 37.281271518446125 ], [ 15.040856780447811, 37.281271518446125 ], [ 15.040925569213126, 37.281347874161249 ], [ 15.040994357978441, 37.281424229876372 ], [ 15.041063146743756, 37.281424229876372 ], [ 15.041131935509073, 37.281500585591495 ], [ 15.041269513039703, 37.281576941306618 ], [ 15.041338301805018, 37.281576941306618 ], [ 15.041407090570333, 37.281653297021741 ], [ 15.04147587933565, 37.281729652736864 ], [ 15.041544668100965, 37.281806008451987 ], [ 15.041682245631595, 37.281958719882233 ], [ 15.041819823162225, 37.28211143131248 ], [ 15.041957400692857, 37.282264142742726 ], [ 15.042301344519434, 37.282569565603225 ], [ 15.042370133284749, 37.282722277033471 ], [ 15.042438922050064, 37.282798632748595 ], [ 15.042507710815379, 37.282874988463718 ], [ 15.042645288346009, 37.282951344178841 ], [ 15.042714077111325, 37.283027699893964 ], [ 15.04278286587664, 37.283104055609087 ], [ 15.042851654641956, 37.28318041132421 ], [ 15.042989232172586, 37.283256767039333 ], [ 15.043058020937901, 37.283256767039333 ], [ 15.043126809703217, 37.283333122754456 ], [ 15.043264387233847, 37.283409478469579 ], [ 15.043333175999162, 37.283409478469579 ], [ 15.043401964764477, 37.283485834184702 ], [ 15.043539542295109, 37.283485834184702 ], [ 15.043677119825739, 37.283562189899826 ], [ 15.043883486121686, 37.283638545614949 ], [ 15.044089852417631, 37.283638545614949 ], [ 15.044227429948261, 37.283714901330072 ], [ 15.044433796244208, 37.283714901330072 ], [ 15.044571373774838, 37.283791257045195 ], [ 15.044777740070785, 37.283791257045195 ], [ 15.044915317601415, 37.283791257045195 ], [ 15.045052895132045, 37.283867612760318 ], [ 15.045190472662677, 37.283867612760318 ], [ 15.045328050193307, 37.283867612760318 ], [ 15.045465627723937, 37.283791257045195 ], [ 15.045534416489254, 37.283791257045195 ], [ 15.045603205254569, 37.283791257045195 ], [ 15.045671994019884, 37.283791257045195 ], [ 15.045740782785199, 37.283791257045195 ], [ 15.045809571550514, 37.283791257045195 ], [ 15.045809571550514, 37.283714901330072 ], [ 15.045878360315829, 37.283714901330072 ], [ 15.045947149081146, 37.283714901330072 ], [ 15.046015937846461, 37.283638545614949 ], [ 15.046084726611776, 37.283562189899826 ], [ 15.046153515377091, 37.283485834184702 ], [ 15.046222304142406, 37.283409478469579 ], [ 15.046222304142406, 37.283333122754456 ], [ 15.046291092907722, 37.283256767039333 ], [ 15.046359881673038, 37.283104055609087 ], [ 15.046428670438353, 37.282798632748595 ], [ 15.046497459203668, 37.282645921318348 ], [ 15.046497459203668, 37.282569565603225 ], [ 15.046566247968983, 37.282569565603225 ], [ 15.046566247968983, 37.282493209888102 ], [ 15.046635036734298, 37.282416854172972 ], [ 15.046635036734298, 37.282340498457849 ], [ 15.046703825499614, 37.282340498457849 ], [ 15.046703825499614, 37.282264142742726 ], [ 15.046772614264929, 37.282187787027603 ], [ 15.046841403030244, 37.28211143131248 ], [ 15.046910191795559, 37.28211143131248 ], [ 15.046910191795559, 37.282035075597356 ], [ 15.046978980560874, 37.282035075597356 ], [ 15.047047769326189, 37.281958719882233 ], [ 15.047116558091506, 37.281958719882233 ], [ 15.047185346856821, 37.281958719882233 ], [ 15.047254135622136, 37.28188236416711 ], [ 15.047322924387451, 37.28188236416711 ], [ 15.047391713152766, 37.281806008451987 ], [ 15.047460501918081, 37.281806008451987 ], [ 15.047598079448713, 37.281729652736864 ], [ 15.047804445744658, 37.281729652736864 ], [ 15.04794202327529, 37.281653297021741 ], [ 15.048148389571235, 37.281653297021741 ], [ 15.048354755867182, 37.281576941306618 ], [ 15.048492333397812, 37.281576941306618 ], [ 15.048698699693759, 37.281576941306618 ], [ 15.048905065989704, 37.281576941306618 ], [ 15.049042643520334, 37.281576941306618 ], [ 15.049249009816281, 37.281576941306618 ], [ 15.049386587346911, 37.281576941306618 ], [ 15.049524164877543, 37.281576941306618 ], [ 15.049730531173488, 37.281576941306618 ], [ 15.049868108704118, 37.281576941306618 ], [ 15.049936897469435, 37.281653297021741 ], [ 15.05000568623475, 37.281653297021741 ], [ 15.050074475000065, 37.281653297021741 ], [ 15.05014326376538, 37.281729652736864 ], [ 15.050212052530695, 37.281729652736864 ], [ 15.05028084129601, 37.281729652736864 ], [ 15.050349630061326, 37.281729652736864 ], [ 15.050349630061326, 37.281806008451987 ], [ 15.050418418826641, 37.281806008451987 ], [ 15.050487207591956, 37.281806008451987 ], [ 15.050487207591956, 37.28188236416711 ], [ 15.050555996357271, 37.28188236416711 ], [ 15.050624785122587, 37.281958719882233 ], [ 15.050693573887902, 37.282035075597356 ], [ 15.050762362653218, 37.282035075597356 ], [ 15.050762362653218, 37.28211143131248 ], [ 15.050831151418533, 37.282187787027603 ], [ 15.050899940183848, 37.282187787027603 ], [ 15.050899940183848, 37.282264142742726 ], [ 15.050968728949163, 37.282340498457849 ], [ 15.051037517714478, 37.282416854172972 ], [ 15.051106306479795, 37.282493209888102 ], [ 15.051106306479795, 37.282569565603225 ], [ 15.051106306479795, 37.282645921318348 ], [ 15.05117509524511, 37.282645921318348 ], [ 15.05117509524511, 37.282722277033471 ], [ 15.05117509524511, 37.282798632748595 ], [ 15.051243884010425, 37.282798632748595 ], [ 15.051243884010425, 37.282874988463718 ], [ 15.051243884010425, 37.282951344178841 ], [ 15.051243884010425, 37.283027699893964 ], [ 15.051243884010425, 37.283104055609087 ], [ 15.051243884010425, 37.28318041132421 ], [ 15.051243884010425, 37.283256767039333 ], [ 15.051243884010425, 37.283333122754456 ], [ 15.051243884010425, 37.283409478469579 ], [ 15.051243884010425, 37.283485834184702 ], [ 15.051243884010425, 37.283562189899826 ], [ 15.051243884010425, 37.283638545614949 ], [ 15.05117509524511, 37.283638545614949 ], [ 15.05117509524511, 37.283714901330072 ], [ 15.05117509524511, 37.283791257045195 ], [ 15.051106306479795, 37.283867612760318 ], [ 15.051106306479795, 37.283943968475441 ], [ 15.051106306479795, 37.284020324190564 ], [ 15.051037517714478, 37.284096679905687 ], [ 15.050968728949163, 37.28417303562081 ], [ 15.050968728949163, 37.284249391335933 ], [ 15.050899940183848, 37.284325747051064 ], [ 15.050831151418533, 37.284402102766187 ], [ 15.050831151418533, 37.28447845848131 ], [ 15.050762362653218, 37.28447845848131 ], [ 15.050693573887902, 37.284554814196433 ], [ 15.050624785122587, 37.284631169911556 ], [ 15.050555996357271, 37.284631169911556 ], [ 15.050487207591956, 37.284707525626679 ], [ 15.050418418826641, 37.284707525626679 ], [ 15.050418418826641, 37.284783881341802 ], [ 15.05028084129601, 37.284783881341802 ], [ 15.05014326376538, 37.284860237056925 ], [ 15.05000568623475, 37.284936592772048 ], [ 15.049868108704118, 37.285012948487172 ], [ 15.049592953642858, 37.285089304202295 ], [ 15.049455376112226, 37.285165659917418 ], [ 15.049317798581596, 37.285165659917418 ], [ 15.049111432285651, 37.285242015632541 ], [ 15.048973854755019, 37.285242015632541 ], [ 15.048836277224389, 37.285318371347664 ], [ 15.048698699693759, 37.285318371347664 ], [ 15.048561122163127, 37.285318371347664 ], [ 15.048354755867182, 37.285394727062787 ], [ 15.04821717833655, 37.285394727062787 ], [ 15.04807960080592, 37.285394727062787 ], [ 15.047873234509973, 37.285394727062787 ], [ 15.047735656979343, 37.285394727062787 ], [ 15.047529290683398, 37.28547108277791 ], [ 15.047322924387451, 37.28547108277791 ], [ 15.047185346856821, 37.28547108277791 ], [ 15.046978980560874, 37.285394727062787 ], [ 15.046772614264929, 37.285394727062787 ], [ 15.046566247968983, 37.285394727062787 ], [ 15.046359881673038, 37.285394727062787 ], [ 15.046222304142406, 37.285394727062787 ], [ 15.046015937846461, 37.285318371347664 ], [ 15.045809571550514, 37.285318371347664 ], [ 15.045534416489254, 37.285318371347664 ], [ 15.045328050193307, 37.285242015632541 ], [ 15.045121683897362, 37.285242015632541 ], [ 15.044915317601415, 37.285165659917418 ], [ 15.04470895130547, 37.285165659917418 ], [ 15.044502585009523, 37.285089304202295 ], [ 15.044227429948261, 37.285012948487172 ], [ 15.044021063652316, 37.285012948487172 ], [ 15.043745908591054, 37.284936592772048 ], [ 15.043539542295109, 37.284860237056925 ], [ 15.043401964764477, 37.284860237056925 ], [ 15.043264387233847, 37.284783881341802 ], [ 15.043126809703217, 37.284707525626679 ], [ 15.043058020937901, 37.284707525626679 ], [ 15.042920443407271, 37.284631169911556 ], [ 15.04278286587664, 37.284554814196433 ], [ 15.042645288346009, 37.28447845848131 ], [ 15.042507710815379, 37.284402102766187 ], [ 15.042370133284749, 37.284325747051064 ], [ 15.042232555754117, 37.284249391335933 ], [ 15.042163766988802, 37.28417303562081 ], [ 15.042026189458172, 37.284096679905687 ], [ 15.04175103439691, 37.283867612760318 ], [ 15.041131935509073, 37.283409478469579 ], [ 15.040994357978441, 37.283333122754456 ], [ 15.040787991682496, 37.28318041132421 ], [ 15.040650414151864, 37.283104055609087 ], [ 15.040512836621234, 37.282951344178841 ], [ 15.040306470325289, 37.282874988463718 ], [ 15.040168892794657, 37.282798632748595 ], [ 15.040100104029342, 37.282798632748595 ], [ 15.040031315264027, 37.282722277033471 ], [ 15.039893737733397, 37.282722277033471 ], [ 15.03982494896808, 37.282645921318348 ], [ 15.039756160202765, 37.282645921318348 ], [ 15.03968737143745, 37.282569565603225 ], [ 15.03954979390682, 37.282569565603225 ], [ 15.039481005141505, 37.282569565603225 ], [ 15.039412216376189, 37.282493209888102 ], [ 15.039343427610874, 37.282493209888102 ], [ 15.039205850080243, 37.282493209888102 ], [ 15.039137061314928, 37.282493209888102 ], [ 15.039068272549613, 37.282493209888102 ], [ 15.038999483784297, 37.282493209888102 ], [ 15.038930695018982, 37.282493209888102 ], [ 15.038793117488352, 37.282493209888102 ], [ 15.03851796242709, 37.282493209888102 ], [ 15.038449173661775, 37.282493209888102 ], [ 15.03838038489646, 37.282493209888102 ], [ 15.038311596131145, 37.282493209888102 ], [ 15.038242807365828, 37.282493209888102 ], [ 15.038174018600513, 37.282493209888102 ], [ 15.038105229835198, 37.282493209888102 ], [ 15.038105229835198, 37.282569565603225 ], [ 15.038036441069883, 37.282569565603225 ], [ 15.037967652304568, 37.282645921318348 ], [ 15.037898863539253, 37.282722277033471 ], [ 15.037898863539253, 37.282798632748595 ], [ 15.037830074773936, 37.282798632748595 ], [ 15.037761286008621, 37.282951344178841 ], [ 15.037692497243306, 37.283027699893964 ], [ 15.037692497243306, 37.283104055609087 ], [ 15.037623708477991, 37.283104055609087 ], [ 15.037623708477991, 37.28318041132421 ], [ 15.037554919712676, 37.283256767039333 ], [ 15.037486130947361, 37.283256767039333 ], [ 15.037486130947361, 37.283333122754456 ], [ 15.037417342182044, 37.283333122754456 ], [ 15.037348553416729, 37.283409478469579 ], [ 15.037279764651414, 37.283409478469579 ], [ 15.037210975886099, 37.283485834184702 ], [ 15.037142187120784, 37.283485834184702 ], [ 15.037004609590152, 37.283562189899826 ], [ 15.036867032059522, 37.283638545614949 ], [ 15.036660665763575, 37.283638545614949 ], [ 15.036316721937, 37.283791257045195 ], [ 15.036110355641053, 37.283867612760318 ], [ 15.036041566875738, 37.283867612760318 ], [ 15.035972778110423, 37.283943968475441 ], [ 15.035903989345108, 37.283943968475441 ], [ 15.035835200579792, 37.284020324190564 ], [ 15.035766411814476, 37.284020324190564 ], [ 15.035697623049161, 37.284096679905687 ], [ 15.035628834283846, 37.284096679905687 ], [ 15.035560045518531, 37.28417303562081 ], [ 15.035491256753216, 37.28417303562081 ], [ 15.035491256753216, 37.284249391335933 ], [ 15.0354224679879, 37.284249391335933 ], [ 15.035353679222585, 37.284325747051064 ], [ 15.035353679222585, 37.284402102766187 ], [ 15.03528489045727, 37.28447845848131 ], [ 15.03528489045727, 37.284554814196433 ], [ 15.035216101691955, 37.284631169911556 ], [ 15.035216101691955, 37.284707525626679 ], [ 15.03514731292664, 37.284783881341802 ], [ 15.03514731292664, 37.284860237056925 ], [ 15.03514731292664, 37.284936592772048 ], [ 15.035078524161325, 37.285012948487172 ], [ 15.035078524161325, 37.285089304202295 ], [ 15.035078524161325, 37.285165659917418 ], [ 15.035078524161325, 37.285242015632541 ], [ 15.035078524161325, 37.285318371347664 ], [ 15.035078524161325, 37.285394727062787 ], [ 15.035078524161325, 37.28547108277791 ], [ 15.03514731292664, 37.285547438493033 ], [ 15.03514731292664, 37.285623794208156 ], [ 15.035216101691955, 37.285776505638403 ], [ 15.035216101691955, 37.285852861353526 ], [ 15.03528489045727, 37.286005572783772 ], [ 15.035353679222585, 37.286158284214025 ], [ 15.0354224679879, 37.286234639929148 ], [ 15.035491256753216, 37.286310995644271 ], [ 15.035491256753216, 37.286387351359394 ], [ 15.035560045518531, 37.286463707074518 ], [ 15.035628834283846, 37.286540062789641 ], [ 15.035628834283846, 37.286616418504764 ], [ 15.035697623049161, 37.286616418504764 ], [ 15.035766411814476, 37.286692774219887 ], [ 15.035835200579792, 37.28676912993501 ], [ 15.035903989345108, 37.286845485650133 ], [ 15.035972778110423, 37.286921841365256 ], [ 15.036041566875738, 37.286921841365256 ], [ 15.036110355641053, 37.286998197080379 ], [ 15.036179144406368, 37.286998197080379 ], [ 15.036179144406368, 37.287074552795502 ], [ 15.036316721937, 37.287150908510625 ], [ 15.036523088232945, 37.287227264225749 ], [ 15.036660665763575, 37.287303619940872 ], [ 15.036798243294207, 37.287379975655995 ], [ 15.037004609590152, 37.287456331371118 ], [ 15.037142187120784, 37.287532687086241 ], [ 15.037348553416729, 37.287609042801364 ], [ 15.037554919712676, 37.287685398516487 ], [ 15.037692497243306, 37.28776175423161 ], [ 15.037898863539253, 37.28776175423161 ], [ 15.038105229835198, 37.287838109946733 ], [ 15.03838038489646, 37.287914465661856 ], [ 15.038586751192405, 37.287990821376987 ], [ 15.038793117488352, 37.287990821376987 ], [ 15.039068272549613, 37.28806717709211 ], [ 15.039274638845558, 37.28806717709211 ], [ 15.03954979390682, 37.288143532807233 ], [ 15.039756160202765, 37.288143532807233 ], [ 15.040031315264027, 37.288219888522356 ], [ 15.040581625386549, 37.288296244237479 ], [ 15.04161345686628, 37.288448955667725 ], [ 15.042094978223487, 37.288525311382848 ], [ 15.042163766988802, 37.288525311382848 ], [ 15.042301344519434, 37.288525311382848 ], [ 15.042438922050064, 37.288525311382848 ], [ 15.042576499580694, 37.288525311382848 ], [ 15.042714077111325, 37.288525311382848 ], [ 15.042851654641956, 37.288525311382848 ], [ 15.042989232172586, 37.288525311382848 ], [ 15.043126809703217, 37.288525311382848 ], [ 15.043264387233847, 37.288525311382848 ], [ 15.043401964764477, 37.288525311382848 ], [ 15.043539542295109, 37.288525311382848 ], [ 15.043745908591054, 37.288448955667725 ], [ 15.044021063652316, 37.288448955667725 ], [ 15.0448465288361, 37.288296244237479 ], [ 15.045121683897362, 37.288296244237479 ], [ 15.045328050193307, 37.288219888522356 ], [ 15.045534416489254, 37.288219888522356 ], [ 15.045740782785199, 37.288219888522356 ], [ 15.045947149081146, 37.288219888522356 ], [ 15.046015937846461, 37.288219888522356 ], [ 15.046153515377091, 37.288219888522356 ], [ 15.046222304142406, 37.288219888522356 ], [ 15.046359881673038, 37.288219888522356 ], [ 15.046428670438353, 37.288219888522356 ], [ 15.046497459203668, 37.288219888522356 ], [ 15.046635036734298, 37.288219888522356 ], [ 15.046703825499614, 37.288296244237479 ], [ 15.046772614264929, 37.288296244237479 ], [ 15.046841403030244, 37.288296244237479 ], [ 15.046978980560874, 37.288372599952602 ], [ 15.047047769326189, 37.288372599952602 ], [ 15.047116558091506, 37.288448955667725 ], [ 15.047185346856821, 37.288448955667725 ], [ 15.047254135622136, 37.288525311382848 ], [ 15.047322924387451, 37.288525311382848 ], [ 15.047322924387451, 37.288601667097971 ], [ 15.047391713152766, 37.288601667097971 ], [ 15.047598079448713, 37.288830734243341 ], [ 15.047735656979343, 37.288907089958464 ], [ 15.047735656979343, 37.288983445673587 ], [ 15.047804445744658, 37.28905980138871 ], [ 15.047873234509973, 37.28905980138871 ], [ 15.047873234509973, 37.289136157103833 ], [ 15.04794202327529, 37.289212512818956 ], [ 15.04794202327529, 37.289288868534079 ], [ 15.048010812040605, 37.289288868534079 ], [ 15.048010812040605, 37.289365224249202 ], [ 15.048010812040605, 37.289441579964326 ], [ 15.04807960080592, 37.289517935679449 ], [ 15.04807960080592, 37.289594291394572 ], [ 15.04807960080592, 37.289670647109695 ], [ 15.048010812040605, 37.289670647109695 ], [ 15.048010812040605, 37.289747002824818 ], [ 15.048010812040605, 37.289823358539948 ], [ 15.04794202327529, 37.289899714255071 ], [ 15.04794202327529, 37.289976069970194 ], [ 15.04794202327529, 37.290052425685317 ], [ 15.047873234509973, 37.290052425685317 ], [ 15.047804445744658, 37.290128781400441 ], [ 15.047804445744658, 37.290205137115564 ], [ 15.047735656979343, 37.290281492830687 ], [ 15.047666868214028, 37.29035784854581 ], [ 15.047598079448713, 37.29035784854581 ], [ 15.047598079448713, 37.290434204260933 ], [ 15.047529290683398, 37.290434204260933 ], [ 15.047460501918081, 37.290510559976056 ], [ 15.047391713152766, 37.290510559976056 ], [ 15.047322924387451, 37.290586915691179 ], [ 15.047254135622136, 37.290586915691179 ], [ 15.047185346856821, 37.290586915691179 ], [ 15.047116558091506, 37.290663271406302 ], [ 15.046772614264929, 37.290663271406302 ], [ 15.046635036734298, 37.290739627121425 ], [ 15.046566247968983, 37.290739627121425 ], [ 15.046497459203668, 37.290739627121425 ], [ 15.046428670438353, 37.290815982836548 ], [ 15.046359881673038, 37.290815982836548 ], [ 15.046291092907722, 37.290892338551672 ], [ 15.046222304142406, 37.290892338551672 ], [ 15.046153515377091, 37.290968694266795 ], [ 15.046084726611776, 37.290968694266795 ], [ 15.046084726611776, 37.291045049981918 ], [ 15.046015937846461, 37.291045049981918 ], [ 15.046015937846461, 37.291121405697041 ], [ 15.045947149081146, 37.291121405697041 ], [ 15.045947149081146, 37.291197761412164 ], [ 15.045878360315829, 37.291197761412164 ], [ 15.045878360315829, 37.291274117127287 ], [ 15.045809571550514, 37.291274117127287 ], [ 15.045809571550514, 37.29135047284241 ], [ 15.045740782785199, 37.291426828557533 ], [ 15.045671994019884, 37.291579539987779 ], [ 15.045603205254569, 37.291732251418033 ], [ 15.045534416489254, 37.291808607133156 ], [ 15.045465627723937, 37.291961318563402 ], [ 15.045465627723937, 37.292114029993648 ], [ 15.045396838958622, 37.292343097139018 ], [ 15.045259261427992, 37.292724875714633 ], [ 15.045190472662677, 37.292877587144879 ], [ 15.045190472662677, 37.293030298575125 ], [ 15.045121683897362, 37.293106654290249 ], [ 15.045052895132045, 37.293259365720495 ], [ 15.045052895132045, 37.293335721435618 ], [ 15.04498410636673, 37.293488432865871 ], [ 15.044915317601415, 37.293564788580994 ], [ 15.0448465288361, 37.293641144296117 ], [ 15.0448465288361, 37.29371750001124 ], [ 15.044777740070785, 37.29371750001124 ], [ 15.044777740070785, 37.293793855726364 ], [ 15.04470895130547, 37.293870211441487 ], [ 15.044640162540153, 37.293870211441487 ], [ 15.044640162540153, 37.29394656715661 ], [ 15.044571373774838, 37.29394656715661 ], [ 15.044502585009523, 37.294022922871733 ], [ 15.044433796244208, 37.294099278586856 ], [ 15.044365007478893, 37.294099278586856 ], [ 15.044296218713578, 37.294175634301979 ], [ 15.044227429948261, 37.294175634301979 ], [ 15.044158641182946, 37.294175634301979 ], [ 15.044089852417631, 37.294251990017102 ], [ 15.043952274887001, 37.294251990017102 ], [ 15.043883486121686, 37.294251990017102 ], [ 15.043814697356369, 37.294328345732225 ], [ 15.043677119825739, 37.294328345732225 ], [ 15.043608331060424, 37.294328345732225 ], [ 15.043401964764477, 37.294404701447348 ], [ 15.043195598468532, 37.294404701447348 ], [ 15.042920443407271, 37.294481057162471 ], [ 15.042507710815379, 37.294557412877595 ], [ 15.042232555754117, 37.294557412877595 ], [ 15.041957400692857, 37.294557412877595 ], [ 15.041682245631595, 37.294633768592718 ], [ 15.041407090570333, 37.294633768592718 ], [ 15.041131935509073, 37.294633768592718 ], [ 15.040787991682496, 37.294633768592718 ], [ 15.040512836621234, 37.294633768592718 ], [ 15.040237681559972, 37.294633768592718 ], [ 15.039962526498712, 37.294633768592718 ], [ 15.03968737143745, 37.294633768592718 ], [ 15.039412216376189, 37.294633768592718 ], [ 15.039068272549613, 37.294633768592718 ], [ 15.038793117488352, 37.294557412877595 ], [ 15.03851796242709, 37.294557412877595 ], [ 15.038242807365828, 37.294481057162471 ], [ 15.037967652304568, 37.294481057162471 ], [ 15.037692497243306, 37.294404701447348 ], [ 15.037417342182044, 37.294328345732225 ], [ 15.037142187120784, 37.294328345732225 ], [ 15.036867032059522, 37.294251990017102 ], [ 15.03659187699826, 37.294175634301979 ], [ 15.036316721937, 37.294099278586856 ], [ 15.036110355641053, 37.294022922871733 ], [ 15.035835200579792, 37.29394656715661 ], [ 15.035560045518531, 37.293870211441487 ], [ 15.035353679222585, 37.29371750001124 ], [ 15.03514731292664, 37.293641144296117 ], [ 15.034872157865378, 37.293564788580994 ], [ 15.034665791569433, 37.293412077150741 ], [ 15.034459425273486, 37.293335721435618 ], [ 15.034253058977539, 37.293259365720495 ], [ 15.034046692681594, 37.293106654290249 ], [ 15.033633960089702, 37.292877587144879 ], [ 15.033496382559072, 37.292801231429756 ], [ 15.03335880502844, 37.292724875714633 ], [ 15.03322122749781, 37.29264851999951 ], [ 15.03308364996718, 37.292495808569264 ], [ 15.033014861201863, 37.292419452854141 ], [ 15.032877283671233, 37.292419452854141 ], [ 15.032808494905918, 37.292266741423894 ], [ 15.032670917375288, 37.292190385708771 ], [ 15.032602128609971, 37.292114029993648 ], [ 15.032533339844656, 37.292037674278525 ], [ 15.032464551079341, 37.291961318563402 ], [ 15.032395762314026, 37.291884962848279 ], [ 15.032326973548711, 37.291808607133156 ], [ 15.032258184783394, 37.291732251418033 ], [ 15.032189396018079, 37.291732251418033 ], [ 15.032189396018079, 37.29165589570291 ], [ 15.032120607252764, 37.291579539987779 ], [ 15.032120607252764, 37.291503184272656 ], [ 15.032051818487449, 37.291426828557533 ], [ 15.032051818487449, 37.29135047284241 ], [ 15.032051818487449, 37.291274117127287 ], [ 15.031983029722134, 37.291197761412164 ], [ 15.031983029722134, 37.291045049981918 ], [ 15.031914240956819, 37.290815982836548 ], [ 15.031914240956819, 37.290663271406302 ], [ 15.031845452191503, 37.290510559976056 ], [ 15.031845452191503, 37.290434204260933 ], [ 15.031776663426188, 37.29035784854581 ], [ 15.031776663426188, 37.290281492830687 ], [ 15.031707874660873, 37.290205137115564 ], [ 15.031707874660873, 37.290128781400441 ], [ 15.031639085895558, 37.290128781400441 ], [ 15.031639085895558, 37.290052425685317 ], [ 15.031570297130243, 37.289976069970194 ], [ 15.031501508364927, 37.289976069970194 ], [ 15.031432719599611, 37.289899714255071 ], [ 15.031363930834296, 37.289823358539948 ], [ 15.031226353303666, 37.289823358539948 ], [ 15.031157564538351, 37.289747002824818 ], [ 15.031019987007719, 37.289670647109695 ], [ 15.030744831946459, 37.289517935679449 ], [ 15.030676043181144, 37.289517935679449 ], [ 15.030607254415827, 37.289441579964326 ], [ 15.030469676885197, 37.289441579964326 ], [ 15.030400888119882, 37.289365224249202 ], [ 15.030332099354567, 37.289288868534079 ], [ 15.030263310589252, 37.289288868534079 ], [ 15.030194521823935, 37.289212512818956 ], [ 15.03012573305862, 37.289136157103833 ], [ 15.030056944293305, 37.28905980138871 ], [ 15.02998815552799, 37.288907089958464 ], [ 15.029919366762675, 37.288830734243341 ], [ 15.029850577997358, 37.288754378528218 ], [ 15.029781789232043, 37.288678022813095 ], [ 15.029713000466728, 37.288525311382848 ], [ 15.029644211701413, 37.288448955667725 ], [ 15.029575422936098, 37.288372599952602 ], [ 15.029506634170783, 37.288219888522356 ], [ 15.029437845405466, 37.28806717709211 ], [ 15.029369056640151, 37.287990821376987 ], [ 15.029369056640151, 37.287838109946733 ], [ 15.029300267874836, 37.287685398516487 ], [ 15.029231479109521, 37.287532687086241 ], [ 15.029162690344206, 37.287456331371118 ], [ 15.029162690344206, 37.287303619940872 ], [ 15.029093901578891, 37.287227264225749 ], [ 15.029093901578891, 37.287074552795502 ], [ 15.029025112813574, 37.286921841365256 ], [ 15.029025112813574, 37.286845485650133 ], [ 15.028956324048259, 37.286692774219887 ], [ 15.028956324048259, 37.286463707074518 ], [ 15.028956324048259, 37.286387351359394 ], [ 15.028887535282944, 37.286310995644271 ], [ 15.028887535282944, 37.286158284214025 ], [ 15.028887535282944, 37.286081928498895 ], [ 15.028887535282944, 37.285929217068649 ], [ 15.028887535282944, 37.285776505638403 ], [ 15.028956324048259, 37.285700149923279 ], [ 15.028956324048259, 37.285547438493033 ], [ 15.028956324048259, 37.28547108277791 ], [ 15.028956324048259, 37.285318371347664 ], [ 15.029025112813574, 37.285242015632541 ], [ 15.029025112813574, 37.285089304202295 ], [ 15.029093901578891, 37.284860237056925 ], [ 15.029231479109521, 37.284249391335933 ], [ 15.029231479109521, 37.284096679905687 ], [ 15.029300267874836, 37.284020324190564 ], [ 15.029300267874836, 37.283867612760318 ], [ 15.029369056640151, 37.283714901330072 ], [ 15.029369056640151, 37.283638545614949 ], [ 15.029369056640151, 37.283485834184702 ], [ 15.029369056640151, 37.283409478469579 ], [ 15.029369056640151, 37.283256767039333 ], [ 15.029369056640151, 37.28318041132421 ], [ 15.029369056640151, 37.283027699893964 ], [ 15.029369056640151, 37.282951344178841 ], [ 15.029369056640151, 37.282874988463718 ], [ 15.029369056640151, 37.282722277033471 ], [ 15.029369056640151, 37.282645921318348 ] ] ] } },
{ "type": "Feature", "properties": { "id": "16204", "FIREDATE": "2019-06-24 00:00:00", "FINALDATE": "2019-06-24 00:00:00", "LASTUPDATE": "2022-03-02 11:51:40.50089", "COUNTRY": "IT", "PROVINCE": "Siracusa", "COMMUNE": "Lentini", "AREA_HA": "74", "BROADLEA": "0", "CONIFER": "0", "MIXED": "0", "SCLEROPH": "0", "TRANSIT": "0", "OTHERNATLC": "0", "AGRIAREAS": "99.99999999985916", "ARTIFSURF": "0", "OTHERLC": "0", "PERCNA2K": "30.536871217253434", "year": 2019, "source": "EFFIS" }, "geometry": { "type": "Polygon", "coordinates": [ [ [ 14.923984668177074, 37.196898453234773 ], [ 14.924122245707705, 37.196898453234773 ], [ 14.92419103447302, 37.196898453234773 ], [ 14.92432861200365, 37.196974808949896 ], [ 14.924466189534282, 37.196974808949896 ], [ 14.924603767064912, 37.197051164665019 ], [ 14.924810133360857, 37.197127520380143 ], [ 14.924947710891489, 37.197127520380143 ], [ 14.925360443483381, 37.197280231810389 ], [ 14.925498021014011, 37.197356587525512 ], [ 14.925566809779326, 37.197356587525512 ], [ 14.925704387309958, 37.197432943240635 ], [ 14.925841964840588, 37.197432943240635 ], [ 14.925979542371218, 37.197509298955758 ], [ 14.926048331136535, 37.197509298955758 ], [ 14.926185908667165, 37.197509298955758 ], [ 14.926323486197795, 37.197509298955758 ], [ 14.926529852493742, 37.197585654670881 ], [ 14.926667430024372, 37.197585654670881 ], [ 14.926805007555002, 37.197585654670881 ], [ 14.926942585085634, 37.197585654670881 ], [ 14.927424106442841, 37.197585654670881 ], [ 14.927630472738786, 37.197585654670881 ], [ 14.927836839034732, 37.197585654670881 ], [ 14.927974416565363, 37.197585654670881 ], [ 14.928111994095994, 37.197585654670881 ], [ 14.928249571626624, 37.197585654670881 ], [ 14.928387149157254, 37.197585654670881 ], [ 14.928455937922571, 37.197662010386004 ], [ 14.929143825575723, 37.197738366101127 ], [ 14.92935019187167, 37.19781472181625 ], [ 14.929556558167615, 37.197891077531374 ], [ 14.929762924463562, 37.197891077531374 ], [ 14.929969290759507, 37.197967433246497 ], [ 14.930106868290139, 37.197967433246497 ], [ 14.930244445820769, 37.19804378896162 ], [ 14.930382023351399, 37.198120144676743 ], [ 14.930450812116714, 37.198120144676743 ], [ 14.930519600882031, 37.198196500391866 ], [ 14.930588389647346, 37.198196500391866 ], [ 14.930657178412661, 37.198272856106989 ], [ 14.930657178412661, 37.198349211822119 ], [ 14.930657178412661, 37.198425567537242 ], [ 14.930588389647346, 37.198501923252365 ], [ 14.930519600882031, 37.198501923252365 ], [ 14.930519600882031, 37.198578278967489 ], [ 14.930382023351399, 37.198578278967489 ], [ 14.930244445820769, 37.198654634682612 ], [ 14.930106868290139, 37.198730990397735 ], [ 14.929969290759507, 37.198807346112858 ], [ 14.929762924463562, 37.198960057543104 ], [ 14.929694135698247, 37.198960057543104 ], [ 14.92962534693293, 37.198960057543104 ], [ 14.929556558167615, 37.198960057543104 ], [ 14.929556558167615, 37.199036413258227 ], [ 14.9294877694023, 37.199036413258227 ], [ 14.929418980636985, 37.199036413258227 ], [ 14.929281403106355, 37.199036413258227 ], [ 14.929143825575723, 37.19911276897335 ], [ 14.929006248045093, 37.19911276897335 ], [ 14.928799881749146, 37.19911276897335 ], [ 14.928455937922571, 37.19911276897335 ], [ 14.928249571626624, 37.199189124688473 ], [ 14.928180782861309, 37.199189124688473 ], [ 14.928111994095994, 37.199189124688473 ], [ 14.928043205330678, 37.199189124688473 ], [ 14.927974416565363, 37.199189124688473 ], [ 14.927836839034732, 37.199265480403596 ], [ 14.927768050269417, 37.199265480403596 ], [ 14.927699261504102, 37.199265480403596 ], [ 14.927630472738786, 37.19934183611872 ], [ 14.927561683973471, 37.199418191833843 ], [ 14.927492895208156, 37.199418191833843 ], [ 14.927492895208156, 37.199494547548966 ], [ 14.927424106442841, 37.199494547548966 ], [ 14.927424106442841, 37.199570903264089 ], [ 14.927355317677526, 37.199647258979212 ], [ 14.927355317677526, 37.199723614694335 ], [ 14.927355317677526, 37.199799970409458 ], [ 14.927286528912211, 37.200029037554827 ], [ 14.927286528912211, 37.200105393269951 ], [ 14.927286528912211, 37.200181748985081 ], [ 14.927217740146894, 37.200181748985081 ], [ 14.927217740146894, 37.200258104700204 ], [ 14.927217740146894, 37.200334460415327 ], [ 14.927148951381579, 37.200334460415327 ], [ 14.927148951381579, 37.20041081613045 ], [ 14.927080162616264, 37.20041081613045 ], [ 14.927080162616264, 37.200487171845573 ], [ 14.927011373850949, 37.200487171845573 ], [ 14.926942585085634, 37.200563527560696 ], [ 14.926873796320319, 37.200563527560696 ], [ 14.926873796320319, 37.200639883275819 ], [ 14.926805007555002, 37.200639883275819 ], [ 14.926667430024372, 37.200716238990942 ], [ 14.926529852493742, 37.200792594706066 ], [ 14.92639227496311, 37.200868950421189 ], [ 14.926185908667165, 37.200945306136312 ], [ 14.926048331136535, 37.200945306136312 ], [ 14.925979542371218, 37.201021661851435 ], [ 14.925841964840588, 37.201098017566558 ], [ 14.925704387309958, 37.201098017566558 ], [ 14.925566809779326, 37.201098017566558 ], [ 14.925429232248696, 37.201174373281681 ], [ 14.925291654718066, 37.201174373281681 ], [ 14.925154077187434, 37.201250728996804 ], [ 14.925016499656804, 37.201250728996804 ], [ 14.924878922126174, 37.201250728996804 ], [ 14.924672555830227, 37.201250728996804 ], [ 14.924534978299597, 37.201327084711927 ], [ 14.924397400768965, 37.201327084711927 ], [ 14.924259823238335, 37.201327084711927 ], [ 14.92405345694239, 37.201327084711927 ], [ 14.923915879411759, 37.201327084711927 ], [ 14.923847090646444, 37.201327084711927 ], [ 14.923778301881129, 37.201327084711927 ], [ 14.923640724350497, 37.201327084711927 ], [ 14.923571935585182, 37.201250728996804 ], [ 14.923434358054552, 37.201250728996804 ], [ 14.923365569289237, 37.201174373281681 ], [ 14.923227991758605, 37.201174373281681 ], [ 14.923090414227975, 37.201098017566558 ], [ 14.92302162546266, 37.201098017566558 ], [ 14.92288404793203, 37.201021661851435 ], [ 14.922815259166713, 37.200945306136312 ], [ 14.922677681636083, 37.200945306136312 ], [ 14.922402526574821, 37.200792594706066 ], [ 14.921921005217614, 37.200563527560696 ], [ 14.921783427686984, 37.200487171845573 ], [ 14.921645850156354, 37.20041081613045 ], [ 14.921508272625722, 37.200334460415327 ], [ 14.921439483860407, 37.200334460415327 ], [ 14.921301906329777, 37.200258104700204 ], [ 14.92123311756446, 37.200258104700204 ], [ 14.921164328799145, 37.200258104700204 ], [ 14.92109554003383, 37.200258104700204 ], [ 14.92109554003383, 37.200181748985081 ], [ 14.921026751268515, 37.200181748985081 ], [ 14.9209579625032, 37.200181748985081 ], [ 14.920889173737885, 37.200181748985081 ], [ 14.920820384972568, 37.200258104700204 ], [ 14.920751596207253, 37.200258104700204 ], [ 14.920751596207253, 37.200334460415327 ], [ 14.920682807441938, 37.200334460415327 ], [ 14.920682807441938, 37.20041081613045 ], [ 14.920614018676623, 37.20041081613045 ], [ 14.920614018676623, 37.200487171845573 ], [ 14.920614018676623, 37.200563527560696 ], [ 14.920614018676623, 37.200639883275819 ], [ 14.920614018676623, 37.200792594706066 ], [ 14.920614018676623, 37.200868950421189 ], [ 14.920614018676623, 37.201021661851435 ], [ 14.920614018676623, 37.201327084711927 ], [ 14.920614018676623, 37.20140344042705 ], [ 14.920614018676623, 37.201556151857297 ], [ 14.920682807441938, 37.201708863287543 ], [ 14.920682807441938, 37.201861574717789 ], [ 14.920682807441938, 37.202014286148042 ], [ 14.920751596207253, 37.202166997578288 ], [ 14.920820384972568, 37.202319709008535 ], [ 14.920820384972568, 37.202472420438781 ], [ 14.920889173737885, 37.20270148758415 ], [ 14.9209579625032, 37.202854199014396 ], [ 14.921026751268515, 37.203006910444643 ], [ 14.92109554003383, 37.203235977590012 ], [ 14.921164328799145, 37.203388689020258 ], [ 14.92123311756446, 37.203617756165627 ], [ 14.921370695095092, 37.203846823311004 ], [ 14.921508272625722, 37.204075890456373 ], [ 14.921508272625722, 37.204228601886619 ], [ 14.921577061391037, 37.204304957601742 ], [ 14.921783427686984, 37.204763091892481 ], [ 14.921852216452299, 37.204915803322727 ], [ 14.921852216452299, 37.20499215903785 ], [ 14.921921005217614, 37.205068514752973 ], [ 14.921921005217614, 37.205144870468096 ], [ 14.921989793982929, 37.20522122618322 ], [ 14.922058582748246, 37.205297581898343 ], [ 14.922058582748246, 37.205373937613466 ], [ 14.922127371513561, 37.205450293328589 ], [ 14.922196160278876, 37.205526649043712 ], [ 14.922264949044191, 37.205603004758835 ], [ 14.922333737809506, 37.205679360473965 ], [ 14.922402526574821, 37.205679360473965 ], [ 14.922471315340138, 37.205755716189088 ], [ 14.922540104105453, 37.205755716189088 ], [ 14.922608892870768, 37.205832071904211 ], [ 14.922677681636083, 37.205908427619335 ], [ 14.922746470401398, 37.205908427619335 ], [ 14.922815259166713, 37.205984783334458 ], [ 14.92288404793203, 37.205984783334458 ], [ 14.922952836697345, 37.206061139049581 ], [ 14.92302162546266, 37.206061139049581 ], [ 14.923090414227975, 37.206061139049581 ], [ 14.92315920299329, 37.206137494764704 ], [ 14.923227991758605, 37.206137494764704 ], [ 14.923296780523922, 37.206137494764704 ], [ 14.923365569289237, 37.206137494764704 ], [ 14.923434358054552, 37.206137494764704 ], [ 14.923503146819867, 37.206137494764704 ], [ 14.923571935585182, 37.206137494764704 ], [ 14.923640724350497, 37.206137494764704 ], [ 14.923709513115814, 37.206137494764704 ], [ 14.923778301881129, 37.206137494764704 ], [ 14.923847090646444, 37.206137494764704 ], [ 14.923847090646444, 37.206061139049581 ], [ 14.923915879411759, 37.206061139049581 ], [ 14.923984668177074, 37.206061139049581 ], [ 14.92405345694239, 37.205984783334458 ], [ 14.924122245707705, 37.205984783334458 ], [ 14.92419103447302, 37.205984783334458 ], [ 14.92432861200365, 37.205908427619335 ], [ 14.924534978299597, 37.205755716189088 ], [ 14.924603767064912, 37.205679360473965 ], [ 14.924672555830227, 37.205679360473965 ], [ 14.924672555830227, 37.205603004758835 ], [ 14.924741344595542, 37.205603004758835 ], [ 14.924810133360857, 37.205526649043712 ], [ 14.924878922126174, 37.205450293328589 ], [ 14.924878922126174, 37.205373937613466 ], [ 14.924947710891489, 37.205297581898343 ], [ 14.925016499656804, 37.20522122618322 ], [ 14.925085288422119, 37.205068514752973 ], [ 14.925154077187434, 37.204839447607604 ], [ 14.925222865952749, 37.204686736177358 ], [ 14.925291654718066, 37.204610380462235 ], [ 14.925360443483381, 37.204534024747112 ], [ 14.925360443483381, 37.204457669031989 ], [ 14.925429232248696, 37.204381313316865 ], [ 14.925498021014011, 37.204304957601742 ], [ 14.925566809779326, 37.204228601886619 ], [ 14.925635598544641, 37.204152246171496 ], [ 14.925773176075273, 37.204075890456373 ], [ 14.925841964840588, 37.203923179026127 ], [ 14.925979542371218, 37.203846823311004 ], [ 14.926048331136535, 37.203770467595874 ], [ 14.926185908667165, 37.20369411188075 ], [ 14.92625469743248, 37.203617756165627 ], [ 14.92639227496311, 37.203617756165627 ], [ 14.926461063728427, 37.203541400450504 ], [ 14.926529852493742, 37.203541400450504 ], [ 14.926598641259057, 37.203465044735381 ], [ 14.926736218789687, 37.203465044735381 ], [ 14.926805007555002, 37.203465044735381 ], [ 14.926873796320319, 37.203465044735381 ], [ 14.927011373850949, 37.203465044735381 ], [ 14.927080162616264, 37.203465044735381 ], [ 14.927217740146894, 37.203465044735381 ], [ 14.927286528912211, 37.203465044735381 ], [ 14.927424106442841, 37.203465044735381 ], [ 14.927561683973471, 37.203465044735381 ], [ 14.927699261504102, 37.203465044735381 ], [ 14.927768050269417, 37.203541400450504 ], [ 14.927905627800047, 37.203541400450504 ], [ 14.928043205330678, 37.203541400450504 ], [ 14.928180782861309, 37.203617756165627 ], [ 14.928249571626624, 37.203617756165627 ], [ 14.928387149157254, 37.20369411188075 ], [ 14.928524726687886, 37.20369411188075 ], [ 14.928662304218516, 37.203770467595874 ], [ 14.928731092983831, 37.203846823311004 ], [ 14.928868670514463, 37.203846823311004 ], [ 14.929006248045093, 37.203923179026127 ], [ 14.929075036810408, 37.20399953474125 ], [ 14.929212614341038, 37.204075890456373 ], [ 14.929281403106355, 37.204152246171496 ], [ 14.92935019187167, 37.204152246171496 ], [ 14.929418980636985, 37.204228601886619 ], [ 14.9294877694023, 37.204304957601742 ], [ 14.929556558167615, 37.204381313316865 ], [ 14.92962534693293, 37.204457669031989 ], [ 14.929694135698247, 37.204534024747112 ], [ 14.929762924463562, 37.204610380462235 ], [ 14.929831713228877, 37.204686736177358 ], [ 14.929900501994192, 37.204763091892481 ], [ 14.929900501994192, 37.204839447607604 ], [ 14.929969290759507, 37.204915803322727 ], [ 14.929969290759507, 37.20499215903785 ], [ 14.930038079524822, 37.205068514752973 ], [ 14.930038079524822, 37.205144870468096 ], [ 14.930038079524822, 37.20522122618322 ], [ 14.930106868290139, 37.20522122618322 ], [ 14.930106868290139, 37.205297581898343 ], [ 14.930106868290139, 37.205373937613466 ], [ 14.930106868290139, 37.205450293328589 ], [ 14.930038079524822, 37.205450293328589 ], [ 14.930038079524822, 37.205526649043712 ], [ 14.930038079524822, 37.205603004758835 ], [ 14.929969290759507, 37.205603004758835 ], [ 14.929900501994192, 37.205679360473965 ], [ 14.929831713228877, 37.205755716189088 ], [ 14.929762924463562, 37.205755716189088 ], [ 14.929694135698247, 37.205755716189088 ], [ 14.92962534693293, 37.205832071904211 ], [ 14.9294877694023, 37.205832071904211 ], [ 14.92935019187167, 37.205908427619335 ], [ 14.929006248045093, 37.205984783334458 ], [ 14.928799881749146, 37.206061139049581 ], [ 14.928662304218516, 37.206061139049581 ], [ 14.928524726687886, 37.206137494764704 ], [ 14.928455937922571, 37.206137494764704 ], [ 14.928387149157254, 37.206213850479827 ], [ 14.928318360391939, 37.206213850479827 ], [ 14.928318360391939, 37.20629020619495 ], [ 14.928249571626624, 37.20629020619495 ], [ 14.928180782861309, 37.206366561910073 ], [ 14.928111994095994, 37.206366561910073 ], [ 14.928111994095994, 37.206442917625196 ], [ 14.928043205330678, 37.206519273340319 ], [ 14.928043205330678, 37.206595629055442 ], [ 14.927974416565363, 37.206595629055442 ], [ 14.927974416565363, 37.206671984770566 ], [ 14.927974416565363, 37.206748340485689 ], [ 14.927974416565363, 37.206824696200812 ], [ 14.927905627800047, 37.206901051915935 ], [ 14.927905627800047, 37.206977407631058 ], [ 14.927905627800047, 37.207130119061304 ], [ 14.927905627800047, 37.207435541921797 ], [ 14.927836839034732, 37.20758825335205 ], [ 14.927836839034732, 37.207740964782296 ], [ 14.927836839034732, 37.207817320497419 ], [ 14.927836839034732, 37.207893676212542 ], [ 14.927768050269417, 37.207970031927665 ], [ 14.927768050269417, 37.208046387642788 ], [ 14.927768050269417, 37.208122743357912 ], [ 14.927699261504102, 37.208199099073035 ], [ 14.927630472738786, 37.208275454788158 ], [ 14.927561683973471, 37.208351810503281 ], [ 14.927492895208156, 37.208428166218404 ], [ 14.927424106442841, 37.208504521933527 ], [ 14.927355317677526, 37.20858087764865 ], [ 14.927217740146894, 37.208657233363773 ], [ 14.927148951381579, 37.208809944794019 ], [ 14.927011373850949, 37.208886300509143 ], [ 14.926873796320319, 37.208962656224266 ], [ 14.926805007555002, 37.208962656224266 ], [ 14.926805007555002, 37.209039011939389 ], [ 14.926736218789687, 37.209039011939389 ], [ 14.926667430024372, 37.209039011939389 ], [ 14.926598641259057, 37.209115367654512 ], [ 14.926529852493742, 37.209115367654512 ], [ 14.92639227496311, 37.209191723369635 ], [ 14.926323486197795, 37.209191723369635 ], [ 14.926185908667165, 37.209268079084758 ], [ 14.926048331136535, 37.209268079084758 ], [ 14.925704387309958, 37.209344434799888 ], [ 14.925498021014011, 37.209420790515011 ], [ 14.925429232248696, 37.209420790515011 ], [ 14.925360443483381, 37.209420790515011 ], [ 14.925291654718066, 37.209497146230134 ], [ 14.925222865952749, 37.209497146230134 ], [ 14.925154077187434, 37.209497146230134 ], [ 14.925085288422119, 37.209573501945258 ], [ 14.925016499656804, 37.209573501945258 ], [ 14.924947710891489, 37.209649857660381 ], [ 14.924878922126174, 37.209649857660381 ], [ 14.924810133360857, 37.209726213375504 ], [ 14.924741344595542, 37.209802569090627 ], [ 14.924741344595542, 37.20987892480575 ], [ 14.924672555830227, 37.209955280520873 ], [ 14.924672555830227, 37.210031636235996 ], [ 14.924603767064912, 37.210107991951119 ], [ 14.924603767064912, 37.210184347666242 ], [ 14.924534978299597, 37.210337059096489 ], [ 14.924534978299597, 37.210413414811612 ], [ 14.924534978299597, 37.210489770526735 ], [ 14.924534978299597, 37.210566126241858 ], [ 14.924466189534282, 37.210642481956981 ], [ 14.924397400768965, 37.210718837672104 ], [ 14.924397400768965, 37.210795193387227 ], [ 14.92432861200365, 37.21087154910235 ], [ 14.924259823238335, 37.210947904817473 ], [ 14.92419103447302, 37.211024260532596 ], [ 14.924122245707705, 37.21110061624772 ], [ 14.92405345694239, 37.21117697196285 ], [ 14.923984668177074, 37.211253327677973 ], [ 14.923915879411759, 37.211329683393096 ], [ 14.923847090646444, 37.211329683393096 ], [ 14.923778301881129, 37.211406039108219 ], [ 14.923709513115814, 37.211406039108219 ], [ 14.923640724350497, 37.211406039108219 ], [ 14.923571935585182, 37.211406039108219 ], [ 14.923503146819867, 37.211406039108219 ], [ 14.923503146819867, 37.211329683393096 ], [ 14.923434358054552, 37.211329683393096 ], [ 14.923365569289237, 37.211329683393096 ], [ 14.923365569289237, 37.211253327677973 ], [ 14.923296780523922, 37.21117697196285 ], [ 14.92315920299329, 37.21110061624772 ], [ 14.923090414227975, 37.211024260532596 ], [ 14.92288404793203, 37.21087154910235 ], [ 14.922815259166713, 37.210795193387227 ], [ 14.922746470401398, 37.210718837672104 ], [ 14.922677681636083, 37.210642481956981 ], [ 14.922608892870768, 37.210566126241858 ], [ 14.922540104105453, 37.210489770526735 ], [ 14.922471315340138, 37.210413414811612 ], [ 14.922471315340138, 37.210337059096489 ], [ 14.922402526574821, 37.210260703381365 ], [ 14.922402526574821, 37.210184347666242 ], [ 14.922333737809506, 37.210107991951119 ], [ 14.922264949044191, 37.209955280520873 ], [ 14.922264949044191, 37.20987892480575 ], [ 14.922196160278876, 37.209726213375504 ], [ 14.922127371513561, 37.209573501945258 ], [ 14.922127371513561, 37.209497146230134 ], [ 14.922127371513561, 37.209344434799888 ], [ 14.922058582748246, 37.209191723369635 ], [ 14.921989793982929, 37.208809944794019 ], [ 14.921921005217614, 37.208657233363773 ], [ 14.921921005217614, 37.208504521933527 ], [ 14.921852216452299, 37.208351810503281 ], [ 14.921852216452299, 37.208199099073035 ], [ 14.921783427686984, 37.208046387642788 ], [ 14.921783427686984, 37.207970031927665 ], [ 14.921714638921669, 37.207817320497419 ], [ 14.921645850156354, 37.207740964782296 ], [ 14.921577061391037, 37.20758825335205 ], [ 14.921508272625722, 37.207511897636927 ], [ 14.921508272625722, 37.207435541921797 ], [ 14.921439483860407, 37.207359186206673 ], [ 14.921370695095092, 37.20728283049155 ], [ 14.921301906329777, 37.207206474776427 ], [ 14.921164328799145, 37.207130119061304 ], [ 14.92109554003383, 37.207053763346181 ], [ 14.921026751268515, 37.207053763346181 ], [ 14.921026751268515, 37.206977407631058 ], [ 14.920889173737885, 37.206901051915935 ], [ 14.920614018676623, 37.206748340485689 ], [ 14.920545229911308, 37.206748340485689 ], [ 14.920476441145993, 37.206671984770566 ], [ 14.920407652380677, 37.206671984770566 ], [ 14.920338863615362, 37.206595629055442 ], [ 14.920270074850047, 37.206519273340319 ], [ 14.920201286084732, 37.206442917625196 ], [ 14.920132497319416, 37.206366561910073 ], [ 14.920132497319416, 37.20629020619495 ], [ 14.920063708554101, 37.20629020619495 ], [ 14.920063708554101, 37.206213850479827 ], [ 14.919994919788785, 37.206137494764704 ], [ 14.91992613102347, 37.205984783334458 ], [ 14.919857342258155, 37.205908427619335 ], [ 14.919857342258155, 37.205755716189088 ], [ 14.91978855349284, 37.205603004758835 ], [ 14.91978855349284, 37.205526649043712 ], [ 14.919719764727525, 37.205450293328589 ], [ 14.919719764727525, 37.205373937613466 ], [ 14.919719764727525, 37.205297581898343 ], [ 14.919719764727525, 37.20522122618322 ], [ 14.919719764727525, 37.205144870468096 ], [ 14.919719764727525, 37.205068514752973 ], [ 14.919719764727525, 37.20499215903785 ], [ 14.91978855349284, 37.204839447607604 ], [ 14.91978855349284, 37.204686736177358 ], [ 14.919857342258155, 37.204304957601742 ], [ 14.919857342258155, 37.204152246171496 ], [ 14.91992613102347, 37.204075890456373 ], [ 14.91992613102347, 37.203923179026127 ], [ 14.91992613102347, 37.203846823311004 ], [ 14.91992613102347, 37.203770467595874 ], [ 14.91992613102347, 37.203617756165627 ], [ 14.91992613102347, 37.203541400450504 ], [ 14.919857342258155, 37.203465044735381 ], [ 14.919857342258155, 37.203312333305135 ], [ 14.919857342258155, 37.203235977590012 ], [ 14.91978855349284, 37.203159621874889 ], [ 14.91978855349284, 37.203083266159766 ], [ 14.919719764727525, 37.203006910444643 ], [ 14.91965097596221, 37.202854199014396 ], [ 14.919582187196893, 37.20270148758415 ], [ 14.919513398431578, 37.202548776153904 ], [ 14.919307032135633, 37.202166997578288 ], [ 14.919238243370318, 37.201937930432912 ], [ 14.919169454605001, 37.201861574717789 ], [ 14.919100665839686, 37.201785219002666 ], [ 14.919100665839686, 37.201708863287543 ], [ 14.919031877074371, 37.201556151857297 ], [ 14.919031877074371, 37.201479796142173 ], [ 14.918963088309056, 37.20140344042705 ], [ 14.918963088309056, 37.201327084711927 ], [ 14.918963088309056, 37.201250728996804 ], [ 14.918963088309056, 37.201174373281681 ], [ 14.918963088309056, 37.201098017566558 ], [ 14.918963088309056, 37.201021661851435 ], [ 14.918963088309056, 37.200945306136312 ], [ 14.918963088309056, 37.200639883275819 ], [ 14.918963088309056, 37.200487171845573 ], [ 14.918963088309056, 37.200334460415327 ], [ 14.919031877074371, 37.200181748985081 ], [ 14.919031877074371, 37.200029037554827 ], [ 14.919031877074371, 37.199876326124581 ], [ 14.919100665839686, 37.199799970409458 ], [ 14.919100665839686, 37.199647258979212 ], [ 14.919169454605001, 37.199647258979212 ], [ 14.919169454605001, 37.199570903264089 ], [ 14.919169454605001, 37.199494547548966 ], [ 14.919238243370318, 37.199494547548966 ], [ 14.919238243370318, 37.199418191833843 ], [ 14.919307032135633, 37.19934183611872 ], [ 14.919307032135633, 37.199265480403596 ], [ 14.919375820900948, 37.199265480403596 ], [ 14.919375820900948, 37.199189124688473 ], [ 14.919444609666263, 37.199189124688473 ], [ 14.919513398431578, 37.19911276897335 ], [ 14.919582187196893, 37.19911276897335 ], [ 14.919582187196893, 37.199036413258227 ], [ 14.91965097596221, 37.199036413258227 ], [ 14.919719764727525, 37.199036413258227 ], [ 14.91978855349284, 37.198960057543104 ], [ 14.919857342258155, 37.198960057543104 ], [ 14.91992613102347, 37.198960057543104 ], [ 14.919994919788785, 37.198960057543104 ], [ 14.920270074850047, 37.198960057543104 ], [ 14.920407652380677, 37.198960057543104 ], [ 14.920476441145993, 37.198960057543104 ], [ 14.920545229911308, 37.198883701827981 ], [ 14.920614018676623, 37.198883701827981 ], [ 14.920682807441938, 37.198883701827981 ], [ 14.920751596207253, 37.198883701827981 ], [ 14.920820384972568, 37.198807346112858 ], [ 14.920889173737885, 37.198730990397735 ], [ 14.9209579625032, 37.198730990397735 ], [ 14.921026751268515, 37.198730990397735 ], [ 14.921026751268515, 37.198654634682612 ], [ 14.92109554003383, 37.198578278967489 ], [ 14.921164328799145, 37.198578278967489 ], [ 14.921164328799145, 37.198501923252365 ], [ 14.92123311756446, 37.198425567537242 ], [ 14.921301906329777, 37.198425567537242 ], [ 14.921301906329777, 37.198349211822119 ], [ 14.921370695095092, 37.198272856106989 ], [ 14.921439483860407, 37.198196500391866 ], [ 14.921439483860407, 37.198120144676743 ], [ 14.921439483860407, 37.19804378896162 ], [ 14.921508272625722, 37.19804378896162 ], [ 14.921508272625722, 37.197967433246497 ], [ 14.921508272625722, 37.197891077531374 ], [ 14.921508272625722, 37.19781472181625 ], [ 14.921508272625722, 37.197738366101127 ], [ 14.921508272625722, 37.197509298955758 ], [ 14.921508272625722, 37.197432943240635 ], [ 14.921508272625722, 37.197356587525512 ], [ 14.921508272625722, 37.197280231810389 ], [ 14.921508272625722, 37.197203876095266 ], [ 14.921508272625722, 37.197127520380143 ], [ 14.921577061391037, 37.197127520380143 ], [ 14.921577061391037, 37.197051164665019 ], [ 14.921645850156354, 37.197051164665019 ], [ 14.921645850156354, 37.196974808949896 ], [ 14.921714638921669, 37.196974808949896 ], [ 14.921783427686984, 37.196974808949896 ], [ 14.921783427686984, 37.196898453234773 ], [ 14.921852216452299, 37.196898453234773 ], [ 14.921921005217614, 37.196898453234773 ], [ 14.921989793982929, 37.196898453234773 ], [ 14.921989793982929, 37.19682209751965 ], [ 14.922058582748246, 37.19682209751965 ], [ 14.922127371513561, 37.19682209751965 ], [ 14.922196160278876, 37.19682209751965 ], [ 14.922264949044191, 37.19682209751965 ], [ 14.922402526574821, 37.19682209751965 ], [ 14.922608892870768, 37.19682209751965 ], [ 14.922746470401398, 37.19682209751965 ], [ 14.922952836697345, 37.19682209751965 ], [ 14.92315920299329, 37.19682209751965 ], [ 14.923365569289237, 37.19682209751965 ], [ 14.923640724350497, 37.19682209751965 ], [ 14.923984668177074, 37.196898453234773 ] ] ] } },
{ "type": "Feature", "properties": { "id": "18453", "FIREDATE": "2019-07-05 00:00:00", "FINALDATE": "2019-07-05 00:00:00", "LASTUPDATE": "2022-03-02 11:51:40.50089", "COUNTRY": "IT", "PROVINCE": "Siracusa", "COMMUNE": "Carlentini", "AREA_HA": "108", "BROADLEA": "0", "CONIFER": "0", "MIXED": "0", "SCLEROPH": "12.037037037025891", "TRANSIT": "0", "OTHERNATLC": "87.96296296288152", "AGRIAREAS": "0", "ARTIFSURF": "0", "OTHERLC": "0", "PERCNA2K": "0", "year": 2019, "source": "EFFIS" }, "geometry": { "type": "Polygon", "coordinates": [ [ [ 14.996831970646003, 37.329833753264602 ], [ 14.996969548176633, 37.329833753264602 ], [ 14.997107125707265, 37.329757397549479 ], [ 14.997244703237895, 37.329757397549479 ], [ 14.99731349200321, 37.329757397549479 ], [ 14.997451069533842, 37.329757397549479 ], [ 14.997588647064472, 37.329757397549479 ], [ 14.997726224595102, 37.329833753264602 ], [ 14.997863802125734, 37.329833753264602 ], [ 14.998070168421679, 37.329833753264602 ], [ 14.99820774595231, 37.329833753264602 ], [ 14.99834532348294, 37.329833753264602 ], [ 14.998482901013571, 37.329910108979725 ], [ 14.998620478544202, 37.329910108979725 ], [ 14.998758056074832, 37.329986464694848 ], [ 14.998895633605462, 37.329986464694848 ], [ 14.999033211136094, 37.330062820409978 ], [ 14.999170788666724, 37.330062820409978 ], [ 14.999308366197354, 37.330139176125101 ], [ 14.999445943727986, 37.330139176125101 ], [ 14.999583521258616, 37.330215531840224 ], [ 14.999721098789246, 37.330291887555347 ], [ 14.999858676319878, 37.330291887555347 ], [ 14.999996253850508, 37.33036824327047 ], [ 15.000133831381138, 37.330444598985594 ], [ 15.00027140891177, 37.330520954700717 ], [ 15.000340197677085, 37.330520954700717 ], [ 15.000477775207715, 37.33059731041584 ], [ 15.000615352738347, 37.330673666130963 ], [ 15.000684141503662, 37.330750021846086 ], [ 15.000821719034292, 37.330826377561209 ], [ 15.000890507799607, 37.330902733276332 ], [ 15.000959296564922, 37.330979088991455 ], [ 15.001234451626184, 37.331131800421701 ], [ 15.001372029156814, 37.331284511851948 ], [ 15.001440817922131, 37.331360867567071 ], [ 15.001509606687446, 37.331437223282194 ], [ 15.001578395452761, 37.331513578997317 ], [ 15.001647184218076, 37.331513578997317 ], [ 15.001647184218076, 37.33158993471244 ], [ 15.001715972983391, 37.331666290427563 ], [ 15.001784761748706, 37.331742646142686 ], [ 15.001853550514022, 37.331819001857809 ], [ 15.001853550514022, 37.33189535757294 ], [ 15.001853550514022, 37.331971713288063 ], [ 15.001922339279337, 37.332048069003186 ], [ 15.001922339279337, 37.332124424718309 ], [ 15.001922339279337, 37.332200780433432 ], [ 15.001922339279337, 37.332277136148555 ], [ 15.001922339279337, 37.332353491863678 ], [ 15.001853550514022, 37.332429847578801 ], [ 15.001853550514022, 37.332506203293924 ], [ 15.001853550514022, 37.332582559009047 ], [ 15.001853550514022, 37.332658914724171 ], [ 15.001784761748706, 37.332735270439294 ], [ 15.001784761748706, 37.332811626154417 ], [ 15.001715972983391, 37.33288798186954 ], [ 15.001647184218076, 37.332964337584663 ], [ 15.001578395452761, 37.333040693299786 ], [ 15.001509606687446, 37.333040693299786 ], [ 15.001440817922131, 37.333117049014909 ], [ 15.001372029156814, 37.333117049014909 ], [ 15.001303240391499, 37.333117049014909 ], [ 15.001234451626184, 37.333193404730032 ], [ 15.001096874095554, 37.333193404730032 ], [ 15.001028085330239, 37.333193404730032 ], [ 15.000959296564922, 37.333193404730032 ], [ 15.000821719034292, 37.333193404730032 ], [ 15.000684141503662, 37.333193404730032 ], [ 15.000202620146455, 37.333269760445155 ], [ 15.000065042615823, 37.333269760445155 ], [ 14.999927465085193, 37.333269760445155 ], [ 14.999789887554563, 37.333346116160278 ], [ 14.999652310023931, 37.333346116160278 ], [ 14.999583521258616, 37.333346116160278 ], [ 14.999445943727986, 37.333346116160278 ], [ 14.999377154962669, 37.333422471875402 ], [ 14.999308366197354, 37.333422471875402 ], [ 14.999239577432039, 37.333498827590525 ], [ 14.999170788666724, 37.333498827590525 ], [ 14.999101999901409, 37.333575183305648 ], [ 14.999033211136094, 37.333575183305648 ], [ 14.998826844840147, 37.333651539020771 ], [ 14.998620478544202, 37.333804250451024 ], [ 14.998482901013571, 37.333880606166147 ], [ 14.998276534717625, 37.334033317596393 ], [ 14.997863802125734, 37.334262384741763 ], [ 14.997726224595102, 37.334338740456886 ], [ 14.997519858299157, 37.334491451887132 ], [ 14.997382280768525, 37.334567807602255 ], [ 14.997244703237895, 37.334644163317378 ], [ 14.99717591447258, 37.334644163317378 ], [ 14.997107125707265, 37.334720519032501 ], [ 14.996969548176633, 37.334796874747624 ], [ 14.996900759411318, 37.334796874747624 ], [ 14.996831970646003, 37.334873230462748 ], [ 14.996694393115373, 37.334873230462748 ], [ 14.996625604350058, 37.334949586177871 ], [ 14.996488026819426, 37.334949586177871 ], [ 14.996350449288796, 37.335025941892994 ], [ 14.996212871758166, 37.335025941892994 ], [ 14.996006505462219, 37.335102297608117 ], [ 14.995868927931589, 37.335102297608117 ], [ 14.995731350400957, 37.33517865332324 ], [ 14.99511225151312, 37.335255009038363 ], [ 14.994905885217173, 37.335331364753486 ], [ 14.994699518921228, 37.335407720468609 ], [ 14.994493152625282, 37.335407720468609 ], [ 14.994286786329337, 37.335484076183732 ], [ 14.994149208798705, 37.335560431898863 ], [ 14.99394284250276, 37.335560431898863 ], [ 14.99380526497213, 37.335636787613986 ], [ 14.993598898676183, 37.335713143329109 ], [ 14.993461321145553, 37.335789499044232 ], [ 14.993254954849606, 37.335865854759355 ], [ 14.993048588553661, 37.335942210474478 ], [ 14.992704644727084, 37.336094921904724 ], [ 14.992360700900507, 37.33624763333497 ], [ 14.99201675707393, 37.336400344765217 ], [ 14.991122503124831, 37.336782123340832 ], [ 14.99084734806357, 37.336934834771078 ], [ 14.990640981767624, 37.337011190486201 ], [ 14.990365826706363, 37.337087546201325 ], [ 14.990159460410416, 37.337163901916448 ], [ 14.989953094114471, 37.337316613346701 ], [ 14.989746727818524, 37.337392969061824 ], [ 14.989471572757264, 37.337469324776947 ], [ 14.989265206461317, 37.33754568049207 ], [ 14.989058840165372, 37.337622036207193 ], [ 14.988852473869425, 37.337622036207193 ], [ 14.98864610757348, 37.337698391922316 ], [ 14.988370952512218, 37.33777474763744 ], [ 14.988164586216271, 37.337851103352563 ], [ 14.987958219920326, 37.337851103352563 ], [ 14.987820642389696, 37.337851103352563 ], [ 14.987614276093749, 37.337927459067686 ], [ 14.987407909797804, 37.337927459067686 ], [ 14.987201543501858, 37.337927459067686 ], [ 14.987063965971227, 37.337927459067686 ], [ 14.986857599675281, 37.337927459067686 ], [ 14.986169712022129, 37.338003814782809 ], [ 14.985894556960867, 37.338003814782809 ], [ 14.98568819066492, 37.338003814782809 ], [ 14.98541303560366, 37.338003814782809 ], [ 14.985275458073028, 37.338003814782809 ], [ 14.985206669307713, 37.338003814782809 ], [ 14.985069091777083, 37.338080170497932 ], [ 14.985000303011768, 37.338080170497932 ], [ 14.984862725481136, 37.338080170497932 ], [ 14.984793936715821, 37.338080170497932 ], [ 14.984656359185191, 37.338156526213055 ], [ 14.984587570419876, 37.338156526213055 ], [ 14.984106049062667, 37.338232881928178 ], [ 14.983968471532037, 37.338309237643301 ], [ 14.983899682766722, 37.338309237643301 ], [ 14.983762105236092, 37.338385593358424 ], [ 14.98362452770546, 37.338385593358424 ], [ 14.983555738940145, 37.338461949073547 ], [ 14.983418161409515, 37.338538304788671 ], [ 14.983349372644199, 37.338538304788671 ], [ 14.983280583878884, 37.338614660503794 ], [ 14.983211795113569, 37.338614660503794 ], [ 14.983211795113569, 37.338691016218917 ], [ 14.983143006348254, 37.338691016218917 ], [ 14.982936640052307, 37.338920083364286 ], [ 14.982799062521677, 37.338996439079409 ], [ 14.982799062521677, 37.339072794794532 ], [ 14.982730273756362, 37.339072794794532 ], [ 14.982661484991047, 37.339149150509662 ], [ 14.982592696225732, 37.339149150509662 ], [ 14.9824551186951, 37.339225506224786 ], [ 14.98231754116447, 37.339301861939909 ], [ 14.98217996363384, 37.339378217655032 ], [ 14.982042386103208, 37.339454573370155 ], [ 14.981836019807263, 37.339530929085278 ], [ 14.981698442276631, 37.339530929085278 ], [ 14.981560864746001, 37.339607284800401 ], [ 14.981423287215371, 37.339683640515524 ], [ 14.981285709684739, 37.339683640515524 ], [ 14.981148132154109, 37.339683640515524 ], [ 14.981010554623479, 37.339759996230647 ], [ 14.980872977092847, 37.339759996230647 ], [ 14.980735399562217, 37.339759996230647 ], [ 14.980666610796902, 37.339759996230647 ], [ 14.980597822031587, 37.339759996230647 ], [ 14.98052903326627, 37.339759996230647 ], [ 14.980460244500955, 37.339683640515524 ], [ 14.98039145573564, 37.339683640515524 ], [ 14.98025387820501, 37.339683640515524 ], [ 14.980185089439695, 37.339683640515524 ], [ 14.980116300674378, 37.339607284800401 ], [ 14.980047511909063, 37.339607284800401 ], [ 14.979978723143748, 37.339530929085278 ], [ 14.979909934378433, 37.339530929085278 ], [ 14.979841145613118, 37.339530929085278 ], [ 14.979772356847803, 37.339454573370155 ], [ 14.979703568082487, 37.339454573370155 ], [ 14.979634779317172, 37.339378217655032 ], [ 14.979565990551857, 37.339378217655032 ], [ 14.979565990551857, 37.339301861939909 ], [ 14.979497201786542, 37.339301861939909 ], [ 14.979428413021227, 37.339225506224786 ], [ 14.979428413021227, 37.339149150509662 ], [ 14.979359624255911, 37.339149150509662 ], [ 14.979359624255911, 37.339072794794532 ], [ 14.979359624255911, 37.338996439079409 ], [ 14.979359624255911, 37.338920083364286 ], [ 14.979428413021227, 37.338920083364286 ], [ 14.979428413021227, 37.338843727649163 ], [ 14.979428413021227, 37.33876737193404 ], [ 14.979497201786542, 37.33876737193404 ], [ 14.979497201786542, 37.338691016218917 ], [ 14.979565990551857, 37.338614660503794 ], [ 14.979634779317172, 37.338538304788671 ], [ 14.979703568082487, 37.338461949073547 ], [ 14.979772356847803, 37.338385593358424 ], [ 14.979841145613118, 37.338309237643301 ], [ 14.979909934378433, 37.338156526213055 ], [ 14.980322666970325, 37.33777474763744 ], [ 14.98039145573564, 37.337698391922316 ], [ 14.980460244500955, 37.33754568049207 ], [ 14.98052903326627, 37.33754568049207 ], [ 14.980597822031587, 37.337469324776947 ], [ 14.980666610796902, 37.337392969061824 ], [ 14.980735399562217, 37.337316613346701 ], [ 14.980804188327532, 37.337240257631571 ], [ 14.980872977092847, 37.337163901916448 ], [ 14.980941765858162, 37.337087546201325 ], [ 14.981010554623479, 37.337011190486201 ], [ 14.981148132154109, 37.336934834771078 ], [ 14.981354498450054, 37.336782123340832 ], [ 14.981560864746001, 37.336705767625709 ], [ 14.981973597337893, 37.336400344765217 ], [ 14.98217996363384, 37.33624763333497 ], [ 14.982248752399155, 37.336171277619847 ], [ 14.982386329929785, 37.336094921904724 ], [ 14.9824551186951, 37.336018566189601 ], [ 14.982523907460415, 37.335942210474478 ], [ 14.982592696225732, 37.335865854759355 ], [ 14.982661484991047, 37.335789499044232 ], [ 14.982730273756362, 37.335713143329109 ], [ 14.982799062521677, 37.335713143329109 ], [ 14.982867851286992, 37.335636787613986 ], [ 14.982936640052307, 37.335560431898863 ], [ 14.983005428817624, 37.335484076183732 ], [ 14.983074217582939, 37.335407720468609 ], [ 14.983074217582939, 37.335331364753486 ], [ 14.983143006348254, 37.335255009038363 ], [ 14.983143006348254, 37.33517865332324 ], [ 14.983211795113569, 37.33517865332324 ], [ 14.983211795113569, 37.335102297608117 ], [ 14.983211795113569, 37.335025941892994 ], [ 14.983280583878884, 37.334949586177871 ], [ 14.983280583878884, 37.334873230462748 ], [ 14.983349372644199, 37.334796874747624 ], [ 14.983349372644199, 37.334644163317378 ], [ 14.983349372644199, 37.334567807602255 ], [ 14.983349372644199, 37.334491451887132 ], [ 14.983418161409515, 37.334262384741763 ], [ 14.98348695017483, 37.333880606166147 ], [ 14.98348695017483, 37.333651539020771 ], [ 14.983555738940145, 37.333498827590525 ], [ 14.98362452770546, 37.333346116160278 ], [ 14.98362452770546, 37.333269760445155 ], [ 14.98362452770546, 37.333117049014909 ], [ 14.983693316470776, 37.333040693299786 ], [ 14.983693316470776, 37.332964337584663 ], [ 14.983762105236092, 37.33288798186954 ], [ 14.983762105236092, 37.332811626154417 ], [ 14.983830894001407, 37.332735270439294 ], [ 14.983830894001407, 37.332658914724171 ], [ 14.983968471532037, 37.332582559009047 ], [ 14.984037260297352, 37.332429847578801 ], [ 14.984106049062667, 37.332277136148555 ], [ 14.984174837827984, 37.332200780433432 ], [ 14.984312415358614, 37.332048069003186 ], [ 14.984381204123929, 37.331971713288063 ], [ 14.984449992889244, 37.33189535757294 ], [ 14.984518781654559, 37.331742646142686 ], [ 14.984587570419876, 37.331666290427563 ], [ 14.984725147950506, 37.33158993471244 ], [ 14.984793936715821, 37.331513578997317 ], [ 14.984862725481136, 37.331437223282194 ], [ 14.984931514246451, 37.331360867567071 ], [ 14.985069091777083, 37.331284511851948 ], [ 14.985137880542398, 37.331208156136825 ], [ 14.985206669307713, 37.331131800421701 ], [ 14.985344246838343, 37.331131800421701 ], [ 14.98541303560366, 37.331055444706578 ], [ 14.985481824368975, 37.330979088991455 ], [ 14.985619401899605, 37.330979088991455 ], [ 14.985756979430235, 37.330902733276332 ], [ 14.985825768195552, 37.330826377561209 ], [ 14.985963345726182, 37.330750021846086 ], [ 14.986100923256812, 37.330750021846086 ], [ 14.986238500787444, 37.330673666130963 ], [ 14.986376078318074, 37.330673666130963 ], [ 14.986513655848704, 37.33059731041584 ], [ 14.986651233379336, 37.330520954700717 ], [ 14.986857599675281, 37.330520954700717 ], [ 14.986995177205912, 37.330444598985594 ], [ 14.987201543501858, 37.330444598985594 ], [ 14.987407909797804, 37.33036824327047 ], [ 14.987683064859064, 37.330291887555347 ], [ 14.987889431155011, 37.330215531840224 ], [ 14.988164586216271, 37.330215531840224 ], [ 14.988439741277533, 37.330139176125101 ], [ 14.98864610757348, 37.330139176125101 ], [ 14.988852473869425, 37.330062820409978 ], [ 14.989127628930687, 37.330062820409978 ], [ 14.989333995226632, 37.330062820409978 ], [ 14.989540361522579, 37.330062820409978 ], [ 14.989746727818524, 37.330062820409978 ], [ 14.989953094114471, 37.330062820409978 ], [ 14.990159460410416, 37.330062820409978 ], [ 14.990365826706363, 37.330062820409978 ], [ 14.990503404236993, 37.330062820409978 ], [ 14.99070977053294, 37.330062820409978 ], [ 14.990778559298255, 37.330139176125101 ], [ 14.99084734806357, 37.330139176125101 ], [ 14.991191291890146, 37.330215531840224 ], [ 14.991328869420776, 37.330215531840224 ], [ 14.991466446951408, 37.330291887555347 ], [ 14.991604024482038, 37.330291887555347 ], [ 14.991672813247353, 37.330291887555347 ], [ 14.991741602012668, 37.33036824327047 ], [ 14.991810390777985, 37.33036824327047 ], [ 14.9918791795433, 37.33036824327047 ], [ 14.9918791795433, 37.330444598985594 ], [ 14.991947968308615, 37.330444598985594 ], [ 14.99201675707393, 37.330444598985594 ], [ 14.99201675707393, 37.330520954700717 ], [ 14.992085545839245, 37.330520954700717 ], [ 14.992085545839245, 37.33059731041584 ], [ 14.99215433460456, 37.330673666130963 ], [ 14.992223123369877, 37.330750021846086 ], [ 14.992291912135192, 37.330979088991455 ], [ 14.992291912135192, 37.331055444706578 ], [ 14.992360700900507, 37.331131800421701 ], [ 14.992429489665822, 37.331208156136825 ], [ 14.992498278431137, 37.331208156136825 ], [ 14.992498278431137, 37.331284511851948 ], [ 14.992567067196452, 37.331284511851948 ], [ 14.992635855961769, 37.331360867567071 ], [ 14.992704644727084, 37.331360867567071 ], [ 14.992773433492399, 37.331360867567071 ], [ 14.992842222257714, 37.331360867567071 ], [ 14.992911011023029, 37.331360867567071 ], [ 14.992979799788344, 37.331437223282194 ], [ 14.993117377318976, 37.331437223282194 ], [ 14.993254954849606, 37.331437223282194 ], [ 14.993392532380238, 37.331437223282194 ], [ 14.993667687441498, 37.331360867567071 ], [ 14.99380526497213, 37.331360867567071 ], [ 14.993874053737445, 37.331360867567071 ], [ 14.99394284250276, 37.331360867567071 ], [ 14.99408042003339, 37.331360867567071 ], [ 14.994149208798705, 37.331284511851948 ], [ 14.994286786329337, 37.331284511851948 ], [ 14.994355575094652, 37.331208156136825 ], [ 14.994493152625282, 37.331208156136825 ], [ 14.994561941390597, 37.331131800421701 ], [ 14.994699518921228, 37.331055444706578 ], [ 14.994768307686543, 37.330979088991455 ], [ 14.994905885217173, 37.330902733276332 ], [ 14.994974673982489, 37.330826377561209 ], [ 14.99511225151312, 37.330750021846086 ], [ 14.995524984105012, 37.330444598985594 ], [ 14.995731350400957, 37.330291887555347 ], [ 14.995800139166274, 37.330215531840224 ], [ 14.995937716696904, 37.330215531840224 ], [ 14.996006505462219, 37.330139176125101 ], [ 14.996075294227534, 37.330062820409978 ], [ 14.996212871758166, 37.330062820409978 ], [ 14.996281660523481, 37.329986464694848 ], [ 14.996350449288796, 37.329910108979725 ], [ 14.996488026819426, 37.329910108979725 ], [ 14.996556815584741, 37.329910108979725 ], [ 14.996694393115373, 37.329833753264602 ], [ 14.996763181880688, 37.329833753264602 ], [ 14.996831970646003, 37.329833753264602 ] ] ] } },
{ "type": "Feature", "properties": { "id": "40825", "FIREDATE": "2020-07-24 13:00:00", "FINALDATE": "2020-07-24 13:00:00", "LASTUPDATE": "2022-01-26 11:45:36.105095", "COUNTRY": "IT", "PROVINCE": "Siracusa", "COMMUNE": "Lentini", "AREA_HA": "38", "BROADLEA": "0", "CONIFER": "0", "MIXED": "0", "SCLEROPH": "0", "TRANSIT": "0", "OTHERNATLC": "0", "AGRIAREAS": "97.4358974356476", "ARTIFSURF": "2.5641025640959896", "OTHERLC": "0", "PERCNA2K": "0", "year": 2020, "source": "EFFIS" }, "geometry": { "type": "Polygon", "coordinates": [ [ [ 14.958172684538791, 37.166203455755166 ], [ 14.958241473304106, 37.165898032894674 ], [ 14.958516628365368, 37.165745321464428 ], [ 14.958860572191943, 37.165745321464428 ], [ 14.959342093549152, 37.165821677179551 ], [ 14.959823614906359, 37.165745321464428 ], [ 14.960305136263566, 37.165668965749305 ], [ 14.960786657620773, 37.165439898603935 ], [ 14.96126817897798, 37.165210831458559 ], [ 14.961680911569871, 37.16498176431319 ], [ 14.962093644161763, 37.164829052882943 ], [ 14.962506376753655, 37.16475269716782 ], [ 14.962919109345549, 37.16475269716782 ], [ 14.963194264406809, 37.16475269716782 ], [ 14.963469419468071, 37.164829052882943 ], [ 14.963538208233386, 37.16498176431319 ], [ 14.963606996998701, 37.165134475743436 ], [ 14.964019729590593, 37.165210831458559 ], [ 14.964707617243747, 37.165134475743436 ], [ 14.965808237488792, 37.16498176431319 ], [ 14.967252801560413, 37.164676341452697 ], [ 14.968422210570774, 37.164599985737574 ], [ 14.969316464519872, 37.164829052882943 ], [ 14.969935563407711, 37.165287187173682 ], [ 14.970279507234288, 37.165974388609797 ], [ 14.970348295999603, 37.166508878615659 ], [ 14.970279507234288, 37.166890657191274 ], [ 14.970004352173026, 37.16704336862152 ], [ 14.969522830815819, 37.16704336862152 ], [ 14.969041309458612, 37.167119724336644 ], [ 14.96862857686672, 37.167196080051767 ], [ 14.968215844274829, 37.16734879148202 ], [ 14.967871900448252, 37.167577858627389 ], [ 14.967321590325728, 37.167883281487882 ], [ 14.966496125141944, 37.168188704348374 ], [ 14.96553308242753, 37.168646838639113 ], [ 14.964294884651855, 37.169104972929858 ], [ 14.963400630702756, 37.169334040075228 ], [ 14.962850320580232, 37.169410395790351 ], [ 14.962643954284287, 37.169181328644981 ], [ 14.962712743049602, 37.168723194354236 ], [ 14.962712743049602, 37.168417771493743 ], [ 14.962575165518972, 37.168188704348374 ], [ 14.96230001045771, 37.168035992918128 ], [ 14.961956066631133, 37.168035992918128 ], [ 14.961612122804556, 37.168188704348374 ], [ 14.961199390212665, 37.168417771493743 ], [ 14.960786657620773, 37.168723194354236 ], [ 14.960373925028881, 37.169257684360105 ], [ 14.959961192436989, 37.169410395790351 ], [ 14.959617248610412, 37.169334040075228 ], [ 14.95920451601852, 37.168952261499605 ], [ 14.958860572191943, 37.168265060063497 ], [ 14.958585417130683, 37.167730570057635 ], [ 14.958379050834736, 37.167119724336644 ], [ 14.958241473304106, 37.166661590045905 ], [ 14.958172684538791, 37.166203455755166 ] ] ] } },
{ "type": "Feature", "properties": { "id": "41437", "FIREDATE": "2020-07-31 00:18:00", "FINALDATE": "2020-07-31 01:06:00", "LASTUPDATE": "2022-01-26 11:45:36.105095", "COUNTRY": "IT", "PROVINCE": "Siracusa", "COMMUNE": "Carlentini", "AREA_HA": "77", "BROADLEA": "0", "CONIFER": "0", "MIXED": "0", "SCLEROPH": "0", "TRANSIT": "0", "OTHERNATLC": "48.051948051885645", "AGRIAREAS": "51.94805194798449", "ARTIFSURF": "0", "OTHERLC": "0", "PERCNA2K": "0", "year": 2020, "source": "EFFIS" }, "geometry": { "type": "Polygon", "coordinates": [ [ [ 15.025998407139701, 37.209955280520873 ], [ 15.02703023861943, 37.209955280520873 ], [ 15.027855703803215, 37.210184347666242 ], [ 15.028406013925737, 37.210566126241858 ], [ 15.028681168986999, 37.21110061624772 ], [ 15.028818746517629, 37.211635106253588 ], [ 15.028681168986999, 37.212016884829204 ], [ 15.028474802691052, 37.212245951974573 ], [ 15.027993281333845, 37.212475019119942 ], [ 15.027580548741954, 37.212704086265312 ], [ 15.027305393680692, 37.213085864840934 ], [ 15.02703023861943, 37.21346764341655 ], [ 15.026823872323485, 37.214002133422412 ], [ 15.026823872323485, 37.21446026771315 ], [ 15.02703023861943, 37.214842046288773 ], [ 15.027374182446007, 37.215147469149265 ], [ 15.027855703803215, 37.215452892009758 ], [ 15.028130858864476, 37.215834670585373 ], [ 15.028199647629791, 37.216292804876112 ], [ 15.027993281333845, 37.21682729488198 ], [ 15.027511759976639, 37.217438140602965 ], [ 15.026961449854115, 37.21804898632395 ], [ 15.026342350966278, 37.218507120614696 ], [ 15.025654463313124, 37.218965254905434 ], [ 15.02496657565997, 37.21934703348105 ], [ 15.024209899241502, 37.219423389196173 ], [ 15.023590800353665, 37.21934703348105 ], [ 15.022971701465826, 37.218888899190311 ], [ 15.022352602577989, 37.218278053469319 ], [ 15.021871081220782, 37.217743563463458 ], [ 15.021389559863573, 37.217438140602965 ], [ 15.020976827271681, 37.217209073457596 ], [ 15.02056409467979, 37.217209073457596 ], [ 15.020220150853213, 37.217285429172719 ], [ 15.019807418261321, 37.217438140602965 ], [ 15.019463474434746, 37.217667207748335 ], [ 15.019050741842854, 37.217972630608827 ], [ 15.0183628541897, 37.218125342039073 ], [ 15.017331022709969, 37.218201697754196 ], [ 15.016092824934294, 37.218125342039073 ], [ 15.014441894566726, 37.217896274893704 ], [ 15.013272485556366, 37.217590852033211 ], [ 15.012515809137897, 37.217209073457596 ], [ 15.01217186531132, 37.216750939166857 ], [ 15.012240654076637, 37.216140093445865 ], [ 15.012653386668529, 37.215605603440004 ], [ 15.013478851852312, 37.215071113434142 ], [ 15.014579472097356, 37.214536623428273 ], [ 15.016024036168979, 37.214078489137535 ], [ 15.017331022709969, 37.213773066277042 ], [ 15.0183628541897, 37.213696710561919 ], [ 15.019188319373484, 37.213925777707288 ], [ 15.019876207026638, 37.214307556282904 ], [ 15.020495305914475, 37.214612979143396 ], [ 15.021045616036998, 37.214842046288773 ], [ 15.02159592615952, 37.214918402003896 ], [ 15.022146236282042, 37.214842046288773 ], [ 15.022490180108619, 37.214536623428273 ], [ 15.022765335169881, 37.213925777707288 ], [ 15.022834123935196, 37.213085864840934 ], [ 15.022765335169881, 37.211940529114081 ], [ 15.023109278996458, 37.21110061624772 ], [ 15.023728377884295, 37.210413414811612 ], [ 15.02469142059871, 37.210031636235996 ], [ 15.025998407139701, 37.209955280520873 ] ] ] } },
{ "type": "Feature", "properties": { "id": "41496", "FIREDATE": "2020-08-03 12:10:00", "FINALDATE": "2020-08-03 12:18:00", "LASTUPDATE": "2022-01-26 11:45:36.105095", "COUNTRY": "IT", "PROVINCE": "Siracusa", "COMMUNE": "Carlentini", "AREA_HA": "296", "BROADLEA": "0", "CONIFER": "0", "MIXED": "0", "SCLEROPH": "0", "TRANSIT": "0", "OTHERNATLC": "89.22558922555919", "AGRIAREAS": "10.774410774407148", "ARTIFSURF": "0", "OTHERLC": "0", "PERCNA2K": "0", "year": 2020, "source": "EFFIS" }, "geometry": { "type": "Polygon", "coordinates": [ [ [ 14.992979799788344, 37.310210334477894 ], [ 14.993736476206813, 37.310592113053509 ], [ 14.993736476206813, 37.310744824483756 ], [ 14.993048588553661, 37.312119227355979 ], [ 14.992429489665822, 37.313188207367702 ], [ 14.991191291890146, 37.315097100245787 ], [ 14.99070977053294, 37.315631590251655 ], [ 14.989333995226632, 37.317082348838994 ], [ 14.988577318808165, 37.317845905990232 ], [ 14.986926388440596, 37.319525731722948 ], [ 14.986238500787444, 37.320212933159056 ], [ 14.984725147950506, 37.321281913170786 ], [ 14.984174837827984, 37.321510980316155 ], [ 14.982867851286992, 37.321587336031278 ], [ 14.98231754116447, 37.321434624601032 ], [ 14.981079343388794, 37.32112920174054 ], [ 14.980666610796902, 37.321052846025417 ], [ 14.97908446919465, 37.320518356019548 ], [ 14.978121426480234, 37.320212933159056 ], [ 14.976676862408613, 37.319754798868317 ], [ 14.976332918582036, 37.319754798868317 ], [ 14.974750776979784, 37.319525731722948 ], [ 14.973718945500053, 37.319373020292701 ], [ 14.972136803897801, 37.318838530286833 ], [ 14.971792860071226, 37.318609463141463 ], [ 14.970898606122125, 37.317693194559986 ], [ 14.970485873530233, 37.317235060269248 ], [ 14.969729197111764, 37.31624243597264 ], [ 14.969522830815819, 37.315860657397025 ], [ 14.969178886989242, 37.315402523106286 ], [ 14.969110098223927, 37.315326167391156 ], [ 14.968559788101405, 37.31494438881554 ], [ 14.968147055509514, 37.314638965955048 ], [ 14.967252801560413, 37.314409898809679 ], [ 14.966908857733836, 37.314562610239925 ], [ 14.966564913907261, 37.314638965955048 ], [ 14.966014603784737, 37.314638965955048 ], [ 14.96553308242753, 37.314638965955048 ], [ 14.964157307121225, 37.314104475949186 ], [ 14.963469419468071, 37.313722697373571 ], [ 14.962231221692395, 37.313264563082825 ], [ 14.961818489100503, 37.313340918797948 ], [ 14.960786657620773, 37.313417274513071 ], [ 14.960305136263566, 37.313417274513071 ], [ 14.958447839600051, 37.31288278450721 ], [ 14.957416008120322, 37.312424650216471 ], [ 14.955558711456808, 37.311432025919864 ], [ 14.955077190099601, 37.311050247344248 ], [ 14.954458091211762, 37.309981267332525 ], [ 14.954389302446447, 37.309523133041779 ], [ 14.954595668742394, 37.308683220175425 ], [ 14.954802035038339, 37.308377797314932 ], [ 14.955558711456808, 37.308148730169563 ], [ 14.955902655283385, 37.308225085884686 ], [ 14.956315387875277, 37.308606864460302 ], [ 14.956315387875277, 37.308835931605671 ], [ 14.956384176640592, 37.309217710181287 ], [ 14.956452965405907, 37.30929406589641 ], [ 14.956659331701854, 37.309523133041779 ], [ 14.956728120467169, 37.309675844472025 ], [ 14.957072064293746, 37.309752200187148 ], [ 14.957209641824376, 37.309828555902271 ], [ 14.957553585650952, 37.309599488756902 ], [ 14.957759951946899, 37.309446777326656 ], [ 14.958241473304106, 37.30929406589641 ], [ 14.958516628365368, 37.30929406589641 ], [ 14.95906693848789, 37.309523133041779 ], [ 14.95920451601852, 37.309675844472025 ], [ 14.960098769967619, 37.310439401623263 ], [ 14.960649080090143, 37.310821180198879 ], [ 14.961956066631133, 37.31135567020474 ], [ 14.962643954284287, 37.311432025919864 ], [ 14.964019729590593, 37.311279314489617 ], [ 14.964570039713117, 37.311202958774494 ], [ 14.965739448723477, 37.311050247344248 ], [ 14.966152181315369, 37.311126603059371 ], [ 14.967184012795098, 37.311202958774494 ], [ 14.96759674538699, 37.311202958774494 ], [ 14.968903731927981, 37.310973891629125 ], [ 14.969591619581134, 37.310744824483756 ], [ 14.971448916244649, 37.310133978762771 ], [ 14.972274381428432, 37.309828555902271 ], [ 14.974750776979784, 37.309141354466163 ], [ 14.975920185990145, 37.308835931605671 ], [ 14.977915060184289, 37.308148730169563 ], [ 14.978465370306811, 37.307919663024187 ], [ 14.979497201786542, 37.307461528733448 ], [ 14.979909934378433, 37.307308817303202 ], [ 14.981079343388794, 37.306545260151971 ], [ 14.981698442276631, 37.306087125861225 ], [ 14.98348695017483, 37.305323568709994 ], [ 14.984381204123929, 37.305094501564625 ], [ 14.985894556960867, 37.304865434419256 ], [ 14.986238500787444, 37.304865434419256 ], [ 14.986788810909966, 37.304941790134379 ], [ 14.986926388440596, 37.305018145849502 ], [ 14.987339121032488, 37.306239837291479 ], [ 14.987545487328434, 37.307156105872956 ], [ 14.987820642389696, 37.308835931605671 ], [ 14.987820642389696, 37.30929406589641 ], [ 14.987958219920326, 37.310057623047648 ], [ 14.988095797450956, 37.310210334477894 ], [ 14.988577318808165, 37.31036304590814 ], [ 14.988852473869425, 37.310286690193017 ], [ 14.989540361522579, 37.310057623047648 ], [ 14.989815516583841, 37.309828555902271 ], [ 14.990640981767624, 37.309675844472025 ], [ 14.991053714359516, 37.309752200187148 ], [ 14.992291912135192, 37.310057623047648 ], [ 14.992979799788344, 37.310210334477894 ] ] ] } },
{ "type": "Feature", "properties": { "id": "26457", "FIREDATE": "2020-06-19 12:12:00", "FINALDATE": "2020-06-19 12:12:00", "LASTUPDATE": "2022-01-26 11:45:36.105095", "COUNTRY": "IT", "PROVINCE": "Siracusa", "COMMUNE": "Carlentini", "AREA_HA": "6", "BROADLEA": "0", "CONIFER": "0", "MIXED": "0", "SCLEROPH": "0", "TRANSIT": "0", "OTHERNATLC": "99.99999999833334", "AGRIAREAS": "0", "ARTIFSURF": "0", "OTHERLC": "0", "PERCNA2K": "0", "year": 2020, "source": "EFFIS" }, "geometry": { "type": "Polygon", "coordinates": [ [ [ 15.009489103464023, 37.262564368240895 ], [ 15.009626680994653, 37.262640723956018 ], [ 15.009764258525284, 37.262717079671141 ], [ 15.009764258525284, 37.262869791101387 ], [ 15.0098330472906, 37.26294614681651 ], [ 15.009764258525284, 37.263098858246757 ], [ 15.009695469759968, 37.263327925392126 ], [ 15.009626680994653, 37.263480636822372 ], [ 15.009489103464023, 37.263633348252618 ], [ 15.009420314698708, 37.263786059682865 ], [ 15.009282737168077, 37.263938771113111 ], [ 15.009007582106815, 37.264015126828234 ], [ 15.008732427045555, 37.264167838258487 ], [ 15.008457271984293, 37.26424419397361 ], [ 15.008182116923031, 37.264396905403856 ], [ 15.008113328157716, 37.264549616834103 ], [ 15.008113328157716, 37.264702328264349 ], [ 15.008250905688348, 37.264931395409718 ], [ 15.008250905688348, 37.265084106839964 ], [ 15.008182116923031, 37.265389529700457 ], [ 15.007906961861771, 37.265618596845826 ], [ 15.007563018035194, 37.265924019706318 ], [ 15.007219074208617, 37.266153086851695 ], [ 15.00687513038204, 37.266229442566818 ], [ 15.006599975320778, 37.266153086851695 ], [ 15.006324820259518, 37.266000375421449 ], [ 15.006187242728886, 37.265847663991195 ], [ 15.006187242728886, 37.265694952560949 ], [ 15.006256031494203, 37.265542241130703 ], [ 15.006531186555463, 37.265389529700457 ], [ 15.006668764086095, 37.265236818270211 ], [ 15.006806341616725, 37.265084106839964 ], [ 15.006806341616725, 37.264931395409718 ], [ 15.006806341616725, 37.264778683979472 ], [ 15.006806341616725, 37.264625972549226 ], [ 15.00687513038204, 37.264396905403856 ], [ 15.007012707912672, 37.264091482543357 ], [ 15.007219074208617, 37.263709703967741 ], [ 15.007356651739247, 37.263404281107249 ], [ 15.007563018035194, 37.26317521396188 ], [ 15.007769384331139, 37.26294614681651 ], [ 15.007975750627086, 37.262793435386264 ], [ 15.008182116923031, 37.262717079671141 ], [ 15.008388483218978, 37.262564368240895 ], [ 15.008594849514923, 37.262488012525772 ], [ 15.008870004576185, 37.262488012525772 ], [ 15.009076370872132, 37.262488012525772 ], [ 15.009282737168077, 37.262488012525772 ], [ 15.009489103464023, 37.262564368240895 ] ] ] } },
{ "type": "Feature", "properties": { "id": "40157", "FIREDATE": "2020-07-01 01:18:00", "FINALDATE": "2020-07-01 01:18:00", "LASTUPDATE": "2022-01-26 11:45:36.105095", "COUNTRY": "IT", "PROVINCE": "Siracusa", "COMMUNE": "Carlentini", "AREA_HA": "5", "BROADLEA": "0", "CONIFER": "0", "MIXED": "0", "SCLEROPH": "0", "TRANSIT": "0", "OTHERNATLC": "79.9999999984", "AGRIAREAS": "19.9999999996", "ARTIFSURF": "0", "OTHERLC": "0", "PERCNA2K": "0", "year": 2020, "source": "EFFIS" }, "geometry": { "type": "Polygon", "coordinates": [ [ [ 14.943314311230681, 37.279973471289026 ], [ 14.943245522465364, 37.280278894149518 ], [ 14.943107944934734, 37.28058431701001 ], [ 14.942832789873473, 37.280966095585633 ], [ 14.942420057281581, 37.281500585591495 ], [ 14.941938535924374, 37.28211143131248 ], [ 14.941319437036537, 37.282569565603225 ], [ 14.940769126914013, 37.282951344178841 ], [ 14.940081239260861, 37.283256767039333 ], [ 14.939462140373022, 37.283409478469579 ], [ 14.939118196546445, 37.283333122754456 ], [ 14.939118196546445, 37.283104055609087 ], [ 14.939462140373022, 37.282645921318348 ], [ 14.940081239260861, 37.281958719882233 ], [ 14.940769126914013, 37.281347874161249 ], [ 14.941319437036537, 37.280813384155387 ], [ 14.941938535924374, 37.280431605579764 ], [ 14.942488846046897, 37.280126182719272 ], [ 14.942901578638789, 37.279973471289026 ], [ 14.943176733700049, 37.279897115573903 ], [ 14.943314311230681, 37.279973471289026 ] ] ] } },
{ "type": "Feature", "properties": { "id": "40824", "FIREDATE": "2020-07-22 11:06:00", "FINALDATE": "2020-07-24 11:18:00", "LASTUPDATE": "2022-01-26 11:45:36.105095", "COUNTRY": "IT", "PROVINCE": "Siracusa", "COMMUNE": "Lentini", "AREA_HA": "73", "BROADLEA": "0", "CONIFER": "0", "MIXED": "0", "SCLEROPH": "0", "TRANSIT": "0", "OTHERNATLC": "0", "AGRIAREAS": "99.99999999986487", "ARTIFSURF": "0", "OTHERLC": "0", "PERCNA2K": "0", "year": 2020, "source": "EFFIS" }, "geometry": { "type": "Polygon", "coordinates": [ [ [ 14.949161356282483, 37.168723194354236 ], [ 14.949574088874375, 37.169563107220597 ], [ 14.949574088874375, 37.170250308656705 ], [ 14.949092567517168, 37.170708442947443 ], [ 14.948198313568069, 37.171090221523066 ], [ 14.946822538261761, 37.171242932953312 ], [ 14.945928284312663, 37.171777422959174 ], [ 14.945653129251401, 37.172846402970904 ], [ 14.945859495547348, 37.174297161558243 ], [ 14.946616171965816, 37.176282410151451 ], [ 14.947097693323023, 37.177733168738797 ], [ 14.94730405961897, 37.178649437320281 ], [ 14.947235270853653, 37.17910757161102 ], [ 14.946822538261761, 37.17910757161102 ], [ 14.946478594435185, 37.178954860180774 ], [ 14.946065861843293, 37.178725793035404 ], [ 14.945653129251401, 37.178344014459789 ], [ 14.945240396659509, 37.177885880169043 ], [ 14.944896452832934, 37.177656813023674 ], [ 14.944690086536987, 37.177656813023674 ], [ 14.944483720241042, 37.177885880169043 ], [ 14.944414931475725, 37.178420370174912 ], [ 14.944277353945095, 37.178878504465651 ], [ 14.944277353945095, 37.179260283041266 ], [ 14.94420856517978, 37.179565705901759 ], [ 14.94420856517978, 37.179794773047128 ], [ 14.944002198883833, 37.179947484477374 ], [ 14.943727043822573, 37.180100195907627 ], [ 14.943245522465364, 37.180100195907627 ], [ 14.942626423577527, 37.180100195907627 ], [ 14.942076113455004, 37.179794773047128 ], [ 14.941457014567167, 37.179183927326143 ], [ 14.940906704444645, 37.178344014459789 ], [ 14.940356394322121, 37.177122323017812 ], [ 14.939806084199599, 37.176282410151451 ], [ 14.93918698531176, 37.175671564430466 ], [ 14.938567886423924, 37.175366141569974 ], [ 14.93787999877077, 37.175366141569974 ], [ 14.937467266178878, 37.175289785854851 ], [ 14.937329688648248, 37.175060718709481 ], [ 14.937398477413563, 37.174755295848989 ], [ 14.93774242124014, 37.174297161558243 ], [ 14.938155153832032, 37.173839027267505 ], [ 14.938705463954554, 37.173304537261643 ], [ 14.939324562842392, 37.172693691540651 ], [ 14.940081239260861, 37.172082845819666 ], [ 14.940700338148698, 37.171548355813805 ], [ 14.941319437036537, 37.171242932953312 ], [ 14.941938535924374, 37.17093751009282 ], [ 14.942420057281581, 37.17086115437769 ], [ 14.942832789873473, 37.17063208723232 ], [ 14.943176733700049, 37.170326664371828 ], [ 14.943451888761311, 37.169868530081089 ], [ 14.943589466291941, 37.169334040075228 ], [ 14.943795832587888, 37.168799550069359 ], [ 14.94420856517978, 37.16834141577862 ], [ 14.944690086536987, 37.167959637203005 ], [ 14.945309185424826, 37.167654214342512 ], [ 14.945928284312663, 37.16734879148202 ], [ 14.946547383200501, 37.167272435766897 ], [ 14.947097693323023, 37.167272435766897 ], [ 14.947648003445545, 37.16734879148202 ], [ 14.948198313568069, 37.167577858627389 ], [ 14.948679834925276, 37.168035992918128 ], [ 14.949161356282483, 37.168723194354236 ] ] ] } },
{ "type": "Feature", "properties": { "id": "42248", "FIREDATE": "2020-08-14 23:42:00", "FINALDATE": "2020-08-15 00:36:00", "LASTUPDATE": "2022-01-26 11:45:36.105095", "COUNTRY": "IT", "PROVINCE": "Siracusa", "COMMUNE": "Lentini", "AREA_HA": "27", "BROADLEA": "0", "CONIFER": "0", "MIXED": "0", "SCLEROPH": "0", "TRANSIT": "0", "OTHERNATLC": "0", "AGRIAREAS": "99.99999999965517", "ARTIFSURF": "0", "OTHERLC": "0", "PERCNA2K": "36.193414843726025", "year": 2020, "source": "EFFIS" }, "geometry": { "type": "Polygon", "coordinates": [ [ [ 14.926873796320319, 37.185750518826758 ], [ 14.926873796320319, 37.18628500883262 ], [ 14.926736218789687, 37.186743143123358 ], [ 14.926529852493742, 37.187124921698974 ], [ 14.92625469743248, 37.187506700274596 ], [ 14.925910753605903, 37.187812123135089 ], [ 14.925635598544641, 37.188117545995581 ], [ 14.925566809779326, 37.188499324571197 ], [ 14.925566809779326, 37.188957458861935 ], [ 14.925704387309958, 37.189415593152681 ], [ 14.925773176075273, 37.18987372744342 ], [ 14.925773176075273, 37.190331861734158 ], [ 14.925773176075273, 37.190789996024897 ], [ 14.925635598544641, 37.191324486030766 ], [ 14.925566809779326, 37.191782620321504 ], [ 14.925566809779326, 37.19216439889712 ], [ 14.925635598544641, 37.192622533187858 ], [ 14.925704387309958, 37.193004311763481 ], [ 14.925566809779326, 37.193386090339096 ], [ 14.925291654718066, 37.193615157484466 ], [ 14.924878922126174, 37.193844224629835 ], [ 14.92432861200365, 37.193920580344958 ], [ 14.923847090646444, 37.193844224629835 ], [ 14.923571935585182, 37.193691513199589 ], [ 14.923365569289237, 37.193386090339096 ], [ 14.923296780523922, 37.192851600333235 ], [ 14.923296780523922, 37.192393466042489 ], [ 14.923503146819867, 37.192011687466874 ], [ 14.923778301881129, 37.191629908891258 ], [ 14.924259823238335, 37.191248130315643 ], [ 14.924534978299597, 37.190942707455143 ], [ 14.924741344595542, 37.190637284594651 ], [ 14.924741344595542, 37.190408217449281 ], [ 14.924672555830227, 37.190102794588789 ], [ 14.924466189534282, 37.189950083158543 ], [ 14.924122245707705, 37.190026438873666 ], [ 14.923571935585182, 37.190179150303912 ], [ 14.922952836697345, 37.190560928879528 ], [ 14.922333737809506, 37.190713640309774 ], [ 14.921783427686984, 37.190789996024897 ], [ 14.92123311756446, 37.190713640309774 ], [ 14.920820384972568, 37.190560928879528 ], [ 14.920545229911308, 37.190179150303912 ], [ 14.920545229911308, 37.189721016013173 ], [ 14.920820384972568, 37.189110170292182 ], [ 14.92123311756446, 37.188270257425827 ], [ 14.921783427686984, 37.18758305598972 ], [ 14.922333737809506, 37.187048565983851 ], [ 14.922952836697345, 37.186590431693112 ], [ 14.923640724350497, 37.186208653117497 ], [ 14.924259823238335, 37.185903230257004 ], [ 14.924878922126174, 37.185597807396512 ], [ 14.925498021014011, 37.185445095966259 ], [ 14.926048331136535, 37.185292384536012 ], [ 14.926461063728427, 37.185292384536012 ], [ 14.926736218789687, 37.185445095966259 ], [ 14.926873796320319, 37.185750518826758 ] ] ] } },
{ "type": "Feature", "properties": { "id": "42249", "FIREDATE": "2020-08-13 11:42:00", "FINALDATE": "2020-08-13 11:42:00", "LASTUPDATE": "2022-01-26 11:45:36.105095", "COUNTRY": "IT", "PROVINCE": "Siracusa", "COMMUNE": "Lentini", "AREA_HA": "10", "BROADLEA": "0", "CONIFER": "0", "MIXED": "0", "SCLEROPH": "0", "TRANSIT": "0", "OTHERNATLC": "0", "AGRIAREAS": "99.999999999", "ARTIFSURF": "0", "OTHERLC": "0", "PERCNA2K": "0", "year": 2020, "source": "EFFIS" }, "geometry": { "type": "Polygon", "coordinates": [ [ [ 14.924466189534282, 37.204075890456373 ], [ 14.924672555830227, 37.203770467595874 ], [ 14.924947710891489, 37.20369411188075 ], [ 14.925154077187434, 37.203770467595874 ], [ 14.925498021014011, 37.20399953474125 ], [ 14.925773176075273, 37.204075890456373 ], [ 14.926048331136535, 37.204152246171496 ], [ 14.92625469743248, 37.204075890456373 ], [ 14.926529852493742, 37.203923179026127 ], [ 14.926667430024372, 37.203923179026127 ], [ 14.926736218789687, 37.204075890456373 ], [ 14.926736218789687, 37.204381313316865 ], [ 14.926598641259057, 37.204839447607604 ], [ 14.926736218789687, 37.20522122618322 ], [ 14.927011373850949, 37.205450293328589 ], [ 14.927561683973471, 37.205679360473965 ], [ 14.928318360391939, 37.205832071904211 ], [ 14.928868670514463, 37.206061139049581 ], [ 14.929075036810408, 37.206366561910073 ], [ 14.928937459279778, 37.206671984770566 ], [ 14.928593515453201, 37.207206474776427 ], [ 14.928180782861309, 37.207511897636927 ], [ 14.927630472738786, 37.20758825335205 ], [ 14.926942585085634, 37.20758825335205 ], [ 14.926185908667165, 37.207435541921797 ], [ 14.925635598544641, 37.207206474776427 ], [ 14.925291654718066, 37.206977407631058 ], [ 14.925154077187434, 37.206595629055442 ], [ 14.925222865952749, 37.206213850479827 ], [ 14.925154077187434, 37.205832071904211 ], [ 14.925016499656804, 37.205603004758835 ], [ 14.924810133360857, 37.205373937613466 ], [ 14.924466189534282, 37.205297581898343 ], [ 14.92432861200365, 37.205068514752973 ], [ 14.924259823238335, 37.204763091892481 ], [ 14.92432861200365, 37.204457669031989 ], [ 14.924466189534282, 37.204075890456373 ] ] ] } },
{ "type": "Feature", "properties": { "id": "44758", "FIREDATE": "2020-10-13 10:18:00.829", "FINALDATE": "2020-10-13 10:18:06.423", "LASTUPDATE": "2022-01-26 11:45:36.105095", "COUNTRY": "IT", "PROVINCE": "Siracusa", "COMMUNE": "Melilli", "AREA_HA": "48", "BROADLEA": "0", "CONIFER": "0", "MIXED": "0", "SCLEROPH": "0", "TRANSIT": "0", "OTHERNATLC": "10.416666666644964", "AGRIAREAS": "89.5833333331467", "ARTIFSURF": "0", "OTHERLC": "0", "PERCNA2K": "0", "year": 2020, "source": "EFFIS" }, "geometry": { "type": "Polygon", "coordinates": [ [ [ 15.039756160202765, 37.313111851652579 ], [ 15.040031315264027, 37.31288278450721 ], [ 15.040237681559972, 37.312806428792086 ], [ 15.040512836621234, 37.31288278450721 ], [ 15.040719202917181, 37.312959140222333 ], [ 15.040719202917181, 37.313264563082825 ], [ 15.040650414151864, 37.313646341658448 ], [ 15.040306470325289, 37.314104475949186 ], [ 15.039893737733397, 37.314715321670171 ], [ 15.039618582672135, 37.315249811676033 ], [ 15.039481005141505, 37.315631590251655 ], [ 15.03954979390682, 37.315860657397025 ], [ 15.039756160202765, 37.316013368827271 ], [ 15.039756160202765, 37.316318791687763 ], [ 15.039618582672135, 37.316776925978502 ], [ 15.039274638845558, 37.317311415984371 ], [ 15.03865553995772, 37.317998617420479 ], [ 15.038105229835198, 37.31853310742634 ], [ 15.037623708477991, 37.318914886001956 ], [ 15.037142187120784, 37.319143953147332 ], [ 15.036729454528892, 37.319220308862455 ], [ 15.036247933171683, 37.319373020292701 ], [ 15.035766411814476, 37.319525731722948 ], [ 15.035216101691955, 37.319678443153194 ], [ 15.034665791569433, 37.31983115458344 ], [ 15.033977903916279, 37.320060221728809 ], [ 15.03335880502844, 37.320289288874179 ], [ 15.032602128609971, 37.320442000304425 ], [ 15.031845452191503, 37.320594711734671 ], [ 15.031157564538351, 37.32082377888004 ], [ 15.030607254415827, 37.320976490310294 ], [ 15.030194521823935, 37.32112920174054 ], [ 15.029850577997358, 37.321358268885909 ], [ 15.029506634170783, 37.321434624601032 ], [ 15.029162690344206, 37.321434624601032 ], [ 15.028818746517629, 37.321434624601032 ], [ 15.028474802691052, 37.321281913170786 ], [ 15.028268436395107, 37.32112920174054 ], [ 15.028130858864476, 37.320976490310294 ], [ 15.028199647629791, 37.32082377888004 ], [ 15.028337225160422, 37.320594711734671 ], [ 15.028612380221682, 37.320289288874179 ], [ 15.028887535282944, 37.319983866013686 ], [ 15.029231479109521, 37.319602087438071 ], [ 15.029644211701413, 37.319143953147332 ], [ 15.02998815552799, 37.318838530286833 ], [ 15.03012573305862, 37.318609463141463 ], [ 15.030194521823935, 37.318380395996094 ], [ 15.030194521823935, 37.318304040280971 ], [ 15.030194521823935, 37.318227684565848 ], [ 15.030263310589252, 37.318151328850725 ], [ 15.030332099354567, 37.318074973135602 ], [ 15.030538465650512, 37.317998617420479 ], [ 15.030676043181144, 37.317922261705355 ], [ 15.030882409477089, 37.317922261705355 ], [ 15.031088775773036, 37.317845905990232 ], [ 15.031363930834296, 37.317845905990232 ], [ 15.031501508364927, 37.317769550275109 ], [ 15.031639085895558, 37.317693194559986 ], [ 15.031776663426188, 37.317616838844863 ], [ 15.031776663426188, 37.317464127414617 ], [ 15.031707874660873, 37.317311415984371 ], [ 15.031432719599611, 37.317082348838994 ], [ 15.031019987007719, 37.316853281693625 ], [ 15.030469676885197, 37.316547858833133 ], [ 15.03012573305862, 37.31624243597264 ], [ 15.029919366762675, 37.316013368827271 ], [ 15.029919366762675, 37.315860657397025 ], [ 15.030056944293305, 37.315784301681902 ], [ 15.030263310589252, 37.315707945966778 ], [ 15.030469676885197, 37.315707945966778 ], [ 15.030813620711774, 37.315784301681902 ], [ 15.031157564538351, 37.315937013112148 ], [ 15.031432719599611, 37.316013368827271 ], [ 15.031639085895558, 37.315937013112148 ], [ 15.031845452191503, 37.315784301681902 ], [ 15.031983029722134, 37.315478878821409 ], [ 15.032189396018079, 37.315326167391156 ], [ 15.032464551079341, 37.315097100245787 ], [ 15.032808494905918, 37.315020744530663 ], [ 15.03322122749781, 37.315020744530663 ], [ 15.033565171324387, 37.31494438881554 ], [ 15.033909115150964, 37.315020744530663 ], [ 15.034184270212224, 37.315020744530663 ], [ 15.034390636508171, 37.31517345596091 ], [ 15.034597002804116, 37.315097100245787 ], [ 15.034872157865378, 37.315020744530663 ], [ 15.03514731292664, 37.314868033100417 ], [ 15.0354224679879, 37.314562610239925 ], [ 15.035697623049161, 37.314409898809679 ], [ 15.036041566875738, 37.314333543094556 ], [ 15.036385510702315, 37.314333543094556 ], [ 15.036798243294207, 37.314486254524802 ], [ 15.037210975886099, 37.314486254524802 ], [ 15.037486130947361, 37.314409898809679 ], [ 15.037761286008621, 37.314257187379432 ], [ 15.038036441069883, 37.31395176451894 ], [ 15.038242807365828, 37.313799053088694 ], [ 15.038449173661775, 37.313646341658448 ], [ 15.038586751192405, 37.313646341658448 ], [ 15.038793117488352, 37.313799053088694 ], [ 15.038999483784297, 37.313722697373571 ], [ 15.039205850080243, 37.313646341658448 ], [ 15.039481005141505, 37.313417274513071 ], [ 15.039756160202765, 37.313111851652579 ] ] ] } },
{ "type": "Feature", "properties": { "id": "44759", "FIREDATE": "2020-10-13 10:18:44.255", "FINALDATE": "2020-10-13 10:18:49.058", "LASTUPDATE": "2022-01-26 11:45:36.105095", "COUNTRY": "IT", "PROVINCE": "Siracusa", "COMMUNE": "Melilli", "AREA_HA": "7", "BROADLEA": "99.99999999857143", "CONIFER": "0", "MIXED": "0", "SCLEROPH": "0", "TRANSIT": "0", "OTHERNATLC": "0", "AGRIAREAS": "0", "ARTIFSURF": "0", "OTHERLC": "0", "PERCNA2K": "0", "year": 2020, "source": "EFFIS" }, "geometry": { "type": "Polygon", "coordinates": [ [ [ 15.032395762314026, 37.304330944413387 ], [ 15.032808494905918, 37.304330944413387 ], [ 15.03308364996718, 37.304330944413387 ], [ 15.03335880502844, 37.304407300128517 ], [ 15.033496382559072, 37.304560011558763 ], [ 15.033565171324387, 37.304789078704133 ], [ 15.033496382559072, 37.305018145849502 ], [ 15.033290016263125, 37.305323568709994 ], [ 15.033014861201863, 37.305628991570487 ], [ 15.032808494905918, 37.306087125861225 ], [ 15.032739706140603, 37.306468904436848 ], [ 15.032739706140603, 37.306927038727586 ], [ 15.032877283671233, 37.307461528733448 ], [ 15.032877283671233, 37.307766951593941 ], [ 15.032808494905918, 37.30799601873931 ], [ 15.032670917375288, 37.30799601873931 ], [ 15.032464551079341, 37.307843307309064 ], [ 15.032326973548711, 37.307690595878817 ], [ 15.032120607252764, 37.307461528733448 ], [ 15.031983029722134, 37.307156105872956 ], [ 15.031914240956819, 37.306850683012463 ], [ 15.031776663426188, 37.306621615867094 ], [ 15.031570297130243, 37.306468904436848 ], [ 15.031295142068981, 37.306392548721725 ], [ 15.030951198242404, 37.306392548721725 ], [ 15.030744831946459, 37.306392548721725 ], [ 15.030538465650512, 37.306468904436848 ], [ 15.030400888119882, 37.306621615867094 ], [ 15.030332099354567, 37.30677432729734 ], [ 15.030263310589252, 37.306927038727586 ], [ 15.03012573305862, 37.307079750157833 ], [ 15.02998815552799, 37.307156105872956 ], [ 15.029781789232043, 37.307232461588079 ], [ 15.029644211701413, 37.307232461588079 ], [ 15.029575422936098, 37.307079750157833 ], [ 15.029506634170783, 37.306850683012463 ], [ 15.029506634170783, 37.306545260151971 ], [ 15.029575422936098, 37.306239837291479 ], [ 15.029781789232043, 37.306087125861225 ], [ 15.030056944293305, 37.305934414430979 ], [ 15.030332099354567, 37.305858058715856 ], [ 15.030607254415827, 37.30570534728561 ], [ 15.030882409477089, 37.30547628014024 ], [ 15.031019987007719, 37.305247212994871 ], [ 15.031157564538351, 37.304941790134379 ], [ 15.031363930834296, 37.304712722989009 ], [ 15.031639085895558, 37.304560011558763 ], [ 15.031983029722134, 37.304407300128517 ], [ 15.032395762314026, 37.304330944413387 ] ] ] } },
{ "type": "Feature", "properties": { "id": "44756", "FIREDATE": "2020-10-13 12:42:00", "FINALDATE": "2020-10-13 12:42:00", "LASTUPDATE": "2022-01-26 11:45:36.105095", "COUNTRY": "IT", "PROVINCE": "Siracusa", "COMMUNE": "Carlentini", "AREA_HA": "35", "BROADLEA": "0", "CONIFER": "0", "MIXED": "0", "SCLEROPH": "0", "TRANSIT": "0", "OTHERNATLC": "0", "AGRIAREAS": "99.99999999972222", "ARTIFSURF": "0", "OTHERLC": "0", "PERCNA2K": "0", "year": 2020, "source": "EFFIS" }, "geometry": { "type": "Polygon", "coordinates": [ [ [ 15.024141110476187, 37.294175634301979 ], [ 15.024553843068079, 37.294328345732225 ], [ 15.024897786894655, 37.294786480022964 ], [ 15.025172941955917, 37.295550037174202 ], [ 15.025379308251862, 37.296619017185925 ], [ 15.025654463313124, 37.29753528576741 ], [ 15.025929618374386, 37.298298842918641 ], [ 15.026204773435646, 37.298833332924502 ], [ 15.026617506027538, 37.299215111500125 ], [ 15.026686294792855, 37.29959689007574 ], [ 15.026548717262223, 37.299902312936233 ], [ 15.026135984670331, 37.300207735796725 ], [ 15.025448097017179, 37.300436802942095 ], [ 15.02496657565997, 37.300742225802594 ], [ 15.02469142059871, 37.300971292947963 ], [ 15.024553843068079, 37.301200360093333 ], [ 15.024622631833394, 37.301505782953825 ], [ 15.024553843068079, 37.301811205814317 ], [ 15.024347476772133, 37.30211662867481 ], [ 15.024072321710872, 37.302498407250425 ], [ 15.023590800353665, 37.302880185826048 ], [ 15.023109278996458, 37.302880185826048 ], [ 15.022765335169881, 37.302498407250425 ], [ 15.022490180108619, 37.301734850099194 ], [ 15.022215025047357, 37.300589514372341 ], [ 15.021871081220782, 37.299673245790864 ], [ 15.02145834862889, 37.298986044354756 ], [ 15.020839249741051, 37.29852791006401 ], [ 15.020220150853213, 37.298375198633764 ], [ 15.019738629496006, 37.298222487203518 ], [ 15.019463474434746, 37.297993420058148 ], [ 15.019394685669429, 37.297764352912779 ], [ 15.019532263200061, 37.29753528576741 ], [ 15.019601051965376, 37.29730621862204 ], [ 15.019669840730691, 37.297153507191794 ], [ 15.019601051965376, 37.297000795761541 ], [ 15.019463474434746, 37.296848084331295 ], [ 15.019463474434746, 37.296771728616172 ], [ 15.019463474434746, 37.296619017185925 ], [ 15.019532263200061, 37.296542661470802 ], [ 15.019669840730691, 37.296542661470802 ], [ 15.019807418261321, 37.296389950040556 ], [ 15.019944995791953, 37.29623723861031 ], [ 15.019944995791953, 37.296008171464941 ], [ 15.020013784557268, 37.295702748604448 ], [ 15.020151362087898, 37.295473681459079 ], [ 15.02042651714916, 37.295168258598579 ], [ 15.020770460975736, 37.29493919145321 ], [ 15.021183193567628, 37.294710124307841 ], [ 15.02159592615952, 37.294557412877595 ], [ 15.022008658751412, 37.294404701447348 ], [ 15.022283813812674, 37.294404701447348 ], [ 15.022558968873934, 37.294404701447348 ], [ 15.022902912700511, 37.294404701447348 ], [ 15.023246856527088, 37.294328345732225 ], [ 15.023728377884295, 37.294251990017102 ], [ 15.024141110476187, 37.294175634301979 ] ] ] } },
{ "type": "Feature", "properties": { "id": "44757", "FIREDATE": "2020-10-13 10:17:47.824", "FINALDATE": "2020-10-13 10:17:52.246", "LASTUPDATE": "2022-01-26 11:45:36.105095", "COUNTRY": "IT", "PROVINCE": "Siracusa", "COMMUNE": "Melilli", "AREA_HA": "24", "BROADLEA": "0", "CONIFER": "0", "MIXED": "0", "SCLEROPH": "0", "TRANSIT": "0", "OTHERNATLC": "0", "AGRIAREAS": "99.9999999996", "ARTIFSURF": "0", "OTHERLC": "0", "PERCNA2K": "0", "year": 2020, "source": "EFFIS" }, "geometry": { "type": "Polygon", "coordinates": [ [ [ 15.023934744180242, 37.315784301681902 ], [ 15.02469142059871, 37.315937013112148 ], [ 15.025241730721232, 37.316318791687763 ], [ 15.025654463313124, 37.316853281693625 ], [ 15.025929618374386, 37.317616838844863 ], [ 15.025998407139701, 37.318227684565848 ], [ 15.026067195905016, 37.31876217457171 ], [ 15.025998407139701, 37.319220308862455 ], [ 15.025792040843754, 37.319602087438071 ], [ 15.025723252078439, 37.319907510298563 ], [ 15.025723252078439, 37.320212933159056 ], [ 15.025929618374386, 37.320518356019548 ], [ 15.026204773435646, 37.320747423164917 ], [ 15.026342350966278, 37.320900134595171 ], [ 15.026479928496908, 37.32112920174054 ], [ 15.026548717262223, 37.321281913170786 ], [ 15.026479928496908, 37.321358268885909 ], [ 15.026342350966278, 37.321434624601032 ], [ 15.025998407139701, 37.321510980316155 ], [ 15.025516885782494, 37.321434624601032 ], [ 15.02496657565997, 37.321434624601032 ], [ 15.024347476772133, 37.321205557455663 ], [ 15.023728377884295, 37.320976490310294 ], [ 15.023040490231143, 37.320671067449794 ], [ 15.022352602577989, 37.320212933159056 ], [ 15.021664714924835, 37.319907510298563 ], [ 15.021045616036998, 37.319678443153194 ], [ 15.020495305914475, 37.319602087438071 ], [ 15.019944995791953, 37.319602087438071 ], [ 15.019532263200061, 37.319602087438071 ], [ 15.019325896904114, 37.319525731722948 ], [ 15.019257108138799, 37.319373020292701 ], [ 15.019325896904114, 37.319220308862455 ], [ 15.019463474434746, 37.319067597432209 ], [ 15.019669840730691, 37.318914886001956 ], [ 15.020013784557268, 37.318838530286833 ], [ 15.020357728383845, 37.318838530286833 ], [ 15.020701672210421, 37.318609463141463 ], [ 15.020976827271681, 37.318227684565848 ], [ 15.021183193567628, 37.317616838844863 ], [ 15.021320771098258, 37.316853281693625 ], [ 15.021664714924835, 37.316318791687763 ], [ 15.022215025047357, 37.315937013112148 ], [ 15.022971701465826, 37.315707945966778 ], [ 15.023934744180242, 37.315784301681902 ] ] ] } },
{ "type": "Feature", "properties": { "id": "44760", "FIREDATE": "2020-10-13 10:19:28.204", "FINALDATE": "2020-10-13 10:19:31.119", "LASTUPDATE": "2022-01-26 11:45:36.105095", "COUNTRY": "IT", "PROVINCE": "Siracusa", "COMMUNE": "Melilli", "AREA_HA": "5", "BROADLEA": "99.99999999799999", "CONIFER": "0", "MIXED": "0", "SCLEROPH": "0", "TRANSIT": "0", "OTHERNATLC": "0", "AGRIAREAS": "0", "ARTIFSURF": "0", "OTHERLC": "0", "PERCNA2K": "0", "year": 2020, "source": "EFFIS" }, "geometry": { "type": "Polygon", "coordinates": [ [ [ 15.028749957752314, 37.309904911617402 ], [ 15.029025112813574, 37.309981267332525 ], [ 15.029369056640151, 37.310133978762771 ], [ 15.029713000466728, 37.310439401623263 ], [ 15.030056944293305, 37.310897535914002 ], [ 15.030194521823935, 37.311279314489617 ], [ 15.030194521823935, 37.31158473735011 ], [ 15.02998815552799, 37.311890160210609 ], [ 15.029575422936098, 37.312119227355979 ], [ 15.029231479109521, 37.312271938786225 ], [ 15.028887535282944, 37.312424650216471 ], [ 15.028543591456367, 37.312501005931594 ], [ 15.028199647629791, 37.312577361646717 ], [ 15.027993281333845, 37.312577361646717 ], [ 15.027855703803215, 37.312501005931594 ], [ 15.027718126272584, 37.312348294501348 ], [ 15.027718126272584, 37.312195583071102 ], [ 15.027649337507269, 37.312042871640855 ], [ 15.027580548741954, 37.311890160210609 ], [ 15.027442971211322, 37.311737448780363 ], [ 15.027236604915377, 37.31158473735011 ], [ 15.027167816150062, 37.311508381634987 ], [ 15.027167816150062, 37.31135567020474 ], [ 15.027305393680692, 37.311202958774494 ], [ 15.027580548741954, 37.311050247344248 ], [ 15.027786915037899, 37.310897535914002 ], [ 15.027993281333845, 37.310744824483756 ], [ 15.028062070099161, 37.310515757338386 ], [ 15.028062070099161, 37.31036304590814 ], [ 15.028199647629791, 37.310133978762771 ], [ 15.028337225160422, 37.310057623047648 ], [ 15.028543591456367, 37.309981267332525 ], [ 15.028749957752314, 37.309904911617402 ] ] ] } },
{ "type": "Feature", "properties": { "id": "54008", "FIREDATE": "2021-08-18 12:00:00", "FINALDATE": "2021-08-18 12:51:00", "LASTUPDATE": "2022-01-26 11:45:36.105095", "COUNTRY": "IT", "PROVINCE": "Siracusa", "COMMUNE": "Carlentini", "AREA_HA": "15", "BROADLEA": "0", "CONIFER": "0", "MIXED": "0", "SCLEROPH": "0", "TRANSIT": "0", "OTHERNATLC": "92.85714285647958", "AGRIAREAS": "0", "ARTIFSURF": "7.142857142806122", "OTHERLC": "0", "PERCNA2K": "0", "year": 2021, "source": "EFFIS" }, "geometry": { "type": "Polygon", "coordinates": [ [ [ 15.038861906253667, 37.206442917625196 ], [ 15.039343427610874, 37.206824696200812 ], [ 15.039481005141505, 37.206824696200812 ], [ 15.039481005141505, 37.206977407631058 ], [ 15.039481005141505, 37.207053763346181 ], [ 15.039274638845558, 37.20728283049155 ], [ 15.039068272549613, 37.207435541921797 ], [ 15.038861906253667, 37.207740964782296 ], [ 15.038793117488352, 37.207893676212542 ], [ 15.038930695018982, 37.208122743357912 ], [ 15.039137061314928, 37.208275454788158 ], [ 15.039205850080243, 37.208504521933527 ], [ 15.039205850080243, 37.20858087764865 ], [ 15.038930695018982, 37.208657233363773 ], [ 15.038724328723037, 37.208733589078896 ], [ 15.03838038489646, 37.208657233363773 ], [ 15.038242807365828, 37.208504521933527 ], [ 15.038036441069883, 37.208199099073035 ], [ 15.037967652304568, 37.207970031927665 ], [ 15.037830074773936, 37.207664609067173 ], [ 15.037761286008621, 37.20758825335205 ], [ 15.037417342182044, 37.207359186206673 ], [ 15.037210975886099, 37.207206474776427 ], [ 15.036867032059522, 37.207053763346181 ], [ 15.036798243294207, 37.207130119061304 ], [ 15.036523088232945, 37.20728283049155 ], [ 15.036316721937, 37.207511897636927 ], [ 15.035972778110423, 37.207740964782296 ], [ 15.035766411814476, 37.207817320497419 ], [ 15.035216101691955, 37.207893676212542 ], [ 15.034803369100063, 37.207817320497419 ], [ 15.034115481446909, 37.207664609067173 ], [ 15.033909115150964, 37.20758825335205 ], [ 15.033565171324387, 37.207206474776427 ], [ 15.033427593793755, 37.207053763346181 ], [ 15.033427593793755, 37.206671984770566 ], [ 15.033565171324387, 37.206519273340319 ], [ 15.033840326385647, 37.206213850479827 ], [ 15.033977903916279, 37.205984783334458 ], [ 15.034459425273486, 37.205450293328589 ], [ 15.034872157865378, 37.205068514752973 ], [ 15.035697623049161, 37.204534024747112 ], [ 15.036110355641053, 37.204304957601742 ], [ 15.036798243294207, 37.204075890456373 ], [ 15.037142187120784, 37.204075890456373 ], [ 15.037623708477991, 37.204304957601742 ], [ 15.037830074773936, 37.204610380462235 ], [ 15.038105229835198, 37.20499215903785 ], [ 15.038174018600513, 37.205144870468096 ], [ 15.038242807365828, 37.205450293328589 ], [ 15.038174018600513, 37.205603004758835 ], [ 15.038449173661775, 37.206061139049581 ], [ 15.038861906253667, 37.206442917625196 ] ] ] } },
{ "type": "Feature", "properties": { "id": "50191", "FIREDATE": "2021-07-03 12:12:00", "FINALDATE": "2021-07-03 12:12:00", "LASTUPDATE": "2022-01-26 11:45:36.105095", "COUNTRY": "IT", "PROVINCE": "Siracusa", "COMMUNE": "Carlentini", "AREA_HA": "12", "BROADLEA": "0", "CONIFER": "0", "MIXED": "0", "SCLEROPH": "0", "TRANSIT": "0", "OTHERNATLC": "99.99999999916666", "AGRIAREAS": "0", "ARTIFSURF": "0", "OTHERLC": "0", "PERCNA2K": "0", "year": 2021, "source": "EFFIS" }, "geometry": { "type": "Polygon", "coordinates": [ [ [ 15.014717049627988, 37.25141643383288 ], [ 15.015198570985195, 37.25141643383288 ], [ 15.015542514811772, 37.251569145263126 ], [ 15.015680092342402, 37.251721856693372 ], [ 15.015611303577087, 37.252027279553865 ], [ 15.01540493728114, 37.25240905812948 ], [ 15.015060993454565, 37.252790836705096 ], [ 15.014579472097356, 37.253325326710964 ], [ 15.014029161974834, 37.253936172431949 ], [ 15.013478851852312, 37.254394306722688 ], [ 15.01306611926042, 37.254776085298303 ], [ 15.012722175433844, 37.255005152443673 ], [ 15.012515809137897, 37.255081508158803 ], [ 15.012240654076637, 37.255157863873926 ], [ 15.011965499015375, 37.255157863873926 ], [ 15.011690343954113, 37.255157863873926 ], [ 15.011415188892851, 37.255081508158803 ], [ 15.011140033831591, 37.254928796728549 ], [ 15.010796090005014, 37.254623373868057 ], [ 15.010520934943752, 37.254317951007565 ], [ 15.010176991117175, 37.253859816716826 ], [ 15.010176991117175, 37.253478038141211 ], [ 15.010383357413122, 37.253019903850465 ], [ 15.010933667535644, 37.252638125274849 ], [ 15.011690343954113, 37.252256346699234 ], [ 15.012447020372582, 37.251950923838741 ], [ 15.01320369679105, 37.251721856693372 ], [ 15.013960373209519, 37.251569145263126 ], [ 15.014717049627988, 37.25141643383288 ] ] ] } },
{ "type": "Feature", "properties": { "id": "49613", "FIREDATE": "2021-06-07 10:05:00", "FINALDATE": "2021-06-07 12:51:00", "LASTUPDATE": "2022-01-26 11:45:36.105095", "COUNTRY": "IT", "PROVINCE": "Siracusa", "COMMUNE": "Carlentini", "AREA_HA": "25", "BROADLEA": "0", "CONIFER": "0", "MIXED": "0", "SCLEROPH": "0", "TRANSIT": "0", "OTHERNATLC": "0", "AGRIAREAS": "12.499999999947917", "ARTIFSURF": "0", "OTHERLC": "87.49999999963542", "PERCNA2K": "82.72392434507006", "year": 2021, "source": "EFFIS" }, "geometry": { "type": "Polygon", "coordinates": [ [ [ 15.06630862361448, 37.180634685913489 ], [ 15.066858933737004, 37.180481974483243 ], [ 15.067065300032949, 37.180481974483243 ], [ 15.066927722502319, 37.180711041628612 ], [ 15.066514989910427, 37.181092820204228 ], [ 15.065827102257273, 37.181703665925212 ], [ 15.06486405954286, 37.182314511646204 ], [ 15.063763439297814, 37.183154424512558 ], [ 15.062387663991508, 37.184070693094043 ], [ 15.061218254981148, 37.184757894530151 ], [ 15.060255212266732, 37.185292384536012 ], [ 15.05956732461358, 37.185521451681389 ], [ 15.059085803256371, 37.185597807396512 ], [ 15.058604281899164, 37.185750518826758 ], [ 15.058122760541957, 37.185979585972127 ], [ 15.057641239184751, 37.186361364547743 ], [ 15.057159717827544, 37.186819498838481 ], [ 15.056746985235652, 37.18735398884435 ], [ 15.05647183017439, 37.187964834565335 ], [ 15.056265463878443, 37.188499324571197 ], [ 15.056127886347813, 37.189110170292182 ], [ 15.055990308817183, 37.189568304582927 ], [ 15.055783942521236, 37.189797371728297 ], [ 15.055508787459976, 37.18987372744342 ], [ 15.055233632398714, 37.189721016013173 ], [ 15.055096054868082, 37.189415593152681 ], [ 15.054958477337452, 37.188881103146812 ], [ 15.055027266102767, 37.188193901710704 ], [ 15.055096054868082, 37.18735398884435 ], [ 15.055164843633399, 37.186666787408235 ], [ 15.055096054868082, 37.186208653117497 ], [ 15.054958477337452, 37.185979585972127 ], [ 15.054752111041507, 37.185903230257004 ], [ 15.054476955980245, 37.185903230257004 ], [ 15.054201800918984, 37.185979585972127 ], [ 15.053857857092407, 37.185979585972127 ], [ 15.053513913265832, 37.186132297402374 ], [ 15.05323875820457, 37.186208653117497 ], [ 15.053032391908623, 37.186208653117497 ], [ 15.052826025612678, 37.186208653117497 ], [ 15.052757236847363, 37.186132297402374 ], [ 15.052757236847363, 37.18605594168725 ], [ 15.052826025612678, 37.185903230257004 ], [ 15.052963603143308, 37.185750518826758 ], [ 15.053169969439255, 37.185597807396512 ], [ 15.053445124500515, 37.185445095966259 ], [ 15.053857857092407, 37.185368740251135 ], [ 15.054270589684299, 37.185292384536012 ], [ 15.054820899806822, 37.185216028820889 ], [ 15.055233632398714, 37.185139673105766 ], [ 15.055577576225291, 37.185063317390643 ], [ 15.055783942521236, 37.184910605960397 ], [ 15.055852731286551, 37.184681538815028 ], [ 15.056127886347813, 37.184528827384781 ], [ 15.05660940770502, 37.184299760239412 ], [ 15.057159717827544, 37.184070693094043 ], [ 15.057916394246012, 37.183841625948673 ], [ 15.058535493133849, 37.183688914518427 ], [ 15.059017014491056, 37.183612558803297 ], [ 15.059360958317633, 37.183536203088174 ], [ 15.05956732461358, 37.183536203088174 ], [ 15.059980057205472, 37.183459847373051 ], [ 15.060530367327994, 37.183230780227682 ], [ 15.061218254981148, 37.182849001652066 ], [ 15.062112508930246, 37.182390867361327 ], [ 15.0628003965834, 37.182009088785712 ], [ 15.063350706705922, 37.181780021640336 ], [ 15.063694650532499, 37.181703665925212 ], [ 15.063832228063129, 37.181703665925212 ], [ 15.064176171889706, 37.181627310210089 ], [ 15.06472648201223, 37.18139824306472 ], [ 15.065414369665381, 37.181092820204228 ], [ 15.06630862361448, 37.180634685913489 ] ] ] } },
{ "type": "Feature", "properties": { "id": "49750", "FIREDATE": "2021-06-16 11:40:00", "FINALDATE": "2021-06-16 12:29:00", "LASTUPDATE": "2022-01-26 11:45:36.105095", "COUNTRY": "IT", "PROVINCE": "Siracusa", "COMMUNE": "Lentini", "AREA_HA": "71", "BROADLEA": "0", "CONIFER": "0", "MIXED": "0", "SCLEROPH": "0", "TRANSIT": "0", "OTHERNATLC": "83.82352941164143", "AGRIAREAS": "16.176470588211505", "ARTIFSURF": "0", "OTHERLC": "0", "PERCNA2K": "0", "year": 2021, "source": "EFFIS" }, "geometry": { "type": "Polygon", "coordinates": [ [ [ 14.997588647064472, 37.178954860180774 ], [ 14.999445943727986, 37.179183927326143 ], [ 14.999652310023931, 37.179642061616882 ], [ 15.000202620146455, 37.180252907337874 ], [ 15.000615352738347, 37.18040561876812 ], [ 15.000065042615823, 37.182085444500835 ], [ 14.999170788666724, 37.183612558803297 ], [ 14.997795013360419, 37.185216028820889 ], [ 14.997382280768525, 37.185292384536012 ], [ 14.996694393115373, 37.185368740251135 ], [ 14.996419238054111, 37.185368740251135 ], [ 14.995937716696904, 37.185368740251135 ], [ 14.995662561635642, 37.185445095966259 ], [ 14.99511225151312, 37.185368740251135 ], [ 14.994699518921228, 37.185292384536012 ], [ 14.994011631268075, 37.185063317390643 ], [ 14.993736476206813, 37.184910605960397 ], [ 14.992085545839245, 37.184757894530151 ], [ 14.990778559298255, 37.184757894530151 ], [ 14.989265206461317, 37.184910605960397 ], [ 14.988990051400057, 37.18498696167552 ], [ 14.988508530042848, 37.184910605960397 ], [ 14.988164586216271, 37.184757894530151 ], [ 14.987889431155011, 37.184299760239412 ], [ 14.987889431155011, 37.184070693094043 ], [ 14.988233374981588, 37.183688914518427 ], [ 14.988508530042848, 37.183612558803297 ], [ 14.989058840165372, 37.183383491657928 ], [ 14.989265206461317, 37.183383491657928 ], [ 14.989815516583841, 37.183230780227682 ], [ 14.990159460410416, 37.183154424512558 ], [ 14.990228249175733, 37.182925357367189 ], [ 14.990021882879786, 37.182772645936943 ], [ 14.989540361522579, 37.182619934506697 ], [ 14.989265206461317, 37.182619934506697 ], [ 14.988852473869425, 37.182543578791574 ], [ 14.988714896338795, 37.182467223076451 ], [ 14.988577318808165, 37.182085444500835 ], [ 14.988508530042848, 37.181780021640336 ], [ 14.98864610757348, 37.181474598779843 ], [ 14.988852473869425, 37.18139824306472 ], [ 14.988852473869425, 37.181169175919351 ], [ 14.988714896338795, 37.180940108773981 ], [ 14.988164586216271, 37.180863753058858 ], [ 14.987683064859064, 37.180863753058858 ], [ 14.986788810909966, 37.180863753058858 ], [ 14.986307289552759, 37.180863753058858 ], [ 14.98541303560366, 37.180787397343735 ], [ 14.985000303011768, 37.180787397343735 ], [ 14.984725147950506, 37.180558330198366 ], [ 14.984793936715821, 37.18040561876812 ], [ 14.98541303560366, 37.179871128762251 ], [ 14.985894556960867, 37.179565705901759 ], [ 14.987407909797804, 37.178802148750528 ], [ 14.988439741277533, 37.178344014459789 ], [ 14.989746727818524, 37.178038591599289 ], [ 14.990090671645101, 37.178114947314413 ], [ 14.990503404236993, 37.178344014459789 ], [ 14.990640981767624, 37.178496725890035 ], [ 14.991053714359516, 37.178802148750528 ], [ 14.991397658186093, 37.179031215895897 ], [ 14.992567067196452, 37.179260283041266 ], [ 14.993461321145553, 37.179336638756389 ], [ 14.995937716696904, 37.179183927326143 ], [ 14.997588647064472, 37.178954860180774 ] ] ] } },
{ "type": "Feature", "properties": { "id": "49891", "FIREDATE": "2021-06-23 21:10:00", "FINALDATE": "2021-06-24 01:09:00", "LASTUPDATE": "2022-01-26 11:45:36.105095", "COUNTRY": "IT", "PROVINCE": "Siracusa", "COMMUNE": "Carlentini", "AREA_HA": "315", "BROADLEA": "11.254019292600884", "CONIFER": "0", "MIXED": "0", "SCLEROPH": "0", "TRANSIT": "0", "OTHERNATLC": "72.66881028936571", "AGRIAREAS": "16.077170418001263", "ARTIFSURF": "0", "OTHERLC": "0", "PERCNA2K": "0", "year": 2021, "source": "EFFIS" }, "geometry": { "type": "Polygon", "coordinates": [ [ [ 14.944277353945095, 37.278064578410941 ], [ 14.944758875302302, 37.278370001271433 ], [ 14.944896452832934, 37.279286269852918 ], [ 14.944758875302302, 37.279973471289026 ], [ 14.94434614271041, 37.280431605579764 ], [ 14.944277353945095, 37.280813384155387 ], [ 14.944483720241042, 37.281042451300756 ], [ 14.945034030363564, 37.281118807015879 ], [ 14.945928284312663, 37.281118807015879 ], [ 14.947097693323023, 37.281195162731002 ], [ 14.948542257394646, 37.281271518446125 ], [ 14.949298933813115, 37.281729652736864 ], [ 14.949436511343745, 37.282416854172972 ], [ 14.94964287763969, 37.282951344178841 ], [ 14.949986821466267, 37.283409478469579 ], [ 14.950399554058158, 37.283562189899826 ], [ 14.95081228665005, 37.283409478469579 ], [ 14.951156230476627, 37.283333122754456 ], [ 14.951431385537889, 37.283409478469579 ], [ 14.951637751833834, 37.283562189899826 ], [ 14.951637751833834, 37.283867612760318 ], [ 14.951844118129781, 37.284020324190564 ], [ 14.952119273191043, 37.284020324190564 ], [ 14.952256850721673, 37.28417303562081 ], [ 14.952256850721673, 37.284554814196433 ], [ 14.952394428252303, 37.284783881341802 ], [ 14.95273837207888, 37.284783881341802 ], [ 14.953426259732034, 37.285012948487172 ], [ 14.954389302446447, 37.28547108277791 ], [ 14.954389302446447, 37.285776505638403 ], [ 14.953357470966719, 37.285929217068649 ], [ 14.95260079454825, 37.285776505638403 ], [ 14.952119273191043, 37.285394727062787 ], [ 14.951500174303204, 37.285242015632541 ], [ 14.95067470911942, 37.285394727062787 ], [ 14.950055610231582, 37.28547108277791 ], [ 14.949711666405006, 37.285394727062787 ], [ 14.949230145047798, 37.285623794208156 ], [ 14.948679834925276, 37.286081928498895 ], [ 14.948129524802754, 37.286387351359394 ], [ 14.947648003445545, 37.286387351359394 ], [ 14.947235270853653, 37.285929217068649 ], [ 14.946960115792393, 37.284936592772048 ], [ 14.946684960731131, 37.28447845848131 ], [ 14.946341016904555, 37.28447845848131 ], [ 14.945859495547348, 37.284631169911556 ], [ 14.945240396659509, 37.285012948487172 ], [ 14.944827664067617, 37.285318371347664 ], [ 14.944552509006357, 37.285623794208156 ], [ 14.944690086536987, 37.285776505638403 ], [ 14.945240396659509, 37.285776505638403 ], [ 14.945721918016718, 37.286005572783772 ], [ 14.946203439373924, 37.286540062789641 ], [ 14.945859495547348, 37.286845485650133 ], [ 14.944827664067617, 37.286998197080379 ], [ 14.944139776414465, 37.286921841365256 ], [ 14.943795832587888, 37.286692774219887 ], [ 14.943314311230681, 37.286692774219887 ], [ 14.942626423577527, 37.286998197080379 ], [ 14.942970367404104, 37.287532687086241 ], [ 14.944277353945095, 37.288219888522356 ], [ 14.945928284312663, 37.288448955667725 ], [ 14.947854369741492, 37.288219888522356 ], [ 14.948748623690591, 37.28776175423161 ], [ 14.948679834925276, 37.287150908510625 ], [ 14.948954989986538, 37.286845485650133 ], [ 14.949711666405006, 37.286998197080379 ], [ 14.950261976527528, 37.286845485650133 ], [ 14.95067470911942, 37.286310995644271 ], [ 14.951225019241942, 37.286158284214025 ], [ 14.951844118129781, 37.286463707074518 ], [ 14.953013527140142, 37.286463707074518 ], [ 14.954664457507709, 37.286158284214025 ], [ 14.955489922691493, 37.285852861353526 ], [ 14.955489922691493, 37.285547438493033 ], [ 14.955627500222123, 37.285242015632541 ], [ 14.955696288987438, 37.285089304202295 ], [ 14.956040232814015, 37.284860237056925 ], [ 14.956521754171224, 37.284783881341802 ], [ 14.957003275528431, 37.284936592772048 ], [ 14.957484796885637, 37.285394727062787 ], [ 14.958103895773474, 37.285547438493033 ], [ 14.958722994661313, 37.285394727062787 ], [ 14.959410882314467, 37.28547108277791 ], [ 14.960098769967619, 37.285776505638403 ], [ 14.960236347498251, 37.286005572783772 ], [ 14.959754826141044, 37.286234639929148 ], [ 14.959686037375727, 37.286540062789641 ], [ 14.960098769967619, 37.286921841365256 ], [ 14.960580291324828, 37.287150908510625 ], [ 14.96113060144735, 37.287227264225749 ], [ 14.961680911569871, 37.287379975655995 ], [ 14.962231221692395, 37.287685398516487 ], [ 14.96243758798834, 37.28806717709211 ], [ 14.962368799223025, 37.288525311382848 ], [ 14.962368799223025, 37.288754378528218 ], [ 14.962575165518972, 37.288907089958464 ], [ 14.962850320580232, 37.289288868534079 ], [ 14.963194264406809, 37.289976069970194 ], [ 14.962919109345549, 37.29035784854581 ], [ 14.961887277865818, 37.290586915691179 ], [ 14.960167558732936, 37.291045049981918 ], [ 14.957691163181583, 37.291884962848279 ], [ 14.95583386651807, 37.292343097139018 ], [ 14.954526879977079, 37.292495808569264 ], [ 14.953632626027979, 37.292419452854141 ], [ 14.953082315905457, 37.292037674278525 ], [ 14.952669583313565, 37.291961318563402 ], [ 14.952463217017618, 37.292343097139018 ], [ 14.951912906895096, 37.292343097139018 ], [ 14.951156230476627, 37.292114029993648 ], [ 14.950743497884735, 37.291884962848279 ], [ 14.95067470911942, 37.291732251418033 ], [ 14.950881075415365, 37.291426828557533 ], [ 14.951500174303204, 37.291121405697041 ], [ 14.951431385537889, 37.290586915691179 ], [ 14.950743497884735, 37.289899714255071 ], [ 14.950055610231582, 37.289365224249202 ], [ 14.949298933813115, 37.289136157103833 ], [ 14.949023778751853, 37.289747002824818 ], [ 14.949092567517168, 37.291121405697041 ], [ 14.948748623690591, 37.291884962848279 ], [ 14.947923158506807, 37.291961318563402 ], [ 14.94730405961897, 37.292114029993648 ], [ 14.946960115792393, 37.292343097139018 ], [ 14.946341016904555, 37.292419452854141 ], [ 14.945584340486086, 37.292419452854141 ], [ 14.945240396659509, 37.292495808569264 ], [ 14.945309185424826, 37.292724875714633 ], [ 14.946134650608609, 37.292953942860002 ], [ 14.947854369741492, 37.293106654290249 ], [ 14.948886201221221, 37.293412077150741 ], [ 14.949298933813115, 37.29371750001124 ], [ 14.949711666405006, 37.294251990017102 ], [ 14.950055610231582, 37.294862835738087 ], [ 14.95053713158879, 37.295244614313702 ], [ 14.951156230476627, 37.295473681459079 ], [ 14.951706540599151, 37.295473681459079 ], [ 14.952325639486988, 37.295168258598579 ], [ 14.952325639486988, 37.294862835738087 ], [ 14.951706540599151, 37.294481057162471 ], [ 14.951500174303204, 37.294175634301979 ], [ 14.951568963068519, 37.29394656715661 ], [ 14.951775329364466, 37.293793855726364 ], [ 14.952188061956358, 37.293641144296117 ], [ 14.953219893436087, 37.293564788580994 ], [ 14.954870823803654, 37.293335721435618 ], [ 14.955696288987438, 37.293412077150741 ], [ 14.95583386651807, 37.29371750001124 ], [ 14.956521754171224, 37.294099278586856 ], [ 14.957759951946899, 37.294404701447348 ], [ 14.958516628365368, 37.294786480022964 ], [ 14.958722994661313, 37.295320970028833 ], [ 14.958998149722575, 37.295550037174202 ], [ 14.959273304783835, 37.295626392889325 ], [ 14.959410882314467, 37.295779104319571 ], [ 14.959410882314467, 37.296084527180064 ], [ 14.959273304783835, 37.296313594325433 ], [ 14.958998149722575, 37.296466305755679 ], [ 14.958654205895998, 37.296848084331295 ], [ 14.958172684538791, 37.297382574337163 ], [ 14.957691163181583, 37.297611641482533 ], [ 14.957278430589691, 37.297458930052287 ], [ 14.956521754171224, 37.297840708627902 ], [ 14.955489922691493, 37.298833332924502 ], [ 14.954526879977079, 37.299673245790864 ], [ 14.953701414793294, 37.300284091511848 ], [ 14.95287594960951, 37.300589514372341 ], [ 14.951981695660411, 37.300589514372341 ], [ 14.951500174303204, 37.300742225802594 ], [ 14.951431385537889, 37.301047648663086 ], [ 14.95081228665005, 37.301429427238702 ], [ 14.949780455170322, 37.301811205814317 ], [ 14.949023778751853, 37.301887561529441 ], [ 14.948679834925276, 37.301734850099194 ], [ 14.948198313568069, 37.301963917244564 ], [ 14.94757921468023, 37.302422051535302 ], [ 14.946134650608609, 37.302498407250425 ], [ 14.943795832587888, 37.302269340105056 ], [ 14.942351268516266, 37.301734850099194 ], [ 14.941800958393744, 37.300971292947963 ], [ 14.941800958393744, 37.300360447226971 ], [ 14.942351268516266, 37.299902312936233 ], [ 14.943314311230681, 37.29959689007574 ], [ 14.944690086536987, 37.299444178645494 ], [ 14.945584340486086, 37.299215111500125 ], [ 14.945997073077978, 37.298833332924502 ], [ 14.946134650608609, 37.298375198633764 ], [ 14.946065861843293, 37.297687997197656 ], [ 14.945721918016718, 37.297153507191794 ], [ 14.944965241598249, 37.296695372901048 ], [ 14.944070987649148, 37.296389950040556 ], [ 14.942901578638789, 37.296313594325433 ], [ 14.942626423577527, 37.296160882895187 ], [ 14.943107944934734, 37.295931815749817 ], [ 14.943176733700049, 37.295702748604448 ], [ 14.942764001108158, 37.295550037174202 ], [ 14.942144902220321, 37.295091902883456 ], [ 14.941319437036537, 37.294328345732225 ], [ 14.939874872964914, 37.29394656715661 ], [ 14.9380175763014, 37.293870211441487 ], [ 14.936710589760409, 37.293412077150741 ], [ 14.936022702107255, 37.292724875714633 ], [ 14.935609969515363, 37.291732251418033 ], [ 14.935334814454103, 37.29035784854581 ], [ 14.934990870627527, 37.289670647109695 ], [ 14.93450934927032, 37.289594291394572 ], [ 14.934165405443743, 37.289365224249202 ], [ 14.933890250382481, 37.288983445673587 ], [ 14.934302982974373, 37.287990821376987 ], [ 14.935403603219418, 37.286310995644271 ], [ 14.936160279637887, 37.285394727062787 ], [ 14.936573012229779, 37.285242015632541 ], [ 14.936641800995094, 37.285547438493033 ], [ 14.936366645933832, 37.286234639929148 ], [ 14.936297857168517, 37.28676912993501 ], [ 14.936435434699147, 37.286998197080379 ], [ 14.937467266178878, 37.286998197080379 ], [ 14.939462140373022, 37.28676912993501 ], [ 14.940287605556806, 37.286387351359394 ], [ 14.939874872964914, 37.285852861353526 ], [ 14.939255774077076, 37.285242015632541 ], [ 14.938499097658609, 37.28447845848131 ], [ 14.938155153832032, 37.284020324190564 ], [ 14.938223942597347, 37.283791257045195 ], [ 14.938705463954554, 37.283485834184702 ], [ 14.939668506668967, 37.283027699893964 ], [ 14.940287605556806, 37.282645921318348 ], [ 14.940493971852753, 37.282264142742726 ], [ 14.94097549320996, 37.281806008451987 ], [ 14.941663380863112, 37.281271518446125 ], [ 14.942144902220321, 37.28088973987051 ], [ 14.942282479750951, 37.280660672725141 ], [ 14.942557634812212, 37.280355249864641 ], [ 14.942970367404104, 37.280126182719272 ], [ 14.943176733700049, 37.279668048428533 ], [ 14.943176733700049, 37.278980846992425 ], [ 14.943520677526626, 37.27852271270168 ], [ 14.944277353945095, 37.278064578410941 ] ] ] } },
{ "type": "Feature", "properties": { "id": "50124", "FIREDATE": "2021-07-02 11:40:00", "FINALDATE": "2021-07-03 00:01:00", "LASTUPDATE": "2022-01-26 11:45:36.105095", "COUNTRY": "IT", "PROVINCE": "Siracusa", "COMMUNE": "Carlentini", "AREA_HA": "239", "BROADLEA": "0", "CONIFER": "0", "MIXED": "0", "SCLEROPH": "0", "TRANSIT": "0", "OTHERNATLC": "87.86610878657412", "AGRIAREAS": "12.133891213384045", "ARTIFSURF": "0", "OTHERLC": "0", "PERCNA2K": "0", "year": 2021, "source": "EFFIS" }, "geometry": { "type": "Polygon", "coordinates": [ [ [ 14.979359624255911, 37.303109252971417 ], [ 14.979978723143748, 37.302956541541171 ], [ 14.98025387820501, 37.302803830110925 ], [ 14.981010554623479, 37.302727474395802 ], [ 14.981423287215371, 37.302651118680679 ], [ 14.981904808572578, 37.302880185826048 ], [ 14.981973597337893, 37.30318560868654 ], [ 14.981973597337893, 37.303491031547033 ], [ 14.981836019807263, 37.303491031547033 ], [ 14.981836019807263, 37.303567387262156 ], [ 14.981904808572578, 37.303643742977279 ], [ 14.981767231041948, 37.303872810122648 ], [ 14.981629653511316, 37.304101877268018 ], [ 14.981216920919424, 37.304636367273886 ], [ 14.981010554623479, 37.305018145849502 ], [ 14.981010554623479, 37.305552635855364 ], [ 14.981216920919424, 37.30570534728561 ], [ 14.981629653511316, 37.306087125861225 ], [ 14.981904808572578, 37.306163481576348 ], [ 14.982386329929785, 37.306316193006602 ], [ 14.982661484991047, 37.306239837291479 ], [ 14.983143006348254, 37.306468904436848 ], [ 14.983418161409515, 37.30677432729734 ], [ 14.983899682766722, 37.307156105872956 ], [ 14.984106049062667, 37.307232461588079 ], [ 14.984312415358614, 37.307614240163694 ], [ 14.984312415358614, 37.307919663024187 ], [ 14.984381204123929, 37.308683220175425 ], [ 14.984518781654559, 37.309141354466163 ], [ 14.984931514246451, 37.309599488756902 ], [ 14.985275458073028, 37.309523133041779 ], [ 14.985756979430235, 37.309599488756902 ], [ 14.985894556960867, 37.309675844472025 ], [ 14.986169712022129, 37.309981267332525 ], [ 14.986238500787444, 37.310286690193017 ], [ 14.986238500787444, 37.310744824483756 ], [ 14.986169712022129, 37.310973891629125 ], [ 14.98568819066492, 37.31158473735011 ], [ 14.985344246838343, 37.311966515925732 ], [ 14.984656359185191, 37.312501005931594 ], [ 14.984243626593299, 37.312730073076963 ], [ 14.984312415358614, 37.313188207367702 ], [ 14.984793936715821, 37.313493630228194 ], [ 14.985756979430235, 37.313875408803817 ], [ 14.986307289552759, 37.31395176451894 ], [ 14.987063965971227, 37.314180831664309 ], [ 14.987270332267173, 37.314409898809679 ], [ 14.987614276093749, 37.315020744530663 ], [ 14.987683064859064, 37.315555234536532 ], [ 14.987407909797804, 37.316395147402886 ], [ 14.986995177205912, 37.316776925978502 ], [ 14.986513655848704, 37.317387771699494 ], [ 14.986444867083389, 37.317693194559986 ], [ 14.986513655848704, 37.317998617420479 ], [ 14.986651233379336, 37.318074973135602 ], [ 14.986926388440596, 37.318227684565848 ], [ 14.987132754736542, 37.318380395996094 ], [ 14.987339121032488, 37.318685818856586 ], [ 14.987339121032488, 37.318914886001956 ], [ 14.986720022144651, 37.319602087438071 ], [ 14.986100923256812, 37.320136577443932 ], [ 14.984793936715821, 37.320747423164917 ], [ 14.984037260297352, 37.320747423164917 ], [ 14.983143006348254, 37.320900134595171 ], [ 14.983074217582939, 37.320976490310294 ], [ 14.98217996363384, 37.321205557455663 ], [ 14.981354498450054, 37.321281913170786 ], [ 14.98025387820501, 37.321434624601032 ], [ 14.980047511909063, 37.321587336031278 ], [ 14.978809314133388, 37.321663691746402 ], [ 14.977846271418974, 37.321587336031278 ], [ 14.976195341051406, 37.321587336031278 ], [ 14.975507453398253, 37.321663691746402 ], [ 14.974200466857262, 37.321892758891771 ], [ 14.973512579204108, 37.32212182603714 ], [ 14.972343170193747, 37.322274537467386 ], [ 14.971930437601856, 37.322350893182509 ], [ 14.97069223982618, 37.322045470322017 ], [ 14.969935563407711, 37.321587336031278 ], [ 14.969247675754557, 37.320594711734671 ], [ 14.969316464519872, 37.319983866013686 ], [ 14.969454042050504, 37.319296664577578 ], [ 14.969660408346449, 37.319220308862455 ], [ 14.970073140938341, 37.319067597432209 ], [ 14.970417084764918, 37.318991241717079 ], [ 14.970623451060865, 37.31876217457171 ], [ 14.970623451060865, 37.31853310742634 ], [ 14.970004352173026, 37.317998617420479 ], [ 14.969454042050504, 37.317693194559986 ], [ 14.969110098223927, 37.31624243597264 ], [ 14.969316464519872, 37.315097100245787 ], [ 14.969866774642396, 37.313417274513071 ], [ 14.970279507234288, 37.312730073076963 ], [ 14.971036183652757, 37.31158473735011 ], [ 14.971448916244649, 37.310973891629125 ], [ 14.972343170193747, 37.310210334477894 ], [ 14.972824691550954, 37.309904911617402 ], [ 14.973925311796, 37.30929406589641 ], [ 14.974475621918522, 37.308988643035917 ], [ 14.974888354510414, 37.307919663024187 ], [ 14.974819565745099, 37.307232461588079 ], [ 14.974681988214469, 37.306087125861225 ], [ 14.974544410683839, 37.305628991570487 ], [ 14.974819565745099, 37.304941790134379 ], [ 14.975163509571676, 37.304636367273886 ], [ 14.975645030928883, 37.304560011558763 ], [ 14.975851397224829, 37.304789078704133 ], [ 14.976608073643298, 37.304560011558763 ], [ 14.97715838376582, 37.304178232983141 ], [ 14.978121426480234, 37.303567387262156 ], [ 14.978465370306811, 37.303338320116787 ], [ 14.97908446919465, 37.303109252971417 ], [ 14.979359624255911, 37.303109252971417 ] ] ] } },
{ "type": "Feature", "properties": { "id": "50192", "FIREDATE": "2021-07-03 12:12:00", "FINALDATE": "2021-07-03 12:12:00", "LASTUPDATE": "2022-01-26 11:45:36.105095", "COUNTRY": "IT", "PROVINCE": "Siracusa", "COMMUNE": "Carlentini", "AREA_HA": "18", "BROADLEA": "0", "CONIFER": "0", "MIXED": "0", "SCLEROPH": "29.41176470570935", "TRANSIT": "0", "OTHERNATLC": "70.58823529370243", "AGRIAREAS": "0", "ARTIFSURF": "0", "OTHERLC": "0", "PERCNA2K": "0", "year": 2021, "source": "EFFIS" }, "geometry": { "type": "Polygon", "coordinates": [ [ [ 15.002541438167174, 37.255539642449541 ], [ 15.002472649401859, 37.255768709594911 ], [ 15.002472649401859, 37.255845065310034 ], [ 15.002541438167174, 37.25599777674028 ], [ 15.002747804463121, 37.256074132455403 ], [ 15.003091748289698, 37.256226843885649 ], [ 15.003366903350958, 37.256226843885649 ], [ 15.003573269646905, 37.256150488170526 ], [ 15.003710847177535, 37.256074132455403 ], [ 15.00377963594285, 37.255921421025157 ], [ 15.003986002238797, 37.255845065310034 ], [ 15.004261157300059, 37.255845065310034 ], [ 15.004605101126636, 37.255921421025157 ], [ 15.005086622483843, 37.256150488170526 ], [ 15.005361777545103, 37.256379555315895 ], [ 15.005430566310419, 37.256684978176388 ], [ 15.005361777545103, 37.256990401036887 ], [ 15.005086622483843, 37.257372179612503 ], [ 15.004811467422581, 37.257830313903241 ], [ 15.004398734830689, 37.25828844819398 ], [ 15.003917213473482, 37.258670226769596 ], [ 15.003298114585643, 37.259128361060341 ], [ 15.002885381993751, 37.259510139635957 ], [ 15.002472649401859, 37.259739206781326 ], [ 15.002197494340599, 37.259891918211572 ], [ 15.001991128044653, 37.259968273926695 ], [ 15.001784761748706, 37.259968273926695 ], [ 15.001647184218076, 37.259891918211572 ], [ 15.001578395452761, 37.259739206781326 ], [ 15.001440817922131, 37.25958649535108 ], [ 15.001372029156814, 37.259433783920834 ], [ 15.001234451626184, 37.259357428205711 ], [ 15.001028085330239, 37.259281072490587 ], [ 15.000752930268977, 37.259281072490587 ], [ 15.000615352738347, 37.259204716775464 ], [ 15.000477775207715, 37.259052005345218 ], [ 15.000340197677085, 37.258746582484726 ], [ 15.00027140891177, 37.258441159624226 ], [ 15.000202620146455, 37.258135736763734 ], [ 15.000065042615823, 37.257830313903241 ], [ 14.999858676319878, 37.257677602472995 ], [ 14.999652310023931, 37.257448535327626 ], [ 14.999514732493301, 37.25729582389738 ], [ 14.999445943727986, 37.25706675675201 ], [ 14.999445943727986, 37.256837689606641 ], [ 14.999514732493301, 37.256684978176388 ], [ 14.999583521258616, 37.256455911031019 ], [ 14.999721098789246, 37.256379555315895 ], [ 14.999927465085193, 37.256226843885649 ], [ 15.000202620146455, 37.256150488170526 ], [ 15.0004089864424, 37.256074132455403 ], [ 15.000477775207715, 37.255921421025157 ], [ 15.000477775207715, 37.255768709594911 ], [ 15.0004089864424, 37.255539642449541 ], [ 15.0004089864424, 37.255386931019295 ], [ 15.000477775207715, 37.255234219589049 ], [ 15.000684141503662, 37.255157863873926 ], [ 15.000959296564922, 37.255081508158803 ], [ 15.001303240391499, 37.255005152443673 ], [ 15.001578395452761, 37.255005152443673 ], [ 15.001853550514022, 37.255081508158803 ], [ 15.002197494340599, 37.255157863873926 ], [ 15.002403860636544, 37.255310575304172 ], [ 15.002541438167174, 37.255386931019295 ], [ 15.002541438167174, 37.255539642449541 ] ] ] } },
{ "type": "Feature", "properties": { "id": "50193", "FIREDATE": "2021-07-03 12:12:00", "FINALDATE": "2021-07-03 12:12:00", "LASTUPDATE": "2022-01-26 11:45:36.105095", "COUNTRY": "IT", "PROVINCE": "Siracusa", "COMMUNE": "Carlentini", "AREA_HA": "18", "BROADLEA": "0", "CONIFER": "0", "MIXED": "0", "SCLEROPH": "0", "TRANSIT": "0", "OTHERNATLC": "99.99999999944446", "AGRIAREAS": "0", "ARTIFSURF": "0", "OTHERLC": "0", "PERCNA2K": "0", "year": 2021, "source": "EFFIS" }, "geometry": { "type": "Polygon", "coordinates": [ [ [ 15.011208822596906, 37.258212092478857 ], [ 15.011415188892851, 37.25828844819398 ], [ 15.011552766423483, 37.258441159624226 ], [ 15.011552766423483, 37.258593871054472 ], [ 15.011552766423483, 37.258746582484726 ], [ 15.011552766423483, 37.258899293914972 ], [ 15.011621555188798, 37.259052005345218 ], [ 15.011690343954113, 37.259128361060341 ], [ 15.01189671025006, 37.259128361060341 ], [ 15.01203428778069, 37.259204716775464 ], [ 15.012103076546005, 37.259281072490587 ], [ 15.012103076546005, 37.259433783920834 ], [ 15.012103076546005, 37.25958649535108 ], [ 15.01217186531132, 37.259815562496449 ], [ 15.012309442841952, 37.260044629641818 ], [ 15.012515809137897, 37.260273696787188 ], [ 15.012722175433844, 37.260579119647687 ], [ 15.012928541729789, 37.26088454250818 ], [ 15.013134908025735, 37.261113609653549 ], [ 15.01320369679105, 37.261342676798918 ], [ 15.013272485556366, 37.261648099659411 ], [ 15.013272485556366, 37.261800811089657 ], [ 15.013272485556366, 37.261953522519903 ], [ 15.01320369679105, 37.261953522519903 ], [ 15.01306611926042, 37.261953522519903 ], [ 15.012928541729789, 37.262029878235026 ], [ 15.012928541729789, 37.262182589665272 ], [ 15.012859752964474, 37.262411656810649 ], [ 15.012928541729789, 37.262717079671141 ], [ 15.012997330495104, 37.26294614681651 ], [ 15.01306611926042, 37.263098858246757 ], [ 15.01320369679105, 37.26317521396188 ], [ 15.013410063086996, 37.263251569677003 ], [ 15.013547640617627, 37.26317521396188 ], [ 15.013616429382942, 37.263098858246757 ], [ 15.013685218148257, 37.26294614681651 ], [ 15.013754006913572, 37.262717079671141 ], [ 15.013822795678887, 37.262564368240895 ], [ 15.013891584444204, 37.262411656810649 ], [ 15.014029161974834, 37.262411656810649 ], [ 15.014166739505464, 37.262488012525772 ], [ 15.014373105801411, 37.262564368240895 ], [ 15.014510683332041, 37.262793435386264 ], [ 15.014648260862673, 37.263022502531634 ], [ 15.014785838393303, 37.263251569677003 ], [ 15.014854627158618, 37.263480636822372 ], [ 15.014923415923933, 37.263709703967741 ], [ 15.014854627158618, 37.263786059682865 ], [ 15.014785838393303, 37.263938771113111 ], [ 15.014785838393303, 37.264015126828234 ], [ 15.014785838393303, 37.264091482543357 ], [ 15.014923415923933, 37.26424419397361 ], [ 15.015060993454565, 37.264320549688733 ], [ 15.015198570985195, 37.264396905403856 ], [ 15.01540493728114, 37.264396905403856 ], [ 15.015611303577087, 37.264320549688733 ], [ 15.015817669873032, 37.264167838258487 ], [ 15.015955247403664, 37.264167838258487 ], [ 15.016161613699609, 37.264167838258487 ], [ 15.016230402464926, 37.26424419397361 ], [ 15.016367979995556, 37.264396905403856 ], [ 15.016299191230241, 37.264549616834103 ], [ 15.016092824934294, 37.264778683979472 ], [ 15.015748881107717, 37.265007751124841 ], [ 15.01526735975051, 37.265236818270211 ], [ 15.014785838393303, 37.26546588541558 ], [ 15.014373105801411, 37.265542241130703 ], [ 15.014029161974834, 37.26546588541558 ], [ 15.013685218148257, 37.265389529700457 ], [ 15.013410063086996, 37.265236818270211 ], [ 15.01320369679105, 37.265084106839964 ], [ 15.013134908025735, 37.264855039694595 ], [ 15.013134908025735, 37.264625972549226 ], [ 15.012997330495104, 37.26447326111898 ], [ 15.012790964199159, 37.26447326111898 ], [ 15.012515809137897, 37.264549616834103 ], [ 15.012103076546005, 37.264778683979472 ], [ 15.011759132719428, 37.264778683979472 ], [ 15.011483977658168, 37.264702328264349 ], [ 15.011277611362221, 37.264396905403856 ], [ 15.011071245066276, 37.264015126828234 ], [ 15.011002456300959, 37.263633348252618 ], [ 15.011002456300959, 37.263327925392126 ], [ 15.011071245066276, 37.263022502531634 ], [ 15.011277611362221, 37.262717079671141 ], [ 15.011277611362221, 37.262564368240895 ], [ 15.011277611362221, 37.262411656810649 ], [ 15.011071245066276, 37.262411656810649 ], [ 15.010796090005014, 37.262488012525772 ], [ 15.010589723709067, 37.262488012525772 ], [ 15.010314568647807, 37.262411656810649 ], [ 15.010176991117175, 37.262258945380395 ], [ 15.00997062482123, 37.262029878235026 ], [ 15.009901836055915, 37.261800811089657 ], [ 15.009901836055915, 37.261724455374534 ], [ 15.00997062482123, 37.261571743944288 ], [ 15.01010820235186, 37.261495388229164 ], [ 15.010245779882492, 37.261495388229164 ], [ 15.010452146178437, 37.261495388229164 ], [ 15.010727301239699, 37.261571743944288 ], [ 15.010933667535644, 37.261648099659411 ], [ 15.011140033831591, 37.261648099659411 ], [ 15.011346400127536, 37.261495388229164 ], [ 15.011483977658168, 37.261342676798918 ], [ 15.011552766423483, 37.261113609653549 ], [ 15.011483977658168, 37.26088454250818 ], [ 15.011277611362221, 37.260579119647687 ], [ 15.010864878770329, 37.260350052502311 ], [ 15.010314568647807, 37.260044629641818 ], [ 15.009901836055915, 37.259739206781326 ], [ 15.009695469759968, 37.259510139635957 ], [ 15.009557892229338, 37.259204716775464 ], [ 15.009626680994653, 37.258899293914972 ], [ 15.009695469759968, 37.258670226769596 ], [ 15.0098330472906, 37.258517515339349 ], [ 15.00997062482123, 37.258364803909103 ], [ 15.010245779882492, 37.258212092478857 ], [ 15.010452146178437, 37.258135736763734 ], [ 15.010727301239699, 37.258135736763734 ], [ 15.011002456300959, 37.258135736763734 ], [ 15.011208822596906, 37.258212092478857 ] ] ] } },
{ "type": "Feature", "properties": { "id": "50266", "FIREDATE": "2021-07-03 11:21:00", "FINALDATE": "2021-07-03 11:21:00", "LASTUPDATE": "2022-01-26 11:45:36.105095", "COUNTRY": "IT", "PROVINCE": "Siracusa", "COMMUNE": "Lentini", "AREA_HA": "33", "BROADLEA": "0", "CONIFER": "0", "MIXED": "0", "SCLEROPH": "0", "TRANSIT": "0", "OTHERNATLC": "85.71428571404081", "AGRIAREAS": "5.714285714269388", "ARTIFSURF": "8.57142857140408", "OTHERLC": "0", "PERCNA2K": "0", "year": 2021, "source": "EFFIS" }, "geometry": { "type": "Polygon", "coordinates": [ [ [ 14.99820774595231, 37.174984362994358 ], [ 14.997932590891049, 37.175366141569974 ], [ 14.997863802125734, 37.176282410151451 ], [ 14.998001379656364, 37.17681690015732 ], [ 14.998620478544202, 37.177351390163182 ], [ 14.999033211136094, 37.177275034448058 ], [ 14.999927465085193, 37.177198678732935 ], [ 15.0004089864424, 37.177122323017812 ], [ 15.000959296564922, 37.177275034448058 ], [ 15.001028085330239, 37.177351390163182 ], [ 15.000752930268977, 37.177656813023674 ], [ 15.00027140891177, 37.177885880169043 ], [ 14.998758056074832, 37.178114947314413 ], [ 14.997657435829787, 37.178191303029536 ], [ 14.995937716696904, 37.178114947314413 ], [ 14.995318617809065, 37.177885880169043 ], [ 14.994424363859967, 37.177427745878305 ], [ 14.994149208798705, 37.177198678732935 ], [ 14.993186166084291, 37.176664188727074 ], [ 14.992429489665822, 37.176282410151451 ], [ 14.991260080655461, 37.175671564430466 ], [ 14.99070977053294, 37.175366141569974 ], [ 14.989815516583841, 37.174908007279235 ], [ 14.989402783991949, 37.174678940133866 ], [ 14.988990051400057, 37.174297161558243 ], [ 14.98892126263474, 37.174068094412874 ], [ 14.989196417696002, 37.173762671552382 ], [ 14.989540361522579, 37.173609960122135 ], [ 14.990434615471678, 37.173457248691889 ], [ 14.990916136828885, 37.173380892976766 ], [ 14.991535235716723, 37.173075470116274 ], [ 14.991741602012668, 37.172846402970904 ], [ 14.99215433460456, 37.172617335825528 ], [ 14.992498278431137, 37.172617335825528 ], [ 14.993048588553661, 37.172770047255781 ], [ 14.993254954849606, 37.172999114401151 ], [ 14.993874053737445, 37.173151825831397 ], [ 14.994355575094652, 37.173151825831397 ], [ 14.994837096451858, 37.173380892976766 ], [ 14.994905885217173, 37.173533604407012 ], [ 14.995043462747805, 37.173915382982628 ], [ 14.99511225151312, 37.17422080584312 ], [ 14.995387406574382, 37.174297161558243 ], [ 14.995456195339697, 37.174144450127997 ], [ 14.996212871758166, 37.173686315837259 ], [ 14.996831970646003, 37.173380892976766 ], [ 14.997588647064472, 37.173075470116274 ], [ 14.997726224595102, 37.173075470116274 ], [ 14.998070168421679, 37.173304537261643 ], [ 14.998276534717625, 37.173533604407012 ], [ 14.998551689778886, 37.173839027267505 ], [ 14.998551689778886, 37.173991738697751 ], [ 14.998551689778886, 37.17422080584312 ], [ 14.998482901013571, 37.174373517273366 ], [ 14.99820774595231, 37.174984362994358 ] ] ] } },
{ "type": "Feature", "properties": { "id": "52536", "FIREDATE": "2021-08-10 11:50:00", "FINALDATE": "2021-08-11 12:30:00", "LASTUPDATE": "2022-01-26 11:45:36.105095", "COUNTRY": "IT", "PROVINCE": "Siracusa", "COMMUNE": "Carlentini", "AREA_HA": "79", "BROADLEA": "44.87179487173734", "CONIFER": "0", "MIXED": "0", "SCLEROPH": "46.15384615378698", "TRANSIT": "0", "OTHERNATLC": "0", "AGRIAREAS": "8.974358974347469", "ARTIFSURF": "0", "OTHERLC": "0", "PERCNA2K": "0", "year": 2021, "source": "EFFIS" }, "geometry": { "type": "Polygon", "coordinates": [ [ [ 14.941732169628429, 37.305781703000733 ], [ 14.941388225801852, 37.306087125861225 ], [ 14.941044281975275, 37.306621615867094 ], [ 14.941044281975275, 37.306927038727586 ], [ 14.94111307074059, 37.307461528733448 ], [ 14.94125064827122, 37.307766951593941 ], [ 14.94125064827122, 37.308225085884686 ], [ 14.941181859505905, 37.308454153030056 ], [ 14.940631549383383, 37.308454153030056 ], [ 14.940218816791491, 37.308301441599809 ], [ 14.938980619015815, 37.308225085884686 ], [ 14.938155153832032, 37.308377797314932 ], [ 14.936985744821671, 37.308606864460302 ], [ 14.936573012229779, 37.308683220175425 ], [ 14.936022702107255, 37.308683220175425 ], [ 14.93581633581131, 37.308606864460302 ], [ 14.935541180750048, 37.308377797314932 ], [ 14.935541180750048, 37.308301441599809 ], [ 14.935472391984733, 37.30807237445444 ], [ 14.935541180750048, 37.307919663024187 ], [ 14.93567875828068, 37.307614240163694 ], [ 14.93581633581131, 37.307537884448571 ], [ 14.935885124576625, 37.307232461588079 ], [ 14.935885124576625, 37.30700339444271 ], [ 14.935609969515363, 37.30677432729734 ], [ 14.935197236923472, 37.306850683012463 ], [ 14.93464692680095, 37.307156105872956 ], [ 14.934440560505003, 37.307537884448571 ], [ 14.934165405443743, 37.30799601873931 ], [ 14.934096616678428, 37.308148730169563 ], [ 14.934096616678428, 37.308530508745179 ], [ 14.934234194209058, 37.308759575890548 ], [ 14.934234194209058, 37.309141354466163 ], [ 14.934096616678428, 37.309217710181287 ], [ 14.933615095321219, 37.309675844472025 ], [ 14.933202362729327, 37.310057623047648 ], [ 14.93272084137212, 37.310515757338386 ], [ 14.932652052606805, 37.310592113053509 ], [ 14.93258326384149, 37.310897535914002 ], [ 14.932514475076175, 37.311202958774494 ], [ 14.932789630137435, 37.311508381634987 ], [ 14.933133573964012, 37.31158473735011 ], [ 14.933752672851851, 37.312501005931594 ], [ 14.934096616678428, 37.313417274513071 ], [ 14.934096616678428, 37.314409898809679 ], [ 14.933890250382481, 37.314638965955048 ], [ 14.933408729025274, 37.314638965955048 ], [ 14.933133573964012, 37.314486254524802 ], [ 14.932445686310858, 37.314180831664309 ], [ 14.931964164953651, 37.31395176451894 ], [ 14.931276277300499, 37.313646341658448 ], [ 14.931069911004553, 37.313493630228194 ], [ 14.930725967177976, 37.313188207367702 ], [ 14.930657178412661, 37.313035495937456 ], [ 14.930519600882031, 37.312501005931594 ], [ 14.930450812116714, 37.312195583071102 ], [ 14.930106868290139, 37.31158473735011 ], [ 14.929831713228877, 37.31135567020474 ], [ 14.92935019187167, 37.310973891629125 ], [ 14.929212614341038, 37.310897535914002 ], [ 14.929006248045093, 37.310439401623263 ], [ 14.928937459279778, 37.309981267332525 ], [ 14.928868670514463, 37.309446777326656 ], [ 14.928868670514463, 37.30929406589641 ], [ 14.928455937922571, 37.308835931605671 ], [ 14.928043205330678, 37.308530508745179 ], [ 14.927492895208156, 37.308148730169563 ], [ 14.927355317677526, 37.30799601873931 ], [ 14.927286528912211, 37.307614240163694 ], [ 14.927355317677526, 37.307385173018325 ], [ 14.927768050269417, 37.306927038727586 ], [ 14.928111994095994, 37.306621615867094 ], [ 14.928593515453201, 37.306468904436848 ], [ 14.928799881749146, 37.306545260151971 ], [ 14.929143825575723, 37.30677432729734 ], [ 14.929281403106355, 37.30700339444271 ], [ 14.9294877694023, 37.307232461588079 ], [ 14.929556558167615, 37.307385173018325 ], [ 14.929900501994192, 37.307690595878817 ], [ 14.930175657055454, 37.307766951593941 ], [ 14.930657178412661, 37.307766951593941 ], [ 14.930863544708608, 37.307690595878817 ], [ 14.931069911004553, 37.307232461588079 ], [ 14.931069911004553, 37.306927038727586 ], [ 14.930863544708608, 37.306468904436848 ], [ 14.930725967177976, 37.306392548721725 ], [ 14.930588389647346, 37.305858058715856 ], [ 14.930657178412661, 37.30547628014024 ], [ 14.930450812116714, 37.304865434419256 ], [ 14.930175657055454, 37.304636367273886 ], [ 14.929694135698247, 37.304254588698264 ], [ 14.929556558167615, 37.304101877268018 ], [ 14.929556558167615, 37.303643742977279 ], [ 14.929762924463562, 37.30341467583191 ], [ 14.930313234586084, 37.30318560868654 ], [ 14.930588389647346, 37.30318560868654 ], [ 14.931345066065814, 37.303261964401663 ], [ 14.931689009892391, 37.30318560868654 ], [ 14.932308108780228, 37.303109252971417 ], [ 14.932514475076175, 37.302956541541171 ], [ 14.93272084137212, 37.302651118680679 ], [ 14.93272084137212, 37.302422051535302 ], [ 14.932514475076175, 37.301963917244564 ], [ 14.932239320014913, 37.301811205814317 ], [ 14.931689009892391, 37.301582138668948 ], [ 14.931345066065814, 37.301505782953825 ], [ 14.931069911004553, 37.301200360093333 ], [ 14.931138699769868, 37.301047648663086 ], [ 14.931689009892391, 37.30089493723284 ], [ 14.932101742484283, 37.301047648663086 ], [ 14.932995996433382, 37.301276715808456 ], [ 14.933408729025274, 37.301429427238702 ], [ 14.933959039147796, 37.301811205814317 ], [ 14.934027827913111, 37.30211662867481 ], [ 14.934165405443743, 37.302574762965556 ], [ 14.934165405443743, 37.302803830110925 ], [ 14.934234194209058, 37.30318560868654 ], [ 14.934302982974373, 37.30341467583191 ], [ 14.93478450433158, 37.303643742977279 ], [ 14.935128448158157, 37.303720098692402 ], [ 14.93567875828068, 37.303796454407525 ], [ 14.935885124576625, 37.303872810122648 ], [ 14.936366645933832, 37.304178232983141 ], [ 14.936573012229779, 37.304330944413387 ], [ 14.937467266178878, 37.304560011558763 ], [ 14.938155153832032, 37.304636367273886 ], [ 14.938774252719869, 37.304560011558763 ], [ 14.938843041485184, 37.30448365584364 ], [ 14.938705463954554, 37.304178232983141 ], [ 14.938567886423924, 37.304025521552894 ], [ 14.938567886423924, 37.303643742977279 ], [ 14.938774252719869, 37.303491031547033 ], [ 14.939118196546445, 37.303338320116787 ], [ 14.939255774077076, 37.303338320116787 ], [ 14.939806084199599, 37.303491031547033 ], [ 14.940218816791491, 37.303643742977279 ], [ 14.941044281975275, 37.304101877268018 ], [ 14.941457014567167, 37.304330944413387 ], [ 14.941938535924374, 37.304636367273886 ], [ 14.942076113455004, 37.304712722989009 ], [ 14.942144902220321, 37.305018145849502 ], [ 14.942076113455004, 37.305247212994871 ], [ 14.941732169628429, 37.305781703000733 ] ] ] } },
{ "type": "Feature", "properties": { "id": "54010", "FIREDATE": "2021-08-16 10:56:00", "FINALDATE": "2021-08-16 11:47:00", "LASTUPDATE": "2022-01-26 11:45:36.105095", "COUNTRY": "IT", "PROVINCE": "Siracusa", "COMMUNE": "Lentini", "AREA_HA": "29", "BROADLEA": "0", "CONIFER": "0", "MIXED": "0", "SCLEROPH": "0", "TRANSIT": "0", "OTHERNATLC": "99.99999999965517", "AGRIAREAS": "0", "ARTIFSURF": "0", "OTHERLC": "0", "PERCNA2K": "0", "year": 2021, "source": "EFFIS" }, "geometry": { "type": "Polygon", "coordinates": [ [ [ 14.989402783991949, 37.174678940133866 ], [ 14.989815516583841, 37.174908007279235 ], [ 14.99070977053294, 37.175366141569974 ], [ 14.991260080655461, 37.175671564430466 ], [ 14.992429489665822, 37.176282410151451 ], [ 14.993186166084291, 37.176664188727074 ], [ 14.994149208798705, 37.177198678732935 ], [ 14.994424363859967, 37.177427745878305 ], [ 14.995318617809065, 37.177885880169043 ], [ 14.995937716696904, 37.178114947314413 ], [ 14.995524984105012, 37.178267658744666 ], [ 14.995868927931589, 37.178573081605158 ], [ 14.995868927931589, 37.178802148750528 ], [ 14.995937716696904, 37.179183927326143 ], [ 14.993461321145553, 37.179336638756389 ], [ 14.992567067196452, 37.179260283041266 ], [ 14.991397658186093, 37.179031215895897 ], [ 14.991053714359516, 37.178802148750528 ], [ 14.990503404236993, 37.178344014459789 ], [ 14.989746727818524, 37.178038591599289 ], [ 14.988439741277533, 37.178344014459789 ], [ 14.987407909797804, 37.178802148750528 ], [ 14.987063965971227, 37.178649437320281 ], [ 14.986926388440596, 37.178573081605158 ], [ 14.987063965971227, 37.178038591599289 ], [ 14.987270332267173, 37.177504101593428 ], [ 14.987339121032488, 37.176740544442197 ], [ 14.987270332267173, 37.176511477296827 ], [ 14.986857599675281, 37.176129698721205 ], [ 14.986582444614021, 37.175976987290959 ], [ 14.986238500787444, 37.175595208715343 ], [ 14.986100923256812, 37.175442497285097 ], [ 14.985825768195552, 37.174984362994358 ], [ 14.985756979430235, 37.174755295848989 ], [ 14.985619401899605, 37.174297161558243 ], [ 14.985619401899605, 37.174144450127997 ], [ 14.985756979430235, 37.173915382982628 ], [ 14.985825768195552, 37.173839027267505 ], [ 14.986100923256812, 37.173686315837259 ], [ 14.986169712022129, 37.173609960122135 ], [ 14.986582444614021, 37.173609960122135 ], [ 14.986926388440596, 37.173609960122135 ], [ 14.987407909797804, 37.173762671552382 ], [ 14.987614276093749, 37.173991738697751 ], [ 14.988027008685641, 37.174068094412874 ], [ 14.988164586216271, 37.174068094412874 ], [ 14.988439741277533, 37.173991738697751 ], [ 14.988508530042848, 37.173991738697751 ], [ 14.988714896338795, 37.17422080584312 ], [ 14.988990051400057, 37.17444987298849 ], [ 14.989402783991949, 37.174678940133866 ] ] ] } },
{ "type": "Feature", "properties": { "id": "54103", "FIREDATE": "2021-08-12 12:55:00", "FINALDATE": "2021-08-12 12:55:00", "LASTUPDATE": "2022-01-26 11:45:36.105095", "COUNTRY": "IT", "PROVINCE": "Siracusa", "COMMUNE": "Carlentini", "AREA_HA": "32", "BROADLEA": "0", "CONIFER": "0", "MIXED": "0", "SCLEROPH": "0", "TRANSIT": "0", "OTHERNATLC": "90.62499999971679", "AGRIAREAS": "9.374999999970703", "ARTIFSURF": "0", "OTHERLC": "0", "PERCNA2K": "0", "year": 2021, "source": "EFFIS" }, "geometry": { "type": "Polygon", "coordinates": [ [ [ 15.007494229269879, 37.269741805462495 ], [ 15.007150285443302, 37.27012358403811 ], [ 15.00880121581087, 37.271039852619587 ], [ 15.009282737168077, 37.271421631195203 ], [ 15.010039413586545, 37.272337899776687 ], [ 15.0098330472906, 37.272490611206933 ], [ 15.009489103464023, 37.272796034067426 ], [ 15.009282737168077, 37.272948745497672 ], [ 15.008732427045555, 37.272948745497672 ], [ 15.008457271984293, 37.272719678352303 ], [ 15.007975750627086, 37.272261544061564 ], [ 15.007838173096456, 37.272032476916195 ], [ 15.007081496677987, 37.271650698340579 ], [ 15.006462397790148, 37.271497986910333 ], [ 15.005086622483843, 37.271727054055702 ], [ 15.004329946065374, 37.272032476916195 ], [ 15.003229325820328, 37.272490611206933 ], [ 15.002885381993751, 37.272566966922057 ], [ 15.002059916809968, 37.272796034067426 ], [ 15.001509606687446, 37.272872389782549 ], [ 15.000684141503662, 37.272948745497672 ], [ 15.000340197677085, 37.273025101212795 ], [ 14.999927465085193, 37.272872389782549 ], [ 14.999858676319878, 37.272796034067426 ], [ 15.000065042615823, 37.272261544061564 ], [ 15.0004089864424, 37.271956121201072 ], [ 15.001165662860869, 37.27134527548008 ], [ 15.001647184218076, 37.271116208334711 ], [ 15.002472649401859, 37.270581718328849 ], [ 15.002885381993751, 37.270276295468356 ], [ 15.003298114585643, 37.269741805462495 ], [ 15.003366903350958, 37.269512738317118 ], [ 15.002816593228436, 37.26882553688101 ], [ 15.002128705575283, 37.268367402590272 ], [ 15.001234451626184, 37.267680201154157 ], [ 15.000890507799607, 37.267527489723911 ], [ 15.000959296564922, 37.266840288287803 ], [ 15.001303240391499, 37.266458509712187 ], [ 15.001715972983391, 37.266000375421449 ], [ 15.001784761748706, 37.265924019706318 ], [ 15.002059916809968, 37.265924019706318 ], [ 15.002197494340599, 37.265924019706318 ], [ 15.002747804463121, 37.266305798281941 ], [ 15.003091748289698, 37.266611221142433 ], [ 15.004054791004112, 37.267145711148295 ], [ 15.004811467422581, 37.267298422578541 ], [ 15.00570572137168, 37.267374778293664 ], [ 15.006049665198256, 37.267451134008788 ], [ 15.006393609024833, 37.267603845439034 ], [ 15.006531186555463, 37.26783291258441 ], [ 15.006806341616725, 37.268214691160026 ], [ 15.007012707912672, 37.268443758305395 ], [ 15.007219074208617, 37.26905460402638 ], [ 15.007219074208617, 37.269436382601995 ], [ 15.007494229269879, 37.269741805462495 ] ] ] } },
{ "type": "Feature", "properties": { "id": "54104", "FIREDATE": "2021-08-12 00:00:00", "FINALDATE": "2021-08-12 00:00:00", "LASTUPDATE": "2022-01-26 11:45:36.105095", "COUNTRY": "IT", "PROVINCE": "Siracusa", "COMMUNE": "Carlentini", "AREA_HA": "39", "BROADLEA": "0", "CONIFER": "0", "MIXED": "0", "SCLEROPH": "0", "TRANSIT": "0", "OTHERNATLC": "99.99999999974358", "AGRIAREAS": "0", "ARTIFSURF": "0", "OTHERLC": "0", "PERCNA2K": "0", "year": 2021, "source": "EFFIS" }, "geometry": { "type": "Polygon", "coordinates": [ [ [ 14.992085545839245, 37.277682799835326 ], [ 14.991810390777985, 37.277911866980695 ], [ 14.990778559298255, 37.278599068416803 ], [ 14.990090671645101, 37.278980846992425 ], [ 14.988990051400057, 37.279668048428533 ], [ 14.988508530042848, 37.279973471289026 ], [ 14.987407909797804, 37.280507961294887 ], [ 14.986651233379336, 37.280737028440264 ], [ 14.985275458073028, 37.28058431701001 ], [ 14.984587570419876, 37.280126182719272 ], [ 14.98362452770546, 37.279668048428533 ], [ 14.983349372644199, 37.279668048428533 ], [ 14.983074217582939, 37.279515336998287 ], [ 14.983074217582939, 37.279362625568041 ], [ 14.983280583878884, 37.278904491277302 ], [ 14.98348695017483, 37.278599068416803 ], [ 14.983762105236092, 37.278064578410941 ], [ 14.983830894001407, 37.277759155550449 ], [ 14.98348695017483, 37.277071954114341 ], [ 14.983143006348254, 37.276613819823595 ], [ 14.983005428817624, 37.275773906957241 ], [ 14.983211795113569, 37.275315772666502 ], [ 14.983762105236092, 37.274781282660634 ], [ 14.984106049062667, 37.27470492694551 ], [ 14.984862725481136, 37.274399504085018 ], [ 14.98541303560366, 37.274170436939649 ], [ 14.986307289552759, 37.274170436939649 ], [ 14.986788810909966, 37.274246792654772 ], [ 14.987751853624379, 37.274781282660634 ], [ 14.988233374981588, 37.275239416951379 ], [ 14.989333995226632, 37.27600297410261 ], [ 14.990021882879786, 37.276308396963103 ], [ 14.990984925594201, 37.276690175538718 ], [ 14.991260080655461, 37.276613819823595 ], [ 14.9918791795433, 37.276461108393349 ], [ 14.992291912135192, 37.276308396963103 ], [ 14.992773433492399, 37.27623204124798 ], [ 14.992911011023029, 37.276384752678226 ], [ 14.992979799788344, 37.276461108393349 ], [ 14.992773433492399, 37.276842886968964 ], [ 14.992635855961769, 37.277148309829464 ], [ 14.992085545839245, 37.277682799835326 ] ] ] } },
{ "type": "Feature", "properties": { "id": "51448", "FIREDATE": "2021-07-28 11:51:00", "FINALDATE": "2021-07-28 12:44:00", "LASTUPDATE": "2022-01-26 11:45:36.105095", "COUNTRY": "IT", "PROVINCE": "Siracusa", "COMMUNE": "Carlentini", "AREA_HA": "106", "BROADLEA": "0", "CONIFER": "0", "MIXED": "0", "SCLEROPH": "0", "TRANSIT": "0", "OTHERNATLC": "7.547169811313635", "AGRIAREAS": "92.45283018859203", "ARTIFSURF": "0", "OTHERLC": "0", "PERCNA2K": "0", "year": 2021, "source": "EFFIS" }, "geometry": { "type": "Polygon", "coordinates": [ [ [ 14.937673632474825, 37.264778683979472 ], [ 14.938774252719869, 37.265007751124841 ], [ 14.93918698531176, 37.266076731136572 ], [ 14.940150028026176, 37.266611221142433 ], [ 14.941594592097797, 37.266687576857557 ], [ 14.942351268516266, 37.26653486542731 ], [ 14.942213690985636, 37.266153086851695 ], [ 14.942764001108158, 37.266000375421449 ], [ 14.943933410118518, 37.266000375421449 ], [ 14.945034030363564, 37.265847663991195 ], [ 14.946203439373924, 37.265694952560949 ], [ 14.947097693323023, 37.265771308276072 ], [ 14.947716792210862, 37.266229442566818 ], [ 14.948404679864014, 37.266458509712187 ], [ 14.949092567517168, 37.266382153997064 ], [ 14.949161356282483, 37.266840288287803 ], [ 14.948542257394646, 37.267680201154157 ], [ 14.948267102333384, 37.268672825450764 ], [ 14.948198313568069, 37.269818161177618 ], [ 14.948473468629329, 37.271039852619587 ], [ 14.949161356282483, 37.27241425549181 ], [ 14.94950530010906, 37.273483235503541 ], [ 14.949574088874375, 37.274094081224526 ], [ 14.949849243935637, 37.275010349806003 ], [ 14.950399554058158, 37.276079329817733 ], [ 14.949986821466267, 37.27730102125971 ], [ 14.948611046159961, 37.27852271270168 ], [ 14.947991947272122, 37.27852271270168 ], [ 14.948060736037437, 37.277224665544587 ], [ 14.947854369741492, 37.276537464108472 ], [ 14.94730405961897, 37.276384752678226 ], [ 14.946616171965816, 37.276766531253841 ], [ 14.945928284312663, 37.277682799835326 ], [ 14.945240396659509, 37.278064578410941 ], [ 14.944758875302302, 37.277835511265572 ], [ 14.944277353945095, 37.277835511265572 ], [ 14.943864621353203, 37.277911866980695 ], [ 14.943383099995996, 37.278064578410941 ], [ 14.942901578638789, 37.278217289841187 ], [ 14.942144902220321, 37.278064578410941 ], [ 14.941181859505905, 37.277606444120202 ], [ 14.940425183087436, 37.276995598399218 ], [ 14.939806084199599, 37.27623204124798 ], [ 14.93918698531176, 37.275315772666502 ], [ 14.938636675189239, 37.274170436939649 ], [ 14.938705463954554, 37.273788658364033 ], [ 14.939530929138337, 37.274094081224526 ], [ 14.940218816791491, 37.274246792654772 ], [ 14.940769126914013, 37.274170436939649 ], [ 14.94097549320996, 37.273865014079156 ], [ 14.940906704444645, 37.273406879788418 ], [ 14.941181859505905, 37.273330524073295 ], [ 14.941732169628429, 37.27371230264891 ], [ 14.942351268516266, 37.27371230264891 ], [ 14.943039156169419, 37.273406879788418 ], [ 14.943176733700049, 37.273101456927918 ], [ 14.942764001108158, 37.272719678352303 ], [ 14.942488846046897, 37.272261544061564 ], [ 14.942420057281581, 37.271879765485949 ], [ 14.941800958393744, 37.271727054055702 ], [ 14.940769126914013, 37.271803409770826 ], [ 14.940012450495544, 37.271727054055702 ], [ 14.939668506668967, 37.271574342625456 ], [ 14.940081239260861, 37.271268919764957 ], [ 14.94125064827122, 37.270887141189341 ], [ 14.941388225801852, 37.27035265118348 ], [ 14.940631549383383, 37.269512738317118 ], [ 14.939943661730229, 37.268596469735641 ], [ 14.939255774077076, 37.267527489723911 ], [ 14.938155153832032, 37.266916644002926 ], [ 14.936641800995094, 37.266840288287803 ], [ 14.935609969515363, 37.266458509712187 ], [ 14.935128448158157, 37.265924019706318 ], [ 14.93581633581131, 37.265389529700457 ], [ 14.937673632474825, 37.264778683979472 ] ] ] } },
{ "type": "Feature", "properties": { "id": "50267", "FIREDATE": "2021-07-04 20:50:00", "FINALDATE": "2021-07-06 01:34:00", "LASTUPDATE": "2022-01-26 11:45:36.105095", "COUNTRY": "IT", "PROVINCE": "Siracusa", "COMMUNE": "Melilli", "AREA_HA": "297", "BROADLEA": "0", "CONIFER": "0", "MIXED": "0", "SCLEROPH": "0", "TRANSIT": "0", "OTHERNATLC": "70.70707070704691", "AGRIAREAS": "29.29292929291943", "ARTIFSURF": "0", "OTHERLC": "0", "PERCNA2K": "0", "year": 2021, "source": "EFFIS" }, "geometry": { "type": "Polygon", "coordinates": [ [ [ 15.041063146743756, 37.315860657397025 ], [ 15.042026189458172, 37.315478878821409 ], [ 15.042301344519434, 37.315326167391156 ], [ 15.043058020937901, 37.315555234536532 ], [ 15.043539542295109, 37.315937013112148 ], [ 15.043952274887001, 37.316547858833133 ], [ 15.043952274887001, 37.316776925978502 ], [ 15.043883486121686, 37.31754048312974 ], [ 15.043745908591054, 37.317998617420479 ], [ 15.043952274887001, 37.31853310742634 ], [ 15.044296218713578, 37.31853310742634 ], [ 15.045465627723937, 37.31876217457171 ], [ 15.046359881673038, 37.318838530286833 ], [ 15.047735656979343, 37.319373020292701 ], [ 15.048285967101865, 37.31983115458344 ], [ 15.049936897469435, 37.320747423164917 ], [ 15.050968728949163, 37.321205557455663 ], [ 15.052550870551416, 37.322198181752263 ], [ 15.053101180673938, 37.322732671758132 ], [ 15.053513913265832, 37.323878007484979 ], [ 15.053445124500515, 37.324488853205963 ], [ 15.052826025612678, 37.325557833217694 ], [ 15.052275715490154, 37.326092323223556 ], [ 15.052138137959524, 37.326932236089917 ], [ 15.052482081786101, 37.327314014665532 ], [ 15.053169969439255, 37.32800121610164 ], [ 15.053445124500515, 37.32830663896214 ], [ 15.05323875820457, 37.328764773252878 ], [ 15.052688448082046, 37.328917484683124 ], [ 15.050418418826641, 37.329451974688986 ], [ 15.048561122163127, 37.329833753264602 ], [ 15.046359881673038, 37.33036824327047 ], [ 15.045878360315829, 37.33059731041584 ], [ 15.044365007478893, 37.330520954700717 ], [ 15.043333175999162, 37.330215531840224 ], [ 15.040650414151864, 37.33036824327047 ], [ 15.039068272549613, 37.330750021846086 ], [ 15.037279764651414, 37.331513578997317 ], [ 15.037073398355469, 37.331971713288063 ], [ 15.036729454528892, 37.332582559009047 ], [ 15.036523088232945, 37.332811626154417 ], [ 15.035628834283846, 37.332735270439294 ], [ 15.034940946630693, 37.332429847578801 ], [ 15.033702748855017, 37.332124424718309 ], [ 15.033152438732495, 37.332200780433432 ], [ 15.032395762314026, 37.332429847578801 ], [ 15.032120607252764, 37.332582559009047 ], [ 15.031363930834296, 37.332582559009047 ], [ 15.030882409477089, 37.332429847578801 ], [ 15.030813620711774, 37.331742646142686 ], [ 15.031226353303666, 37.331208156136825 ], [ 15.031501508364927, 37.329986464694848 ], [ 15.031432719599611, 37.329222907543617 ], [ 15.031639085895558, 37.327695793241148 ], [ 15.031914240956819, 37.326779524659671 ], [ 15.032051818487449, 37.325252410357201 ], [ 15.031914240956819, 37.324565208921094 ], [ 15.032051818487449, 37.323496228909363 ], [ 15.032326973548711, 37.323038094618624 ], [ 15.033014861201863, 37.321892758891771 ], [ 15.03335880502844, 37.321205557455663 ], [ 15.033565171324387, 37.320212933159056 ], [ 15.033427593793755, 37.319907510298563 ], [ 15.032877283671233, 37.319678443153194 ], [ 15.032464551079341, 37.319678443153194 ], [ 15.031501508364927, 37.319983866013686 ], [ 15.030882409477089, 37.320289288874179 ], [ 15.029713000466728, 37.320747423164917 ], [ 15.029162690344206, 37.320976490310294 ], [ 15.028130858864476, 37.321205557455663 ], [ 15.027718126272584, 37.321205557455663 ], [ 15.027305393680692, 37.32082377888004 ], [ 15.027236604915377, 37.320518356019548 ], [ 15.027374182446007, 37.319983866013686 ], [ 15.027511759976639, 37.319754798868317 ], [ 15.027649337507269, 37.319143953147332 ], [ 15.027649337507269, 37.31876217457171 ], [ 15.027442971211322, 37.317998617420479 ], [ 15.027167816150062, 37.317616838844863 ], [ 15.02703023861943, 37.316624214548256 ], [ 15.02703023861943, 37.316013368827271 ], [ 15.027374182446007, 37.315326167391156 ], [ 15.027649337507269, 37.315097100245787 ], [ 15.029025112813574, 37.314868033100417 ], [ 15.030056944293305, 37.314715321670171 ], [ 15.032326973548711, 37.315020744530663 ], [ 15.033565171324387, 37.315326167391156 ], [ 15.03514731292664, 37.315860657397025 ], [ 15.035560045518531, 37.315937013112148 ], [ 15.037210975886099, 37.316166080257517 ], [ 15.038449173661775, 37.31624243597264 ], [ 15.03968737143745, 37.316166080257517 ], [ 15.040375259090604, 37.316089724542394 ], [ 15.041063146743756, 37.315860657397025 ] ] ] } },
{ "type": "Feature", "properties": { "id": "51747", "FIREDATE": "2021-08-01 10:10:00", "FINALDATE": "2021-08-02 01:28:00", "LASTUPDATE": "2022-01-26 11:45:36.105095", "COUNTRY": "IT", "PROVINCE": "Siracusa", "COMMUNE": "Melilli", "AREA_HA": "668", "BROADLEA": "14.798206278024692", "CONIFER": "0", "MIXED": "0", "SCLEROPH": "0.44843049327347556", "TRANSIT": "0", "OTHERNATLC": "84.60388639759572", "AGRIAREAS": "0.1494768310911585", "ARTIFSURF": "0", "OTHERLC": "0", "PERCNA2K": "90.47524475801238", "year": 2021, "source": "EFFIS" }, "geometry": { "type": "Polygon", "coordinates": [ [ [ 15.101528471455927, 37.298146131488394 ], [ 15.101734837751874, 37.298375198633764 ], [ 15.100978161333405, 37.299138755785002 ], [ 15.100359062445566, 37.300131380081602 ], [ 15.099739963557729, 37.30112400437821 ], [ 15.099464808496467, 37.302040272959687 ], [ 15.099464808496467, 37.302803830110925 ], [ 15.099189653435207, 37.30341467583191 ], [ 15.098708132077999, 37.303949165837771 ], [ 15.098570554547369, 37.304407300128517 ], [ 15.098776920843314, 37.304941790134379 ], [ 15.098570554547369, 37.305628991570487 ], [ 15.0978138781289, 37.306545260151971 ], [ 15.097194779241063, 37.307156105872956 ], [ 15.096506891587909, 37.307537884448571 ], [ 15.096094158996017, 37.307614240163694 ], [ 15.09588779270007, 37.307461528733448 ], [ 15.095475060108178, 37.307156105872956 ], [ 15.094787172455026, 37.306697971582217 ], [ 15.093686552209981, 37.306621615867094 ], [ 15.092173199373043, 37.30700339444271 ], [ 15.091210156658629, 37.307308817303202 ], [ 15.090797424066738, 37.307461528733448 ], [ 15.091072579127998, 37.307766951593941 ], [ 15.092104410607728, 37.30807237445444 ], [ 15.092585931964935, 37.308988643035917 ], [ 15.089490437525745, 37.311126603059371 ], [ 15.085500689137456, 37.311813804495486 ], [ 15.085775844198718, 37.31158473735011 ], [ 15.085913421729348, 37.311279314489617 ], [ 15.085775844198718, 37.311202958774494 ], [ 15.085431900372141, 37.311050247344248 ], [ 15.085156745310879, 37.311050247344248 ], [ 15.084812801484304, 37.310897535914002 ], [ 15.084744012718987, 37.310744824483756 ], [ 15.084675223953672, 37.310439401623263 ], [ 15.084675223953672, 37.310210334477894 ], [ 15.084537646423042, 37.309981267332525 ], [ 15.084468857657727, 37.309904911617402 ], [ 15.084331280127095, 37.309828555902271 ], [ 15.084056125065835, 37.309828555902271 ], [ 15.083849758769889, 37.309141354466163 ], [ 15.083299448647367, 37.309370421611533 ], [ 15.082749138524843, 37.309370421611533 ], [ 15.082198828402321, 37.309217710181287 ], [ 15.081579729514484, 37.309217710181287 ], [ 15.0807542643307, 37.309523133041779 ], [ 15.080341531738807, 37.309523133041779 ], [ 15.080203954208176, 37.309217710181287 ], [ 15.079516066555023, 37.309217710181287 ], [ 15.078415446309979, 37.309523133041779 ], [ 15.077865136187455, 37.309828555902271 ], [ 15.07779634742214, 37.310133978762771 ], [ 15.07793392495277, 37.31036304590814 ], [ 15.078415446309979, 37.310439401623263 ], [ 15.078553023840609, 37.310821180198879 ], [ 15.078484235075294, 37.311432025919864 ], [ 15.078209080014032, 37.311737448780363 ], [ 15.07765876989151, 37.311737448780363 ], [ 15.077383614830248, 37.312348294501348 ], [ 15.077246037299618, 37.313569985943325 ], [ 15.076145417054573, 37.314562610239925 ], [ 15.073944176564483, 37.315402523106286 ], [ 15.072774767554122, 37.315707945966778 ], [ 15.072568401258176, 37.315631590251655 ], [ 15.071949302370339, 37.315707945966778 ], [ 15.070711104594661, 37.316013368827271 ], [ 15.070023216941509, 37.316089724542394 ], [ 15.069954428176194, 37.315784301681902 ], [ 15.069679273114932, 37.315707945966778 ], [ 15.069128962992409, 37.315784301681902 ], [ 15.068165920277995, 37.315860657397025 ], [ 15.066858933737004, 37.315937013112148 ], [ 15.066102257318535, 37.316166080257517 ], [ 15.06603346855322, 37.316624214548256 ], [ 15.06617104608385, 37.316853281693625 ], [ 15.066721356206372, 37.316853281693625 ], [ 15.067065300032949, 37.317158704554117 ], [ 15.067202877563581, 37.317616838844863 ], [ 15.066790144971689, 37.317922261705355 ], [ 15.065827102257273, 37.317998617420479 ], [ 15.065208003369436, 37.318227684565848 ], [ 15.06486405954286, 37.31853310742634 ], [ 15.064244960655021, 37.318685818856586 ], [ 15.063350706705922, 37.318685818856586 ], [ 15.062731607818085, 37.318304040280971 ], [ 15.062387663991508, 37.317616838844863 ], [ 15.061837353868984, 37.317158704554117 ], [ 15.061080677450516, 37.317005993123871 ], [ 15.060186423501417, 37.317005993123871 ], [ 15.059085803256371, 37.317158704554117 ], [ 15.058053971776642, 37.317235060269248 ], [ 15.056953351531597, 37.317387771699494 ], [ 15.05633425264376, 37.317769550275109 ], [ 15.056059097582498, 37.318456751711217 ], [ 15.055646364990606, 37.31876217457171 ], [ 15.055164843633399, 37.31876217457171 ], [ 15.054752111041507, 37.318914886001956 ], [ 15.05440816721493, 37.319373020292701 ], [ 15.053720279561777, 37.319602087438071 ], [ 15.052826025612678, 37.319602087438071 ], [ 15.052482081786101, 37.31983115458344 ], [ 15.052619659316731, 37.320289288874179 ], [ 15.052206926724839, 37.320518356019548 ], [ 15.05131267277574, 37.320671067449794 ], [ 15.051243884010425, 37.320900134595171 ], [ 15.050831151418533, 37.320900134595171 ], [ 15.049936897469435, 37.320747423164917 ], [ 15.048285967101865, 37.31983115458344 ], [ 15.047735656979343, 37.319373020292701 ], [ 15.046359881673038, 37.318838530286833 ], [ 15.045465627723937, 37.31876217457171 ], [ 15.045190472662677, 37.315937013112148 ], [ 15.04498410636673, 37.315249811676033 ], [ 15.043058020937901, 37.315555234536532 ], [ 15.042301344519434, 37.315326167391156 ], [ 15.042026189458172, 37.315478878821409 ], [ 15.041063146743756, 37.315860657397025 ], [ 15.040375259090604, 37.316089724542394 ], [ 15.03968737143745, 37.316166080257517 ], [ 15.039274638845558, 37.315707945966778 ], [ 15.039412216376189, 37.315097100245787 ], [ 15.040237681559972, 37.314028120234063 ], [ 15.040512836621234, 37.313340918797948 ], [ 15.040306470325289, 37.313111851652579 ], [ 15.040512836621234, 37.312424650216471 ], [ 15.041063146743756, 37.31135567020474 ], [ 15.041544668100965, 37.310668468768633 ], [ 15.042026189458172, 37.310439401623263 ], [ 15.04175103439691, 37.310133978762771 ], [ 15.040787991682496, 37.309904911617402 ], [ 15.040581625386549, 37.309675844472025 ], [ 15.041063146743756, 37.309523133041779 ], [ 15.041682245631595, 37.30929406589641 ], [ 15.042438922050064, 37.309141354466163 ], [ 15.042576499580694, 37.308835931605671 ], [ 15.042163766988802, 37.308454153030056 ], [ 15.041819823162225, 37.30807237445444 ], [ 15.041407090570333, 37.307690595878817 ], [ 15.040787991682496, 37.307537884448571 ], [ 15.039893737733397, 37.307766951593941 ], [ 15.039618582672135, 37.307614240163694 ], [ 15.039893737733397, 37.307156105872956 ], [ 15.040306470325289, 37.306850683012463 ], [ 15.040787991682496, 37.306621615867094 ], [ 15.041407090570333, 37.306468904436848 ], [ 15.042163766988802, 37.306468904436848 ], [ 15.042714077111325, 37.306697971582217 ], [ 15.043058020937901, 37.307232461588079 ], [ 15.043333175999162, 37.307385173018325 ], [ 15.043539542295109, 37.307308817303202 ], [ 15.043814697356369, 37.307079750157833 ], [ 15.044227429948261, 37.306621615867094 ], [ 15.044433796244208, 37.306087125861225 ], [ 15.044640162540153, 37.305552635855364 ], [ 15.044640162540153, 37.304941790134379 ], [ 15.044502585009523, 37.30448365584364 ], [ 15.044915317601415, 37.303567387262156 ], [ 15.045878360315829, 37.302192984389933 ], [ 15.046910191795559, 37.301734850099194 ], [ 15.048010812040605, 37.302040272959687 ], [ 15.048767488459074, 37.302269340105056 ], [ 15.049180221050966, 37.302269340105056 ], [ 15.049661742408173, 37.302422051535302 ], [ 15.05014326376538, 37.302727474395802 ], [ 15.050693573887902, 37.302880185826048 ], [ 15.05131267277574, 37.302651118680679 ], [ 15.051931771663579, 37.302803830110925 ], [ 15.052550870551416, 37.30318560868654 ], [ 15.052894814377993, 37.30318560868654 ], [ 15.053169969439255, 37.302651118680679 ], [ 15.0533763357352, 37.302040272959687 ], [ 15.053582702031147, 37.301353071523579 ], [ 15.053857857092407, 37.30112400437821 ], [ 15.054201800918984, 37.301429427238702 ], [ 15.05440816721493, 37.301734850099194 ], [ 15.054476955980245, 37.302192984389933 ], [ 15.05440816721493, 37.302651118680679 ], [ 15.054133012153669, 37.303109252971417 ], [ 15.053926645857723, 37.303643742977279 ], [ 15.053789068327092, 37.304254588698264 ], [ 15.053513913265832, 37.304712722989009 ], [ 15.052963603143308, 37.305094501564625 ], [ 15.052275715490154, 37.305247212994871 ], [ 15.051519039071687, 37.305170857279748 ], [ 15.050555996357271, 37.305018145849502 ], [ 15.049592953642858, 37.304712722989009 ], [ 15.048698699693759, 37.304789078704133 ], [ 15.04807960080592, 37.305323568709994 ], [ 15.047804445744658, 37.306010770146102 ], [ 15.047873234509973, 37.30677432729734 ], [ 15.04821717833655, 37.307308817303202 ], [ 15.048767488459074, 37.307614240163694 ], [ 15.049455376112226, 37.307690595878817 ], [ 15.050349630061326, 37.307461528733448 ], [ 15.051037517714478, 37.307766951593941 ], [ 15.051725405367632, 37.308454153030056 ], [ 15.052826025612678, 37.308912287320794 ], [ 15.054339378449615, 37.309141354466163 ], [ 15.055715153755921, 37.309141354466163 ], [ 15.056746985235652, 37.308912287320794 ], [ 15.057366084123489, 37.308454153030056 ], [ 15.057434872888804, 37.307766951593941 ], [ 15.057434872888804, 37.307156105872956 ], [ 15.057297295358174, 37.306545260151971 ], [ 15.057090929062227, 37.305858058715856 ], [ 15.056678196470335, 37.305247212994871 ], [ 15.05647183017439, 37.30448365584364 ], [ 15.05647183017439, 37.303643742977279 ], [ 15.057022140296912, 37.303261964401663 ], [ 15.058122760541957, 37.303338320116787 ], [ 15.059154592021688, 37.303261964401663 ], [ 15.059980057205472, 37.303109252971417 ], [ 15.060461578562679, 37.302727474395802 ], [ 15.060599156093309, 37.30211662867481 ], [ 15.060943099919886, 37.301811205814317 ], [ 15.061355832511778, 37.301811205814317 ], [ 15.062456452756823, 37.301658494384071 ], [ 15.064176171889706, 37.301200360093333 ], [ 15.06486405954286, 37.30089493723284 ], [ 15.064520115716283, 37.300665870087464 ], [ 15.064244960655021, 37.300436802942095 ], [ 15.064107383124391, 37.300207735796725 ], [ 15.064451326950968, 37.300131380081602 ], [ 15.065139214604121, 37.300207735796725 ], [ 15.065620735961328, 37.300284091511848 ], [ 15.065827102257273, 37.300436802942095 ], [ 15.066377412379797, 37.300436802942095 ], [ 15.067202877563581, 37.300284091511848 ], [ 15.069060174227094, 37.300207735796725 ], [ 15.072018091135654, 37.300207735796725 ], [ 15.074012965329798, 37.300589514372341 ], [ 15.075044796809527, 37.301200360093333 ], [ 15.075732684462681, 37.301505782953825 ], [ 15.076076628289258, 37.301353071523579 ], [ 15.076282994585203, 37.301047648663086 ], [ 15.076420572115834, 37.300589514372341 ], [ 15.077521192360878, 37.300436802942095 ], [ 15.079653644085655, 37.300589514372341 ], [ 15.081098208157275, 37.300513158657218 ], [ 15.081786095810429, 37.300207735796725 ], [ 15.082267617167636, 37.300207735796725 ], [ 15.082611560994213, 37.300665870087464 ], [ 15.08295550482079, 37.300818581517717 ], [ 15.083437026177997, 37.300818581517717 ], [ 15.083712181239258, 37.301047648663086 ], [ 15.083643392473943, 37.301429427238702 ], [ 15.083368237412682, 37.301734850099194 ], [ 15.082749138524843, 37.301963917244564 ], [ 15.081992462106376, 37.30211662867481 ], [ 15.080960630626645, 37.30211662867481 ], [ 15.080272742973492, 37.302192984389933 ], [ 15.0798600103816, 37.302422051535302 ], [ 15.079103333963131, 37.302727474395802 ], [ 15.078002713718087, 37.303032897256294 ], [ 15.077452403595563, 37.303491031547033 ], [ 15.077452403595563, 37.303872810122648 ], [ 15.07765876989151, 37.304101877268018 ], [ 15.078209080014032, 37.304178232983141 ], [ 15.079034545197816, 37.303872810122648 ], [ 15.080135165442861, 37.30318560868654 ], [ 15.080823053096015, 37.302880185826048 ], [ 15.081166996922592, 37.302956541541171 ], [ 15.08089184186133, 37.303338320116787 ], [ 15.080135165442861, 37.304101877268018 ], [ 15.07972243285097, 37.304712722989009 ], [ 15.079653644085655, 37.305247212994871 ], [ 15.0807542643307, 37.304712722989009 ], [ 15.082886716055475, 37.30318560868654 ], [ 15.08412491383115, 37.302422051535302 ], [ 15.084537646423042, 37.302422051535302 ], [ 15.084744012718987, 37.302727474395802 ], [ 15.084881590249619, 37.30318560868654 ], [ 15.085569477902773, 37.302880185826048 ], [ 15.086738886913132, 37.301658494384071 ], [ 15.088183450984754, 37.301582138668948 ], [ 15.089765592587007, 37.302574762965556 ], [ 15.090728635301421, 37.302803830110925 ], [ 15.091003790362683, 37.302192984389933 ], [ 15.091416522954574, 37.301963917244564 ], [ 15.091829255546466, 37.302040272959687 ], [ 15.091691678015836, 37.302574762965556 ], [ 15.090935001597368, 37.303567387262156 ], [ 15.090797424066738, 37.304101877268018 ], [ 15.091210156658629, 37.304101877268018 ], [ 15.091898044311781, 37.303491031547033 ], [ 15.092792298260882, 37.302269340105056 ], [ 15.093548974679349, 37.301734850099194 ], [ 15.094236862332503, 37.301734850099194 ], [ 15.094924749985656, 37.301505782953825 ], [ 15.09561263763881, 37.300971292947963 ], [ 15.096231736526647, 37.300742225802594 ], [ 15.096782046649171, 37.300742225802594 ], [ 15.097263568006378, 37.30089493723284 ], [ 15.0978138781289, 37.301200360093333 ], [ 15.098020244424847, 37.30112400437821 ], [ 15.097882666894215, 37.300665870087464 ], [ 15.098295399486107, 37.300131380081602 ], [ 15.09912086466989, 37.299520534360617 ], [ 15.099602386027099, 37.299062400069879 ], [ 15.099671174792414, 37.298756977209379 ], [ 15.100359062445566, 37.298451554348887 ], [ 15.101528471455927, 37.298146131488394 ] ] ] } },
{ "type": "Feature", "properties": { "id": "55386", "FIREDATE": "2021-09-19 11:10:00", "FINALDATE": "2021-09-19 11:10:00", "LASTUPDATE": "2022-01-26 11:45:36.105095", "COUNTRY": "IT", "PROVINCE": "Siracusa", "COMMUNE": "Carlentini", "AREA_HA": "13", "BROADLEA": "0", "CONIFER": "0", "MIXED": "0", "SCLEROPH": "30.76923076899408", "TRANSIT": "0", "OTHERNATLC": "69.23076923023669", "AGRIAREAS": "0", "ARTIFSURF": "0", "OTHERLC": "0", "PERCNA2K": "0", "year": 2021, "source": "EFFIS" }, "geometry": { "type": "Polygon", "coordinates": [ [ [ 15.011827921484745, 37.314868033100417 ], [ 15.011071245066276, 37.31494438881554 ], [ 15.010589723709067, 37.314715321670171 ], [ 15.010314568647807, 37.314180831664309 ], [ 15.010176991117175, 37.313875408803817 ], [ 15.01010820235186, 37.313875408803817 ], [ 15.0098330472906, 37.313875408803817 ], [ 15.009351525933392, 37.31395176451894 ], [ 15.009007582106815, 37.314104475949186 ], [ 15.008870004576185, 37.314409898809679 ], [ 15.008732427045555, 37.314638965955048 ], [ 15.008594849514923, 37.314868033100417 ], [ 15.008319694453663, 37.315097100245787 ], [ 15.007769384331139, 37.315402523106286 ], [ 15.007356651739247, 37.315478878821409 ], [ 15.00687513038204, 37.315478878821409 ], [ 15.006599975320778, 37.315402523106286 ], [ 15.006393609024833, 37.315249811676033 ], [ 15.006256031494203, 37.315020744530663 ], [ 15.006256031494203, 37.314715321670171 ], [ 15.006256031494203, 37.314333543094556 ], [ 15.006118453963571, 37.31395176451894 ], [ 15.006118453963571, 37.313722697373571 ], [ 15.006118453963571, 37.313569985943325 ], [ 15.006187242728886, 37.313417274513071 ], [ 15.006324820259518, 37.313111851652579 ], [ 15.006393609024833, 37.31288278450721 ], [ 15.006462397790148, 37.31265371736184 ], [ 15.006668764086095, 37.312348294501348 ], [ 15.00687513038204, 37.311966515925732 ], [ 15.007287862973932, 37.311890160210609 ], [ 15.007906961861771, 37.311966515925732 ], [ 15.008319694453663, 37.312042871640855 ], [ 15.008732427045555, 37.311966515925732 ], [ 15.009007582106815, 37.311966515925732 ], [ 15.009351525933392, 37.311890160210609 ], [ 15.009626680994653, 37.311813804495486 ], [ 15.009901836055915, 37.311661093065233 ], [ 15.01010820235186, 37.31158473735011 ], [ 15.010176991117175, 37.31158473735011 ], [ 15.010314568647807, 37.311661093065233 ], [ 15.010452146178437, 37.311813804495486 ], [ 15.010452146178437, 37.311966515925732 ], [ 15.010452146178437, 37.312271938786225 ], [ 15.010383357413122, 37.312501005931594 ], [ 15.010314568647807, 37.312730073076963 ], [ 15.010314568647807, 37.312959140222333 ], [ 15.010314568647807, 37.313111851652579 ], [ 15.010383357413122, 37.313264563082825 ], [ 15.010520934943752, 37.313417274513071 ], [ 15.010589723709067, 37.313493630228194 ], [ 15.010727301239699, 37.313569985943325 ], [ 15.010933667535644, 37.313569985943325 ], [ 15.011208822596906, 37.313722697373571 ], [ 15.011346400127536, 37.313722697373571 ], [ 15.011415188892851, 37.313799053088694 ], [ 15.011621555188798, 37.314028120234063 ], [ 15.01203428778069, 37.314562610239925 ], [ 15.011827921484745, 37.314868033100417 ] ] ] } },
{ "type": "Feature", "properties": { "id": "182067", "FIREDATE": "2022-03-10 11:34:00", "FINALDATE": "2022-03-10 12:23:00", "LASTUPDATE": "2022-03-21 10:11:42.604956", "COUNTRY": "IT", "PROVINCE": "Siracusa", "COMMUNE": "Carlentini", "AREA_HA": "1", "BROADLEA": "0", "CONIFER": "0", "MIXED": "0", "SCLEROPH": "0", "TRANSIT": "0", "OTHERNATLC": "99.99999998999999", "AGRIAREAS": "0", "ARTIFSURF": "0", "OTHERLC": "0", "PERCNA2K": "0", "year": 2022, "source": "EFFIS" }, "geometry": { "type": "Polygon", "coordinates": [ [ [ 14.943589466291941, 37.353733092098224 ], [ 14.943864621353203, 37.353962159243601 ], [ 14.943864621353203, 37.354038514958724 ], [ 14.943864621353203, 37.354114870673847 ], [ 14.943795832587888, 37.354267582104093 ], [ 14.943589466291941, 37.354420293534339 ], [ 14.943176733700049, 37.354496649249462 ], [ 14.942901578638789, 37.354420293534339 ], [ 14.942695212342842, 37.354420293534339 ], [ 14.942282479750951, 37.354267582104093 ], [ 14.942144902220321, 37.353885803528478 ], [ 14.942282479750951, 37.353580380667978 ], [ 14.942626423577527, 37.353427669237732 ], [ 14.942901578638789, 37.353504024952855 ], [ 14.943245522465364, 37.353656736383101 ], [ 14.943589466291941, 37.353733092098224 ] ] ] } },
{ "type": "Feature", "properties": { "id": "203918", "FIREDATE": "2022-06-22 11:34:00", "FINALDATE": "2022-06-22 12:23:00", "LASTUPDATE": "2022-06-24 06:31:19.652218", "COUNTRY": "IT", "PROVINCE": "Siracusa", "COMMUNE": "Carlentini", "AREA_HA": "12", "BROADLEA": "0", "CONIFER": "0", "MIXED": "0", "SCLEROPH": "66.66666666611111", "TRANSIT": "0", "OTHERNATLC": "0", "AGRIAREAS": "33.333333333055556", "ARTIFSURF": "0", "OTHERLC": "0", "PERCNA2K": "0", "year": 2022, "source": "EFFIS" }, "geometry": { "type": "Polygon", "coordinates": [ [ [ 14.989746727818524, 37.246987802355719 ], [ 14.989471572757264, 37.246987802355719 ], [ 14.989127628930687, 37.246758735210349 ], [ 14.98878368510411, 37.246606023780103 ], [ 14.988233374981588, 37.246300600919611 ], [ 14.987820642389696, 37.246071533774241 ], [ 14.987407909797804, 37.245766110913742 ], [ 14.987201543501858, 37.245613399483496 ], [ 14.986995177205912, 37.245307976623003 ], [ 14.986995177205912, 37.24523162090788 ], [ 14.987201543501858, 37.245155265192757 ], [ 14.987407909797804, 37.245155265192757 ], [ 14.987614276093749, 37.245307976623003 ], [ 14.987820642389696, 37.245460688053249 ], [ 14.988302163746903, 37.245689755198619 ], [ 14.988577318808165, 37.245689755198619 ], [ 14.98892126263474, 37.245537043768373 ], [ 14.989127628930687, 37.245384332338126 ], [ 14.989265206461317, 37.245155265192757 ], [ 14.989265206461317, 37.244926198047388 ], [ 14.989058840165372, 37.244391708041526 ], [ 14.989058840165372, 37.244162640896157 ], [ 14.989265206461317, 37.24393357375078 ], [ 14.989746727818524, 37.244009929465903 ], [ 14.990778559298255, 37.244544419471772 ], [ 14.991191291890146, 37.244773486617142 ], [ 14.991260080655461, 37.245002553762511 ], [ 14.991328869420776, 37.245155265192757 ], [ 14.991328869420776, 37.245460688053249 ], [ 14.991397658186093, 37.245689755198619 ], [ 14.991466446951408, 37.245995178059118 ], [ 14.991672813247353, 37.246224245204488 ], [ 14.99215433460456, 37.24652966806498 ], [ 14.992498278431137, 37.246606023780103 ], [ 14.992842222257714, 37.246606023780103 ], [ 14.993048588553661, 37.246606023780103 ], [ 14.993254954849606, 37.246682379495226 ], [ 14.993186166084291, 37.246911446640595 ], [ 14.992704644727084, 37.24752229236158 ], [ 14.992567067196452, 37.247751359506957 ], [ 14.992429489665822, 37.247980426652326 ], [ 14.992567067196452, 37.248285849512818 ], [ 14.993048588553661, 37.248743983803557 ], [ 14.993254954849606, 37.249049406664049 ], [ 14.993254954849606, 37.249354829524542 ], [ 14.993186166084291, 37.249431185239665 ], [ 14.993048588553661, 37.249431185239665 ], [ 14.992773433492399, 37.249354829524542 ], [ 14.992291912135192, 37.249125762379172 ], [ 14.991947968308615, 37.248896695233803 ], [ 14.991741602012668, 37.248591272373311 ], [ 14.991535235716723, 37.248285849512818 ], [ 14.991191291890146, 37.24782771522208 ], [ 14.991053714359516, 37.247675003791826 ], [ 14.99084734806357, 37.247598648076703 ], [ 14.990778559298255, 37.24752229236158 ], [ 14.99070977053294, 37.247293225216211 ], [ 14.990572193002308, 37.247216869501088 ], [ 14.990297037941048, 37.247064158070842 ], [ 14.990090671645101, 37.246987802355719 ], [ 14.989746727818524, 37.246987802355719 ] ] ] } },
{ "type": "Feature", "properties": { "id": "204016", "FIREDATE": "2022-06-25 09:17:00", "FINALDATE": "2022-06-25 09:17:00", "LASTUPDATE": "2022-06-27 14:39:08.482234", "COUNTRY": "IT", "PROVINCE": "Siracusa", "COMMUNE": "Melilli", "AREA_HA": "67", "BROADLEA": "0", "CONIFER": "0", "MIXED": "0", "SCLEROPH": "0", "TRANSIT": "0", "OTHERNATLC": "99.99999999985074", "AGRIAREAS": "0", "ARTIFSURF": "0", "OTHERLC": "0", "PERCNA2K": "100.00000000000004", "year": 2022, "source": "EFFIS" }, "geometry": { "type": "Polygon", "coordinates": [ [ [ 15.08412491383115, 37.312577361646717 ], [ 15.084400068892412, 37.312577361646717 ], [ 15.084606435188357, 37.31265371736184 ], [ 15.084744012718987, 37.312730073076963 ], [ 15.084812801484304, 37.312806428792086 ], [ 15.084881590249619, 37.312959140222333 ], [ 15.084950379014934, 37.313111851652579 ], [ 15.084950379014934, 37.313264563082825 ], [ 15.084950379014934, 37.313417274513071 ], [ 15.084950379014934, 37.313493630228194 ], [ 15.084881590249619, 37.313646341658448 ], [ 15.084812801484304, 37.313722697373571 ], [ 15.084675223953672, 37.313875408803817 ], [ 15.084606435188357, 37.31395176451894 ], [ 15.084606435188357, 37.314028120234063 ], [ 15.084537646423042, 37.314104475949186 ], [ 15.084537646423042, 37.314180831664309 ], [ 15.084468857657727, 37.314333543094556 ], [ 15.084400068892412, 37.314486254524802 ], [ 15.084331280127095, 37.314638965955048 ], [ 15.084193702596465, 37.31494438881554 ], [ 15.08412491383115, 37.31517345596091 ], [ 15.084056125065835, 37.315326167391156 ], [ 15.084056125065835, 37.315402523106286 ], [ 15.08412491383115, 37.315555234536532 ], [ 15.084056125065835, 37.315631590251655 ], [ 15.083849758769889, 37.315707945966778 ], [ 15.083574603708628, 37.315860657397025 ], [ 15.083230659882052, 37.315937013112148 ], [ 15.082886716055475, 37.316089724542394 ], [ 15.082680349759528, 37.316166080257517 ], [ 15.082405194698268, 37.31624243597264 ], [ 15.082267617167636, 37.316395147402886 ], [ 15.082198828402321, 37.316471503118009 ], [ 15.082198828402321, 37.316547858833133 ], [ 15.082267617167636, 37.316624214548256 ], [ 15.082473983463583, 37.316700570263379 ], [ 15.082542772228898, 37.316853281693625 ], [ 15.082611560994213, 37.316929637408748 ], [ 15.082680349759528, 37.317005993123871 ], [ 15.082611560994213, 37.317158704554117 ], [ 15.082542772228898, 37.317235060269248 ], [ 15.082405194698268, 37.317387771699494 ], [ 15.082198828402321, 37.31754048312974 ], [ 15.081923673341059, 37.317616838844863 ], [ 15.081717307045114, 37.317769550275109 ], [ 15.081510940749167, 37.317922261705355 ], [ 15.081304574453222, 37.318074973135602 ], [ 15.081166996922592, 37.318227684565848 ], [ 15.08102941939196, 37.318380395996094 ], [ 15.080823053096015, 37.31853310742634 ], [ 15.080616686800068, 37.318685818856586 ], [ 15.080410320504123, 37.31876217457171 ], [ 15.080135165442861, 37.318914886001956 ], [ 15.079997587912231, 37.319067597432209 ], [ 15.079791221616285, 37.319143953147332 ], [ 15.079653644085655, 37.319220308862455 ], [ 15.079516066555023, 37.319296664577578 ], [ 15.079378489024393, 37.319373020292701 ], [ 15.079309700259078, 37.319525731722948 ], [ 15.079240911493763, 37.319602087438071 ], [ 15.079172122728448, 37.319678443153194 ], [ 15.079034545197816, 37.319754798868317 ], [ 15.078896967667186, 37.319754798868317 ], [ 15.078690601371239, 37.319754798868317 ], [ 15.078484235075294, 37.319754798868317 ], [ 15.078277868779347, 37.31983115458344 ], [ 15.078002713718087, 37.319907510298563 ], [ 15.077727558656825, 37.320060221728809 ], [ 15.077452403595563, 37.320212933159056 ], [ 15.077108459768986, 37.320289288874179 ], [ 15.076833304707726, 37.320289288874179 ], [ 15.076489360881149, 37.320289288874179 ], [ 15.076214205819888, 37.320365644589302 ], [ 15.075939050758626, 37.320365644589302 ], [ 15.075732684462681, 37.320442000304425 ], [ 15.075526318166734, 37.320594711734671 ], [ 15.075319951870789, 37.320671067449794 ], [ 15.075113585574842, 37.320671067449794 ], [ 15.074907219278897, 37.320671067449794 ], [ 15.074632064217635, 37.320671067449794 ], [ 15.07442569792169, 37.320671067449794 ], [ 15.074150542860428, 37.320671067449794 ], [ 15.073944176564483, 37.320594711734671 ], [ 15.073669021503221, 37.320594711734671 ], [ 15.073531443972589, 37.320594711734671 ], [ 15.073462655207274, 37.320518356019548 ], [ 15.073531443972589, 37.320442000304425 ], [ 15.073600232737906, 37.320365644589302 ], [ 15.073737810268536, 37.320289288874179 ], [ 15.073875387799166, 37.320212933159056 ], [ 15.073944176564483, 37.320060221728809 ], [ 15.074012965329798, 37.319983866013686 ], [ 15.074012965329798, 37.319907510298563 ], [ 15.073944176564483, 37.319907510298563 ], [ 15.073806599033851, 37.31983115458344 ], [ 15.073531443972589, 37.31983115458344 ], [ 15.073393866441959, 37.31983115458344 ], [ 15.073325077676644, 37.319754798868317 ], [ 15.073325077676644, 37.319678443153194 ], [ 15.073393866441959, 37.319602087438071 ], [ 15.073462655207274, 37.319449376007825 ], [ 15.073462655207274, 37.319373020292701 ], [ 15.073325077676644, 37.319373020292701 ], [ 15.073187500146014, 37.319373020292701 ], [ 15.072912345084752, 37.319373020292701 ], [ 15.072637190023491, 37.319449376007825 ], [ 15.072293246196914, 37.319449376007825 ], [ 15.071949302370339, 37.319449376007825 ], [ 15.071605358543762, 37.319525731722948 ], [ 15.0713302034825, 37.319602087438071 ], [ 15.071055048421238, 37.319678443153194 ], [ 15.070917470890608, 37.319678443153194 ], [ 15.070779893359978, 37.319678443153194 ], [ 15.070711104594661, 37.319602087438071 ], [ 15.070779893359978, 37.319449376007825 ], [ 15.070711104594661, 37.319449376007825 ], [ 15.070573527064031, 37.319449376007825 ], [ 15.070367160768086, 37.319602087438071 ], [ 15.070229583237454, 37.319678443153194 ], [ 15.070092005706824, 37.319678443153194 ], [ 15.070092005706824, 37.319525731722948 ], [ 15.070023216941509, 37.319373020292701 ], [ 15.070023216941509, 37.319296664577578 ], [ 15.069954428176194, 37.319220308862455 ], [ 15.069954428176194, 37.319143953147332 ], [ 15.069885639410877, 37.319143953147332 ], [ 15.069748061880247, 37.319143953147332 ], [ 15.069541695584302, 37.319220308862455 ], [ 15.069335329288355, 37.319296664577578 ], [ 15.068991385461779, 37.319525731722948 ], [ 15.068716230400517, 37.319602087438071 ], [ 15.068509864104572, 37.319602087438071 ], [ 15.068303497808625, 37.319525731722948 ], [ 15.068165920277995, 37.319373020292701 ], [ 15.06809713151268, 37.319220308862455 ], [ 15.06795955398205, 37.319067597432209 ], [ 15.067890765216733, 37.318914886001956 ], [ 15.067821976451418, 37.318838530286833 ], [ 15.067821976451418, 37.318685818856586 ], [ 15.067890765216733, 37.318609463141463 ], [ 15.068028342747365, 37.318456751711217 ], [ 15.06823470904331, 37.318456751711217 ], [ 15.068372286573942, 37.318304040280971 ], [ 15.068509864104572, 37.318227684565848 ], [ 15.068647441635202, 37.318074973135602 ], [ 15.068716230400517, 37.317922261705355 ], [ 15.068853807931148, 37.317769550275109 ], [ 15.068991385461779, 37.317616838844863 ], [ 15.069197751757725, 37.317464127414617 ], [ 15.069472906818985, 37.317387771699494 ], [ 15.069679273114932, 37.317311415984371 ], [ 15.069954428176194, 37.317235060269248 ], [ 15.070160794472139, 37.317158704554117 ], [ 15.070367160768086, 37.317082348838994 ], [ 15.070779893359978, 37.316929637408748 ], [ 15.071398992247815, 37.316700570263379 ], [ 15.072224457431599, 37.316395147402886 ], [ 15.073256288911329, 37.315937013112148 ], [ 15.074081754095113, 37.315631590251655 ], [ 15.074632064217635, 37.315402523106286 ], [ 15.074976008044212, 37.315326167391156 ], [ 15.075113585574842, 37.315326167391156 ], [ 15.075251163105474, 37.315326167391156 ], [ 15.075319951870789, 37.315326167391156 ], [ 15.075457529401419, 37.315249811676033 ], [ 15.075526318166734, 37.31517345596091 ], [ 15.075732684462681, 37.315097100245787 ], [ 15.076007839523943, 37.31494438881554 ], [ 15.076420572115834, 37.314791677385294 ], [ 15.076902093473041, 37.314562610239925 ], [ 15.077314826064933, 37.314486254524802 ], [ 15.077589981126195, 37.314333543094556 ], [ 15.07779634742214, 37.314333543094556 ], [ 15.07793392495277, 37.314333543094556 ], [ 15.078002713718087, 37.314257187379432 ], [ 15.078071502483402, 37.314257187379432 ], [ 15.078140291248717, 37.314180831664309 ], [ 15.078209080014032, 37.314104475949186 ], [ 15.078484235075294, 37.314028120234063 ], [ 15.078965756432501, 37.313875408803817 ], [ 15.079653644085655, 37.313722697373571 ], [ 15.080547898034753, 37.313493630228194 ], [ 15.081304574453222, 37.313264563082825 ], [ 15.081992462106376, 37.313111851652579 ], [ 15.082473983463583, 37.312959140222333 ], [ 15.08281792729016, 37.31288278450721 ], [ 15.083161871116737, 37.312730073076963 ], [ 15.083505814943312, 37.31265371736184 ], [ 15.083849758769889, 37.31265371736184 ], [ 15.08412491383115, 37.312577361646717 ] ] ] } },
{ "type": "Feature", "properties": { "id": "211016", "FIREDATE": "2022-10-08 11:57:00", "FINALDATE": "2022-10-08 12:51:00", "LASTUPDATE": "2022-10-12 08:13:40.77792", "COUNTRY": "IT", "PROVINCE": "Siracusa", "COMMUNE": "Carlentini", "AREA_HA": "21", "BROADLEA": "0", "CONIFER": "0", "MIXED": "0", "SCLEROPH": "0", "TRANSIT": "0", "OTHERNATLC": "99.9999999994737", "AGRIAREAS": "0", "ARTIFSURF": "0", "OTHERLC": "0", "PERCNA2K": "0", "year": 2022, "source": "EFFIS" }, "geometry": { "type": "Polygon", "coordinates": [ [ [ 14.943520677526626, 37.338920083364286 ], [ 14.943451888761311, 37.339072794794532 ], [ 14.943314311230681, 37.339149150509662 ], [ 14.943039156169419, 37.339225506224786 ], [ 14.942488846046897, 37.339530929085278 ], [ 14.942076113455004, 37.339607284800401 ], [ 14.941525803332482, 37.339454573370155 ], [ 14.94125064827122, 37.339530929085278 ], [ 14.94111307074059, 37.339759996230647 ], [ 14.941181859505905, 37.339912707660893 ], [ 14.941388225801852, 37.339989063376017 ], [ 14.941594592097797, 37.340218130521386 ], [ 14.941938535924374, 37.340752620527248 ], [ 14.942007324689689, 37.341058043387747 ], [ 14.941800958393744, 37.341516177678486 ], [ 14.941663380863112, 37.341897956254101 ], [ 14.941457014567167, 37.342508801975086 ], [ 14.941388225801852, 37.342890580550709 ], [ 14.94125064827122, 37.343272359126324 ], [ 14.941044281975275, 37.343501426271693 ], [ 14.940493971852753, 37.343806849132186 ], [ 14.940150028026176, 37.343959560562432 ], [ 14.939874872964914, 37.344112271992678 ], [ 14.939530929138337, 37.343959560562432 ], [ 14.9389118302505, 37.343501426271693 ], [ 14.938567886423924, 37.343119647696078 ], [ 14.938086365066717, 37.342508801975086 ], [ 14.93774242124014, 37.34212702339947 ], [ 14.937398477413563, 37.341592533393609 ], [ 14.937260899882931, 37.341210754817993 ], [ 14.937192111117616, 37.340676264812124 ], [ 14.937329688648248, 37.340294486236509 ], [ 14.937673632474825, 37.339759996230647 ], [ 14.938086365066717, 37.339454573370155 ], [ 14.938774252719869, 37.339225506224786 ], [ 14.939118196546445, 37.338996439079409 ], [ 14.939530929138337, 37.338843727649163 ], [ 14.939806084199599, 37.338691016218917 ], [ 14.940150028026176, 37.338461949073547 ], [ 14.940356394322121, 37.338461949073547 ], [ 14.940562760618068, 37.338538304788671 ], [ 14.941319437036537, 37.338461949073547 ], [ 14.943107944934734, 37.338156526213055 ], [ 14.943727043822573, 37.338156526213055 ], [ 14.943727043822573, 37.338461949073547 ], [ 14.943658255057256, 37.338538304788671 ], [ 14.943589466291941, 37.338614660503794 ], [ 14.943589466291941, 37.338691016218917 ], [ 14.943520677526626, 37.338920083364286 ] ] ] } },
{ "type": "Feature", "properties": { "id": "211017", "FIREDATE": "2022-10-08 11:57:00", "FINALDATE": "2022-10-08 11:57:00", "LASTUPDATE": "2022-10-12 08:14:06.195677", "COUNTRY": "IT", "PROVINCE": "Siracusa", "COMMUNE": "Carlentini", "AREA_HA": "6", "BROADLEA": "0", "CONIFER": "0", "MIXED": "0", "SCLEROPH": "99.99999999833334", "TRANSIT": "0", "OTHERNATLC": "0", "AGRIAREAS": "0", "ARTIFSURF": "0", "OTHERLC": "0", "PERCNA2K": "0", "year": 2022, "source": "EFFIS" }, "geometry": { "type": "Polygon", "coordinates": [ [ [ 14.933546306555904, 37.337240257631571 ], [ 14.933683884086536, 37.337011190486201 ], [ 14.934027827913111, 37.336858479055955 ], [ 14.934165405443743, 37.336858479055955 ], [ 14.934234194209058, 37.336934834771078 ], [ 14.934302982974373, 37.337011190486201 ], [ 14.93450934927032, 37.337240257631571 ], [ 14.93450934927032, 37.337316613346701 ], [ 14.93450934927032, 37.33754568049207 ], [ 14.934440560505003, 37.33777474763744 ], [ 14.934234194209058, 37.338080170497932 ], [ 14.934027827913111, 37.338385593358424 ], [ 14.933752672851851, 37.338614660503794 ], [ 14.933546306555904, 37.33876737193404 ], [ 14.933202362729327, 37.338996439079409 ], [ 14.932927207668067, 37.339149150509662 ], [ 14.932445686310858, 37.339454573370155 ], [ 14.932101742484283, 37.339683640515524 ], [ 14.931620221127075, 37.34006541909114 ], [ 14.931276277300499, 37.340218130521386 ], [ 14.930794755943291, 37.340294486236509 ], [ 14.930450812116714, 37.340218130521386 ], [ 14.930038079524822, 37.34006541909114 ], [ 14.929900501994192, 37.339912707660893 ], [ 14.929900501994192, 37.339454573370155 ], [ 14.930038079524822, 37.339225506224786 ], [ 14.930382023351399, 37.338920083364286 ], [ 14.930725967177976, 37.33876737193404 ], [ 14.931482643596445, 37.338538304788671 ], [ 14.931964164953651, 37.338461949073547 ], [ 14.932514475076175, 37.338461949073547 ], [ 14.93285841890275, 37.338309237643301 ], [ 14.933202362729327, 37.338003814782809 ], [ 14.933339940259959, 37.337698391922316 ], [ 14.933546306555904, 37.337240257631571 ] ] ] } },
{ "type": "Feature", "properties": { "id": "211005", "FIREDATE": "2022-10-08 11:10:00", "FINALDATE": "2022-10-08 11:57:00", "LASTUPDATE": "2022-10-12 08:14:47.891238", "COUNTRY": "IT", "PROVINCE": "Siracusa", "COMMUNE": "Melilli", "AREA_HA": "33", "BROADLEA": "0", "CONIFER": "0", "MIXED": "0", "SCLEROPH": "5.882352941159169", "TRANSIT": "0", "OTHERNATLC": "85.29411764680795", "AGRIAREAS": "8.823529411738754", "ARTIFSURF": "0", "OTHERLC": "0", "PERCNA2K": "0", "year": 2022, "source": "EFFIS" }, "geometry": { "type": "Polygon", "coordinates": [ [ [ 15.064176171889706, 37.331360867567071 ], [ 15.064176171889706, 37.331208156136825 ], [ 15.064038594359076, 37.331208156136825 ], [ 15.063832228063129, 37.331208156136825 ], [ 15.063350706705922, 37.331055444706578 ], [ 15.06293797411403, 37.330902733276332 ], [ 15.062456452756823, 37.330520954700717 ], [ 15.062250086460876, 37.330291887555347 ], [ 15.062112508930246, 37.329986464694848 ], [ 15.062181297695561, 37.329757397549479 ], [ 15.062387663991508, 37.329451974688986 ], [ 15.062525241522138, 37.329222907543617 ], [ 15.062869185348715, 37.329070196113371 ], [ 15.063281917940607, 37.328993840398248 ], [ 15.063969805593761, 37.328917484683124 ], [ 15.064382538185653, 37.328917484683124 ], [ 15.06486405954286, 37.328917484683124 ], [ 15.065208003369436, 37.328917484683124 ], [ 15.065758313491958, 37.328917484683124 ], [ 15.06617104608385, 37.328841128968001 ], [ 15.066583778675742, 37.328841128968001 ], [ 15.066996511267634, 37.328841128968001 ], [ 15.067684398920788, 37.328764773252878 ], [ 15.068165920277995, 37.328764773252878 ], [ 15.068716230400517, 37.328764773252878 ], [ 15.06926654052304, 37.328841128968001 ], [ 15.070160794472139, 37.328993840398248 ], [ 15.070642315829346, 37.329070196113371 ], [ 15.07119262595187, 37.329222907543617 ], [ 15.071536569778445, 37.329375618973863 ], [ 15.072086879900969, 37.329604686119232 ], [ 15.07236203496223, 37.329757397549479 ], [ 15.072499612492861, 37.329910108979725 ], [ 15.072568401258176, 37.329986464694848 ], [ 15.072499612492861, 37.330139176125101 ], [ 15.072499612492861, 37.330215531840224 ], [ 15.072430823727546, 37.330291887555347 ], [ 15.07236203496223, 37.33036824327047 ], [ 15.072224457431599, 37.33036824327047 ], [ 15.072155668666284, 37.33036824327047 ], [ 15.072018091135654, 37.330444598985594 ], [ 15.071880513605022, 37.330444598985594 ], [ 15.071674147309077, 37.33059731041584 ], [ 15.071536569778445, 37.33059731041584 ], [ 15.071261414717185, 37.330673666130963 ], [ 15.070986259655923, 37.330750021846086 ], [ 15.070504738298716, 37.330826377561209 ], [ 15.070229583237454, 37.330826377561209 ], [ 15.069885639410877, 37.330902733276332 ], [ 15.069679273114932, 37.330979088991455 ], [ 15.069335329288355, 37.330979088991455 ], [ 15.068991385461779, 37.331055444706578 ], [ 15.068509864104572, 37.331055444706578 ], [ 15.068028342747365, 37.331055444706578 ], [ 15.067065300032949, 37.331131800421701 ], [ 15.066721356206372, 37.331208156136825 ], [ 15.066583778675742, 37.331284511851948 ], [ 15.066514989910427, 37.331437223282194 ], [ 15.066446201145112, 37.331742646142686 ], [ 15.066446201145112, 37.331971713288063 ], [ 15.066446201145112, 37.332277136148555 ], [ 15.066446201145112, 37.332582559009047 ], [ 15.066377412379797, 37.333117049014909 ], [ 15.06630862361448, 37.333498827590525 ], [ 15.066239834849165, 37.333804250451024 ], [ 15.06617104608385, 37.33418602902664 ], [ 15.06603346855322, 37.334949586177871 ], [ 15.065964679787905, 37.335407720468609 ], [ 15.065758313491958, 37.335713143329109 ], [ 15.065345580900066, 37.335942210474478 ], [ 15.064451326950968, 37.336018566189601 ], [ 15.063832228063129, 37.336171277619847 ], [ 15.06307555164466, 37.33624763333497 ], [ 15.062525241522138, 37.336171277619847 ], [ 15.061837353868984, 37.336018566189601 ], [ 15.061355832511778, 37.335713143329109 ], [ 15.060874311154571, 37.335025941892994 ], [ 15.060805522389256, 37.334644163317378 ], [ 15.061080677450516, 37.334415096172009 ], [ 15.061493410042408, 37.334338740456886 ], [ 15.062318875226193, 37.334567807602255 ], [ 15.063006762879345, 37.334720519032501 ], [ 15.064176171889706, 37.334873230462748 ], [ 15.064657693246913, 37.334796874747624 ], [ 15.06486405954286, 37.334415096172009 ], [ 15.06486405954286, 37.334109673311517 ], [ 15.064795270777545, 37.333498827590525 ], [ 15.064588904481598, 37.333040693299786 ], [ 15.064244960655021, 37.332277136148555 ], [ 15.064176171889706, 37.33189535757294 ], [ 15.064176171889706, 37.331360867567071 ] ] ] } },
{ "type": "Feature", "properties": { "id": "210533", "FIREDATE": "2022-09-15 10:49:00", "FINALDATE": "2022-09-15 12:29:00", "LASTUPDATE": "2022-09-19 08:18:16.253903", "COUNTRY": "IT", "PROVINCE": "Siracusa", "COMMUNE": "Carlentini", "AREA_HA": "121", "BROADLEA": "0", "CONIFER": "0", "MIXED": "0", "SCLEROPH": "3.9999999999968", "TRANSIT": "0", "OTHERNATLC": "95.9999999999232", "AGRIAREAS": "0", "ARTIFSURF": "0", "OTHERLC": "0", "PERCNA2K": "0", "year": 2022, "source": "EFFIS" }, "geometry": { "type": "Polygon", "coordinates": [ [ [ 14.981560864746001, 37.27134527548008 ], [ 14.982042386103208, 37.27134527548008 ], [ 14.982386329929785, 37.271421631195203 ], [ 14.982730273756362, 37.271574342625456 ], [ 14.983074217582939, 37.271727054055702 ], [ 14.983211795113569, 37.271879765485949 ], [ 14.983280583878884, 37.272032476916195 ], [ 14.983143006348254, 37.272108832631318 ], [ 14.982936640052307, 37.272108832631318 ], [ 14.982592696225732, 37.272108832631318 ], [ 14.98231754116447, 37.272185188346441 ], [ 14.981973597337893, 37.272261544061564 ], [ 14.981629653511316, 37.272337899776687 ], [ 14.981285709684739, 37.27241425549181 ], [ 14.981079343388794, 37.27241425549181 ], [ 14.980941765858162, 37.272490611206933 ], [ 14.980872977092847, 37.272566966922057 ], [ 14.980941765858162, 37.272566966922057 ], [ 14.981079343388794, 37.272566966922057 ], [ 14.981285709684739, 37.272566966922057 ], [ 14.981560864746001, 37.272566966922057 ], [ 14.981904808572578, 37.272566966922057 ], [ 14.98231754116447, 37.272566966922057 ], [ 14.982730273756362, 37.272566966922057 ], [ 14.983143006348254, 37.27264332263718 ], [ 14.98348695017483, 37.27264332263718 ], [ 14.983693316470776, 37.272719678352303 ], [ 14.983762105236092, 37.272796034067426 ], [ 14.983899682766722, 37.272872389782549 ], [ 14.983899682766722, 37.273025101212795 ], [ 14.983899682766722, 37.273254168358164 ], [ 14.983899682766722, 37.273406879788418 ], [ 14.983830894001407, 37.273635946933787 ], [ 14.983762105236092, 37.27371230264891 ], [ 14.98362452770546, 37.273788658364033 ], [ 14.983555738940145, 37.273865014079156 ], [ 14.983418161409515, 37.273865014079156 ], [ 14.983349372644199, 37.273941369794279 ], [ 14.983211795113569, 37.273941369794279 ], [ 14.983143006348254, 37.274017725509403 ], [ 14.983005428817624, 37.274017725509403 ], [ 14.982867851286992, 37.274094081224526 ], [ 14.982730273756362, 37.274170436939649 ], [ 14.982592696225732, 37.274246792654772 ], [ 14.982386329929785, 37.274323148369895 ], [ 14.98217996363384, 37.274399504085018 ], [ 14.982042386103208, 37.274475859800141 ], [ 14.981836019807263, 37.274475859800141 ], [ 14.981560864746001, 37.274552215515264 ], [ 14.981285709684739, 37.274475859800141 ], [ 14.981010554623479, 37.274475859800141 ], [ 14.980597822031587, 37.274323148369895 ], [ 14.980322666970325, 37.274246792654772 ], [ 14.980116300674378, 37.274246792654772 ], [ 14.979909934378433, 37.274246792654772 ], [ 14.979841145613118, 37.274246792654772 ], [ 14.979772356847803, 37.274246792654772 ], [ 14.979634779317172, 37.274323148369895 ], [ 14.979565990551857, 37.274475859800141 ], [ 14.979497201786542, 37.274552215515264 ], [ 14.979428413021227, 37.27470492694551 ], [ 14.979290835490595, 37.27470492694551 ], [ 14.97922204672528, 37.27470492694551 ], [ 14.97908446919465, 37.274628571230387 ], [ 14.978946891664018, 37.274552215515264 ], [ 14.978809314133388, 37.274475859800141 ], [ 14.978602947837443, 37.274323148369895 ], [ 14.978465370306811, 37.274170436939649 ], [ 14.978259004010866, 37.274094081224526 ], [ 14.978121426480234, 37.274017725509403 ], [ 14.977983848949604, 37.274094081224526 ], [ 14.977846271418974, 37.274170436939649 ], [ 14.977708693888342, 37.274323148369895 ], [ 14.977639905123027, 37.274399504085018 ], [ 14.977502327592397, 37.274475859800141 ], [ 14.977433538827082, 37.274628571230387 ], [ 14.977364750061767, 37.27470492694551 ], [ 14.977227172531135, 37.27470492694551 ], [ 14.977089595000505, 37.274628571230387 ], [ 14.976883228704558, 37.274552215515264 ], [ 14.976745651173928, 37.274399504085018 ], [ 14.976608073643298, 37.274323148369895 ], [ 14.976539284877981, 37.274170436939649 ], [ 14.976470496112666, 37.274017725509403 ], [ 14.976401707347351, 37.273865014079156 ], [ 14.976332918582036, 37.273635946933787 ], [ 14.976264129816721, 37.273483235503541 ], [ 14.976264129816721, 37.273330524073295 ], [ 14.976195341051406, 37.273177812643041 ], [ 14.97612655228609, 37.273101456927918 ], [ 14.976057763520775, 37.272948745497672 ], [ 14.97598897475546, 37.272872389782549 ], [ 14.975851397224829, 37.272872389782549 ], [ 14.975645030928883, 37.272796034067426 ], [ 14.975438664632938, 37.272719678352303 ], [ 14.975163509571676, 37.272719678352303 ], [ 14.974957143275731, 37.27264332263718 ], [ 14.974681988214469, 37.272719678352303 ], [ 14.974406833153207, 37.272796034067426 ], [ 14.974131678091945, 37.272872389782549 ], [ 14.973925311796, 37.272948745497672 ], [ 14.97378773426537, 37.273101456927918 ], [ 14.973718945500053, 37.273254168358164 ], [ 14.973718945500053, 37.273330524073295 ], [ 14.973718945500053, 37.273406879788418 ], [ 14.973581367969423, 37.273483235503541 ], [ 14.973443790438793, 37.273559591218664 ], [ 14.973237424142846, 37.273559591218664 ], [ 14.973031057846901, 37.273559591218664 ], [ 14.972755902785639, 37.273559591218664 ], [ 14.972480747724378, 37.273635946933787 ], [ 14.972205592663117, 37.273635946933787 ], [ 14.972068015132486, 37.27371230264891 ], [ 14.972068015132486, 37.273788658364033 ], [ 14.972136803897801, 37.273865014079156 ], [ 14.972343170193747, 37.273941369794279 ], [ 14.972549536489694, 37.274094081224526 ], [ 14.972755902785639, 37.274094081224526 ], [ 14.972962269081586, 37.274094081224526 ], [ 14.973168635377531, 37.274094081224526 ], [ 14.973443790438793, 37.274094081224526 ], [ 14.973650156734738, 37.274170436939649 ], [ 14.973925311796, 37.274246792654772 ], [ 14.974200466857262, 37.274399504085018 ], [ 14.974475621918522, 37.274552215515264 ], [ 14.974681988214469, 37.27470492694551 ], [ 14.974888354510414, 37.274857638375757 ], [ 14.975094720806361, 37.275010349806003 ], [ 14.975163509571676, 37.275163061236256 ], [ 14.975163509571676, 37.275315772666502 ], [ 14.975025932041046, 37.275392128381625 ], [ 14.974819565745099, 37.275468484096749 ], [ 14.974544410683839, 37.275544839811872 ], [ 14.974269255622577, 37.275621195526995 ], [ 14.973994100561315, 37.275621195526995 ], [ 14.973718945500053, 37.275697551242118 ], [ 14.973443790438793, 37.275697551242118 ], [ 14.973168635377531, 37.275621195526995 ], [ 14.972893480316269, 37.275621195526995 ], [ 14.972618325255009, 37.275544839811872 ], [ 14.972274381428432, 37.275392128381625 ], [ 14.971999226367171, 37.275239416951379 ], [ 14.971655282540594, 37.275010349806003 ], [ 14.971311338714017, 37.274781282660634 ], [ 14.970967394887442, 37.274552215515264 ], [ 14.970623451060865, 37.274399504085018 ], [ 14.970279507234288, 37.274323148369895 ], [ 14.969866774642396, 37.274246792654772 ], [ 14.969522830815819, 37.274246792654772 ], [ 14.969178886989242, 37.274170436939649 ], [ 14.968903731927981, 37.274094081224526 ], [ 14.968559788101405, 37.274017725509403 ], [ 14.968215844274829, 37.273941369794279 ], [ 14.967871900448252, 37.273865014079156 ], [ 14.96745916785636, 37.273865014079156 ], [ 14.966977646499153, 37.273788658364033 ], [ 14.966564913907261, 37.27371230264891 ], [ 14.966152181315369, 37.273635946933787 ], [ 14.965808237488792, 37.273483235503541 ], [ 14.965464293662215, 37.273330524073295 ], [ 14.965120349835638, 37.273101456927918 ], [ 14.964707617243747, 37.272872389782549 ], [ 14.96422609588654, 37.27264332263718 ], [ 14.963675785764016, 37.272261544061564 ], [ 14.963263053172124, 37.272032476916195 ], [ 14.962987898110864, 37.271727054055702 ], [ 14.962781531814917, 37.271497986910333 ], [ 14.962643954284287, 37.271268919764957 ], [ 14.962575165518972, 37.271039852619587 ], [ 14.962575165518972, 37.270810785474218 ], [ 14.962506376753655, 37.270581718328849 ], [ 14.962575165518972, 37.270276295468356 ], [ 14.962575165518972, 37.270047228322987 ], [ 14.962643954284287, 37.269818161177618 ], [ 14.962643954284287, 37.269589094032241 ], [ 14.962712743049602, 37.269360026886872 ], [ 14.962712743049602, 37.269130959741503 ], [ 14.962712743049602, 37.268978248311257 ], [ 14.962712743049602, 37.26882553688101 ], [ 14.962643954284287, 37.268596469735641 ], [ 14.962575165518972, 37.268520114020518 ], [ 14.96243758798834, 37.268367402590272 ], [ 14.96230001045771, 37.268291046875149 ], [ 14.96216243292708, 37.268138335444903 ], [ 14.962093644161763, 37.268061979729779 ], [ 14.962024855396448, 37.267909268299533 ], [ 14.962024855396448, 37.26775655686928 ], [ 14.962093644161763, 37.267603845439034 ], [ 14.962231221692395, 37.267527489723911 ], [ 14.96243758798834, 37.267451134008788 ], [ 14.962712743049602, 37.267374778293664 ], [ 14.963056686876179, 37.267298422578541 ], [ 14.963400630702756, 37.267298422578541 ], [ 14.963675785764016, 37.267222066863418 ], [ 14.964019729590593, 37.267222066863418 ], [ 14.96436367341717, 37.267222066863418 ], [ 14.964638828478432, 37.267145711148295 ], [ 14.964845194774377, 37.266992999718049 ], [ 14.965120349835638, 37.266840288287803 ], [ 14.965326716131585, 37.266611221142433 ], [ 14.96553308242753, 37.266458509712187 ], [ 14.965808237488792, 37.266382153997064 ], [ 14.966152181315369, 37.266305798281941 ], [ 14.966496125141944, 37.266229442566818 ], [ 14.966771280203206, 37.266229442566818 ], [ 14.967115224029783, 37.266229442566818 ], [ 14.967390379091045, 37.266229442566818 ], [ 14.96759674538699, 37.266153086851695 ], [ 14.967871900448252, 37.266153086851695 ], [ 14.968147055509514, 37.266153086851695 ], [ 14.968422210570774, 37.266153086851695 ], [ 14.96876615439735, 37.266229442566818 ], [ 14.969041309458612, 37.266229442566818 ], [ 14.969316464519872, 37.266305798281941 ], [ 14.969591619581134, 37.266382153997064 ], [ 14.969797985877081, 37.266458509712187 ], [ 14.970004352173026, 37.26653486542731 ], [ 14.970348295999603, 37.266611221142433 ], [ 14.97069223982618, 37.26676393257268 ], [ 14.971104972418072, 37.266916644002926 ], [ 14.971517705009964, 37.267069355433172 ], [ 14.971930437601856, 37.267222066863418 ], [ 14.972274381428432, 37.267374778293664 ], [ 14.972687114020324, 37.267603845439034 ], [ 14.973031057846901, 37.26775655686928 ], [ 14.973306212908161, 37.26783291258441 ], [ 14.973581367969423, 37.267909268299533 ], [ 14.97378773426537, 37.267985624014656 ], [ 14.973994100561315, 37.267909268299533 ], [ 14.974200466857262, 37.267909268299533 ], [ 14.974338044387892, 37.26775655686928 ], [ 14.974475621918522, 37.267603845439034 ], [ 14.974544410683839, 37.267603845439034 ], [ 14.974613199449154, 37.267603845439034 ], [ 14.974681988214469, 37.26775655686928 ], [ 14.974681988214469, 37.267985624014656 ], [ 14.974613199449154, 37.268214691160026 ], [ 14.974613199449154, 37.268443758305395 ], [ 14.974613199449154, 37.268672825450764 ], [ 14.974544410683839, 37.26882553688101 ], [ 14.974613199449154, 37.268978248311257 ], [ 14.974819565745099, 37.268978248311257 ], [ 14.975094720806361, 37.268901892596134 ], [ 14.975438664632938, 37.268749181165887 ], [ 14.975713819694198, 37.268672825450764 ], [ 14.975920185990145, 37.268596469735641 ], [ 14.97598897475546, 37.268672825450764 ], [ 14.976057763520775, 37.268901892596134 ], [ 14.97598897475546, 37.26905460402638 ], [ 14.975851397224829, 37.269207315456626 ], [ 14.975576242163568, 37.269360026886872 ], [ 14.975301087102306, 37.269512738317118 ], [ 14.975094720806361, 37.269665449747372 ], [ 14.974957143275731, 37.269894516892741 ], [ 14.974957143275731, 37.270199939753233 ], [ 14.975025932041046, 37.270429006898603 ], [ 14.975094720806361, 37.270658074043972 ], [ 14.975163509571676, 37.270810785474218 ], [ 14.975232298336991, 37.270887141189341 ], [ 14.975369875867623, 37.270887141189341 ], [ 14.975576242163568, 37.270810785474218 ], [ 14.975782608459514, 37.270658074043972 ], [ 14.97612655228609, 37.270429006898603 ], [ 14.976539284877981, 37.270047228322987 ], [ 14.976883228704558, 37.269818161177618 ], [ 14.97715838376582, 37.269589094032241 ], [ 14.977364750061767, 37.269360026886872 ], [ 14.977502327592397, 37.269207315456626 ], [ 14.977639905123027, 37.269130959741503 ], [ 14.977708693888342, 37.268978248311257 ], [ 14.977708693888342, 37.26882553688101 ], [ 14.977708693888342, 37.268672825450764 ], [ 14.977708693888342, 37.268520114020518 ], [ 14.977639905123027, 37.268367402590272 ], [ 14.977502327592397, 37.268214691160026 ], [ 14.977433538827082, 37.267985624014656 ], [ 14.97729596129645, 37.26775655686928 ], [ 14.97715838376582, 37.267603845439034 ], [ 14.97702080623519, 37.267451134008788 ], [ 14.976883228704558, 37.267222066863418 ], [ 14.976814439939243, 37.267069355433172 ], [ 14.976745651173928, 37.266916644002926 ], [ 14.976745651173928, 37.26676393257268 ], [ 14.976814439939243, 37.266611221142433 ], [ 14.976883228704558, 37.266458509712187 ], [ 14.97702080623519, 37.266382153997064 ], [ 14.977227172531135, 37.266305798281941 ], [ 14.977433538827082, 37.266305798281941 ], [ 14.977571116357712, 37.266305798281941 ], [ 14.977708693888342, 37.266229442566818 ], [ 14.977777482653659, 37.266153086851695 ], [ 14.977846271418974, 37.266076731136572 ], [ 14.977915060184289, 37.266076731136572 ], [ 14.977983848949604, 37.266000375421449 ], [ 14.978052637714919, 37.266000375421449 ], [ 14.978190215245551, 37.266000375421449 ], [ 14.978259004010866, 37.266076731136572 ], [ 14.978327792776181, 37.266153086851695 ], [ 14.978327792776181, 37.266305798281941 ], [ 14.978327792776181, 37.266458509712187 ], [ 14.978259004010866, 37.266611221142433 ], [ 14.978259004010866, 37.26676393257268 ], [ 14.978190215245551, 37.266992999718049 ], [ 14.978190215245551, 37.267222066863418 ], [ 14.978259004010866, 37.267374778293664 ], [ 14.978259004010866, 37.267451134008788 ], [ 14.978396581541496, 37.267451134008788 ], [ 14.978534159072126, 37.267374778293664 ], [ 14.978671736602758, 37.267222066863418 ], [ 14.978740525368073, 37.266992999718049 ], [ 14.978809314133388, 37.26676393257268 ], [ 14.978946891664018, 37.266382153997064 ], [ 14.97908446919465, 37.266076731136572 ], [ 14.97922204672528, 37.265771308276072 ], [ 14.979497201786542, 37.265542241130703 ], [ 14.979841145613118, 37.265389529700457 ], [ 14.980116300674378, 37.265236818270211 ], [ 14.980322666970325, 37.265236818270211 ], [ 14.98052903326627, 37.265236818270211 ], [ 14.980666610796902, 37.265313173985334 ], [ 14.980666610796902, 37.26546588541558 ], [ 14.980666610796902, 37.265771308276072 ], [ 14.98052903326627, 37.266153086851695 ], [ 14.98039145573564, 37.266687576857557 ], [ 14.98025387820501, 37.267069355433172 ], [ 14.980116300674378, 37.267451134008788 ], [ 14.979978723143748, 37.267680201154157 ], [ 14.979909934378433, 37.26783291258441 ], [ 14.979772356847803, 37.267985624014656 ], [ 14.979565990551857, 37.268138335444903 ], [ 14.979290835490595, 37.268291046875149 ], [ 14.978946891664018, 37.268367402590272 ], [ 14.978671736602758, 37.268596469735641 ], [ 14.978465370306811, 37.268749181165887 ], [ 14.978327792776181, 37.26905460402638 ], [ 14.978259004010866, 37.269436382601995 ], [ 14.978190215245551, 37.269741805462495 ], [ 14.978190215245551, 37.269970872607864 ], [ 14.978190215245551, 37.270199939753233 ], [ 14.978259004010866, 37.27035265118348 ], [ 14.978327792776181, 37.270505362613726 ], [ 14.978396581541496, 37.270505362613726 ], [ 14.978534159072126, 37.270505362613726 ], [ 14.978602947837443, 37.270429006898603 ], [ 14.978671736602758, 37.270429006898603 ], [ 14.978809314133388, 37.27035265118348 ], [ 14.978946891664018, 37.27035265118348 ], [ 14.979153257959965, 37.27035265118348 ], [ 14.979359624255911, 37.270505362613726 ], [ 14.979565990551857, 37.270581718328849 ], [ 14.979841145613118, 37.270810785474218 ], [ 14.980047511909063, 37.271116208334711 ], [ 14.98039145573564, 37.271268919764957 ], [ 14.980735399562217, 37.27134527548008 ], [ 14.981148132154109, 37.271421631195203 ], [ 14.981560864746001, 37.27134527548008 ] ] ] } },
{ "type": "Feature", "properties": { "id": "223675", "FIREDATE": "2023-11-06 11:21:00", "FINALDATE": "2023-11-06 12:12:00", "LASTUPDATE": "2023-11-07 08:37:42.955724", "COUNTRY": "IT", "PROVINCE": "Siracusa", "COMMUNE": "Melilli", "AREA_HA": "4", "BROADLEA": "0", "CONIFER": "0", "MIXED": "0", "SCLEROPH": "0", "TRANSIT": "0", "OTHERNATLC": "99.9999999975", "AGRIAREAS": "0", "ARTIFSURF": "0", "OTHERLC": "0", "PERCNA2K": "98.5083172105119", "year": 2023, "source": "EFFIS" }, "geometry": { "type": "Polygon", "coordinates": [ [ [ 15.055715153755921, 37.299291467215248 ], [ 15.055371209929344, 37.29959689007574 ], [ 15.054339378449615, 37.29959689007574 ], [ 15.054064223388353, 37.299444178645494 ], [ 15.053995434623038, 37.299062400069879 ], [ 15.053995434623038, 37.298833332924502 ], [ 15.054133012153669, 37.298298842918641 ], [ 15.054270589684299, 37.297993420058148 ], [ 15.05468332227619, 37.297382574337163 ], [ 15.054889688572137, 37.297153507191794 ], [ 15.055302421164029, 37.297000795761541 ], [ 15.055508787459976, 37.297000795761541 ], [ 15.055921520051868, 37.297153507191794 ], [ 15.056059097582498, 37.297229862906917 ], [ 15.056196675113128, 37.297458930052287 ], [ 15.056196675113128, 37.297611641482533 ], [ 15.056265463878443, 37.297917064343025 ], [ 15.056127886347813, 37.298298842918641 ], [ 15.055715153755921, 37.299291467215248 ] ] ] } },
{ "type": "Feature", "properties": { "id": "222800", "FIREDATE": "2023-10-16 12:06:00", "FINALDATE": "2023-10-16 12:25:00", "LASTUPDATE": "2023-10-17 06:58:42.81", "COUNTRY": "IT", "PROVINCE": "Siracusa", "COMMUNE": "Melilli", "AREA_HA": "6", "BROADLEA": "99.99999999799999", "CONIFER": "0", "MIXED": "0", "SCLEROPH": "0", "TRANSIT": "0", "OTHERNATLC": "0", "AGRIAREAS": "0", "ARTIFSURF": "0", "OTHERLC": "0", "PERCNA2K": "0", "year": 2023, "source": "EFFIS" }, "geometry": { "type": "Polygon", "coordinates": [ [ [ 15.037210975886099, 37.300742225802594 ], [ 15.037417342182044, 37.300971292947963 ], [ 15.037142187120784, 37.301963917244564 ], [ 15.036798243294207, 37.302269340105056 ], [ 15.035903989345108, 37.302956541541171 ], [ 15.035560045518531, 37.30318560868654 ], [ 15.035078524161325, 37.303720098692402 ], [ 15.034803369100063, 37.303872810122648 ], [ 15.034046692681594, 37.304025521552894 ], [ 15.033771537620332, 37.304025521552894 ], [ 15.033496382559072, 37.303643742977279 ], [ 15.033496382559072, 37.303491031547033 ], [ 15.033771537620332, 37.302956541541171 ], [ 15.033909115150964, 37.302803830110925 ], [ 15.034253058977539, 37.302651118680679 ], [ 15.034528214038801, 37.302498407250425 ], [ 15.035216101691955, 37.301811205814317 ], [ 15.035491256753216, 37.301429427238702 ], [ 15.035835200579792, 37.300665870087464 ], [ 15.036179144406368, 37.300589514372341 ], [ 15.037210975886099, 37.300742225802594 ] ] ] } },
{ "type": "Feature", "properties": { "id": "222614", "FIREDATE": "2023-10-13 12:12:00", "FINALDATE": "2023-10-15 11:34:00", "LASTUPDATE": "2023-10-17 06:59:27.254682", "COUNTRY": "IT", "PROVINCE": "Siracusa", "COMMUNE": "Melilli", "AREA_HA": "22", "BROADLEA": "0", "CONIFER": "0", "MIXED": "0", "SCLEROPH": "0", "TRANSIT": "0", "OTHERNATLC": "95.6521739126276", "AGRIAREAS": "4.347826086937618", "ARTIFSURF": "0", "OTHERLC": "0", "PERCNA2K": "8.414604767872413", "year": 2023, "source": "EFFIS" }, "geometry": { "type": "Polygon", "coordinates": [ [ [ 15.034459425273486, 37.312195583071102 ], [ 15.034390636508171, 37.312119227355979 ], [ 15.034184270212224, 37.312271938786225 ], [ 15.034046692681594, 37.312271938786225 ], [ 15.033771537620332, 37.312348294501348 ], [ 15.033565171324387, 37.312348294501348 ], [ 15.03322122749781, 37.312271938786225 ], [ 15.03308364996718, 37.312195583071102 ], [ 15.032946072436548, 37.312119227355979 ], [ 15.032877283671233, 37.312119227355979 ], [ 15.032739706140603, 37.311966515925732 ], [ 15.032670917375288, 37.311890160210609 ], [ 15.032602128609971, 37.311737448780363 ], [ 15.032602128609971, 37.31158473735011 ], [ 15.032464551079341, 37.311126603059371 ], [ 15.032464551079341, 37.310973891629125 ], [ 15.032464551079341, 37.310821180198879 ], [ 15.032464551079341, 37.310744824483756 ], [ 15.032464551079341, 37.310439401623263 ], [ 15.032533339844656, 37.31036304590814 ], [ 15.032602128609971, 37.310286690193017 ], [ 15.032739706140603, 37.310210334477894 ], [ 15.03308364996718, 37.310286690193017 ], [ 15.03322122749781, 37.310286690193017 ], [ 15.033496382559072, 37.310286690193017 ], [ 15.033702748855017, 37.310286690193017 ], [ 15.034321847742856, 37.310210334477894 ], [ 15.034459425273486, 37.310210334477894 ], [ 15.034734580334748, 37.310286690193017 ], [ 15.034803369100063, 37.310210334477894 ], [ 15.03514731292664, 37.310057623047648 ], [ 15.0354224679879, 37.310057623047648 ], [ 15.036247933171683, 37.310210334477894 ], [ 15.036523088232945, 37.310210334477894 ], [ 15.036798243294207, 37.310057623047648 ], [ 15.037004609590152, 37.309981267332525 ], [ 15.037692497243306, 37.310057623047648 ], [ 15.037967652304568, 37.310210334477894 ], [ 15.03865553995772, 37.310515757338386 ], [ 15.038999483784297, 37.310592113053509 ], [ 15.03968737143745, 37.310592113053509 ], [ 15.040031315264027, 37.310592113053509 ], [ 15.040856780447811, 37.310897535914002 ], [ 15.041063146743756, 37.310973891629125 ], [ 15.041269513039703, 37.311279314489617 ], [ 15.041200724274388, 37.311432025919864 ], [ 15.040856780447811, 37.311508381634987 ], [ 15.040581625386549, 37.311508381634987 ], [ 15.039962526498712, 37.31158473735011 ], [ 15.039756160202765, 37.311737448780363 ], [ 15.039412216376189, 37.312195583071102 ], [ 15.039481005141505, 37.312348294501348 ], [ 15.040168892794657, 37.312577361646717 ], [ 15.040237681559972, 37.312806428792086 ], [ 15.03982494896808, 37.313264563082825 ], [ 15.039618582672135, 37.313417274513071 ], [ 15.038999483784297, 37.313569985943325 ], [ 15.038724328723037, 37.313646341658448 ], [ 15.038105229835198, 37.313722697373571 ], [ 15.037830074773936, 37.313875408803817 ], [ 15.037417342182044, 37.314257187379432 ], [ 15.037142187120784, 37.314333543094556 ], [ 15.03659187699826, 37.314180831664309 ], [ 15.036385510702315, 37.314028120234063 ], [ 15.035903989345108, 37.313340918797948 ], [ 15.035697623049161, 37.313188207367702 ], [ 15.03514731292664, 37.313188207367702 ], [ 15.034940946630693, 37.313035495937456 ], [ 15.034597002804116, 37.31265371736184 ], [ 15.034528214038801, 37.312424650216471 ], [ 15.034459425273486, 37.312195583071102 ] ] ] } },
{ "type": "Feature", "properties": { "id": "223302", "FIREDATE": "2023-10-22 11:51:00", "FINALDATE": "2023-10-22 11:51:00", "LASTUPDATE": "2023-10-25 12:14:25.177846", "COUNTRY": "IT", "PROVINCE": "Siracusa", "COMMUNE": "Carlentini", "AREA_HA": "1", "BROADLEA": "", "CONIFER": "", "MIXED": "", "SCLEROPH": "", "TRANSIT": "", "OTHERNATLC": "", "AGRIAREAS": "", "ARTIFSURF": "", "OTHERLC": "", "PERCNA2K": "0", "year": 2023, "source": "EFFIS" }, "geometry": { "type": "Polygon", "coordinates": [ [ [ 14.923847090646444, 37.335942210474478 ], [ 14.923503146819867, 37.335865854759355 ], [ 14.923227991758605, 37.335865854759355 ], [ 14.92302162546266, 37.335865854759355 ], [ 14.92288404793203, 37.335865854759355 ], [ 14.922746470401398, 37.335865854759355 ], [ 14.922608892870768, 37.335942210474478 ], [ 14.922540104105453, 37.336018566189601 ], [ 14.922471315340138, 37.336094921904724 ], [ 14.922471315340138, 37.336171277619847 ], [ 14.922402526574821, 37.336323989050094 ], [ 14.922471315340138, 37.336323989050094 ], [ 14.922471315340138, 37.336400344765217 ], [ 14.922608892870768, 37.336400344765217 ], [ 14.922608892870768, 37.33647670048034 ], [ 14.922608892870768, 37.336553056195463 ], [ 14.922540104105453, 37.336629411910586 ], [ 14.922471315340138, 37.336705767625709 ], [ 14.922333737809506, 37.336705767625709 ], [ 14.922264949044191, 37.336705767625709 ], [ 14.922196160278876, 37.336705767625709 ], [ 14.922127371513561, 37.336553056195463 ], [ 14.921989793982929, 37.33647670048034 ], [ 14.921921005217614, 37.33647670048034 ], [ 14.921783427686984, 37.33647670048034 ], [ 14.921645850156354, 37.33647670048034 ], [ 14.921577061391037, 37.33647670048034 ], [ 14.921439483860407, 37.33647670048034 ], [ 14.921370695095092, 37.336553056195463 ], [ 14.92123311756446, 37.336629411910586 ], [ 14.921164328799145, 37.336629411910586 ], [ 14.92109554003383, 37.336629411910586 ], [ 14.921026751268515, 37.336629411910586 ], [ 14.9209579625032, 37.336553056195463 ], [ 14.9209579625032, 37.33647670048034 ], [ 14.9209579625032, 37.336400344765217 ], [ 14.921026751268515, 37.33624763333497 ], [ 14.921164328799145, 37.336094921904724 ], [ 14.92123311756446, 37.336018566189601 ], [ 14.921370695095092, 37.336018566189601 ], [ 14.921439483860407, 37.336018566189601 ], [ 14.921508272625722, 37.336094921904724 ], [ 14.921577061391037, 37.336171277619847 ], [ 14.921714638921669, 37.336171277619847 ], [ 14.921783427686984, 37.33624763333497 ], [ 14.921852216452299, 37.336171277619847 ], [ 14.921921005217614, 37.336171277619847 ], [ 14.921989793982929, 37.336094921904724 ], [ 14.922058582748246, 37.335942210474478 ], [ 14.922058582748246, 37.335789499044232 ], [ 14.922127371513561, 37.335713143329109 ], [ 14.922196160278876, 37.335636787613986 ], [ 14.922264949044191, 37.335636787613986 ], [ 14.922402526574821, 37.335713143329109 ], [ 14.922540104105453, 37.335713143329109 ], [ 14.922815259166713, 37.335636787613986 ], [ 14.923090414227975, 37.335636787613986 ], [ 14.923434358054552, 37.335560431898863 ], [ 14.923709513115814, 37.335484076183732 ], [ 14.923915879411759, 37.335484076183732 ], [ 14.924122245707705, 37.335560431898863 ], [ 14.92419103447302, 37.335560431898863 ], [ 14.924259823238335, 37.335636787613986 ], [ 14.92432861200365, 37.335713143329109 ], [ 14.92432861200365, 37.335789499044232 ], [ 14.92432861200365, 37.335865854759355 ], [ 14.92419103447302, 37.335865854759355 ], [ 14.92405345694239, 37.335942210474478 ], [ 14.923847090646444, 37.335942210474478 ] ] ] } },
{ "type": "Feature", "properties": { "id": "223785", "FIREDATE": "2023-11-11 11:27:00", "FINALDATE": "2023-11-11 11:27:00", "LASTUPDATE": "2023-11-14 08:11:07.938478", "COUNTRY": "IT", "PROVINCE": "Siracusa", "COMMUNE": "Carlentini", "AREA_HA": "3", "BROADLEA": "0", "CONIFER": "0", "MIXED": "0", "SCLEROPH": "0", "TRANSIT": "0", "OTHERNATLC": "99.99999999666667", "AGRIAREAS": "0", "ARTIFSURF": "0", "OTHERLC": "0", "PERCNA2K": "0", "year": 2023, "source": "EFFIS" }, "geometry": { "type": "Polygon", "coordinates": [ [ [ 15.003435692116275, 37.324259786060594 ], [ 15.003366903350958, 37.324641564636217 ], [ 15.003091748289698, 37.325634188932817 ], [ 15.002954170759066, 37.325939611793309 ], [ 15.002679015697806, 37.326168678938679 ], [ 15.002472649401859, 37.326245034653802 ], [ 15.002059916809968, 37.326015967508432 ], [ 15.001991128044653, 37.325786900363063 ], [ 15.001991128044653, 37.325252410357201 ], [ 15.002059916809968, 37.324946987496709 ], [ 15.002128705575283, 37.32441249749084 ], [ 15.002266283105914, 37.324107074630348 ], [ 15.002472649401859, 37.323572584624486 ], [ 15.002679015697806, 37.32341987319424 ], [ 15.003160537055013, 37.323572584624486 ], [ 15.003366903350958, 37.323725296054732 ], [ 15.003435692116275, 37.324259786060594 ] ] ] } },
{ "type": "Feature", "properties": { "id": "223786", "FIREDATE": "2023-11-11 00:00:00", "FINALDATE": "2023-11-11 00:00:00", "LASTUPDATE": "2023-11-14 08:11:46.005535", "COUNTRY": "IT", "PROVINCE": "Siracusa", "COMMUNE": "Carlentini", "AREA_HA": "4", "BROADLEA": "0", "CONIFER": "0", "MIXED": "0", "SCLEROPH": "0", "TRANSIT": "0", "OTHERNATLC": "99.9999999975", "AGRIAREAS": "0", "ARTIFSURF": "0", "OTHERLC": "0", "PERCNA2K": "0", "year": 2023, "source": "EFFIS" }, "geometry": { "type": "Polygon", "coordinates": [ [ [ 15.014029161974834, 37.323190806048871 ], [ 15.014097950740149, 37.32341987319424 ], [ 15.013616429382942, 37.323878007484979 ], [ 15.013410063086996, 37.324107074630348 ], [ 15.01306611926042, 37.324259786060594 ], [ 15.012859752964474, 37.324259786060594 ], [ 15.012378231607267, 37.324183430345471 ], [ 15.01217186531132, 37.324107074630348 ], [ 15.011690343954113, 37.323878007484979 ], [ 15.011552766423483, 37.323725296054732 ], [ 15.011277611362221, 37.323267161763994 ], [ 15.011140033831591, 37.323114450333748 ], [ 15.010796090005014, 37.322732671758132 ], [ 15.010864878770329, 37.322579960327879 ], [ 15.011346400127536, 37.322503604612756 ], [ 15.011552766423483, 37.322503604612756 ], [ 15.01217186531132, 37.322656316043002 ], [ 15.012515809137897, 37.322732671758132 ], [ 15.013272485556366, 37.322809027473255 ], [ 15.013547640617627, 37.322961738903501 ], [ 15.014029161974834, 37.323190806048871 ] ] ] } },
{ "type": "Feature", "properties": { "id": "223783", "FIREDATE": "2023-11-06 11:21:00", "FINALDATE": "2023-11-06 12:12:00", "LASTUPDATE": "2023-11-14 08:11:58.512797", "COUNTRY": "IT", "PROVINCE": "Siracusa", "COMMUNE": "Melilli", "AREA_HA": "16", "BROADLEA": "6.666666666622222", "CONIFER": "0", "MIXED": "0", "SCLEROPH": "0", "TRANSIT": "0", "OTHERNATLC": "93.3333333327111", "AGRIAREAS": "0", "ARTIFSURF": "0", "OTHERLC": "0", "PERCNA2K": "0", "year": 2023, "source": "EFFIS" }, "geometry": { "type": "Polygon", "coordinates": [ [ [ 15.060874311154571, 37.292572164284387 ], [ 15.061080677450516, 37.292724875714633 ], [ 15.061080677450516, 37.293412077150741 ], [ 15.061011888685201, 37.293641144296117 ], [ 15.060736733623941, 37.29394656715661 ], [ 15.060599156093309, 37.294099278586856 ], [ 15.060324001032049, 37.294633768592718 ], [ 15.060048845970787, 37.295015547168333 ], [ 15.059498535848263, 37.296084527180064 ], [ 15.059154592021688, 37.296466305755679 ], [ 15.058329126837904, 37.296848084331295 ], [ 15.057916394246012, 37.296924440046418 ], [ 15.057090929062227, 37.296695372901048 ], [ 15.056746985235652, 37.296542661470802 ], [ 15.056265463878443, 37.295855460034694 ], [ 15.056059097582498, 37.295626392889325 ], [ 15.055715153755921, 37.295320970028833 ], [ 15.055508787459976, 37.295091902883456 ], [ 15.055096054868082, 37.294710124307841 ], [ 15.055096054868082, 37.294404701447348 ], [ 15.055439998694659, 37.293870211441487 ], [ 15.055646364990606, 37.293793855726364 ], [ 15.056127886347813, 37.29371750001124 ], [ 15.056403041409075, 37.29371750001124 ], [ 15.057022140296912, 37.293488432865871 ], [ 15.057297295358174, 37.293259365720495 ], [ 15.057916394246012, 37.292801231429756 ], [ 15.058329126837904, 37.29264851999951 ], [ 15.059292169552318, 37.292724875714633 ], [ 15.059773690909525, 37.29264851999951 ], [ 15.060874311154571, 37.292572164284387 ] ] ] } },
{ "type": "Feature", "properties": { "id": "223784", "FIREDATE": "2023-11-12 11:57:00", "FINALDATE": "2023-11-12 11:57:00", "LASTUPDATE": "2023-11-14 08:12:20.790631", "COUNTRY": "IT", "PROVINCE": "Siracusa", "COMMUNE": "Carlentini", "AREA_HA": "12", "BROADLEA": "0", "CONIFER": "0", "MIXED": "0", "SCLEROPH": "0", "TRANSIT": "0", "OTHERNATLC": "99.99999999888888", "AGRIAREAS": "0", "ARTIFSURF": "0", "OTHERLC": "0", "PERCNA2K": "0", "year": 2023, "source": "EFFIS" }, "geometry": { "type": "Polygon", "coordinates": [ [ [ 14.984381204123929, 37.259662851066203 ], [ 14.982867851286992, 37.260197341072065 ], [ 14.982248752399155, 37.260197341072065 ], [ 14.981354498450054, 37.259815562496449 ], [ 14.980804188327532, 37.25958649535108 ], [ 14.979428413021227, 37.259281072490587 ], [ 14.978878102898703, 37.259052005345218 ], [ 14.978327792776181, 37.258670226769596 ], [ 14.978396581541496, 37.258441159624226 ], [ 14.97908446919465, 37.257830313903241 ], [ 14.979359624255911, 37.257677602472995 ], [ 14.979565990551857, 37.257601246757872 ], [ 14.979703568082487, 37.257524891042749 ], [ 14.980047511909063, 37.257219468182257 ], [ 14.98039145573564, 37.257372179612503 ], [ 14.981423287215371, 37.257906669618365 ], [ 14.981904808572578, 37.258212092478857 ], [ 14.982523907460415, 37.258517515339349 ], [ 14.982799062521677, 37.258517515339349 ], [ 14.983143006348254, 37.258364803909103 ], [ 14.983280583878884, 37.258212092478857 ], [ 14.983418161409515, 37.257677602472995 ], [ 14.98362452770546, 37.257524891042749 ], [ 14.984312415358614, 37.257601246757872 ], [ 14.984587570419876, 37.257753958188118 ], [ 14.985000303011768, 37.258212092478857 ], [ 14.985206669307713, 37.258441159624226 ], [ 14.985619401899605, 37.258746582484726 ], [ 14.98568819066492, 37.258899293914972 ], [ 14.985756979430235, 37.259128361060341 ], [ 14.98555061313429, 37.259204716775464 ], [ 14.984931514246451, 37.259433783920834 ], [ 14.984381204123929, 37.259662851066203 ] ] ] } },
{ "type": "Feature", "properties": { "id": "223917", "FIREDATE": "2023-11-17 11:17:00", "FINALDATE": "2023-11-17 12:06:00", "LASTUPDATE": "2023-11-21 08:32:08.914335", "COUNTRY": "IT", "PROVINCE": "Siracusa", "COMMUNE": "Melilli", "AREA_HA": "12", "BROADLEA": "0", "CONIFER": "0", "MIXED": "0", "SCLEROPH": "0", "TRANSIT": "0", "OTHERNATLC": "99.99999999916666", "AGRIAREAS": "0", "ARTIFSURF": "0", "OTHERLC": "0", "PERCNA2K": "0", "year": 2023, "source": "EFFIS" }, "geometry": { "type": "Polygon", "coordinates": [ [ [ 15.06809713151268, 37.330444598985594 ], [ 15.068165920277995, 37.330673666130963 ], [ 15.067409243859526, 37.331360867567071 ], [ 15.067202877563581, 37.331513578997317 ], [ 15.067065300032949, 37.33158993471244 ], [ 15.066858933737004, 37.33158993471244 ], [ 15.066377412379797, 37.331819001857809 ], [ 15.06630862361448, 37.332124424718309 ], [ 15.066377412379797, 37.332964337584663 ], [ 15.066583778675742, 37.333422471875402 ], [ 15.067134088798266, 37.334109673311517 ], [ 15.067340455094211, 37.334491451887132 ], [ 15.067753187686103, 37.335102297608117 ], [ 15.067821976451418, 37.335331364753486 ], [ 15.067409243859526, 37.335484076183732 ], [ 15.067065300032949, 37.335484076183732 ], [ 15.06630862361448, 37.335255009038363 ], [ 15.066102257318535, 37.335025941892994 ], [ 15.065827102257273, 37.334415096172009 ], [ 15.065689524726643, 37.334109673311517 ], [ 15.065345580900066, 37.333575183305648 ], [ 15.065070425838805, 37.333346116160278 ], [ 15.064451326950968, 37.332811626154417 ], [ 15.064244960655021, 37.332658914724171 ], [ 15.064176171889706, 37.332506203293924 ], [ 15.064038594359076, 37.332353491863678 ], [ 15.063625861767184, 37.331666290427563 ], [ 15.063557073001869, 37.331360867567071 ], [ 15.063763439297814, 37.330979088991455 ], [ 15.063969805593761, 37.330750021846086 ], [ 15.06472648201223, 37.33036824327047 ], [ 15.065276792134751, 37.330215531840224 ], [ 15.066446201145112, 37.330291887555347 ], [ 15.067065300032949, 37.330291887555347 ], [ 15.06809713151268, 37.330444598985594 ] ] ] } },
{ "type": "Feature", "properties": { "id": "217873", "FIREDATE": "2023-07-23 09:54:00", "FINALDATE": "2023-07-23 12:51:00", "LASTUPDATE": "2023-07-30 12:19:15.015278", "COUNTRY": "IT", "PROVINCE": "Siracusa", "COMMUNE": "Lentini", "AREA_HA": "30", "BROADLEA": "0", "CONIFER": "0", "MIXED": "0", "SCLEROPH": "0", "TRANSIT": "0", "OTHERNATLC": "53.333333333155565", "AGRIAREAS": "46.66666666651111", "ARTIFSURF": "0", "OTHERLC": "0", "PERCNA2K": "0", "year": 2023, "source": "EFFIS" }, "geometry": { "type": "Polygon", "coordinates": [ [ [ 14.992842222257714, 37.180940108773981 ], [ 14.993530109910868, 37.180940108773981 ], [ 14.994905885217173, 37.181169175919351 ], [ 14.995456195339697, 37.181321887349597 ], [ 14.995800139166274, 37.181627310210089 ], [ 14.996006505462219, 37.181932733070589 ], [ 14.996281660523481, 37.182467223076451 ], [ 14.996281660523481, 37.183001713082312 ], [ 14.995868927931589, 37.184147048809166 ], [ 14.99524982904375, 37.184452471669658 ], [ 14.993736476206813, 37.184528827384781 ], [ 14.992979799788344, 37.184605183099904 ], [ 14.99215433460456, 37.184681538815028 ], [ 14.991741602012668, 37.18498696167552 ], [ 14.991122503124831, 37.185674163111635 ], [ 14.990503404236993, 37.185903230257004 ], [ 14.988990051400057, 37.185826874541881 ], [ 14.988302163746903, 37.185597807396512 ], [ 14.987614276093749, 37.184910605960397 ], [ 14.987545487328434, 37.184452471669658 ], [ 14.988164586216271, 37.183612558803297 ], [ 14.988439741277533, 37.183001713082312 ], [ 14.988577318808165, 37.181856377355459 ], [ 14.988852473869425, 37.18139824306472 ], [ 14.989609150287894, 37.181016464489105 ], [ 14.990228249175733, 37.181016464489105 ], [ 14.991328869420776, 37.181321887349597 ], [ 14.991947968308615, 37.181321887349597 ], [ 14.992842222257714, 37.180940108773981 ] ] ] } },
{ "type": "Feature", "properties": { "id": "235854", "FIREDATE": "2024-07-30 12:29:00", "FINALDATE": "2024-07-30 12:29:00", "LASTUPDATE": "2024-08-01 14:28:44.757982", "COUNTRY": "IT", "PROVINCE": "Siracusa", "COMMUNE": "Carlentini", "AREA_HA": "16", "BROADLEA": "0", "CONIFER": "0", "MIXED": "0", "SCLEROPH": "99.9999999994737", "TRANSIT": "0", "OTHERNATLC": "0", "AGRIAREAS": "0", "ARTIFSURF": "0", "OTHERLC": "0", "PERCNA2K": "0", "year": 2024, "source": "EFFIS" }, "geometry": { "type": "Polygon", "coordinates": [ [ [ 14.928455937922571, 37.330139176125101 ], [ 14.928387149157254, 37.330520954700717 ], [ 14.927974416565363, 37.331208156136825 ], [ 14.927699261504102, 37.331437223282194 ], [ 14.927355317677526, 37.331437223282194 ], [ 14.927148951381579, 37.331513578997317 ], [ 14.926805007555002, 37.331742646142686 ], [ 14.926736218789687, 37.33189535757294 ], [ 14.926667430024372, 37.332124424718309 ], [ 14.926598641259057, 37.332353491863678 ], [ 14.92639227496311, 37.332582559009047 ], [ 14.92625469743248, 37.332811626154417 ], [ 14.92625469743248, 37.333117049014909 ], [ 14.92625469743248, 37.333346116160278 ], [ 14.926323486197795, 37.333651539020771 ], [ 14.92639227496311, 37.333880606166147 ], [ 14.926461063728427, 37.334262384741763 ], [ 14.926323486197795, 37.334415096172009 ], [ 14.925841964840588, 37.334644163317378 ], [ 14.925635598544641, 37.334949586177871 ], [ 14.925498021014011, 37.335560431898863 ], [ 14.925360443483381, 37.335865854759355 ], [ 14.925154077187434, 37.336171277619847 ], [ 14.924878922126174, 37.336323989050094 ], [ 14.924397400768965, 37.336323989050094 ], [ 14.92405345694239, 37.336171277619847 ], [ 14.923640724350497, 37.335865854759355 ], [ 14.923434358054552, 37.335636787613986 ], [ 14.923090414227975, 37.335407720468609 ], [ 14.922815259166713, 37.33517865332324 ], [ 14.922540104105453, 37.334796874747624 ], [ 14.922540104105453, 37.334567807602255 ], [ 14.922815259166713, 37.334338740456886 ], [ 14.922952836697345, 37.334033317596393 ], [ 14.923227991758605, 37.333498827590525 ], [ 14.923365569289237, 37.333117049014909 ], [ 14.923503146819867, 37.332582559009047 ], [ 14.923915879411759, 37.332277136148555 ], [ 14.924878922126174, 37.33189535757294 ], [ 14.925429232248696, 37.33158993471244 ], [ 14.925979542371218, 37.331131800421701 ], [ 14.926185908667165, 37.330826377561209 ], [ 14.92639227496311, 37.330444598985594 ], [ 14.926461063728427, 37.330291887555347 ], [ 14.926323486197795, 37.330139176125101 ], [ 14.926323486197795, 37.330062820409978 ], [ 14.926529852493742, 37.329833753264602 ], [ 14.926873796320319, 37.329681041834355 ], [ 14.927424106442841, 37.329528330404109 ], [ 14.927768050269417, 37.329528330404109 ], [ 14.928043205330678, 37.329681041834355 ], [ 14.928249571626624, 37.329833753264602 ], [ 14.928455937922571, 37.330139176125101 ] ] ] } },
{ "type": "Feature", "properties": { "id": "245148", "FIREDATE": "2024-10-02 12:32:00", "FINALDATE": "2024-10-02 12:55:00", "LASTUPDATE": "2024-10-04 07:32:03.013324", "COUNTRY": "IT", "PROVINCE": "Siracusa", "COMMUNE": "Carlentini", "AREA_HA": "2", "BROADLEA": "0", "CONIFER": "0", "MIXED": "0", "SCLEROPH": "0", "TRANSIT": "0", "OTHERNATLC": "99.999999995", "AGRIAREAS": "0", "ARTIFSURF": "0", "OTHERLC": "0", "PERCNA2K": "0", "year": 2024, "source": "EFFIS" }, "geometry": { "type": "Polygon", "coordinates": [ [ [ 14.975025932041046, 37.261800811089657 ], [ 14.975232298336991, 37.262029878235026 ], [ 14.975576242163568, 37.262411656810649 ], [ 14.975713819694198, 37.262564368240895 ], [ 14.975713819694198, 37.262640723956018 ], [ 14.975576242163568, 37.262717079671141 ], [ 14.975232298336991, 37.262717079671141 ], [ 14.975025932041046, 37.262717079671141 ], [ 14.974957143275731, 37.262717079671141 ], [ 14.974819565745099, 37.262640723956018 ], [ 14.974613199449154, 37.262640723956018 ], [ 14.974406833153207, 37.262640723956018 ], [ 14.974131678091945, 37.262717079671141 ], [ 14.973925311796, 37.262717079671141 ], [ 14.97378773426537, 37.262564368240895 ], [ 14.973718945500053, 37.262411656810649 ], [ 14.973650156734738, 37.262258945380395 ], [ 14.973718945500053, 37.262029878235026 ], [ 14.973856523030685, 37.261800811089657 ], [ 14.973925311796, 37.261571743944288 ], [ 14.973994100561315, 37.261342676798918 ], [ 14.97406288932663, 37.261266321083795 ], [ 14.974406833153207, 37.261266321083795 ], [ 14.974613199449154, 37.261342676798918 ], [ 14.974750776979784, 37.261419032514041 ], [ 14.974888354510414, 37.261571743944288 ], [ 14.975025932041046, 37.261800811089657 ] ] ] } },
{ "type": "Feature", "properties": { "id": "245150", "FIREDATE": "2024-10-02 12:32:00", "FINALDATE": "2024-10-02 12:55:00", "LASTUPDATE": "2024-10-04 07:32:19.431989", "COUNTRY": "IT", "PROVINCE": "Siracusa", "COMMUNE": "Carlentini", "AREA_HA": "15", "BROADLEA": "0", "CONIFER": "0", "MIXED": "0", "SCLEROPH": "11.764705882283739", "TRANSIT": "0", "OTHERNATLC": "88.23529411712803", "AGRIAREAS": "0", "ARTIFSURF": "0", "OTHERLC": "0", "PERCNA2K": "0", "year": 2024, "source": "EFFIS" }, "geometry": { "type": "Polygon", "coordinates": [ [ [ 14.98052903326627, 37.26546588541558 ], [ 14.980804188327532, 37.265542241130703 ], [ 14.981010554623479, 37.265694952560949 ], [ 14.981079343388794, 37.265771308276072 ], [ 14.981079343388794, 37.265847663991195 ], [ 14.980941765858162, 37.266076731136572 ], [ 14.980666610796902, 37.266458509712187 ], [ 14.980460244500955, 37.266916644002926 ], [ 14.980185089439695, 37.267451134008788 ], [ 14.979909934378433, 37.26775655686928 ], [ 14.979565990551857, 37.267985624014656 ], [ 14.97922204672528, 37.268214691160026 ], [ 14.978740525368073, 37.268443758305395 ], [ 14.978327792776181, 37.268672825450764 ], [ 14.977915060184289, 37.268978248311257 ], [ 14.977433538827082, 37.269360026886872 ], [ 14.976952017469875, 37.269894516892741 ], [ 14.976539284877981, 37.27035265118348 ], [ 14.97612655228609, 37.270734429759095 ], [ 14.975782608459514, 37.270963496904464 ], [ 14.975438664632938, 37.271116208334711 ], [ 14.975094720806361, 37.271039852619587 ], [ 14.974819565745099, 37.270658074043972 ], [ 14.974681988214469, 37.27035265118348 ], [ 14.974613199449154, 37.270047228322987 ], [ 14.974613199449154, 37.269818161177618 ], [ 14.974681988214469, 37.269665449747372 ], [ 14.975025932041046, 37.269283671171749 ], [ 14.975713819694198, 37.268672825450764 ], [ 14.97612655228609, 37.268138335444903 ], [ 14.976470496112666, 37.267680201154157 ], [ 14.976745651173928, 37.267145711148295 ], [ 14.976883228704558, 37.266611221142433 ], [ 14.97729596129645, 37.266229442566818 ], [ 14.977846271418974, 37.266000375421449 ], [ 14.978327792776181, 37.265847663991195 ], [ 14.978809314133388, 37.265847663991195 ], [ 14.979153257959965, 37.265694952560949 ], [ 14.979634779317172, 37.265542241130703 ], [ 14.980047511909063, 37.26546588541558 ], [ 14.98052903326627, 37.26546588541558 ] ] ] } },
{ "type": "Feature", "properties": { "id": "246581", "FIREDATE": "2024-10-14 12:06:00", "FINALDATE": "2024-10-14 12:29:00", "LASTUPDATE": "2024-10-18 08:41:21.07135", "COUNTRY": "IT", "PROVINCE": "Siracusa", "COMMUNE": "Carlentini", "AREA_HA": "0", "BROADLEA": "99.99999998999999", "CONIFER": "0", "MIXED": "0", "SCLEROPH": "0", "TRANSIT": "0", "OTHERNATLC": "0", "AGRIAREAS": "0", "ARTIFSURF": "0", "OTHERLC": "0", "PERCNA2K": "0", "year": 2024, "source": "EFFIS" }, "geometry": { "type": "Polygon", "coordinates": [ [ [ 15.03865553995772, 37.298375198633764 ], [ 15.038724328723037, 37.298451554348887 ], [ 15.038793117488352, 37.298604265779133 ], [ 15.038724328723037, 37.298680621494256 ], [ 15.03865553995772, 37.298756977209379 ], [ 15.03851796242709, 37.298833332924502 ], [ 15.03838038489646, 37.298833332924502 ], [ 15.038311596131145, 37.298833332924502 ], [ 15.038242807365828, 37.298833332924502 ], [ 15.038174018600513, 37.298833332924502 ], [ 15.038105229835198, 37.298833332924502 ], [ 15.037967652304568, 37.298909688639633 ], [ 15.037761286008621, 37.298986044354756 ], [ 15.037623708477991, 37.298986044354756 ], [ 15.037486130947361, 37.298986044354756 ], [ 15.037417342182044, 37.298986044354756 ], [ 15.037348553416729, 37.298986044354756 ], [ 15.037348553416729, 37.298909688639633 ], [ 15.037486130947361, 37.298756977209379 ], [ 15.037761286008621, 37.298680621494256 ], [ 15.038105229835198, 37.29852791006401 ], [ 15.03838038489646, 37.298375198633764 ], [ 15.038586751192405, 37.298375198633764 ], [ 15.03865553995772, 37.298375198633764 ] ] ] } },
{ "type": "Feature", "properties": { "id": "272862", "FIREDATE": "2025-06-29 11:28:00", "FINALDATE": "2025-06-29 12:17:00", "LASTUPDATE": "2025-06-30 14:15:27.607442", "COUNTRY": "IT", "PROVINCE": "Siracusa", "COMMUNE": "Lentini", "AREA_HA": "21", "BROADLEA": "0", "CONIFER": "0", "MIXED": "0", "SCLEROPH": "0", "TRANSIT": "0", "OTHERNATLC": "59.090909090640494", "AGRIAREAS": "40.90909090890496", "ARTIFSURF": "0", "OTHERLC": "0", "PERCNA2K": "0", "year": 2025, "source": "EFFIS" }, "geometry": { "type": "Polygon", "coordinates": [ [ [ 14.995593772870327, 37.18139824306472 ], [ 14.995731350400957, 37.182085444500835 ], [ 14.995800139166274, 37.183230780227682 ], [ 14.995731350400957, 37.183841625948673 ], [ 14.995662561635642, 37.183917981663797 ], [ 14.995181040278435, 37.18399433737892 ], [ 14.994217997564022, 37.18399433737892 ], [ 14.993254954849606, 37.184147048809166 ], [ 14.99215433460456, 37.184223404524289 ], [ 14.991397658186093, 37.184376115954535 ], [ 14.99084734806357, 37.184605183099904 ], [ 14.990159460410416, 37.184910605960397 ], [ 14.989196417696002, 37.185292384536012 ], [ 14.988508530042848, 37.185368740251135 ], [ 14.988027008685641, 37.185216028820889 ], [ 14.987889431155011, 37.184834250245274 ], [ 14.988164586216271, 37.184299760239412 ], [ 14.988508530042848, 37.18376527023355 ], [ 14.989058840165372, 37.183307135942805 ], [ 14.989609150287894, 37.182925357367189 ], [ 14.990228249175733, 37.182543578791574 ], [ 14.99070977053294, 37.182009088785712 ], [ 14.991122503124831, 37.181321887349597 ], [ 14.991397658186093, 37.180863753058858 ], [ 14.991604024482038, 37.180558330198366 ], [ 14.9918791795433, 37.180329263052997 ], [ 14.992291912135192, 37.180252907337874 ], [ 14.992567067196452, 37.180481974483243 ], [ 14.992773433492399, 37.180863753058858 ], [ 14.993186166084291, 37.181016464489105 ], [ 14.99380526497213, 37.180863753058858 ], [ 14.994355575094652, 37.180863753058858 ], [ 14.994837096451858, 37.180940108773981 ], [ 14.995181040278435, 37.181092820204228 ], [ 14.995593772870327, 37.18139824306472 ] ] ] } },
{ "type": "Feature", "properties": { "id": "280970", "FIREDATE": "2025-09-10 11:08:00", "FINALDATE": "2025-09-10 11:08:00", "LASTUPDATE": "2025-09-11 09:44:26.696434", "COUNTRY": "IT", "PROVINCE": "Siracusa", "COMMUNE": "Carlentini", "AREA_HA": "1", "BROADLEA": "0", "CONIFER": "0", "MIXED": "0", "SCLEROPH": "99.99999998999999", "TRANSIT": "0", "OTHERNATLC": "0", "AGRIAREAS": "0", "ARTIFSURF": "0", "OTHERLC": "0", "PERCNA2K": "0", "year": 2025, "source": "EFFIS" }, "geometry": { "type": "Polygon", "coordinates": [ [ [ 14.930450812116714, 37.31395176451894 ], [ 14.930725967177976, 37.314028120234063 ], [ 14.930932333473923, 37.314104475949186 ], [ 14.931069911004553, 37.314180831664309 ], [ 14.931138699769868, 37.314257187379432 ], [ 14.931207488535183, 37.314257187379432 ], [ 14.931207488535183, 37.314333543094556 ], [ 14.931276277300499, 37.314333543094556 ], [ 14.931413854831129, 37.314409898809679 ], [ 14.93155143236176, 37.314409898809679 ], [ 14.931620221127075, 37.314486254524802 ], [ 14.93155143236176, 37.314562610239925 ], [ 14.931413854831129, 37.314638965955048 ], [ 14.931207488535183, 37.314791677385294 ], [ 14.931001122239238, 37.314868033100417 ], [ 14.930863544708608, 37.314868033100417 ], [ 14.930725967177976, 37.314868033100417 ], [ 14.930725967177976, 37.314791677385294 ], [ 14.930588389647346, 37.314715321670171 ], [ 14.930450812116714, 37.314638965955048 ], [ 14.930244445820769, 37.314562610239925 ], [ 14.930038079524822, 37.314486254524802 ], [ 14.929900501994192, 37.314333543094556 ], [ 14.929831713228877, 37.314180831664309 ], [ 14.929831713228877, 37.314104475949186 ], [ 14.929900501994192, 37.31395176451894 ], [ 14.930038079524822, 37.313875408803817 ], [ 14.930244445820769, 37.313875408803817 ], [ 14.930450812116714, 37.31395176451894 ] ] ] } },
{ "type": "Feature", "properties": { "id": "275760", "FIREDATE": "2025-07-19 12:42:00", "FINALDATE": "2025-07-20 12:42:00", "LASTUPDATE": "2025-07-29 10:16:48.904126", "COUNTRY": "IT", "PROVINCE": "Siracusa", "COMMUNE": "Lentini", "AREA_HA": "5", "BROADLEA": "0", "CONIFER": "0", "MIXED": "0", "SCLEROPH": "0", "TRANSIT": "0", "OTHERNATLC": "99.9999999975", "AGRIAREAS": "0", "ARTIFSURF": "0", "OTHERLC": "0", "PERCNA2K": "0", "year": 2025, "source": "EFFIS" }, "geometry": { "type": "Polygon", "coordinates": [ [ [ 14.994699518921228, 37.195676761792797 ], [ 14.994905885217173, 37.195829473223043 ], [ 14.995043462747805, 37.195982184653289 ], [ 14.99511225151312, 37.196058540368412 ], [ 14.99511225151312, 37.196134896083535 ], [ 14.995043462747805, 37.196211251798658 ], [ 14.994974673982489, 37.196211251798658 ], [ 14.994837096451858, 37.196211251798658 ], [ 14.994768307686543, 37.196211251798658 ], [ 14.994630730155913, 37.196134896083535 ], [ 14.994561941390597, 37.196211251798658 ], [ 14.994493152625282, 37.196287607513781 ], [ 14.994561941390597, 37.196516674659158 ], [ 14.994630730155913, 37.196745741804527 ], [ 14.994699518921228, 37.197051164665019 ], [ 14.994630730155913, 37.197280231810389 ], [ 14.994493152625282, 37.197432943240635 ], [ 14.994355575094652, 37.197662010386004 ], [ 14.994217997564022, 37.19781472181625 ], [ 14.994011631268075, 37.197891077531374 ], [ 14.99380526497213, 37.197967433246497 ], [ 14.993667687441498, 37.19804378896162 ], [ 14.993392532380238, 37.19804378896162 ], [ 14.993048588553661, 37.19804378896162 ], [ 14.992567067196452, 37.197967433246497 ], [ 14.99201675707393, 37.197891077531374 ], [ 14.991604024482038, 37.19781472181625 ], [ 14.991260080655461, 37.197738366101127 ], [ 14.990984925594201, 37.197738366101127 ], [ 14.99084734806357, 37.197662010386004 ], [ 14.99084734806357, 37.197509298955758 ], [ 14.990984925594201, 37.197432943240635 ], [ 14.991260080655461, 37.197280231810389 ], [ 14.991466446951408, 37.197127520380143 ], [ 14.991741602012668, 37.197127520380143 ], [ 14.991947968308615, 37.197051164665019 ], [ 14.99215433460456, 37.197051164665019 ], [ 14.992291912135192, 37.197051164665019 ], [ 14.992429489665822, 37.196974808949896 ], [ 14.992429489665822, 37.19682209751965 ], [ 14.992429489665822, 37.196593030374281 ], [ 14.992498278431137, 37.196516674659158 ], [ 14.992635855961769, 37.196440318944028 ], [ 14.992842222257714, 37.196516674659158 ], [ 14.993186166084291, 37.196669386089404 ], [ 14.993392532380238, 37.196745741804527 ], [ 14.993530109910868, 37.196745741804527 ], [ 14.993598898676183, 37.196669386089404 ], [ 14.993667687441498, 37.196516674659158 ], [ 14.993598898676183, 37.196363963228904 ], [ 14.993598898676183, 37.196287607513781 ], [ 14.993530109910868, 37.196211251798658 ], [ 14.993461321145553, 37.196134896083535 ], [ 14.993461321145553, 37.196058540368412 ], [ 14.993530109910868, 37.195982184653289 ], [ 14.993736476206813, 37.195829473223043 ], [ 14.994011631268075, 37.195676761792797 ], [ 14.994217997564022, 37.195600406077673 ], [ 14.994493152625282, 37.195600406077673 ], [ 14.994699518921228, 37.195676761792797 ] ] ] } },
{ "type": "Feature", "properties": { "id": "281712", "FIREDATE": "2025-09-19 10:49:00", "FINALDATE": "2025-09-19 12:29:00", "LASTUPDATE": "2025-09-23 07:16:45.601247", "COUNTRY": "IT", "PROVINCE": "Siracusa", "COMMUNE": "Carlentini", "AREA_HA": "16", "BROADLEA": "0", "CONIFER": "0", "MIXED": "0", "SCLEROPH": "19.999999999866667", "TRANSIT": "0", "OTHERNATLC": "79.99999999946667", "AGRIAREAS": "0", "ARTIFSURF": "0", "OTHERLC": "0", "PERCNA2K": "0", "year": 2025, "source": "EFFIS" }, "geometry": { "type": "Polygon", "coordinates": [ [ [ 15.004605101126636, 37.257601246757872 ], [ 15.004811467422581, 37.257830313903241 ], [ 15.005017833718528, 37.258135736763734 ], [ 15.005292988779788, 37.258364803909103 ], [ 15.00556814384105, 37.258364803909103 ], [ 15.005774510136995, 37.258517515339349 ], [ 15.005912087667626, 37.258670226769596 ], [ 15.005980876432941, 37.258822938199849 ], [ 15.005980876432941, 37.258975649630095 ], [ 15.005980876432941, 37.259204716775464 ], [ 15.005980876432941, 37.259433783920834 ], [ 15.005912087667626, 37.259662851066203 ], [ 15.005774510136995, 37.259891918211572 ], [ 15.00556814384105, 37.260120985356942 ], [ 15.005361777545103, 37.260273696787188 ], [ 15.004949044953211, 37.260426408217434 ], [ 15.004398734830689, 37.26065547536281 ], [ 15.003986002238797, 37.260960898223303 ], [ 15.003710847177535, 37.261266321083795 ], [ 15.003435692116275, 37.261648099659411 ], [ 15.003160537055013, 37.262029878235026 ], [ 15.002954170759066, 37.262335301095526 ], [ 15.002885381993751, 37.262564368240895 ], [ 15.002747804463121, 37.262793435386264 ], [ 15.002610226932491, 37.263022502531634 ], [ 15.002472649401859, 37.263327925392126 ], [ 15.002335071871229, 37.263633348252618 ], [ 15.002128705575283, 37.263786059682865 ], [ 15.001991128044653, 37.263862415397988 ], [ 15.001784761748706, 37.263709703967741 ], [ 15.001509606687446, 37.263404281107249 ], [ 15.001165662860869, 37.263022502531634 ], [ 15.000890507799607, 37.262564368240895 ], [ 15.000752930268977, 37.262258945380395 ], [ 15.000821719034292, 37.261953522519903 ], [ 15.000959296564922, 37.261571743944288 ], [ 15.001028085330239, 37.261189965368672 ], [ 15.001234451626184, 37.260808186793057 ], [ 15.001509606687446, 37.260579119647687 ], [ 15.001715972983391, 37.260350052502311 ], [ 15.001784761748706, 37.260044629641818 ], [ 15.001991128044653, 37.259739206781326 ], [ 15.002266283105914, 37.259510139635957 ], [ 15.002610226932491, 37.259281072490587 ], [ 15.003022959524383, 37.259052005345218 ], [ 15.003435692116275, 37.258899293914972 ], [ 15.00377963594285, 37.258746582484726 ], [ 15.003917213473482, 37.258593871054472 ], [ 15.003917213473482, 37.258517515339349 ], [ 15.00377963594285, 37.258364803909103 ], [ 15.00364205841222, 37.258212092478857 ], [ 15.00350448088159, 37.258059381048611 ], [ 15.003435692116275, 37.257906669618365 ], [ 15.003366903350958, 37.257524891042749 ], [ 15.003298114585643, 37.257143112467134 ], [ 15.003573269646905, 37.256761333891511 ], [ 15.004054791004112, 37.256532266746142 ], [ 15.004536312361319, 37.256379555315895 ], [ 15.004949044953211, 37.256303199600772 ], [ 15.005224200014473, 37.256379555315895 ], [ 15.005430566310419, 37.256532266746142 ], [ 15.005430566310419, 37.256684978176388 ], [ 15.005224200014473, 37.256837689606641 ], [ 15.005017833718528, 37.256914045321764 ], [ 15.004673889891951, 37.256914045321764 ], [ 15.004467523596004, 37.25706675675201 ], [ 15.004398734830689, 37.257143112467134 ], [ 15.004467523596004, 37.257372179612503 ], [ 15.004605101126636, 37.257601246757872 ] ] ] } },
{ "type": "Feature", "properties": { "id": "276252", "FIREDATE": "2025-07-19 11:02:00", "FINALDATE": "2025-07-19 12:42:00", "LASTUPDATE": "2025-07-31 17:16:03.218792", "COUNTRY": "IT", "PROVINCE": "Siracusa", "COMMUNE": "Lentini", "AREA_HA": "32", "BROADLEA": "0", "CONIFER": "0", "MIXED": "0", "SCLEROPH": "0", "TRANSIT": "0", "OTHERNATLC": "90.90909090881543", "AGRIAREAS": "9.090909090881542", "ARTIFSURF": "0", "OTHERLC": "0", "PERCNA2K": "0", "year": 2025, "source": "EFFIS" }, "geometry": { "type": "Polygon", "coordinates": [ [ [ 14.993598898676183, 37.173151825831397 ], [ 14.993874053737445, 37.17322818154652 ], [ 14.994011631268075, 37.173151825831397 ], [ 14.994286786329337, 37.173151825831397 ], [ 14.994630730155913, 37.17322818154652 ], [ 14.994837096451858, 37.173380892976766 ], [ 14.994905885217173, 37.173533604407012 ], [ 14.994905885217173, 37.173762671552382 ], [ 14.994905885217173, 37.173915382982628 ], [ 14.994905885217173, 37.174144450127997 ], [ 14.994905885217173, 37.17444987298849 ], [ 14.995043462747805, 37.174602584418743 ], [ 14.995318617809065, 37.174602584418743 ], [ 14.995593772870327, 37.174373517273366 ], [ 14.995937716696904, 37.173991738697751 ], [ 14.996281660523481, 37.173686315837259 ], [ 14.996556815584741, 37.173380892976766 ], [ 14.99703833694195, 37.173304537261643 ], [ 14.997519858299157, 37.173380892976766 ], [ 14.997863802125734, 37.173686315837259 ], [ 14.998001379656364, 37.174144450127997 ], [ 14.998070168421679, 37.17444987298849 ], [ 14.99820774595231, 37.174526228703613 ], [ 14.998276534717625, 37.174678940133866 ], [ 14.99820774595231, 37.174755295848989 ], [ 14.998001379656364, 37.174984362994358 ], [ 14.997795013360419, 37.175213430139728 ], [ 14.997588647064472, 37.175442497285097 ], [ 14.997382280768525, 37.175824275860712 ], [ 14.997244703237895, 37.176129698721205 ], [ 14.99717591447258, 37.176282410151451 ], [ 14.99703833694195, 37.176511477296827 ], [ 14.996763181880688, 37.176740544442197 ], [ 14.996281660523481, 37.176893255872443 ], [ 14.995662561635642, 37.177045967302689 ], [ 14.995181040278435, 37.177122323017812 ], [ 14.994905885217173, 37.177122323017812 ], [ 14.994630730155913, 37.177198678732935 ], [ 14.994493152625282, 37.177427745878305 ], [ 14.99408042003339, 37.177351390163182 ], [ 14.993530109910868, 37.177198678732935 ], [ 14.993117377318976, 37.176969611587566 ], [ 14.992842222257714, 37.176740544442197 ], [ 14.992223123369877, 37.176358765866574 ], [ 14.991466446951408, 37.175976987290959 ], [ 14.990640981767624, 37.175595208715343 ], [ 14.989953094114471, 37.175289785854851 ], [ 14.989333995226632, 37.175137074424605 ], [ 14.988852473869425, 37.175060718709481 ], [ 14.988370952512218, 37.175060718709481 ], [ 14.987958219920326, 37.175060718709481 ], [ 14.987407909797804, 37.175289785854851 ], [ 14.986926388440596, 37.175595208715343 ], [ 14.986513655848704, 37.175747920145589 ], [ 14.986307289552759, 37.175824275860712 ], [ 14.986100923256812, 37.175824275860712 ], [ 14.985894556960867, 37.175747920145589 ], [ 14.985756979430235, 37.17551885300022 ], [ 14.985619401899605, 37.175060718709481 ], [ 14.985619401899605, 37.174526228703613 ], [ 14.985619401899605, 37.173991738697751 ], [ 14.985756979430235, 37.173609960122135 ], [ 14.985963345726182, 37.173533604407012 ], [ 14.986307289552759, 37.173533604407012 ], [ 14.986720022144651, 37.173762671552382 ], [ 14.987270332267173, 37.173915382982628 ], [ 14.987889431155011, 37.174068094412874 ], [ 14.988577318808165, 37.174144450127997 ], [ 14.989196417696002, 37.17422080584312 ], [ 14.989815516583841, 37.174373517273366 ], [ 14.990365826706363, 37.174602584418743 ], [ 14.99084734806357, 37.174755295848989 ], [ 14.991191291890146, 37.174678940133866 ], [ 14.991397658186093, 37.174297161558243 ], [ 14.991535235716723, 37.173686315837259 ], [ 14.991260080655461, 37.17322818154652 ], [ 14.99070977053294, 37.173075470116274 ], [ 14.990228249175733, 37.172922758686028 ], [ 14.989815516583841, 37.172770047255781 ], [ 14.989609150287894, 37.172540980110405 ], [ 14.989540361522579, 37.172235557249913 ], [ 14.989677939053209, 37.172006490104543 ], [ 14.990021882879786, 37.171777422959174 ], [ 14.990297037941048, 37.171624711528928 ], [ 14.990503404236993, 37.171624711528928 ], [ 14.990640981767624, 37.171472000098682 ], [ 14.990640981767624, 37.171242932953312 ], [ 14.99070977053294, 37.171013865807943 ], [ 14.990916136828885, 37.17086115437769 ], [ 14.991053714359516, 37.17086115437769 ], [ 14.991053714359516, 37.17093751009282 ], [ 14.991191291890146, 37.171166577238189 ], [ 14.991260080655461, 37.171472000098682 ], [ 14.991328869420776, 37.171777422959174 ], [ 14.991466446951408, 37.172006490104543 ], [ 14.991604024482038, 37.172159201534789 ], [ 14.9918791795433, 37.172235557249913 ], [ 14.992291912135192, 37.172464624395282 ], [ 14.992704644727084, 37.172770047255781 ], [ 14.993186166084291, 37.173075470116274 ], [ 14.993598898676183, 37.173151825831397 ] ] ] } }
]
}
