{
"type": "FeatureCollection",
"name": "fire_parcel_matches",
"crs": { "type": "name", "properties": { "name": "urn:ogc:def:crs:OGC:1.3:CRS84" } },
"features": [
{ "type": "Feature", "properties": { "gml_id": "CadastralParcel.IT.AGE.PLA.D977_002200.ACQUA001", "INSPIREID_LOCALID": "IT.AGE.PLA.D977_002200.ACQUA001", "INSPIREID_NAMESPACE": "IT.AGE.PLA.", "LABEL": "ACQUA001", "NATIONALCADASTRALREFERENCE": "D977_002200.ACQUA001", "ADMINISTRATIVEUNIT": "D977" }, "geometry": { "type": "Polygon", "coordinates": [ [ [ 14.21216382, 37.86671611 ], [ 14.21216937, 37.86660732 ], [ 14.21218413, 37.86658497 ], [ 14.21225653, 37.86649852 ], [ 14.21229602, 37.86645929 ], [ 14.21236998, 37.86638581 ], [ 14.21240842, 37.86636332 ], [ 14.21251085, 37.86631063 ], [ 14.212562, 37.86628432 ], [ 14.21269437, 37.86623149 ], [ 14.21297939, 37.86615328 ], [ 14.2130162, 37.86614414 ], [ 14.21304605, 37.86614552 ], [ 14.2130675, 37.86614651 ], [ 14.21319142, 37.86615362 ], [ 14.21329177, 37.86621087 ], [ 14.21329972, 37.8662154 ], [ 14.21359064, 37.86627935 ], [ 14.21369309, 37.8662956 ], [ 14.21380937, 37.8662681 ], [ 14.21382184, 37.86625447 ], [ 14.21393515, 37.86612763 ], [ 14.21393595, 37.86611944 ], [ 14.21395102, 37.86591298 ], [ 14.2139666, 37.86569938 ], [ 14.21395459, 37.86559654 ], [ 14.21393002, 37.86555494 ], [ 14.21382764, 37.86538351 ], [ 14.21379966, 37.8653289 ], [ 14.21378224, 37.8652949 ], [ 14.21381995, 37.86502891 ], [ 14.21382775, 37.86499875 ], [ 14.21384022, 37.86495057 ], [ 14.21390038, 37.86485984 ], [ 14.21390235, 37.86485724 ], [ 14.21393288, 37.86482121 ], [ 14.21397331, 37.86477278 ], [ 14.21403959, 37.86471195 ], [ 14.21425511, 37.86451303 ], [ 14.21425918, 37.8645094 ], [ 14.21426329, 37.86450572 ], [ 14.21437192, 37.86445216 ], [ 14.21486226, 37.86420913 ], [ 14.21496566, 37.86412812 ], [ 14.21497065, 37.86412421 ], [ 14.21481596, 37.8634302 ], [ 14.21481513, 37.86342648 ], [ 14.21479089, 37.86273287 ], [ 14.21487338, 37.86266308 ], [ 14.21497258, 37.86257915 ], [ 14.21506678, 37.86243603 ], [ 14.21514467, 37.86231766 ], [ 14.21584022, 37.86218698 ], [ 14.2159178, 37.86217661 ], [ 14.21597909, 37.86217061 ], [ 14.21614977, 37.86217253 ], [ 14.21625277, 37.86220779 ], [ 14.21630616, 37.86222607 ], [ 14.2168662, 37.86221492 ], [ 14.21690962, 37.86222213 ], [ 14.21743291, 37.86233474 ], [ 14.21782375, 37.86244938 ], [ 14.21810289, 37.86254195 ], [ 14.21812643, 37.8625336 ], [ 14.21839975, 37.86243665 ], [ 14.21839995, 37.86243657 ], [ 14.21848231, 37.86240736 ], [ 14.2185576, 37.86239912 ], [ 14.21859515, 37.86239502 ], [ 14.21872325, 37.86238361 ], [ 14.218936, 37.86234309 ], [ 14.21896066, 37.86232436 ], [ 14.21909572, 37.86222178 ], [ 14.21912508, 37.86219947 ], [ 14.21915275, 37.86217296 ], [ 14.21923352, 37.86209454 ], [ 14.21925459, 37.86207408 ], [ 14.21932318, 37.8619797 ], [ 14.21943945, 37.86181967 ], [ 14.21960425, 37.86160922 ], [ 14.21987688, 37.86149616 ], [ 14.21989026, 37.86148896 ], [ 14.21989867, 37.8614906 ], [ 14.22013999, 37.86134967 ], [ 14.22038248, 37.86101883 ], [ 14.22039291, 37.86101181 ], [ 14.22058705, 37.86090098 ], [ 14.22074768, 37.8608508 ], [ 14.22075004, 37.86085128 ], [ 14.22075196, 37.86085168 ], [ 14.22082225, 37.86086608 ], [ 14.22112391, 37.86093678 ], [ 14.22134357, 37.86097022 ], [ 14.22139947, 37.86097873 ], [ 14.22142763, 37.86095671 ], [ 14.22162502, 37.86085586 ], [ 14.22172707, 37.86077353 ], [ 14.22189493, 37.86063811 ], [ 14.22210298, 37.86061438 ], [ 14.22213927, 37.86060869 ], [ 14.22215138, 37.86060679 ], [ 14.22223629, 37.86059717 ], [ 14.22234446, 37.86062405 ], [ 14.22253811, 37.86067294 ], [ 14.22254115, 37.86067293 ], [ 14.22280219, 37.86067194 ], [ 14.22281801, 37.86067188 ], [ 14.22308429, 37.8606126 ], [ 14.22326636, 37.86053691 ], [ 14.22386743, 37.85988596 ], [ 14.22394988, 37.85979662 ], [ 14.22412061, 37.85961566 ], [ 14.22431964, 37.85943369 ], [ 14.22451754, 37.85926956 ], [ 14.22498856, 37.85928183 ], [ 14.22512093, 37.85928527 ], [ 14.22523079, 37.85928813 ], [ 14.22556639, 37.85921395 ], [ 14.22556667, 37.85921389 ], [ 14.22594736, 37.85912974 ], [ 14.22645173, 37.85896107 ], [ 14.22659533, 37.85884942 ], [ 14.22671169, 37.85882652 ], [ 14.22680398, 37.85880836 ], [ 14.22680421, 37.85880831 ], [ 14.2269635, 37.85877696 ], [ 14.22696994, 37.85877236 ], [ 14.22699591, 37.85875273 ], [ 14.22704368, 37.85871661 ], [ 14.227049, 37.85870138 ], [ 14.22706907, 37.85864088 ], [ 14.22707531, 37.85863633 ], [ 14.22721891, 37.85853147 ], [ 14.22724672, 37.85851257 ], [ 14.22727451, 37.8584937 ], [ 14.22744018, 37.85846515 ], [ 14.2276484, 37.85835699 ], [ 14.2276942, 37.85834471 ], [ 14.22771802, 37.85833833 ], [ 14.22781991, 37.85831417 ], [ 14.22784661, 37.85830913 ], [ 14.22791935, 37.85829541 ], [ 14.22799997, 37.85829765 ], [ 14.22803364, 37.858301 ], [ 14.22821296, 37.85834106 ], [ 14.22823104, 37.8583451 ], [ 14.22826248, 37.8583447 ], [ 14.22838657, 37.8583431 ], [ 14.2284363, 37.85834246 ], [ 14.22847855, 37.85833205 ], [ 14.22864962, 37.8582899 ], [ 14.22868156, 37.85828203 ], [ 14.22872206, 37.85830823 ], [ 14.22879115, 37.85835503 ], [ 14.22879771, 37.85835947 ], [ 14.22906003, 37.85818163 ], [ 14.22915252, 37.8581277 ], [ 14.22922566, 37.85812001 ], [ 14.22925047, 37.85811818 ], [ 14.22927523, 37.85811636 ], [ 14.22954193, 37.85815637 ], [ 14.23020146, 37.85815343 ], [ 14.23020907, 37.85814898 ], [ 14.23022586, 37.85814872 ], [ 14.23041997, 37.85817607 ], [ 14.23049253, 37.85830885 ], [ 14.23056534, 37.85844374 ], [ 14.2305538, 37.85843776 ], [ 14.22999577, 37.85835822 ], [ 14.22921252, 37.85823021 ], [ 14.22880004, 37.85845925 ], [ 14.22864661, 37.85840897 ], [ 14.22834168, 37.85850094 ], [ 14.22805463, 37.85842907 ], [ 14.22803907, 37.85841622 ], [ 14.22797989, 37.85843603 ], [ 14.22780701, 37.85850342 ], [ 14.22762872, 37.85855828 ], [ 14.22744785, 37.85860958 ], [ 14.22733587, 37.8586622 ], [ 14.22720328, 37.85877022 ], [ 14.22710415, 37.85884576 ], [ 14.2267883, 37.85898949 ], [ 14.22652285, 37.85908264 ], [ 14.22647565, 37.85916393 ], [ 14.22634307, 37.85934718 ], [ 14.22605526, 37.85944165 ], [ 14.22586295, 37.8594403 ], [ 14.22573783, 37.85938658 ], [ 14.2254282, 37.85942538 ], [ 14.22520098, 37.85943263 ], [ 14.22481551, 37.8593908 ], [ 14.22470372, 37.8593926 ], [ 14.22452119, 37.85955667 ], [ 14.22428176, 37.85978289 ], [ 14.22426998, 37.86000879 ], [ 14.22427441, 37.8601268 ], [ 14.22419916, 37.86021692 ], [ 14.22391721, 37.86023813 ], [ 14.22373727, 37.86030232 ], [ 14.22363737, 37.86035747 ], [ 14.2234859, 37.86050619 ], [ 14.22332549, 37.86061822 ], [ 14.22317434, 37.86071815 ], [ 14.22305104, 37.86074392 ], [ 14.22290249, 37.86075986 ], [ 14.22271961, 37.86075919 ], [ 14.22257317, 37.86076152 ], [ 14.22231049, 37.86074204 ], [ 14.22215648, 37.86072069 ], [ 14.22200352, 37.860735 ], [ 14.22193991, 37.86076069 ], [ 14.22181832, 37.86090151 ], [ 14.22173091, 37.86099935 ], [ 14.22152339, 37.86110655 ], [ 14.22134987, 37.86117194 ], [ 14.22105088, 37.86107751 ], [ 14.2206999, 37.8610598 ], [ 14.22059224, 37.86104425 ], [ 14.22039439, 37.86126262 ], [ 14.22028134, 37.86138292 ], [ 14.22025561, 37.86140986 ], [ 14.22005397, 37.86155418 ], [ 14.22004277, 37.86156066 ], [ 14.21985693, 37.86166876 ], [ 14.21965941, 37.8618657 ], [ 14.21957765, 37.86195893 ], [ 14.21953315, 37.86200971 ], [ 14.21942559, 37.86215143 ], [ 14.21940332, 37.86217825 ], [ 14.21932692, 37.86227457 ], [ 14.2192356, 37.86239053 ], [ 14.21896571, 37.86262602 ], [ 14.21895643, 37.86263126 ], [ 14.21871859, 37.86276553 ], [ 14.21858674, 37.86278869 ], [ 14.2182791, 37.86281122 ], [ 14.21817976, 37.86275117 ], [ 14.21798689, 37.86265156 ], [ 14.21793283, 37.86264631 ], [ 14.21773864, 37.86262966 ], [ 14.21745036, 37.86259306 ], [ 14.21729441, 37.86254472 ], [ 14.21707184, 37.86249076 ], [ 14.21681863, 37.8624365 ], [ 14.21659591, 37.86240972 ], [ 14.21655309, 37.86240089 ], [ 14.21649343, 37.86238986 ], [ 14.21640405, 37.86238017 ], [ 14.21634082, 37.8623732 ], [ 14.2161805, 37.86234014 ], [ 14.21613672, 37.86233287 ], [ 14.21592335, 37.86237684 ], [ 14.21553266, 37.86246433 ], [ 14.21537806, 37.8625691 ], [ 14.2153639, 37.86262379 ], [ 14.21534797, 37.86273957 ], [ 14.21532361, 37.86284252 ], [ 14.21530618, 37.86291658 ], [ 14.21527588, 37.86298093 ], [ 14.21524266, 37.86305498 ], [ 14.21524409, 37.86310332 ], [ 14.21529306, 37.86328287 ], [ 14.21531865, 37.86336958 ], [ 14.21529935, 37.86343404 ], [ 14.21529395, 37.8635142 ], [ 14.21524977, 37.86355932 ], [ 14.21524564, 37.86367011 ], [ 14.21523255, 37.86389813 ], [ 14.21521503, 37.86406189 ], [ 14.2152093, 37.86416305 ], [ 14.21513898, 37.86428163 ], [ 14.21505763, 37.864417 ], [ 14.21501297, 37.86444966 ], [ 14.21501668, 37.86447505 ], [ 14.21482342, 37.86455701 ], [ 14.21480778, 37.86456434 ], [ 14.21465593, 37.86464181 ], [ 14.21447732, 37.86475801 ], [ 14.21439371, 37.86482537 ], [ 14.21435095, 37.86490689 ], [ 14.21430559, 37.86499208 ], [ 14.21421135, 37.86518843 ], [ 14.21420073, 37.86532394 ], [ 14.21419702, 37.86543567 ], [ 14.2141952, 37.86546962 ], [ 14.21417646, 37.86569917 ], [ 14.21417405, 37.86594511 ], [ 14.21412966, 37.8661251 ], [ 14.21409654, 37.86624445 ], [ 14.21406754, 37.86636372 ], [ 14.21399231, 37.86643682 ], [ 14.2138345, 37.86651363 ], [ 14.21365317, 37.86648213 ], [ 14.21351234, 37.86644994 ], [ 14.21334504, 37.86641302 ], [ 14.21320202, 37.86638776 ], [ 14.21312053, 37.86637522 ], [ 14.2129279, 37.86638057 ], [ 14.21283514, 37.86641531 ], [ 14.21275322, 37.86643758 ], [ 14.21264779, 37.86647446 ], [ 14.21246639, 37.8666125 ], [ 14.21232171, 37.8667209 ], [ 14.21228079, 37.86676187 ], [ 14.21226262, 37.86675426 ], [ 14.2121735, 37.86672041 ], [ 14.21216382, 37.86671611 ] ] ] } },
{ "type": "Feature", "properties": { "gml_id": "CadastralParcel.IT.AGE.PLA.D977_002200.26", "INSPIREID_LOCALID": "IT.AGE.PLA.D977_002200.26", "INSPIREID_NAMESPACE": "IT.AGE.PLA.", "LABEL": "26", "NATIONALCADASTRALREFERENCE": "D977_002200.26", "ADMINISTRATIVEUNIT": "D977" }, "geometry": { "type": "Polygon", "coordinates": [ [ [ 14.19996338, 37.87236346 ], [ 14.1999199, 37.87226192 ], [ 14.19992748, 37.87219589 ], [ 14.19992363, 37.87216419 ], [ 14.19992397, 37.87215913 ], [ 14.19992115, 37.87214378 ], [ 14.19990712, 37.87207334 ], [ 14.19990306, 37.87205297 ], [ 14.19987769, 37.87200454 ], [ 14.19985242, 37.87195576 ], [ 14.19984204, 37.87193347 ], [ 14.19983705, 37.87191111 ], [ 14.19982715, 37.87184097 ], [ 14.19981452, 37.87175144 ], [ 14.19982001, 37.871716 ], [ 14.19983203, 37.87169276 ], [ 14.19986996, 37.87164808 ], [ 14.19993414, 37.87159549 ], [ 14.19993879, 37.87159168 ], [ 14.19997813, 37.87149801 ], [ 14.19998494, 37.87145859 ], [ 14.19999384, 37.87140431 ], [ 14.19999195, 37.87139148 ], [ 14.19998302, 37.87133085 ], [ 14.1999797, 37.87130832 ], [ 14.19993789, 37.87118703 ], [ 14.1999201, 37.87113542 ], [ 14.1999172, 37.87112701 ], [ 14.19990569, 37.87110223 ], [ 14.1998283, 37.87093911 ], [ 14.19981829, 37.87091802 ], [ 14.19981451, 37.87090031 ], [ 14.19982651, 37.87081625 ], [ 14.19982965, 37.8707942 ], [ 14.19984005, 37.87072133 ], [ 14.19983575, 37.87070435 ], [ 14.1997955, 37.87055365 ], [ 14.19978858, 37.87053054 ], [ 14.19985591, 37.87027505 ], [ 14.19994974, 37.8702377 ], [ 14.19995434, 37.8702338 ], [ 14.2000408, 37.87015531 ], [ 14.20004561, 37.87015137 ], [ 14.20009791, 37.87010854 ], [ 14.20017491, 37.87001109 ], [ 14.20020984, 37.86996787 ], [ 14.20014945, 37.86980298 ], [ 14.20014506, 37.86979877 ], [ 14.20007767, 37.86971225 ], [ 14.20008048, 37.86962145 ], [ 14.20008201, 37.86959675 ], [ 14.20009912, 37.86952572 ], [ 14.20018214, 37.86946764 ], [ 14.20019705, 37.8694572 ], [ 14.20024703, 37.86945327 ], [ 14.20025051, 37.86945302 ], [ 14.20041057, 37.86944152 ], [ 14.20052859, 37.86943945 ], [ 14.20056451, 37.86944026 ], [ 14.20056863, 37.86943875 ], [ 14.20062413, 37.8694184 ], [ 14.20067442, 37.86939867 ], [ 14.20072494, 37.86937885 ], [ 14.20076329, 37.86937731 ], [ 14.20086141, 37.86938459 ], [ 14.20087577, 37.86938565 ], [ 14.20088006, 37.86938617 ], [ 14.20103656, 37.86939775 ], [ 14.20107879, 37.8694009 ], [ 14.20110739, 37.86940729 ], [ 14.20112895, 37.86941143 ], [ 14.20123514, 37.8694318 ], [ 14.20129655, 37.86944357 ], [ 14.20130082, 37.86943943 ], [ 14.20131036, 37.86943017 ], [ 14.20131807, 37.86942269 ], [ 14.20134478, 37.86931806 ], [ 14.20135892, 37.86926101 ], [ 14.20137281, 37.86920496 ], [ 14.20140868, 37.86906019 ], [ 14.20141779, 37.86900649 ], [ 14.20142246, 37.86897897 ], [ 14.2014281, 37.86894571 ], [ 14.2014252, 37.8689134 ], [ 14.20140909, 37.86874761 ], [ 14.20140894, 37.86874523 ], [ 14.2014068, 37.86872583 ], [ 14.20140159, 37.86862915 ], [ 14.20135047, 37.86858735 ], [ 14.20134332, 37.86856935 ], [ 14.20132553, 37.86850527 ], [ 14.20129981, 37.8683127 ], [ 14.20119606, 37.86829568 ], [ 14.20100439, 37.86827131 ], [ 14.20099541, 37.86827016 ], [ 14.20095487, 37.86826501 ], [ 14.2009379, 37.86826466 ], [ 14.20085952, 37.86826307 ], [ 14.20077293, 37.8682613 ], [ 14.20064578, 37.86828638 ], [ 14.20053221, 37.86830348 ], [ 14.2003318, 37.86826937 ], [ 14.20031621, 37.86826956 ], [ 14.20030154, 37.86826764 ], [ 14.19997099, 37.86826828 ], [ 14.19994583, 37.86817405 ], [ 14.19993281, 37.86816369 ], [ 14.19989403, 37.86811689 ], [ 14.19988043, 37.86810007 ], [ 14.19987772, 37.86804636 ], [ 14.19986342, 37.86798453 ], [ 14.19975809, 37.86789686 ], [ 14.19976427, 37.86788039 ], [ 14.19977114, 37.86784707 ], [ 14.19978663, 37.86780943 ], [ 14.19979837, 37.86778573 ], [ 14.19977099, 37.86772899 ], [ 14.19976046, 37.86769409 ], [ 14.19972244, 37.86756974 ], [ 14.19971773, 37.8675524 ], [ 14.19972036, 37.86738794 ], [ 14.19971599, 37.86737362 ], [ 14.199682, 37.86726796 ], [ 14.19966719, 37.86722742 ], [ 14.19964672, 37.86706952 ], [ 14.19967739, 37.86699764 ], [ 14.19967654, 37.86699087 ], [ 14.19966297, 37.86688312 ], [ 14.19966473, 37.86687961 ], [ 14.19969826, 37.86680303 ], [ 14.19974957, 37.8667003 ], [ 14.19978166, 37.86664306 ], [ 14.19979242, 37.86661453 ], [ 14.19983156, 37.86650805 ], [ 14.19983643, 37.86649669 ], [ 14.1998585, 37.86644511 ], [ 14.19988383, 37.86639958 ], [ 14.1999119, 37.86635801 ], [ 14.19994002, 37.86632514 ], [ 14.19995729, 37.86630495 ], [ 14.19999944, 37.86626515 ], [ 14.20003129, 37.86624622 ], [ 14.20006516, 37.86622609 ], [ 14.20008296, 37.86621645 ], [ 14.20008756, 37.86621281 ], [ 14.20010635, 37.86619663 ], [ 14.20017024, 37.8661194 ], [ 14.2001796, 37.86604758 ], [ 14.20018245, 37.86604273 ], [ 14.20022099, 37.86597151 ], [ 14.20039, 37.86565916 ], [ 14.20041419, 37.86561445 ], [ 14.20040887, 37.86560935 ], [ 14.20030352, 37.8655084 ], [ 14.20020967, 37.86542713 ], [ 14.20013806, 37.865367 ], [ 14.19987876, 37.8651456 ], [ 14.1998752, 37.86514256 ], [ 14.19985311, 37.86508785 ], [ 14.19985117, 37.86507527 ], [ 14.19985886, 37.86506872 ], [ 14.20032991, 37.86520747 ], [ 14.20076999, 37.86534865 ], [ 14.20078292, 37.8654232 ], [ 14.2008645, 37.86563303 ], [ 14.20110021, 37.86584364 ], [ 14.20130804, 37.86603136 ], [ 14.20148782, 37.8661961 ], [ 14.20175996, 37.86643487 ], [ 14.20202984, 37.86658649 ], [ 14.20241821, 37.86679536 ], [ 14.20252618, 37.86685684 ], [ 14.20265382, 37.86757322 ], [ 14.20189578, 37.8679863 ], [ 14.20199515, 37.8692754 ], [ 14.20206101, 37.86982643 ], [ 14.2020644, 37.86995625 ], [ 14.20238532, 37.87015977 ], [ 14.20317293, 37.8706812 ], [ 14.20317855, 37.87101228 ], [ 14.20317649, 37.8711757 ], [ 14.20319374, 37.87124661 ], [ 14.20322707, 37.87132978 ], [ 14.20333366, 37.87164621 ], [ 14.20370767, 37.87266571 ], [ 14.20372995, 37.87272395 ], [ 14.20373043, 37.87274908 ], [ 14.20386491, 37.87287226 ], [ 14.20443647, 37.87339545 ], [ 14.20445148, 37.87367991 ], [ 14.2038059, 37.87356894 ], [ 14.20341993, 37.87350749 ], [ 14.20287199, 37.87330909 ], [ 14.20260391, 37.87320994 ], [ 14.20244982, 37.87320904 ], [ 14.20234683, 37.87322053 ], [ 14.20168695, 37.87337227 ], [ 14.20115536, 37.87349663 ], [ 14.20115256, 37.87349642 ], [ 14.20113988, 37.87349391 ], [ 14.20113295, 37.87349254 ], [ 14.20113499, 37.87349206 ], [ 14.20108228, 37.87348251 ], [ 14.2009593, 37.87345529 ], [ 14.2008435, 37.87343814 ], [ 14.20084301, 37.87342955 ], [ 14.20084246, 37.87341973 ], [ 14.20082434, 37.8731548 ], [ 14.2008124, 37.87313216 ], [ 14.2006938, 37.87290727 ], [ 14.20050315, 37.872794 ], [ 14.20046029, 37.87276315 ], [ 14.20039954, 37.87271687 ], [ 14.20030486, 37.87264871 ], [ 14.20022091, 37.87260253 ], [ 14.20016399, 37.87257023 ], [ 14.20008305, 37.87251452 ], [ 14.19999731, 37.87242852 ], [ 14.19996338, 37.87236346 ] ] ] } },
{ "type": "Feature", "properties": { "gml_id": "CadastralParcel.IT.AGE.PLA.D977_002200.STRADA005", "INSPIREID_LOCALID": "IT.AGE.PLA.D977_002200.STRADA005", "INSPIREID_NAMESPACE": "IT.AGE.PLA.", "LABEL": "STRADA005", "NATIONALCADASTRALREFERENCE": "D977_002200.STRADA005", "ADMINISTRATIVEUNIT": "D977" }, "geometry": { "type": "Polygon", "coordinates": [ [ [ 14.20814735, 37.87314564 ], [ 14.20826806, 37.87298126 ], [ 14.20840781, 37.8726904 ], [ 14.20853847, 37.87261816 ], [ 14.2086608, 37.87237293 ], [ 14.20882212, 37.87222474 ], [ 14.20888601, 37.87210503 ], [ 14.20898267, 37.87189736 ], [ 14.20909865, 37.87167803 ], [ 14.20919349, 37.87155672 ], [ 14.20925711, 37.87147223 ], [ 14.20930291, 37.87135804 ], [ 14.20933694, 37.87123397 ], [ 14.20948995, 37.87107618 ], [ 14.20960815, 37.87108385 ], [ 14.20968896, 37.87110451 ], [ 14.20972074, 37.87109334 ], [ 14.20974335, 37.87107074 ], [ 14.20977665, 37.87096138 ], [ 14.20972659, 37.87078505 ], [ 14.20972768, 37.87062556 ], [ 14.20985078, 37.87050563 ], [ 14.20990293, 37.87039175 ], [ 14.21004909, 37.87002677 ], [ 14.21017311, 37.86982114 ], [ 14.2103241, 37.86952619 ], [ 14.21048164, 37.86920326 ], [ 14.21051981, 37.86898483 ], [ 14.21081818, 37.8686647 ], [ 14.21103908, 37.86843086 ], [ 14.21118519, 37.86835709 ], [ 14.21127976, 37.86827653 ], [ 14.21140016, 37.86817438 ], [ 14.21150633, 37.86806485 ], [ 14.21154056, 37.86799689 ], [ 14.21160882, 37.86801769 ], [ 14.21167678, 37.86801931 ], [ 14.21174787, 37.86795979 ], [ 14.21200002, 37.86775317 ], [ 14.21204517, 37.86779005 ], [ 14.21203575, 37.86779742 ], [ 14.21210028, 37.86779376 ], [ 14.21214187, 37.8677915 ], [ 14.21214682, 37.8677866 ], [ 14.21215625, 37.86782622 ], [ 14.21214969, 37.86783075 ], [ 14.21199482, 37.86784755 ], [ 14.21197624, 37.86807994 ], [ 14.21196142, 37.86817652 ], [ 14.21177237, 37.86813198 ], [ 14.21165429, 37.86813188 ], [ 14.21156341, 37.86816715 ], [ 14.21152381, 37.86820359 ], [ 14.21149001, 37.86823562 ], [ 14.21136621, 37.8683527 ], [ 14.2111663, 37.8685222 ], [ 14.21096237, 37.86867625 ], [ 14.21090012, 37.86873885 ], [ 14.21076706, 37.86892997 ], [ 14.21064989, 37.86907972 ], [ 14.21057914, 37.86929388 ], [ 14.21049748, 37.86943988 ], [ 14.21038547, 37.86971376 ], [ 14.21031001, 37.86979007 ], [ 14.210209, 37.86996626 ], [ 14.21009904, 37.87015343 ], [ 14.2100238, 37.87033166 ], [ 14.20996564, 37.87045483 ], [ 14.20989899, 37.87057416 ], [ 14.20989274, 37.87068378 ], [ 14.20985621, 37.87077802 ], [ 14.20983717, 37.8709733 ], [ 14.20978111, 37.87107669 ], [ 14.2097457, 37.87114349 ], [ 14.20963764, 37.87113905 ], [ 14.20953931, 37.87111584 ], [ 14.20952774, 37.87114183 ], [ 14.20953, 37.87123339 ], [ 14.20952489, 37.87131772 ], [ 14.20946742, 37.87143689 ], [ 14.20942208, 37.87158572 ], [ 14.20934112, 37.87169506 ], [ 14.20914425, 37.87194862 ], [ 14.20906426, 37.87208737 ], [ 14.20896853, 37.87228507 ], [ 14.20885338, 37.87245382 ], [ 14.20876556, 37.87254374 ], [ 14.20862964, 37.87264935 ], [ 14.20862962, 37.87273043 ], [ 14.20857322, 37.87273501 ], [ 14.2085258, 37.87280172 ], [ 14.20844701, 37.87301605 ], [ 14.20840876, 37.87314972 ], [ 14.20846255, 37.87321413 ], [ 14.20848066, 37.87325668 ], [ 14.20851707, 37.87336122 ], [ 14.20872268, 37.87350777 ], [ 14.20890967, 37.87364457 ], [ 14.20897926, 37.87377005 ], [ 14.20904484, 37.8739152 ], [ 14.20906984, 37.87397328 ], [ 14.20886064, 37.87403274 ], [ 14.20873935, 37.87410555 ], [ 14.20862138, 37.87424872 ], [ 14.208605, 37.87435503 ], [ 14.2085544, 37.87459728 ], [ 14.20852559, 37.87469458 ], [ 14.20859134, 37.87483496 ], [ 14.20857119, 37.87502389 ], [ 14.20857757, 37.87514497 ], [ 14.20873582, 37.87524649 ], [ 14.20885442, 37.87536258 ], [ 14.20892024, 37.87547388 ], [ 14.20899922, 37.87559488 ], [ 14.20911925, 37.87566579 ], [ 14.20944774, 37.87585962 ], [ 14.20954544, 37.87614114 ], [ 14.2095802, 37.87623821 ], [ 14.20985607, 37.87642769 ], [ 14.2099234, 37.87655312 ], [ 14.210109, 37.87686387 ], [ 14.21017142, 37.87697388 ], [ 14.21007736, 37.87718419 ], [ 14.21005975, 37.87720584 ], [ 14.2097413, 37.87719297 ], [ 14.20980784, 37.87683078 ], [ 14.20982519, 37.87658924 ], [ 14.20969163, 37.87645939 ], [ 14.2096088, 37.87637773 ], [ 14.20948366, 37.8763237 ], [ 14.20941251, 37.87615358 ], [ 14.20932205, 37.87599217 ], [ 14.20924459, 37.87591509 ], [ 14.20904114, 37.87575906 ], [ 14.2088952, 37.8756418 ], [ 14.20879537, 37.87549665 ], [ 14.20860737, 37.87534816 ], [ 14.20845842, 37.8752333 ], [ 14.20842953, 37.87512072 ], [ 14.20842288, 37.87503831 ], [ 14.20842163, 37.8748293 ], [ 14.20842593, 37.87469761 ], [ 14.20846436, 37.87453009 ], [ 14.20850659, 37.87428413 ], [ 14.20853395, 37.87416101 ], [ 14.20853576, 37.87401903 ], [ 14.20872665, 37.87387965 ], [ 14.20885888, 37.87377535 ], [ 14.208644, 37.87358825 ], [ 14.20827191, 37.87327687 ], [ 14.20814735, 37.87314564 ] ] ] } },
{ "type": "Feature", "properties": { "gml_id": "CadastralParcel.IT.AGE.PLA.D977_002200.ACQUA005", "INSPIREID_LOCALID": "IT.AGE.PLA.D977_002200.ACQUA005", "INSPIREID_NAMESPACE": "IT.AGE.PLA.", "LABEL": "ACQUA005", "NATIONALCADASTRALREFERENCE": "D977_002200.ACQUA005", "ADMINISTRATIVEUNIT": "D977" }, "geometry": { "type": "Polygon", "coordinates": [ [ [ 14.20133968, 37.87353658 ], [ 14.20132667, 37.87354408 ], [ 14.20131109, 37.87355866 ], [ 14.20113988, 37.87349391 ], [ 14.20115256, 37.87349642 ], [ 14.20115536, 37.87349663 ], [ 14.20168695, 37.87337227 ], [ 14.20234683, 37.87322053 ], [ 14.20244982, 37.87320904 ], [ 14.20260391, 37.87320994 ], [ 14.20287199, 37.87330909 ], [ 14.20341993, 37.87350749 ], [ 14.20356211, 37.87390357 ], [ 14.20370951, 37.87431659 ], [ 14.20376671, 37.87450325 ], [ 14.20380304, 37.87455558 ], [ 14.20393057, 37.87472684 ], [ 14.20400383, 37.87481246 ], [ 14.20427665, 37.87499805 ], [ 14.20444528, 37.87512177 ], [ 14.2045514, 37.87516928 ], [ 14.20459948, 37.87517728 ], [ 14.2047922, 37.87520128 ], [ 14.204986, 37.87512258 ], [ 14.20504484, 37.87490364 ], [ 14.20507427, 37.87479162 ], [ 14.2050734, 37.87465421 ], [ 14.20504776, 37.87440486 ], [ 14.20511234, 37.87422132 ], [ 14.20514245, 37.8741414 ], [ 14.20513513, 37.87403111 ], [ 14.20515825, 37.87384571 ], [ 14.20516518, 37.873798 ], [ 14.20534046, 37.87345528 ], [ 14.20544381, 37.87319709 ], [ 14.20553075, 37.87293066 ], [ 14.20558236, 37.87272575 ], [ 14.2056648, 37.87257376 ], [ 14.20574463, 37.87240285 ], [ 14.2059877, 37.87230905 ], [ 14.20615274, 37.87215947 ], [ 14.20633826, 37.87207263 ], [ 14.20649705, 37.87199459 ], [ 14.20655932, 37.87201696 ], [ 14.20670221, 37.87200242 ], [ 14.20680362, 37.87194457 ], [ 14.20690003, 37.87180473 ], [ 14.20690043, 37.87174652 ], [ 14.20698196, 37.87159354 ], [ 14.20700804, 37.87152933 ], [ 14.20702377, 37.87136098 ], [ 14.20702901, 37.87117056 ], [ 14.20703942, 37.87104219 ], [ 14.2070394, 37.8710112 ], [ 14.20717042, 37.87085156 ], [ 14.20730661, 37.87066918 ], [ 14.20737843, 37.87062447 ], [ 14.20758078, 37.87056606 ], [ 14.20776361, 37.87054507 ], [ 14.20782315, 37.87054573 ], [ 14.20787752, 37.87054634 ], [ 14.20801505, 37.87057577 ], [ 14.20813644, 37.87057217 ], [ 14.20825271, 37.87057717 ], [ 14.20826197, 37.87059102 ], [ 14.2083439, 37.87061363 ], [ 14.20844512, 37.87064201 ], [ 14.20860995, 37.87066067 ], [ 14.20870322, 37.87067198 ], [ 14.20886395, 37.87071663 ], [ 14.20899482, 37.87066684 ], [ 14.20897211, 37.87049918 ], [ 14.20894636, 37.87038481 ], [ 14.20886308, 37.87021802 ], [ 14.20886043, 37.8701402 ], [ 14.20887049, 37.86994747 ], [ 14.20882025, 37.86985844 ], [ 14.20876003, 37.86974392 ], [ 14.20886274, 37.86946285 ], [ 14.20893022, 37.86935211 ], [ 14.20902757, 37.86913918 ], [ 14.20917107, 37.86899793 ], [ 14.20928474, 37.86885723 ], [ 14.20937932, 37.86877107 ], [ 14.21026331, 37.86812159 ], [ 14.21054568, 37.86790353 ], [ 14.21100589, 37.86758391 ], [ 14.21134496, 37.86734959 ], [ 14.21159155, 37.86715094 ], [ 14.21186211, 37.86695984 ], [ 14.21196915, 37.86687276 ], [ 14.21204732, 37.86682512 ], [ 14.21217279, 37.86675405 ], [ 14.21226483, 37.86680113 ], [ 14.21224038, 37.8669669 ], [ 14.21218128, 37.86700008 ], [ 14.21216168, 37.86701144 ], [ 14.21190465, 37.86717447 ], [ 14.21165555, 37.86734587 ], [ 14.21152799, 37.86742489 ], [ 14.21135399, 37.86753056 ], [ 14.21088868, 37.86785623 ], [ 14.21069905, 37.86800159 ], [ 14.21026214, 37.86832931 ], [ 14.20964858, 37.86877391 ], [ 14.20939067, 37.8689616 ], [ 14.20919751, 37.86916104 ], [ 14.20908626, 37.86933697 ], [ 14.20902297, 37.86960725 ], [ 14.20910543, 37.86988973 ], [ 14.20926134, 37.87039029 ], [ 14.20926713, 37.87045041 ], [ 14.20927642, 37.870526 ], [ 14.20925701, 37.87066781 ], [ 14.20908572, 37.87080279 ], [ 14.20896656, 37.87087409 ], [ 14.20890797, 37.8708725 ], [ 14.20870322, 37.87085248 ], [ 14.20836082, 37.87082023 ], [ 14.20811089, 37.87078174 ], [ 14.20799476, 37.87078542 ], [ 14.2077711, 37.87094918 ], [ 14.20765927, 37.8710277 ], [ 14.20747723, 37.87124179 ], [ 14.20731997, 37.87145761 ], [ 14.20723062, 37.87162226 ], [ 14.20712701, 37.87190928 ], [ 14.20703223, 37.87205312 ], [ 14.20700485, 37.87208167 ], [ 14.20677691, 37.872219 ], [ 14.206569, 37.87236311 ], [ 14.20634235, 37.87246617 ], [ 14.20611998, 37.87255208 ], [ 14.20609192, 37.87256239 ], [ 14.20588473, 37.87277789 ], [ 14.20582608, 37.87285708 ], [ 14.20571762, 37.87311345 ], [ 14.20551874, 37.87340639 ], [ 14.20546074, 37.87349061 ], [ 14.20541907, 37.87377609 ], [ 14.2053925, 37.87393086 ], [ 14.20532732, 37.87412946 ], [ 14.20527417, 37.87425733 ], [ 14.20529386, 37.87435778 ], [ 14.20536524, 37.87475526 ], [ 14.20540605, 37.87488781 ], [ 14.20553692, 37.87480011 ], [ 14.20561457, 37.87477407 ], [ 14.20567645, 37.87476552 ], [ 14.20583405, 37.87474652 ], [ 14.20592996, 37.87474112 ], [ 14.20605388, 37.87477288 ], [ 14.20612751, 37.8748058 ], [ 14.20618888, 37.87489688 ], [ 14.20625595, 37.87498301 ], [ 14.20633018, 37.87508356 ], [ 14.20646107, 37.87521216 ], [ 14.20662331, 37.87535472 ], [ 14.20717977, 37.8753227 ], [ 14.20726336, 37.87539864 ], [ 14.20745523, 37.87554495 ], [ 14.20755249, 37.87565475 ], [ 14.20761336, 37.87579005 ], [ 14.20770386, 37.87605659 ], [ 14.20771398, 37.87616394 ], [ 14.20761932, 37.87652371 ], [ 14.20747698, 37.87692884 ], [ 14.20745635, 37.8769979 ], [ 14.2077234, 37.87701678 ], [ 14.20796759, 37.87698365 ], [ 14.2080857, 37.87701771 ], [ 14.20813595, 37.87704236 ], [ 14.20834111, 37.87719497 ], [ 14.20830484, 37.87721049 ], [ 14.20810447, 37.87709566 ], [ 14.20793582, 37.87703192 ], [ 14.20781001, 37.87704069 ], [ 14.20760904, 37.87704279 ], [ 14.2074752, 37.87704127 ], [ 14.20740597, 37.87696945 ], [ 14.20741569, 37.87690041 ], [ 14.20755747, 37.87649118 ], [ 14.20763588, 37.8762395 ], [ 14.20766252, 37.87611645 ], [ 14.20759348, 37.87592759 ], [ 14.20748627, 37.87571531 ], [ 14.20737535, 37.87557163 ], [ 14.20717885, 37.87542002 ], [ 14.20682204, 37.87540898 ], [ 14.20655029, 37.87537621 ], [ 14.20648238, 37.87536798 ], [ 14.20624081, 37.87510472 ], [ 14.20609951, 37.87491804 ], [ 14.20591886, 37.87485355 ], [ 14.20567063, 37.87485838 ], [ 14.20542692, 37.87494608 ], [ 14.20496501, 37.87521429 ], [ 14.20474825, 37.87530186 ], [ 14.20459581, 37.87528236 ], [ 14.20434863, 37.87520598 ], [ 14.20393817, 37.87495954 ], [ 14.20368451, 37.8746934 ], [ 14.20359701, 37.87446036 ], [ 14.2034692, 37.87398249 ], [ 14.20332591, 37.87362859 ], [ 14.20308842, 37.87350627 ], [ 14.20270076, 37.87336961 ], [ 14.20240412, 37.87334233 ], [ 14.20161259, 37.87345404 ], [ 14.20133968, 37.87353658 ] ] ] } },
{ "type": "Feature", "properties": { "gml_id": "CadastralParcel.IT.AGE.PLA.D977_002200.STRADA003", "INSPIREID_LOCALID": "IT.AGE.PLA.D977_002200.STRADA003", "INSPIREID_NAMESPACE": "IT.AGE.PLA.", "LABEL": "STRADA003", "NATIONALCADASTRALREFERENCE": "D977_002200.STRADA003", "ADMINISTRATIVEUNIT": "D977" }, "geometry": { "type": "Polygon", "coordinates": [ [ [ 14.20814735, 37.87314564 ], [ 14.20826806, 37.87298126 ], [ 14.20840781, 37.8726904 ], [ 14.20853847, 37.87261816 ], [ 14.2086608, 37.87237293 ], [ 14.20882212, 37.87222474 ], [ 14.20888601, 37.87210503 ], [ 14.20898267, 37.87189736 ], [ 14.20909865, 37.87167803 ], [ 14.20919349, 37.87155672 ], [ 14.20925711, 37.87147223 ], [ 14.20930291, 37.87135804 ], [ 14.20933694, 37.87123397 ], [ 14.20948995, 37.87107618 ], [ 14.20960815, 37.87108385 ], [ 14.20968896, 37.87110451 ], [ 14.20972074, 37.87109334 ], [ 14.20974335, 37.87107074 ], [ 14.20977665, 37.87096138 ], [ 14.20972659, 37.87078505 ], [ 14.20972768, 37.87062556 ], [ 14.20985078, 37.87050563 ], [ 14.20990293, 37.87039175 ], [ 14.21004909, 37.87002677 ], [ 14.21017311, 37.86982114 ], [ 14.2103241, 37.86952619 ], [ 14.21048164, 37.86920326 ], [ 14.21051981, 37.86898483 ], [ 14.21081818, 37.8686647 ], [ 14.21103908, 37.86843086 ], [ 14.21118519, 37.86835709 ], [ 14.21127976, 37.86827653 ], [ 14.21140016, 37.86817438 ], [ 14.21150633, 37.86806485 ], [ 14.21154056, 37.86799689 ], [ 14.21160882, 37.86801769 ], [ 14.21167678, 37.86801931 ], [ 14.21174787, 37.86795979 ], [ 14.21200002, 37.86775317 ], [ 14.21204517, 37.86779005 ], [ 14.21203575, 37.86779742 ], [ 14.21210028, 37.86779376 ], [ 14.21214187, 37.8677915 ], [ 14.21214682, 37.8677866 ], [ 14.21215625, 37.86782622 ], [ 14.21214969, 37.86783075 ], [ 14.21199482, 37.86784755 ], [ 14.21197624, 37.86807994 ], [ 14.21196142, 37.86817652 ], [ 14.21177237, 37.86813198 ], [ 14.21165429, 37.86813188 ], [ 14.21156341, 37.86816715 ], [ 14.21152381, 37.86820359 ], [ 14.21149001, 37.86823562 ], [ 14.21136621, 37.8683527 ], [ 14.2111663, 37.8685222 ], [ 14.21096237, 37.86867625 ], [ 14.21090012, 37.86873885 ], [ 14.21076706, 37.86892997 ], [ 14.21064989, 37.86907972 ], [ 14.21057914, 37.86929388 ], [ 14.21049748, 37.86943988 ], [ 14.21038547, 37.86971376 ], [ 14.21031001, 37.86979007 ], [ 14.210209, 37.86996626 ], [ 14.21009904, 37.87015343 ], [ 14.2100238, 37.87033166 ], [ 14.20996564, 37.87045483 ], [ 14.20989899, 37.87057416 ], [ 14.20989274, 37.87068378 ], [ 14.20985621, 37.87077802 ], [ 14.20983717, 37.8709733 ], [ 14.20978111, 37.87107669 ], [ 14.2097457, 37.87114349 ], [ 14.20963764, 37.87113905 ], [ 14.20953931, 37.87111584 ], [ 14.20952774, 37.87114183 ], [ 14.20953, 37.87123339 ], [ 14.20952489, 37.87131772 ], [ 14.20946742, 37.87143689 ], [ 14.20942208, 37.87158572 ], [ 14.20934112, 37.87169506 ], [ 14.20914425, 37.87194862 ], [ 14.20906426, 37.87208737 ], [ 14.20896853, 37.87228507 ], [ 14.20885338, 37.87245382 ], [ 14.20876556, 37.87254374 ], [ 14.20862964, 37.87264935 ], [ 14.20862962, 37.87273043 ], [ 14.20857322, 37.87273501 ], [ 14.2085258, 37.87280172 ], [ 14.20844701, 37.87301605 ], [ 14.20840876, 37.87314972 ], [ 14.20846255, 37.87321413 ], [ 14.20848066, 37.87325668 ], [ 14.20851707, 37.87336122 ], [ 14.20872268, 37.87350777 ], [ 14.20890967, 37.87364457 ], [ 14.20897926, 37.87377005 ], [ 14.20904484, 37.8739152 ], [ 14.20906984, 37.87397328 ], [ 14.20886064, 37.87403274 ], [ 14.20873935, 37.87410555 ], [ 14.20862138, 37.87424872 ], [ 14.208605, 37.87435503 ], [ 14.2085544, 37.87459728 ], [ 14.20852559, 37.87469458 ], [ 14.20859134, 37.87483496 ], [ 14.20857119, 37.87502389 ], [ 14.20857757, 37.87514497 ], [ 14.20873582, 37.87524649 ], [ 14.20885442, 37.87536258 ], [ 14.20892024, 37.87547388 ], [ 14.20899922, 37.87559488 ], [ 14.20911925, 37.87566579 ], [ 14.20944774, 37.87585962 ], [ 14.20954544, 37.87614114 ], [ 14.2095802, 37.87623821 ], [ 14.20985607, 37.87642769 ], [ 14.2099234, 37.87655312 ], [ 14.210109, 37.87686387 ], [ 14.21017142, 37.87697388 ], [ 14.21007736, 37.87718419 ], [ 14.21005975, 37.87720584 ], [ 14.2097413, 37.87719297 ], [ 14.20980784, 37.87683078 ], [ 14.20982519, 37.87658924 ], [ 14.20969163, 37.87645939 ], [ 14.2096088, 37.87637773 ], [ 14.20948366, 37.8763237 ], [ 14.20941251, 37.87615358 ], [ 14.20932205, 37.87599217 ], [ 14.20924459, 37.87591509 ], [ 14.20904114, 37.87575906 ], [ 14.2088952, 37.8756418 ], [ 14.20879537, 37.87549665 ], [ 14.20860737, 37.87534816 ], [ 14.20845842, 37.8752333 ], [ 14.20842953, 37.87512072 ], [ 14.20842288, 37.87503831 ], [ 14.20842163, 37.8748293 ], [ 14.20842593, 37.87469761 ], [ 14.20846436, 37.87453009 ], [ 14.20850659, 37.87428413 ], [ 14.20853395, 37.87416101 ], [ 14.20853576, 37.87401903 ], [ 14.20872665, 37.87387965 ], [ 14.20885888, 37.87377535 ], [ 14.208644, 37.87358825 ], [ 14.20827191, 37.87327687 ], [ 14.20814735, 37.87314564 ] ] ] } },
{ "type": "Feature", "properties": { "gml_id": "CadastralParcel.IT.AGE.PLA.I028_005800.STRADA001", "INSPIREID_LOCALID": "IT.AGE.PLA.I028_005800.STRADA001", "INSPIREID_NAMESPACE": "IT.AGE.PLA.", "LABEL": "STRADA001", "NATIONALCADASTRALREFERENCE": "I028_005800.STRADA001", "ADMINISTRATIVEUNIT": "I028" }, "geometry": { "type": "Polygon", "coordinates": [ [ [ 14.20836091, 37.87731573 ], [ 14.20842208, 37.87747068 ], [ 14.20842536, 37.877479 ], [ 14.20842379, 37.87749206 ], [ 14.20825926, 37.87757588 ], [ 14.20825758, 37.87757595 ], [ 14.2082534, 37.87738304 ], [ 14.20818331, 37.87726303 ], [ 14.20811207, 37.87718179 ], [ 14.20791708, 37.87711046 ], [ 14.20778068, 37.87709164 ], [ 14.20768371, 37.87711015 ], [ 14.20743355, 37.87705871 ], [ 14.20734534, 37.8769776 ], [ 14.20738546, 37.87680508 ], [ 14.20746997, 37.87640974 ], [ 14.20749247, 37.87636775 ], [ 14.20755947, 37.87608326 ], [ 14.20743105, 37.87574005 ], [ 14.20726563, 37.87557469 ], [ 14.20701926, 37.87550343 ], [ 14.20686107, 37.87545571 ], [ 14.20657783, 37.87555731 ], [ 14.20638611, 37.87557448 ], [ 14.20624267, 37.87538737 ], [ 14.20622621, 37.875307 ], [ 14.20606563, 37.87507387 ], [ 14.20591639, 37.87499349 ], [ 14.20578128, 37.87496854 ], [ 14.2055714, 37.87502959 ], [ 14.20547594, 37.87513835 ], [ 14.20535016, 37.87526855 ], [ 14.2052196, 37.87531746 ], [ 14.20501968, 37.87539468 ], [ 14.20467982, 37.87544441 ], [ 14.20438735, 37.87546126 ], [ 14.20359928, 37.87518938 ], [ 14.20359472, 37.87515687 ], [ 14.203543, 37.87507015 ], [ 14.20346279, 37.87492847 ], [ 14.20343137, 37.87486632 ], [ 14.20337142, 37.87472676 ], [ 14.20332287, 37.87459987 ], [ 14.20329651, 37.87448368 ], [ 14.20327647, 37.87437646 ], [ 14.20317446, 37.87390303 ], [ 14.20311354, 37.87365645 ], [ 14.20285629, 37.87359459 ], [ 14.2025969, 37.87352901 ], [ 14.20255896, 37.87352772 ], [ 14.20231159, 37.87352258 ], [ 14.20226201, 37.87351872 ], [ 14.20209622, 37.87355405 ], [ 14.20201306, 37.8735602 ], [ 14.20164742, 37.87359533 ], [ 14.20130365, 37.87369309 ], [ 14.20115706, 37.87373446 ], [ 14.20110976, 37.87376721 ], [ 14.20087881, 37.87393204 ], [ 14.20053465, 37.87418892 ], [ 14.20017652, 37.87432595 ], [ 14.19986719, 37.87439466 ], [ 14.19911387, 37.87445498 ], [ 14.19886011, 37.8744024 ], [ 14.1986251, 37.87436821 ], [ 14.19860386, 37.87436953 ], [ 14.19835452, 37.87445603 ], [ 14.19826751, 37.87449215 ], [ 14.19800947, 37.8746223 ], [ 14.19793053, 37.8746472 ], [ 14.19774417, 37.87469551 ], [ 14.19769882, 37.87472056 ], [ 14.19755141, 37.87479581 ], [ 14.19746716, 37.87483548 ], [ 14.19742322, 37.874886 ], [ 14.1973452, 37.8749571 ], [ 14.19727361, 37.87503089 ], [ 14.19715272, 37.875199 ], [ 14.19714422, 37.87527201 ], [ 14.19711285, 37.87527662 ], [ 14.19702532, 37.87532728 ], [ 14.19686296, 37.87547071 ], [ 14.19677094, 37.87560933 ], [ 14.19673716, 37.87573748 ], [ 14.1966897, 37.87589395 ], [ 14.19667251, 37.87601029 ], [ 14.19667849, 37.87609034 ], [ 14.19670601, 37.87649994 ], [ 14.19659289, 37.87678622 ], [ 14.19646838, 37.87705449 ], [ 14.19569003, 37.87721288 ], [ 14.19564674, 37.87715068 ], [ 14.19549067, 37.87696588 ], [ 14.19545094, 37.87690914 ], [ 14.19551009, 37.8766997 ], [ 14.19537338, 37.8766165 ], [ 14.19524407, 37.87653138 ], [ 14.19508663, 37.87647653 ], [ 14.19500224, 37.87645235 ], [ 14.19478175, 37.87642479 ], [ 14.19471534, 37.87643019 ], [ 14.19460845, 37.8764396 ], [ 14.19445183, 37.87646521 ], [ 14.19394345, 37.87657399 ], [ 14.19382758, 37.87685774 ], [ 14.19380393, 37.87707554 ], [ 14.19380465, 37.87739548 ], [ 14.19374999, 37.87755538 ], [ 14.19373706, 37.87759146 ], [ 14.19376323, 37.87774046 ], [ 14.19374584, 37.87792419 ], [ 14.19375743, 37.87808743 ], [ 14.19371072, 37.87831922 ], [ 14.19361489, 37.87856642 ], [ 14.19348208, 37.87874351 ], [ 14.19338, 37.87882507 ], [ 14.19308651, 37.87905323 ], [ 14.19308527, 37.87905091 ], [ 14.1930832, 37.87905158 ], [ 14.19301062, 37.87892756 ], [ 14.19334564, 37.87865894 ], [ 14.19352855, 37.87846935 ], [ 14.19355991, 37.87795694 ], [ 14.19360467, 37.87731358 ], [ 14.19367197, 37.87686009 ], [ 14.19381305, 37.87660507 ], [ 14.19392239, 37.87645198 ], [ 14.19447325, 37.87630089 ], [ 14.19468368, 37.87632555 ], [ 14.19497217, 37.87636095 ], [ 14.19533869, 37.87647244 ], [ 14.19561778, 37.87662286 ], [ 14.19580294, 37.87671607 ], [ 14.19612688, 37.87674005 ], [ 14.19638837, 37.87663273 ], [ 14.19652621, 37.87633608 ], [ 14.19647779, 37.87601462 ], [ 14.19654033, 37.87549564 ], [ 14.19686078, 37.87502616 ], [ 14.19706225, 37.87481491 ], [ 14.19730942, 37.87464987 ], [ 14.19789942, 37.8744003 ], [ 14.1983254, 37.87425813 ], [ 14.19859644, 37.87424982 ], [ 14.19908244, 37.87433412 ], [ 14.19937763, 37.87431035 ], [ 14.19975342, 37.87430422 ], [ 14.20016739, 37.87415966 ], [ 14.20054902, 37.87389783 ], [ 14.20118368, 37.87360398 ], [ 14.20223086, 37.87337015 ], [ 14.20260172, 37.87335872 ], [ 14.20309121, 37.87351845 ], [ 14.20328372, 37.87360565 ], [ 14.20343708, 37.87417737 ], [ 14.20357237, 37.87455946 ], [ 14.20380955, 37.8749847 ], [ 14.20397016, 37.87510182 ], [ 14.20430003, 37.87523382 ], [ 14.204497, 37.87530353 ], [ 14.20473479, 37.87530754 ], [ 14.20495351, 37.87527874 ], [ 14.20534022, 37.87505675 ], [ 14.20555244, 37.87490552 ], [ 14.20566814, 37.87487346 ], [ 14.20587831, 37.87485912 ], [ 14.20604665, 37.87489011 ], [ 14.20617313, 37.8750319 ], [ 14.20628265, 37.87523247 ], [ 14.20647022, 37.87546645 ], [ 14.20658842, 37.87544429 ], [ 14.2068659, 37.87538178 ], [ 14.20712131, 37.8754257 ], [ 14.20730818, 37.87552046 ], [ 14.20747607, 37.87569548 ], [ 14.20755149, 37.87582667 ], [ 14.20763775, 37.87610599 ], [ 14.20756551, 37.87647444 ], [ 14.20739847, 37.87698734 ], [ 14.20744338, 37.87702989 ], [ 14.20770283, 37.87706238 ], [ 14.20787343, 37.87704777 ], [ 14.20803161, 37.87706228 ], [ 14.20823694, 37.87720355 ], [ 14.20833553, 37.87718776 ], [ 14.20836376, 37.87720047 ], [ 14.20838115, 37.8772033 ], [ 14.20835032, 37.87727635 ], [ 14.20834795, 37.87728223 ], [ 14.20836091, 37.87731573 ] ] ] } },
{ "type": "Feature", "properties": { "gml_id": "CadastralParcel.IT.AGE.PLA.I028_005800.STRADA002", "INSPIREID_LOCALID": "IT.AGE.PLA.I028_005800.STRADA002", "INSPIREID_NAMESPACE": "IT.AGE.PLA.", "LABEL": "STRADA002", "NATIONALCADASTRALREFERENCE": "I028_005800.STRADA002", "ADMINISTRATIVEUNIT": "I028" }, "geometry": { "type": "Polygon", "coordinates": [ [ [ 14.19334216, 37.88040746 ], [ 14.19347294, 37.88060464 ], [ 14.19354283, 37.88065035 ], [ 14.19361319, 37.88070383 ], [ 14.19364517, 37.88076278 ], [ 14.19388276, 37.88066006 ], [ 14.19393174, 37.88061377 ], [ 14.19397268, 37.88058421 ], [ 14.19398867, 37.88055974 ], [ 14.19413419, 37.88048911 ], [ 14.19433269, 37.88039241 ], [ 14.19438051, 37.88037179 ], [ 14.19459365, 37.88032312 ], [ 14.19480186, 37.88015786 ], [ 14.1949373, 37.88008123 ], [ 14.19493143, 37.88006986 ], [ 14.19521948, 37.8799454 ], [ 14.19532339, 37.87991872 ], [ 14.19547294, 37.87986817 ], [ 14.19594576, 37.87974577 ], [ 14.19625274, 37.87966579 ], [ 14.1962875, 37.87965899 ], [ 14.19640192, 37.87965894 ], [ 14.19642512, 37.87965364 ], [ 14.19660574, 37.87963494 ], [ 14.19681773, 37.87958101 ], [ 14.19695393, 37.87956468 ], [ 14.19699037, 37.87956059 ], [ 14.19714722, 37.87944751 ], [ 14.19721198, 37.87939868 ], [ 14.19729018, 37.87934739 ], [ 14.19739917, 37.87928996 ], [ 14.19755606, 37.87913236 ], [ 14.19764074, 37.87906522 ], [ 14.19773512, 37.87901248 ], [ 14.19784286, 37.87896384 ], [ 14.19796807, 37.87886213 ], [ 14.19799836, 37.87883768 ], [ 14.1981167, 37.87877288 ], [ 14.19819746, 37.8787489 ], [ 14.19825902, 37.8787211 ], [ 14.19830433, 37.87867105 ], [ 14.19849667, 37.87861008 ], [ 14.19856088, 37.87856288 ], [ 14.19869383, 37.8784807 ], [ 14.19887538, 37.87838273 ], [ 14.19893121, 37.87835817 ], [ 14.19900547, 37.87826983 ], [ 14.19913644, 37.87821532 ], [ 14.1993381, 37.87809095 ], [ 14.19937255, 37.87811896 ], [ 14.19930777, 37.87815674 ], [ 14.19924748, 37.87822648 ], [ 14.19923768, 37.87824224 ], [ 14.19922438, 37.8783056 ], [ 14.19937775, 37.87839714 ], [ 14.19952258, 37.8784162 ], [ 14.199712, 37.87844344 ], [ 14.19991382, 37.87841344 ], [ 14.20012377, 37.87840045 ], [ 14.20021968, 37.87839147 ], [ 14.20042268, 37.87837198 ], [ 14.20047741, 37.87837581 ], [ 14.20060505, 37.87839679 ], [ 14.20062641, 37.87837981 ], [ 14.2007038, 37.87836518 ], [ 14.20074534, 37.87834055 ], [ 14.20079025, 37.87830048 ], [ 14.20081542, 37.87828563 ], [ 14.2009583, 37.87821487 ], [ 14.20105207, 37.87815749 ], [ 14.20109292, 37.87813364 ], [ 14.20115914, 37.87811249 ], [ 14.20129045, 37.87807111 ], [ 14.20136756, 37.87804602 ], [ 14.20145919, 37.8780504 ], [ 14.20166168, 37.87807279 ], [ 14.20172423, 37.87804798 ], [ 14.20177535, 37.87799615 ], [ 14.2018588, 37.87796147 ], [ 14.20195032, 37.87790404 ], [ 14.20198504, 37.87785306 ], [ 14.20206541, 37.87774021 ], [ 14.20214642, 37.87759708 ], [ 14.202187, 37.87760073 ], [ 14.20223567, 37.8776051 ], [ 14.20236617, 37.87763318 ], [ 14.20244568, 37.87765657 ], [ 14.20248418, 37.8776673 ], [ 14.20248747, 37.87766863 ], [ 14.20251888, 37.87770437 ], [ 14.20253089, 37.87773963 ], [ 14.20259287, 37.87775605 ], [ 14.20261502, 37.87777143 ], [ 14.20266055, 37.87781434 ], [ 14.20272067, 37.87786683 ], [ 14.20279604, 37.87790077 ], [ 14.20292026, 37.87790704 ], [ 14.20325241, 37.87792441 ], [ 14.20330196, 37.87792109 ], [ 14.2034301, 37.87790646 ], [ 14.2035335, 37.87790791 ], [ 14.20360679, 37.8778844 ], [ 14.20384782, 37.8776976 ], [ 14.20390024, 37.87767785 ], [ 14.20423369, 37.87752534 ], [ 14.20443346, 37.87744453 ], [ 14.20449588, 37.87741653 ], [ 14.20460118, 37.87737108 ], [ 14.20491684, 37.87742688 ], [ 14.20511592, 37.87746566 ], [ 14.2053647, 37.87751258 ], [ 14.20547041, 37.87756174 ], [ 14.20557004, 37.87760356 ], [ 14.20563694, 37.87763555 ], [ 14.20568221, 37.87765541 ], [ 14.20581234, 37.87774993 ], [ 14.20591052, 37.87781809 ], [ 14.20595848, 37.87783498 ], [ 14.20604994, 37.87787581 ], [ 14.20611332, 37.87789804 ], [ 14.20624369, 37.87804517 ], [ 14.20624893, 37.8780572 ], [ 14.20625134, 37.87814362 ], [ 14.20626091, 37.87820783 ], [ 14.20626096, 37.87820815 ], [ 14.20625491, 37.87820996 ], [ 14.20619672, 37.87823061 ], [ 14.20620788, 37.87812868 ], [ 14.20619025, 37.87808974 ], [ 14.20614155, 37.87803733 ], [ 14.20603455, 37.87794076 ], [ 14.20588946, 37.8778874 ], [ 14.20579322, 37.8777795 ], [ 14.20573258, 37.87774553 ], [ 14.20554218, 37.87763667 ], [ 14.20534607, 37.87759121 ], [ 14.20498946, 37.87750261 ], [ 14.20486614, 37.87747547 ], [ 14.2047526, 37.87746009 ], [ 14.20468666, 37.87744076 ], [ 14.20460435, 37.8774662 ], [ 14.20453618, 37.87752419 ], [ 14.20450519, 37.87754897 ], [ 14.2044797, 37.87761206 ], [ 14.20457428, 37.87765296 ], [ 14.20459774, 37.87768227 ], [ 14.20465025, 37.87772681 ], [ 14.20466038, 37.87775143 ], [ 14.20465546, 37.87776429 ], [ 14.20470165, 37.87782207 ], [ 14.2047615, 37.87787983 ], [ 14.20473735, 37.87789267 ], [ 14.20469715, 37.87790986 ], [ 14.20467301, 37.87792269 ], [ 14.20465413, 37.87794392 ], [ 14.20464318, 37.8779735 ], [ 14.20464819, 37.87801141 ], [ 14.2046586, 37.87804294 ], [ 14.2046821, 37.87807716 ], [ 14.20468983, 37.87809423 ], [ 14.20463242, 37.87813649 ], [ 14.20463599, 37.87818543 ], [ 14.20469951, 37.87820746 ], [ 14.20480786, 37.87832794 ], [ 14.20479804, 37.87838581 ], [ 14.20477143, 37.87841481 ], [ 14.20474548, 37.87843399 ], [ 14.2047479, 37.87855847 ], [ 14.20474925, 37.87870354 ], [ 14.2047153, 37.87879933 ], [ 14.20469471, 37.87886651 ], [ 14.20466924, 37.87920167 ], [ 14.20465669, 37.87930318 ], [ 14.20462662, 37.87962152 ], [ 14.20460861, 37.87983483 ], [ 14.20462603, 37.87983254 ], [ 14.20462357, 37.87998816 ], [ 14.20447716, 37.88014122 ], [ 14.20429127, 37.88034128 ], [ 14.20425502, 37.88037589 ], [ 14.20417839, 37.88040302 ], [ 14.20413315, 37.88039929 ], [ 14.2039854, 37.88052267 ], [ 14.20399825, 37.88054181 ], [ 14.20393136, 37.88055878 ], [ 14.20387286, 37.88069013 ], [ 14.20382806, 37.88084062 ], [ 14.2037451, 37.88093112 ], [ 14.20362715, 37.88103379 ], [ 14.2035341, 37.88113209 ], [ 14.20341909, 37.88127718 ], [ 14.20334336, 37.881479 ], [ 14.20330605, 37.88155486 ], [ 14.20320128, 37.881763 ], [ 14.20305646, 37.88199652 ], [ 14.20293482, 37.88199147 ], [ 14.20274819, 37.88206798 ], [ 14.2027422, 37.88206303 ], [ 14.20270646, 37.88202836 ], [ 14.20273674, 37.88202599 ], [ 14.20289713, 37.88191553 ], [ 14.20300216, 37.88184578 ], [ 14.20301449, 37.88181848 ], [ 14.20305686, 37.88171131 ], [ 14.20317933, 37.88157946 ], [ 14.20329662, 37.88145593 ], [ 14.20330054, 37.88141811 ], [ 14.20331629, 37.881278 ], [ 14.20344691, 37.8811271 ], [ 14.20359773, 37.88096242 ], [ 14.20373607, 37.88088779 ], [ 14.20380163, 37.88078809 ], [ 14.20382652, 37.88069266 ], [ 14.20386047, 37.88057016 ], [ 14.20398204, 37.88047867 ], [ 14.20412691, 37.88037186 ], [ 14.20416593, 37.88037311 ], [ 14.20418747, 37.88036786 ], [ 14.20423467, 37.88031512 ], [ 14.20430029, 37.88024382 ], [ 14.20437312, 37.88016479 ], [ 14.20441085, 37.88008068 ], [ 14.20448255, 37.88004159 ], [ 14.20450727, 37.88002292 ], [ 14.20457534, 37.87996335 ], [ 14.20457578, 37.87992375 ], [ 14.20456929, 37.8798215 ], [ 14.20457882, 37.87967212 ], [ 14.20459661, 37.87950323 ], [ 14.2046048, 37.87938966 ], [ 14.20462194, 37.87924175 ], [ 14.20462809, 37.87916862 ], [ 14.20463769, 37.87903253 ], [ 14.2046418, 37.87897879 ], [ 14.20465385, 37.87886874 ], [ 14.20467015, 37.87877418 ], [ 14.20469639, 37.87866608 ], [ 14.20470194, 37.8785794 ], [ 14.20469409, 37.87848852 ], [ 14.20468697, 37.8783934 ], [ 14.20467426, 37.87828092 ], [ 14.20464294, 37.87822677 ], [ 14.2045321, 37.87819316 ], [ 14.20452913, 37.87815256 ], [ 14.20463403, 37.87809392 ], [ 14.20455813, 37.87805193 ], [ 14.20450038, 37.87803103 ], [ 14.20449185, 37.87800187 ], [ 14.20457958, 37.87792996 ], [ 14.20458689, 37.87789289 ], [ 14.20457962, 37.87783013 ], [ 14.20457263, 37.87775429 ], [ 14.20455279, 37.87767838 ], [ 14.20453936, 37.87767061 ], [ 14.20446264, 37.87764826 ], [ 14.20426006, 37.87772121 ], [ 14.20392243, 37.87785955 ], [ 14.20385332, 37.87788679 ], [ 14.20374622, 37.87791925 ], [ 14.20358672, 37.87796534 ], [ 14.20345622, 37.87798662 ], [ 14.20333194, 37.8780001 ], [ 14.20325001, 37.87800112 ], [ 14.20300313, 37.87798264 ], [ 14.20290548, 37.87797703 ], [ 14.20284915, 37.87797336 ], [ 14.20274174, 37.87793921 ], [ 14.20269259, 37.87790829 ], [ 14.20258413, 37.87783298 ], [ 14.20254213, 37.8778176 ], [ 14.20243921, 37.87777631 ], [ 14.20240291, 37.8777634 ], [ 14.20236866, 37.87777031 ], [ 14.20228572, 37.87772885 ], [ 14.20219472, 37.87771501 ], [ 14.20208183, 37.87778869 ], [ 14.20202503, 37.87787091 ], [ 14.20199114, 37.87791251 ], [ 14.20200524, 37.87795989 ], [ 14.201964, 37.87799405 ], [ 14.20194252, 37.87800879 ], [ 14.20192895, 37.87802742 ], [ 14.20182885, 37.87807504 ], [ 14.20174887, 37.87811683 ], [ 14.20170506, 37.87811876 ], [ 14.20161474, 37.87812439 ], [ 14.20152196, 37.87812792 ], [ 14.20140463, 37.87813583 ], [ 14.20132511, 37.87816226 ], [ 14.20114152, 37.87823223 ], [ 14.20098735, 37.8783059 ], [ 14.20094631, 37.87834444 ], [ 14.20084309, 37.87838899 ], [ 14.2007447, 37.87845232 ], [ 14.20061132, 37.87848012 ], [ 14.20054147, 37.87849467 ], [ 14.2004744, 37.87847159 ], [ 14.20043407, 37.87846482 ], [ 14.20030676, 37.87846982 ], [ 14.20023242, 37.87848122 ], [ 14.20005052, 37.87848165 ], [ 14.19995541, 37.8784985 ], [ 14.19981083, 37.8785334 ], [ 14.19962954, 37.87853927 ], [ 14.19929499, 37.87843577 ], [ 14.19920386, 37.87839666 ], [ 14.19915199, 37.87837334 ], [ 14.1991043, 37.87836395 ], [ 14.19906247, 37.87835756 ], [ 14.19900278, 37.8783735 ], [ 14.19893673, 37.87844464 ], [ 14.19889144, 37.87849727 ], [ 14.19881452, 37.87853622 ], [ 14.19859083, 37.87864296 ], [ 14.19852247, 37.87867216 ], [ 14.19836981, 37.87876677 ], [ 14.19832103, 37.8787883 ], [ 14.19825028, 37.87882158 ], [ 14.19818482, 37.87887116 ], [ 14.19807981, 37.87895031 ], [ 14.19801991, 37.87901575 ], [ 14.19780768, 37.87910876 ], [ 14.19753531, 37.87922672 ], [ 14.19746675, 37.87933083 ], [ 14.19730842, 37.87945666 ], [ 14.1972007, 37.87954207 ], [ 14.19699049, 37.87962593 ], [ 14.19683886, 37.87965275 ], [ 14.19674606, 37.87963739 ], [ 14.19669505, 37.8796712 ], [ 14.19668055, 37.87973796 ], [ 14.19669588, 37.87985636 ], [ 14.19673395, 37.88017479 ], [ 14.19674758, 37.88020919 ], [ 14.19674727, 37.88027704 ], [ 14.19670504, 37.88030322 ], [ 14.19667478, 37.88033815 ], [ 14.19662424, 37.88039656 ], [ 14.19653078, 37.8805174 ], [ 14.19641825, 37.88059289 ], [ 14.19635886, 37.88060699 ], [ 14.19625631, 37.88063356 ], [ 14.19622511, 37.88066866 ], [ 14.19620463, 37.88068477 ], [ 14.19616507, 37.88071029 ], [ 14.19613, 37.88074637 ], [ 14.19606398, 37.88082034 ], [ 14.19593111, 37.88091949 ], [ 14.19584924, 37.88098488 ], [ 14.19577472, 37.88101258 ], [ 14.19562801, 37.88105128 ], [ 14.19549299, 37.88111492 ], [ 14.19543011, 37.88114418 ], [ 14.19528582, 37.88129911 ], [ 14.1952295, 37.8813973 ], [ 14.19518868, 37.88146665 ], [ 14.19514187, 37.88157128 ], [ 14.19516021, 37.88165112 ], [ 14.19518147, 37.88174146 ], [ 14.19520468, 37.88181488 ], [ 14.19519697, 37.88201438 ], [ 14.19522726, 37.88203965 ], [ 14.19522631, 37.8821362 ], [ 14.19522626, 37.88214172 ], [ 14.19517452, 37.8821565 ], [ 14.19517651, 37.88215416 ], [ 14.19519024, 37.88207103 ], [ 14.19515902, 37.88204412 ], [ 14.19514668, 37.88197224 ], [ 14.19515913, 37.88189086 ], [ 14.19514209, 37.88181953 ], [ 14.19513352, 37.88177678 ], [ 14.19510522, 37.88158546 ], [ 14.1951098, 37.88154598 ], [ 14.19513008, 37.88147504 ], [ 14.19521087, 37.88129848 ], [ 14.19532249, 37.8811688 ], [ 14.19537293, 37.88111301 ], [ 14.19545591, 37.8810804 ], [ 14.19561814, 37.88101812 ], [ 14.19572568, 37.8809961 ], [ 14.19578765, 37.88097818 ], [ 14.19586863, 37.88092723 ], [ 14.19598565, 37.88083716 ], [ 14.19602811, 37.88080397 ], [ 14.19607478, 37.88076737 ], [ 14.1961662, 37.88068452 ], [ 14.19619921, 37.88065881 ], [ 14.19620597, 37.8806469 ], [ 14.19621248, 37.8806374 ], [ 14.19622524, 37.88062082 ], [ 14.19623775, 37.88060664 ], [ 14.1962818, 37.88059219 ], [ 14.1963157, 37.88058505 ], [ 14.19633304, 37.88057041 ], [ 14.19645256, 37.88054403 ], [ 14.19646459, 37.88053898 ], [ 14.19664424, 37.88032487 ], [ 14.19668469, 37.88020061 ], [ 14.19669638, 37.88016242 ], [ 14.19669624, 37.88014576 ], [ 14.19666979, 37.8800157 ], [ 14.19666088, 37.87995884 ], [ 14.19663859, 37.87986517 ], [ 14.19661837, 37.87975924 ], [ 14.19651319, 37.87977112 ], [ 14.19634319, 37.87984054 ], [ 14.19610439, 37.87987024 ], [ 14.19588272, 37.87989969 ], [ 14.19568666, 37.87992695 ], [ 14.19555349, 37.87994664 ], [ 14.19554396, 37.87993446 ], [ 14.19549537, 37.8799502 ], [ 14.19529947, 37.8800284 ], [ 14.19519651, 37.88004227 ], [ 14.19508737, 37.88005379 ], [ 14.19505044, 37.88008315 ], [ 14.19487117, 37.88021515 ], [ 14.19484901, 37.88023875 ], [ 14.19474236, 37.88030233 ], [ 14.19467347, 37.88033627 ], [ 14.19459363, 37.88038113 ], [ 14.1943409, 37.8804894 ], [ 14.19424279, 37.88053259 ], [ 14.19410039, 37.88060346 ], [ 14.19398328, 37.88067457 ], [ 14.19371108, 37.88082745 ], [ 14.19362158, 37.88083576 ], [ 14.19349448, 37.88086524 ], [ 14.1931166, 37.8809768 ], [ 14.1929724, 37.88102732 ], [ 14.1929003, 37.88108391 ], [ 14.19283381, 37.88118011 ], [ 14.1927332, 37.88151356 ], [ 14.19270682, 37.88166303 ], [ 14.19269519, 37.88171016 ], [ 14.19269411, 37.88171452 ], [ 14.19266035, 37.88168889 ], [ 14.19257032, 37.88163394 ], [ 14.19257587, 37.88162527 ], [ 14.19262491, 37.88155248 ], [ 14.19266689, 37.88135702 ], [ 14.1926692, 37.88134617 ], [ 14.19267979, 37.88130137 ], [ 14.19272305, 37.8811107 ], [ 14.19280673, 37.88096616 ], [ 14.19292885, 37.88089352 ], [ 14.19299496, 37.88085589 ], [ 14.19320155, 37.88083452 ], [ 14.19347714, 37.88080849 ], [ 14.1934883, 37.88080587 ], [ 14.19351717, 37.88080302 ], [ 14.193638, 37.88076054 ], [ 14.19359946, 37.88069966 ], [ 14.19352281, 37.88064795 ], [ 14.19346863, 37.88060722 ], [ 14.19334216, 37.88040746 ] ] ] } },
{ "type": "Feature", "properties": { "gml_id": "CadastralParcel.IT.AGE.PLA.D977_002200.1", "INSPIREID_LOCALID": "IT.AGE.PLA.D977_002200.1", "INSPIREID_NAMESPACE": "IT.AGE.PLA.", "LABEL": "1", "NATIONALCADASTRALREFERENCE": "D977_002200.1", "ADMINISTRATIVEUNIT": "D977" }, "geometry": { "type": "Polygon", "coordinates": [ [ [ 14.20356211, 37.87390357 ], [ 14.20341993, 37.87350749 ], [ 14.2038059, 37.87356894 ], [ 14.20445148, 37.87367991 ], [ 14.20445862, 37.87368115 ], [ 14.20450578, 37.87399546 ], [ 14.20454989, 37.87432802 ], [ 14.20457877, 37.87476614 ], [ 14.20459948, 37.87517728 ], [ 14.2045514, 37.87516928 ], [ 14.20444528, 37.87512177 ], [ 14.20427665, 37.87499805 ], [ 14.20400383, 37.87481246 ], [ 14.20393057, 37.87472684 ], [ 14.20380304, 37.87455558 ], [ 14.20376671, 37.87450325 ], [ 14.20370951, 37.87431659 ], [ 14.20356211, 37.87390357 ] ] ] } },
{ "type": "Feature", "properties": { "gml_id": "CadastralParcel.IT.AGE.PLA.I028_005800.100", "INSPIREID_LOCALID": "IT.AGE.PLA.I028_005800.100", "INSPIREID_NAMESPACE": "IT.AGE.PLA.", "LABEL": "100", "NATIONALCADASTRALREFERENCE": "I028_005800.100", "ADMINISTRATIVEUNIT": "I028" }, "geometry": { "type": "Polygon", "coordinates": [ [ [ 14.20517205, 37.87979433 ], [ 14.205168, 37.87996217 ], [ 14.205165, 37.8800334 ], [ 14.20516451, 37.88004511 ], [ 14.20516085, 37.8801915 ], [ 14.20516178, 37.88029026 ], [ 14.20510282, 37.88027621 ], [ 14.20508951, 37.88022284 ], [ 14.20498623, 37.88014374 ], [ 14.20492648, 37.88011129 ], [ 14.20487183, 37.88007518 ], [ 14.20479107, 37.87997915 ], [ 14.20473341, 37.87981158 ], [ 14.20462603, 37.87983254 ], [ 14.20460861, 37.87983483 ], [ 14.20462662, 37.87962152 ], [ 14.20465669, 37.87930318 ], [ 14.20466924, 37.87920167 ], [ 14.20532315, 37.87900472 ], [ 14.20526467, 37.87870122 ], [ 14.20548214, 37.87914506 ], [ 14.20547449, 37.87915141 ], [ 14.20547289, 37.87915335 ], [ 14.20535086, 37.87932798 ], [ 14.20529695, 37.87946298 ], [ 14.20517205, 37.87979433 ] ] ] } },
{ "type": "Feature", "properties": { "gml_id": "CadastralParcel.IT.AGE.PLA.I028_005800.101", "INSPIREID_LOCALID": "IT.AGE.PLA.I028_005800.101", "INSPIREID_NAMESPACE": "IT.AGE.PLA.", "LABEL": "101", "NATIONALCADASTRALREFERENCE": "I028_005800.101", "ADMINISTRATIVEUNIT": "I028" }, "geometry": { "type": "Polygon", "coordinates": [ [ [ 14.2047479, 37.87855847 ], [ 14.20477903, 37.87854482 ], [ 14.2049446, 37.87849894 ], [ 14.20494992, 37.87858322 ], [ 14.20502359, 37.8786048 ], [ 14.20501126, 37.87875489 ], [ 14.20474925, 37.87870354 ], [ 14.2047479, 37.87855847 ] ] ] } },
{ "type": "Feature", "properties": { "gml_id": "CadastralParcel.IT.AGE.PLA.I028_005800.102", "INSPIREID_LOCALID": "IT.AGE.PLA.I028_005800.102", "INSPIREID_NAMESPACE": "IT.AGE.PLA.", "LABEL": "102", "NATIONALCADASTRALREFERENCE": "I028_005800.102", "ADMINISTRATIVEUNIT": "I028" }, "geometry": { "type": "Polygon", "coordinates": [ [ [ 14.20548214, 37.87914506 ], [ 14.20526467, 37.87870122 ], [ 14.20613238, 37.87863019 ], [ 14.20613532, 37.87862995 ], [ 14.20612482, 37.87866548 ], [ 14.20608647, 37.8788444 ], [ 14.20606348, 37.8789228 ], [ 14.20599805, 37.87900219 ], [ 14.20573914, 37.87905365 ], [ 14.2055835, 37.87910853 ], [ 14.20548214, 37.87914506 ] ] ] } },
{ "type": "Feature", "properties": { "gml_id": "CadastralParcel.IT.AGE.PLA.I028_005800.104", "INSPIREID_LOCALID": "IT.AGE.PLA.I028_005800.104", "INSPIREID_NAMESPACE": "IT.AGE.PLA.", "LABEL": "104", "NATIONALCADASTRALREFERENCE": "I028_005800.104", "ADMINISTRATIVEUNIT": "I028" }, "geometry": { "type": "Polygon", "coordinates": [ [ [ 14.20539711, 37.87839922 ], [ 14.20537697, 37.87832171 ], [ 14.20532462, 37.87818905 ], [ 14.2053146, 37.87816588 ], [ 14.20529126, 37.87813599 ], [ 14.20526809, 37.87809764 ], [ 14.20522174, 37.87802092 ], [ 14.20512643, 37.8779773 ], [ 14.20502581, 37.87792723 ], [ 14.2048484, 37.87783798 ], [ 14.20472802, 37.87778273 ], [ 14.20466038, 37.87775143 ], [ 14.20465025, 37.87772681 ], [ 14.20459774, 37.87768227 ], [ 14.20457428, 37.87765296 ], [ 14.20468696, 37.87758934 ], [ 14.20511871, 37.87777998 ], [ 14.20526147, 37.8778465 ], [ 14.20536363, 37.87788079 ], [ 14.20547293, 37.87791888 ], [ 14.20556241, 37.87794878 ], [ 14.20559625, 37.87801321 ], [ 14.20563471, 37.87807375 ], [ 14.20569488, 37.8781829 ], [ 14.20576306, 37.87833782 ], [ 14.20571992, 37.87834005 ], [ 14.20555961, 37.87834316 ], [ 14.20539711, 37.87839922 ] ] ] } },
{ "type": "Feature", "properties": { "gml_id": "CadastralParcel.IT.AGE.PLA.I028_005800.105", "INSPIREID_LOCALID": "IT.AGE.PLA.I028_005800.105", "INSPIREID_NAMESPACE": "IT.AGE.PLA.", "LABEL": "105", "NATIONALCADASTRALREFERENCE": "I028_005800.105", "ADMINISTRATIVEUNIT": "I028" }, "geometry": { "type": "Polygon", "coordinates": [ [ [ 14.20576306, 37.87833782 ], [ 14.20569488, 37.8781829 ], [ 14.20563471, 37.87807375 ], [ 14.20559625, 37.87801321 ], [ 14.20556241, 37.87794878 ], [ 14.20547293, 37.87791888 ], [ 14.20536363, 37.87788079 ], [ 14.20526147, 37.8778465 ], [ 14.20511871, 37.87777998 ], [ 14.20468696, 37.87758934 ], [ 14.20470319, 37.87757957 ], [ 14.20493148, 37.87764166 ], [ 14.20524338, 37.87770479 ], [ 14.20549461, 37.87778954 ], [ 14.20566597, 37.87789807 ], [ 14.20575941, 37.87795489 ], [ 14.20587501, 37.87801112 ], [ 14.2059444, 37.87805598 ], [ 14.20603049, 37.87817854 ], [ 14.20602288, 37.87823056 ], [ 14.20608813, 37.87830508 ], [ 14.20576306, 37.87833782 ] ] ] } },
{ "type": "Feature", "properties": { "gml_id": "CadastralParcel.IT.AGE.PLA.I028_005800.123", "INSPIREID_LOCALID": "IT.AGE.PLA.I028_005800.123", "INSPIREID_NAMESPACE": "IT.AGE.PLA.", "LABEL": "123", "NATIONALCADASTRALREFERENCE": "I028_005800.123", "ADMINISTRATIVEUNIT": "I028" }, "geometry": { "type": "Polygon", "coordinates": [ [ [ 14.20286887, 37.87687156 ], [ 14.20270659, 37.87676921 ], [ 14.20231547, 37.87652915 ], [ 14.20237465, 37.87650455 ], [ 14.20238259, 37.87639877 ], [ 14.20230041, 37.8762793 ], [ 14.20233219, 37.87626646 ], [ 14.20248147, 37.87618066 ], [ 14.20259757, 37.87617244 ], [ 14.20264133, 37.87615786 ], [ 14.20274007, 37.87612544 ], [ 14.20283287, 37.87643939 ], [ 14.20297492, 37.87693412 ], [ 14.20286887, 37.87687156 ] ] ] } },
{ "type": "Feature", "properties": { "gml_id": "CadastralParcel.IT.AGE.PLA.I028_005800.124", "INSPIREID_LOCALID": "IT.AGE.PLA.I028_005800.124", "INSPIREID_NAMESPACE": "IT.AGE.PLA.", "LABEL": "124", "NATIONALCADASTRALREFERENCE": "I028_005800.124", "ADMINISTRATIVEUNIT": "I028" }, "geometry": { "type": "Polygon", "coordinates": [ [ [ 14.20297492, 37.87693412 ], [ 14.20283287, 37.87643939 ], [ 14.20285392, 37.87643837 ], [ 14.20341997, 37.87634311 ], [ 14.20365675, 37.87658719 ], [ 14.20379554, 37.87672506 ], [ 14.20361959, 37.87678783 ], [ 14.20355754, 37.87680881 ], [ 14.20340084, 37.87684734 ], [ 14.20332772, 37.87686531 ], [ 14.20298596, 37.87694072 ], [ 14.20298182, 37.87693824 ], [ 14.20297492, 37.87693412 ] ] ] } },
{ "type": "Feature", "properties": { "gml_id": "CadastralParcel.IT.AGE.PLA.I028_005800.125", "INSPIREID_LOCALID": "IT.AGE.PLA.I028_005800.125", "INSPIREID_NAMESPACE": "IT.AGE.PLA.", "LABEL": "125", "NATIONALCADASTRALREFERENCE": "I028_005800.125", "ADMINISTRATIVEUNIT": "I028" }, "geometry": { "type": "Polygon", "coordinates": [ [ [ 14.20283287, 37.87643939 ], [ 14.20274007, 37.87612544 ], [ 14.20285016, 37.87608689 ], [ 14.20294496, 37.87607114 ], [ 14.20312946, 37.87604402 ], [ 14.20341997, 37.87634311 ], [ 14.20285392, 37.87643837 ], [ 14.20283287, 37.87643939 ] ] ] } },
{ "type": "Feature", "properties": { "gml_id": "CadastralParcel.IT.AGE.PLA.I028_005900.130", "INSPIREID_LOCALID": "IT.AGE.PLA.I028_005900.130", "INSPIREID_NAMESPACE": "IT.AGE.PLA.", "LABEL": "130", "NATIONALCADASTRALREFERENCE": "I028_005900.130", "ADMINISTRATIVEUNIT": "I028" }, "geometry": { "type": "Polygon", "coordinates": [ [ [ 14.20683444, 37.87866546 ], [ 14.20771885, 37.87862599 ], [ 14.20767938, 37.87873039 ], [ 14.20752724, 37.87885986 ], [ 14.20746592, 37.87903825 ], [ 14.20740627, 37.87900986 ], [ 14.20700557, 37.878963 ], [ 14.20684075, 37.87884101 ], [ 14.206866, 37.87870821 ], [ 14.20683444, 37.87866546 ] ] ] } },
{ "type": "Feature", "properties": { "gml_id": "CadastralParcel.IT.AGE.PLA.I028_005900.131", "INSPIREID_LOCALID": "IT.AGE.PLA.I028_005900.131", "INSPIREID_NAMESPACE": "IT.AGE.PLA.", "LABEL": "131", "NATIONALCADASTRALREFERENCE": "I028_005900.131", "ADMINISTRATIVEUNIT": "I028" }, "geometry": { "type": "Polygon", "coordinates": [ [ [ 14.20643255, 37.87868135 ], [ 14.20683444, 37.87866546 ], [ 14.206866, 37.87870821 ], [ 14.20684075, 37.87884101 ], [ 14.20700557, 37.878963 ], [ 14.20740627, 37.87900986 ], [ 14.20746592, 37.87903825 ], [ 14.20752724, 37.87885986 ], [ 14.20767938, 37.87873039 ], [ 14.20771885, 37.87862599 ], [ 14.20800528, 37.87859967 ], [ 14.20807639, 37.87871523 ], [ 14.20793174, 37.87876325 ], [ 14.20796012, 37.87888476 ], [ 14.20788083, 37.8789209 ], [ 14.20771674, 37.87932638 ], [ 14.20744194, 37.87927273 ], [ 14.20683531, 37.87909801 ], [ 14.2067331, 37.87914289 ], [ 14.20652818, 37.87898083 ], [ 14.20651816, 37.87884222 ], [ 14.20643255, 37.87868135 ] ] ] } },
{ "type": "Feature", "properties": { "gml_id": "CadastralParcel.IT.AGE.PLA.I028_005800.131", "INSPIREID_LOCALID": "IT.AGE.PLA.I028_005800.131", "INSPIREID_NAMESPACE": "IT.AGE.PLA.", "LABEL": "131", "NATIONALCADASTRALREFERENCE": "I028_005800.131", "ADMINISTRATIVEUNIT": "I028" }, "geometry": { "type": "Polygon", "coordinates": [ [ [ 14.20517785, 37.87733405 ], [ 14.20536562, 37.87697655 ], [ 14.20540217, 37.87697998 ], [ 14.20544104, 37.87693795 ], [ 14.20549128, 37.87691943 ], [ 14.20555124, 37.8769051 ], [ 14.20559621, 37.87687352 ], [ 14.20562148, 37.87686775 ], [ 14.20564813, 37.87686309 ], [ 14.20578421, 37.87688106 ], [ 14.20583879, 37.87694761 ], [ 14.20583163, 37.87701239 ], [ 14.20587774, 37.87708414 ], [ 14.20584805, 37.87719485 ], [ 14.20552483, 37.87742826 ], [ 14.20535807, 37.87736936 ], [ 14.20517785, 37.87733405 ] ] ] } },
{ "type": "Feature", "properties": { "gml_id": "CadastralParcel.IT.AGE.PLA.I028_005800.138", "INSPIREID_LOCALID": "IT.AGE.PLA.I028_005800.138", "INSPIREID_NAMESPACE": "IT.AGE.PLA.", "LABEL": "138", "NATIONALCADASTRALREFERENCE": "I028_005800.138", "ADMINISTRATIVEUNIT": "I028" }, "geometry": { "type": "Polygon", "coordinates": [ [ [ 14.20517587, 37.87733363 ], [ 14.20519271, 37.87730061 ], [ 14.20523872, 37.87721045 ], [ 14.20535659, 37.87697945 ], [ 14.20527873, 37.87696388 ], [ 14.20525568, 37.87696019 ], [ 14.20524322, 37.87696284 ], [ 14.20516919, 37.87697855 ], [ 14.20506244, 37.87695445 ], [ 14.20506331, 37.87695177 ], [ 14.20496945, 37.87693384 ], [ 14.20492593, 37.87689719 ], [ 14.20486624, 37.87688393 ], [ 14.20482261, 37.87687446 ], [ 14.20477447, 37.87684499 ], [ 14.20467122, 37.87678681 ], [ 14.20460859, 37.87674159 ], [ 14.20460216, 37.87673512 ], [ 14.20460061, 37.87673075 ], [ 14.20458193, 37.87666422 ], [ 14.20455685, 37.87660612 ], [ 14.20453394, 37.87658466 ], [ 14.20444068, 37.87652066 ], [ 14.20450238, 37.87622905 ], [ 14.20488503, 37.87654045 ], [ 14.20533687, 37.8762446 ], [ 14.20553503, 37.87640101 ], [ 14.20543742, 37.87649701 ], [ 14.2053619, 37.87661009 ], [ 14.20531142, 37.8767393 ], [ 14.20532257, 37.8768444 ], [ 14.2054252, 37.87687818 ], [ 14.20549128, 37.87691943 ], [ 14.20544104, 37.87693795 ], [ 14.20540217, 37.87697998 ], [ 14.20536562, 37.87697655 ], [ 14.20517785, 37.87733405 ], [ 14.20517587, 37.87733363 ] ] ] } },
{ "type": "Feature", "properties": { "gml_id": "CadastralParcel.IT.AGE.PLA.I028_005800.139", "INSPIREID_LOCALID": "IT.AGE.PLA.I028_005800.139", "INSPIREID_NAMESPACE": "IT.AGE.PLA.", "LABEL": "139", "NATIONALCADASTRALREFERENCE": "I028_005800.139", "ADMINISTRATIVEUNIT": "I028" }, "geometry": { "type": "Polygon", "coordinates": [ [ [ 14.20450238, 37.87622905 ], [ 14.2045072, 37.87621402 ], [ 14.20454613, 37.87620725 ], [ 14.20486859, 37.87608791 ], [ 14.20506176, 37.87601898 ], [ 14.20533687, 37.8762446 ], [ 14.20488503, 37.87654045 ], [ 14.20450238, 37.87622905 ] ] ] } },
{ "type": "Feature", "properties": { "gml_id": "CadastralParcel.IT.AGE.PLA.I028_005800.141", "INSPIREID_LOCALID": "IT.AGE.PLA.I028_005800.141", "INSPIREID_NAMESPACE": "IT.AGE.PLA.", "LABEL": "141", "NATIONALCADASTRALREFERENCE": "I028_005800.141", "ADMINISTRATIVEUNIT": "I028" }, "geometry": { "type": "Polygon", "coordinates": [ [ [ 14.2045072, 37.87621402 ], [ 14.20462731, 37.87566326 ], [ 14.20506176, 37.87601898 ], [ 14.20486859, 37.87608791 ], [ 14.20454613, 37.87620725 ], [ 14.2045072, 37.87621402 ] ] ] } },
{ "type": "Feature", "properties": { "gml_id": "CadastralParcel.IT.AGE.PLA.I028_005800.142", "INSPIREID_LOCALID": "IT.AGE.PLA.I028_005800.142", "INSPIREID_NAMESPACE": "IT.AGE.PLA.", "LABEL": "142", "NATIONALCADASTRALREFERENCE": "I028_005800.142", "ADMINISTRATIVEUNIT": "I028" }, "geometry": { "type": "Polygon", "coordinates": [ [ [ 14.20462731, 37.87566326 ], [ 14.20467982, 37.87544441 ], [ 14.20501968, 37.87539468 ], [ 14.2052196, 37.87531746 ], [ 14.20535016, 37.87526855 ], [ 14.20556139, 37.87559103 ], [ 14.20541208, 37.87568621 ], [ 14.20522235, 37.87584542 ], [ 14.20506176, 37.87601898 ], [ 14.20462731, 37.87566326 ] ] ] } },
{ "type": "Feature", "properties": { "gml_id": "CadastralParcel.IT.AGE.PLA.I028_005800.158", "INSPIREID_LOCALID": "IT.AGE.PLA.I028_005800.158", "INSPIREID_NAMESPACE": "IT.AGE.PLA.", "LABEL": "158", "NATIONALCADASTRALREFERENCE": "I028_005800.158", "ADMINISTRATIVEUNIT": "I028" }, "geometry": { "type": "Polygon", "coordinates": [ [ [ 14.20450238, 37.87622905 ], [ 14.20399563, 37.87587777 ], [ 14.20398422, 37.87587421 ], [ 14.20386325, 37.87579357 ], [ 14.20384727, 37.87574713 ], [ 14.20366047, 37.87535589 ], [ 14.20359928, 37.87518938 ], [ 14.20438735, 37.87546126 ], [ 14.20467982, 37.87544441 ], [ 14.20462731, 37.87566326 ], [ 14.2045072, 37.87621402 ], [ 14.20450238, 37.87622905 ] ] ] } },
{ "type": "Feature", "properties": { "gml_id": "CadastralParcel.IT.AGE.PLA.I028_005800.170", "INSPIREID_LOCALID": "IT.AGE.PLA.I028_005800.170", "INSPIREID_NAMESPACE": "IT.AGE.PLA.", "LABEL": "170", "NATIONALCADASTRALREFERENCE": "I028_005800.170", "ADMINISTRATIVEUNIT": "I028" }, "geometry": { "type": "Polygon", "coordinates": [ [ [ 14.20345535, 37.87971708 ], [ 14.20339396, 37.87955515 ], [ 14.20334203, 37.87942511 ], [ 14.20331538, 37.879376 ], [ 14.20324765, 37.87922053 ], [ 14.20318681, 37.87916754 ], [ 14.2040075, 37.87884578 ], [ 14.20470194, 37.8785794 ], [ 14.20469639, 37.87866608 ], [ 14.20467015, 37.87877418 ], [ 14.20465385, 37.87886874 ], [ 14.2046418, 37.87897879 ], [ 14.20463769, 37.87903253 ], [ 14.20462809, 37.87916862 ], [ 14.20462194, 37.87924175 ], [ 14.2046048, 37.87938966 ], [ 14.20459661, 37.87950323 ], [ 14.20457882, 37.87967212 ], [ 14.20456929, 37.8798215 ], [ 14.20389217, 37.87975717 ], [ 14.20345535, 37.87971708 ] ] ] } },
{ "type": "Feature", "properties": { "gml_id": "CadastralParcel.IT.AGE.PLA.I028_005800.175", "INSPIREID_LOCALID": "IT.AGE.PLA.I028_005800.175", "INSPIREID_NAMESPACE": "IT.AGE.PLA.", "LABEL": "175", "NATIONALCADASTRALREFERENCE": "I028_005800.175", "ADMINISTRATIVEUNIT": "I028" }, "geometry": { "type": "MultiPolygon", "coordinates": [ [ [ [ 14.20191125, 37.87627749 ], [ 14.20180436, 37.87599341 ], [ 14.20173975, 37.87580859 ], [ 14.20169527, 37.87568164 ], [ 14.20164603, 37.87554384 ], [ 14.20159968, 37.87531464 ], [ 14.20169004, 37.875212 ], [ 14.20173279, 37.87515372 ], [ 14.20200478, 37.87517219 ], [ 14.20212038, 37.87490924 ], [ 14.20246983, 37.87486071 ], [ 14.20254181, 37.87478033 ], [ 14.20258909, 37.8747391 ], [ 14.20269896, 37.87516027 ], [ 14.20275759, 37.87537021 ], [ 14.20284853, 37.87572083 ], [ 14.20294496, 37.87607114 ], [ 14.20285016, 37.87608689 ], [ 14.20274007, 37.87612544 ], [ 14.20264133, 37.87615786 ], [ 14.20259757, 37.87617244 ], [ 14.20248147, 37.87618066 ], [ 14.20233219, 37.87626646 ], [ 14.20230041, 37.8762793 ], [ 14.20222339, 37.87624396 ], [ 14.20214977, 37.87628177 ], [ 14.20191125, 37.87627749 ] ], [ [ 14.20253238, 37.87554647 ], [ 14.2025311, 37.87559212 ], [ 14.20252913, 37.87562851 ], [ 14.20258745, 37.87563287 ], [ 14.2025867, 37.87559538 ], [ 14.20258738, 37.8755495 ], [ 14.20253238, 37.87554647 ] ] ] ] } },
{ "type": "Feature", "properties": { "gml_id": "CadastralParcel.IT.AGE.PLA.I028_005800.186", "INSPIREID_LOCALID": "IT.AGE.PLA.I028_005800.186", "INSPIREID_NAMESPACE": "IT.AGE.PLA.", "LABEL": "186", "NATIONALCADASTRALREFERENCE": "I028_005800.186", "ADMINISTRATIVEUNIT": "I028" }, "geometry": { "type": "Polygon", "coordinates": [ [ [ 14.20236866, 37.87777031 ], [ 14.20240291, 37.8777634 ], [ 14.20243921, 37.87777631 ], [ 14.20254213, 37.8778176 ], [ 14.20258413, 37.87783298 ], [ 14.20269259, 37.87790829 ], [ 14.20274174, 37.87793921 ], [ 14.20284915, 37.87797336 ], [ 14.20290548, 37.87797703 ], [ 14.20300313, 37.87798264 ], [ 14.20325001, 37.87800112 ], [ 14.20333194, 37.8780001 ], [ 14.20345622, 37.87798662 ], [ 14.20358672, 37.87796534 ], [ 14.20374622, 37.87791925 ], [ 14.20385332, 37.87788679 ], [ 14.20392243, 37.87785955 ], [ 14.20426006, 37.87772121 ], [ 14.20446264, 37.87764826 ], [ 14.20453936, 37.87767061 ], [ 14.20445923, 37.87773438 ], [ 14.20412767, 37.87787673 ], [ 14.2036627, 37.87808698 ], [ 14.20359668, 37.87809791 ], [ 14.2032704, 37.87813395 ], [ 14.20294873, 37.87810968 ], [ 14.20276486, 37.87809942 ], [ 14.20258443, 37.87803021 ], [ 14.20235749, 37.87786902 ], [ 14.20229123, 37.87784569 ], [ 14.20236866, 37.87777031 ] ] ] } },
{ "type": "Feature", "properties": { "gml_id": "CadastralParcel.IT.AGE.PLA.I028_005800.187", "INSPIREID_LOCALID": "IT.AGE.PLA.I028_005800.187", "INSPIREID_NAMESPACE": "IT.AGE.PLA.", "LABEL": "187", "NATIONALCADASTRALREFERENCE": "I028_005800.187", "ADMINISTRATIVEUNIT": "I028" }, "geometry": { "type": "Polygon", "coordinates": [ [ [ 14.20608813, 37.87830508 ], [ 14.20617581, 37.87829067 ], [ 14.20618076, 37.87839988 ], [ 14.20614501, 37.87836375 ], [ 14.20608813, 37.87830508 ] ] ] } },
{ "type": "Feature", "properties": { "gml_id": "CadastralParcel.IT.AGE.PLA.I028_005800.188", "INSPIREID_LOCALID": "IT.AGE.PLA.I028_005800.188", "INSPIREID_NAMESPACE": "IT.AGE.PLA.", "LABEL": "188", "NATIONALCADASTRALREFERENCE": "I028_005800.188", "ADMINISTRATIVEUNIT": "I028" }, "geometry": { "type": "Polygon", "coordinates": [ [ [ 14.20457428, 37.87765296 ], [ 14.2044797, 37.87761206 ], [ 14.20450519, 37.87754897 ], [ 14.20453618, 37.87752419 ], [ 14.20468696, 37.87758934 ], [ 14.20457428, 37.87765296 ] ] ] } },
{ "type": "Feature", "properties": { "gml_id": "CadastralParcel.IT.AGE.PLA.I028_005800.189", "INSPIREID_LOCALID": "IT.AGE.PLA.I028_005800.189", "INSPIREID_NAMESPACE": "IT.AGE.PLA.", "LABEL": "189", "NATIONALCADASTRALREFERENCE": "I028_005800.189", "ADMINISTRATIVEUNIT": "I028" }, "geometry": { "type": "Polygon", "coordinates": [ [ [ 14.20619299, 37.87826466 ], [ 14.20618712, 37.87828881 ], [ 14.20617581, 37.87829067 ], [ 14.20608813, 37.87830508 ], [ 14.20602288, 37.87823056 ], [ 14.20603049, 37.87817854 ], [ 14.2059444, 37.87805598 ], [ 14.20587501, 37.87801112 ], [ 14.20575941, 37.87795489 ], [ 14.20566597, 37.87789807 ], [ 14.20549461, 37.87778954 ], [ 14.20524338, 37.87770479 ], [ 14.20493148, 37.87764166 ], [ 14.20470319, 37.87757957 ], [ 14.20468696, 37.87758934 ], [ 14.20453618, 37.87752419 ], [ 14.20460435, 37.8774662 ], [ 14.20468666, 37.87744076 ], [ 14.2047526, 37.87746009 ], [ 14.20486614, 37.87747547 ], [ 14.20498946, 37.87750261 ], [ 14.20534607, 37.87759121 ], [ 14.20554218, 37.87763667 ], [ 14.20573258, 37.87774553 ], [ 14.20579322, 37.8777795 ], [ 14.20588946, 37.8778874 ], [ 14.20603455, 37.87794076 ], [ 14.20614155, 37.87803733 ], [ 14.20619025, 37.87808974 ], [ 14.20620788, 37.87812868 ], [ 14.20619672, 37.87823061 ], [ 14.20619299, 37.87826466 ] ] ] } },
{ "type": "Feature", "properties": { "gml_id": "CadastralParcel.IT.AGE.PLA.I028_005800.197", "INSPIREID_LOCALID": "IT.AGE.PLA.I028_005800.197", "INSPIREID_NAMESPACE": "IT.AGE.PLA.", "LABEL": "197", "NATIONALCADASTRALREFERENCE": "I028_005800.197", "ADMINISTRATIVEUNIT": "I028" }, "geometry": { "type": "Polygon", "coordinates": [ [ [ 14.20491684, 37.87742688 ], [ 14.2049184, 37.87739915 ], [ 14.20495108, 37.8772961 ], [ 14.20517147, 37.87734224 ], [ 14.20517587, 37.87733363 ], [ 14.20517785, 37.87733405 ], [ 14.20511592, 37.87746566 ], [ 14.20491684, 37.87742688 ] ] ] } },
{ "type": "Feature", "properties": { "gml_id": "CadastralParcel.IT.AGE.PLA.I028_005800.198", "INSPIREID_LOCALID": "IT.AGE.PLA.I028_005800.198", "INSPIREID_NAMESPACE": "IT.AGE.PLA.", "LABEL": "198", "NATIONALCADASTRALREFERENCE": "I028_005800.198", "ADMINISTRATIVEUNIT": "I028" }, "geometry": { "type": "Polygon", "coordinates": [ [ [ 14.20511592, 37.87746566 ], [ 14.20517785, 37.87733405 ], [ 14.20535807, 37.87736936 ], [ 14.20552483, 37.87742826 ], [ 14.2053974, 37.87749076 ], [ 14.2053647, 37.87751258 ], [ 14.20511592, 37.87746566 ] ] ] } },
{ "type": "Feature", "properties": { "gml_id": "CadastralParcel.IT.AGE.PLA.D977_002200.2", "INSPIREID_LOCALID": "IT.AGE.PLA.D977_002200.2", "INSPIREID_NAMESPACE": "IT.AGE.PLA.", "LABEL": "2", "NATIONALCADASTRALREFERENCE": "D977_002200.2", "ADMINISTRATIVEUNIT": "D977" }, "geometry": { "type": "Polygon", "coordinates": [ [ [ 14.20529386, 37.87435778 ], [ 14.20527417, 37.87425733 ], [ 14.20532732, 37.87412946 ], [ 14.2053925, 37.87393086 ], [ 14.20541907, 37.87377609 ], [ 14.20546074, 37.87349061 ], [ 14.20551874, 37.87340639 ], [ 14.20571762, 37.87311345 ], [ 14.20582608, 37.87285708 ], [ 14.20588473, 37.87277789 ], [ 14.20609192, 37.87256239 ], [ 14.20611998, 37.87255208 ], [ 14.20722107, 37.87288169 ], [ 14.208079, 37.87312716 ], [ 14.20814735, 37.87314564 ], [ 14.20827191, 37.87327687 ], [ 14.208644, 37.87358825 ], [ 14.20885888, 37.87377535 ], [ 14.20872665, 37.87387965 ], [ 14.20853576, 37.87401903 ], [ 14.20853395, 37.87416101 ], [ 14.20850659, 37.87428413 ], [ 14.20846436, 37.87453009 ], [ 14.20842593, 37.87469761 ], [ 14.20842163, 37.8748293 ], [ 14.20842288, 37.87503831 ], [ 14.20842953, 37.87512072 ], [ 14.20845842, 37.8752333 ], [ 14.20860737, 37.87534816 ], [ 14.20879537, 37.87549665 ], [ 14.2088952, 37.8756418 ], [ 14.20904114, 37.87575906 ], [ 14.20924459, 37.87591509 ], [ 14.20932205, 37.87599217 ], [ 14.20941251, 37.87615358 ], [ 14.20948366, 37.8763237 ], [ 14.2096088, 37.87637773 ], [ 14.20969163, 37.87645939 ], [ 14.20982519, 37.87658924 ], [ 14.20980784, 37.87683078 ], [ 14.2097413, 37.87719297 ], [ 14.20925757, 37.87712262 ], [ 14.20910725, 37.87710861 ], [ 14.20895888, 37.87712896 ], [ 14.20871812, 37.87716759 ], [ 14.20862729, 37.87721703 ], [ 14.20857865, 37.87721825 ], [ 14.2085421, 37.87719928 ], [ 14.20843832, 37.87718766 ], [ 14.20834111, 37.87719497 ], [ 14.20813595, 37.87704236 ], [ 14.2080857, 37.87701771 ], [ 14.20796759, 37.87698365 ], [ 14.2077234, 37.87701678 ], [ 14.20745635, 37.8769979 ], [ 14.20747698, 37.87692884 ], [ 14.20761932, 37.87652371 ], [ 14.20771398, 37.87616394 ], [ 14.20770386, 37.87605659 ], [ 14.20761336, 37.87579005 ], [ 14.20755249, 37.87565475 ], [ 14.20745523, 37.87554495 ], [ 14.20726336, 37.87539864 ], [ 14.20717977, 37.8753227 ], [ 14.20662331, 37.87535472 ], [ 14.20646107, 37.87521216 ], [ 14.20633018, 37.87508356 ], [ 14.20625595, 37.87498301 ], [ 14.20618888, 37.87489688 ], [ 14.20612751, 37.8748058 ], [ 14.20605388, 37.87477288 ], [ 14.20592996, 37.87474112 ], [ 14.20583405, 37.87474652 ], [ 14.20567645, 37.87476552 ], [ 14.20561457, 37.87477407 ], [ 14.20553692, 37.87480011 ], [ 14.20540605, 37.87488781 ], [ 14.20536524, 37.87475526 ], [ 14.20529386, 37.87435778 ] ] ] } },
{ "type": "Feature", "properties": { "gml_id": "CadastralParcel.IT.AGE.PLA.I028_005800.202", "INSPIREID_LOCALID": "IT.AGE.PLA.I028_005800.202", "INSPIREID_NAMESPACE": "IT.AGE.PLA.", "LABEL": "202", "NATIONALCADASTRALREFERENCE": "I028_005800.202", "ADMINISTRATIVEUNIT": "I028" }, "geometry": { "type": "Polygon", "coordinates": [ [ [ 14.20494458, 37.87729474 ], [ 14.20495108, 37.8772961 ], [ 14.2049184, 37.87739915 ], [ 14.20491684, 37.87742688 ], [ 14.20460118, 37.87737108 ], [ 14.20449588, 37.87741653 ], [ 14.20443346, 37.87744453 ], [ 14.20423369, 37.87752534 ], [ 14.20390024, 37.87767785 ], [ 14.20384782, 37.8776976 ], [ 14.20360679, 37.8778844 ], [ 14.2035335, 37.87790791 ], [ 14.2034301, 37.87790646 ], [ 14.20330196, 37.87792109 ], [ 14.20325241, 37.87792441 ], [ 14.20292026, 37.87790704 ], [ 14.20279604, 37.87790077 ], [ 14.20272067, 37.87786683 ], [ 14.20266055, 37.87781434 ], [ 14.20261502, 37.87777143 ], [ 14.20259287, 37.87775605 ], [ 14.20253089, 37.87773963 ], [ 14.20251888, 37.87770437 ], [ 14.20248747, 37.87766863 ], [ 14.20253833, 37.87763789 ], [ 14.2025453, 37.87763474 ], [ 14.20260022, 37.87761294 ], [ 14.20276364, 37.87771363 ], [ 14.20287778, 37.8777731 ], [ 14.20307512, 37.87777854 ], [ 14.20326895, 37.87778794 ], [ 14.20353982, 37.87775935 ], [ 14.20355056, 37.87775365 ], [ 14.2035778, 37.87773921 ], [ 14.20368563, 37.87768199 ], [ 14.20381828, 37.87760856 ], [ 14.2039949, 37.87754066 ], [ 14.20426829, 37.87742304 ], [ 14.20428923, 37.8774037 ], [ 14.2043717, 37.87733857 ], [ 14.20448739, 37.87730402 ], [ 14.2046631, 37.87723573 ], [ 14.20494458, 37.87729474 ] ] ] } },
{ "type": "Feature", "properties": { "gml_id": "CadastralParcel.IT.AGE.PLA.I028_005900.204", "INSPIREID_LOCALID": "IT.AGE.PLA.I028_005900.204", "INSPIREID_NAMESPACE": "IT.AGE.PLA.", "LABEL": "204", "NATIONALCADASTRALREFERENCE": "I028_005900.204", "ADMINISTRATIVEUNIT": "I028" }, "geometry": { "type": "Polygon", "coordinates": [ [ [ 14.20518656, 37.88069703 ], [ 14.20526647, 37.88062274 ], [ 14.20527103, 37.88062392 ], [ 14.20535079, 37.88064455 ], [ 14.2058528, 37.88052289 ], [ 14.20613322, 37.88041373 ], [ 14.20651879, 37.88041748 ], [ 14.20657519, 37.88054193 ], [ 14.20658826, 37.88057997 ], [ 14.2053168, 37.88091583 ], [ 14.20498623, 37.8809113 ], [ 14.2049866, 37.88090512 ], [ 14.20499062, 37.88087921 ], [ 14.20518656, 37.88069703 ] ] ] } },
{ "type": "Feature", "properties": { "gml_id": "CadastralParcel.IT.AGE.PLA.I028_005800.208", "INSPIREID_LOCALID": "IT.AGE.PLA.I028_005800.208", "INSPIREID_NAMESPACE": "IT.AGE.PLA.", "LABEL": "208", "NATIONALCADASTRALREFERENCE": "I028_005800.208", "ADMINISTRATIVEUNIT": "I028" }, "geometry": { "type": "Polygon", "coordinates": [ [ [ 14.20321419, 37.87602642 ], [ 14.20316333, 37.87576783 ], [ 14.2032398, 37.87513348 ], [ 14.203543, 37.87507015 ], [ 14.20359472, 37.87515687 ], [ 14.20359928, 37.87518938 ], [ 14.20366047, 37.87535589 ], [ 14.20384727, 37.87574713 ], [ 14.20386325, 37.87579357 ], [ 14.20398422, 37.87587421 ], [ 14.2033053, 37.87612701 ], [ 14.20321419, 37.87602642 ] ] ] } },
{ "type": "Feature", "properties": { "gml_id": "CadastralParcel.IT.AGE.PLA.I028_005800.220", "INSPIREID_LOCALID": "IT.AGE.PLA.I028_005800.220", "INSPIREID_NAMESPACE": "IT.AGE.PLA.", "LABEL": "220", "NATIONALCADASTRALREFERENCE": "I028_005800.220", "ADMINISTRATIVEUNIT": "I028" }, "geometry": { "type": "Polygon", "coordinates": [ [ [ 14.20382913, 37.87670783 ], [ 14.20351498, 37.87635725 ], [ 14.2033053, 37.87612701 ], [ 14.20398422, 37.87587421 ], [ 14.20399563, 37.87587777 ], [ 14.20398163, 37.87639214 ], [ 14.20399123, 37.87663564 ], [ 14.20382913, 37.87670783 ] ] ] } },
{ "type": "Feature", "properties": { "gml_id": "CadastralParcel.IT.AGE.PLA.I028_005800.221", "INSPIREID_LOCALID": "IT.AGE.PLA.I028_005800.221", "INSPIREID_NAMESPACE": "IT.AGE.PLA.", "LABEL": "221", "NATIONALCADASTRALREFERENCE": "I028_005800.221", "ADMINISTRATIVEUNIT": "I028" }, "geometry": { "type": "Polygon", "coordinates": [ [ [ 14.20355754, 37.87680881 ], [ 14.20361959, 37.87678783 ], [ 14.20379554, 37.87672506 ], [ 14.20382913, 37.87670783 ], [ 14.20399123, 37.87663564 ], [ 14.20398163, 37.87639214 ], [ 14.20399563, 37.87587777 ], [ 14.20450238, 37.87622905 ], [ 14.20444068, 37.87652066 ], [ 14.20453394, 37.87658466 ], [ 14.20455685, 37.87660612 ], [ 14.20458193, 37.87666422 ], [ 14.20460061, 37.87673075 ], [ 14.20457137, 37.876649 ], [ 14.2045397, 37.87659538 ], [ 14.20444021, 37.87653254 ], [ 14.20430483, 37.87654053 ], [ 14.20417324, 37.87656403 ], [ 14.20416699, 37.87656672 ], [ 14.20377144, 37.87673748 ], [ 14.20358167, 37.87680288 ], [ 14.20355754, 37.87680881 ] ] ] } },
{ "type": "Feature", "properties": { "gml_id": "CadastralParcel.IT.AGE.PLA.I028_005800.222", "INSPIREID_LOCALID": "IT.AGE.PLA.I028_005800.222", "INSPIREID_NAMESPACE": "IT.AGE.PLA.", "LABEL": "222", "NATIONALCADASTRALREFERENCE": "I028_005800.222", "ADMINISTRATIVEUNIT": "I028" }, "geometry": { "type": "Polygon", "coordinates": [ [ [ 14.20379554, 37.87672506 ], [ 14.20365675, 37.87658719 ], [ 14.20341997, 37.87634311 ], [ 14.20312946, 37.87604402 ], [ 14.20321419, 37.87602642 ], [ 14.2033053, 37.87612701 ], [ 14.20351498, 37.87635725 ], [ 14.20382913, 37.87670783 ], [ 14.20379554, 37.87672506 ] ] ] } },
{ "type": "Feature", "properties": { "gml_id": "CadastralParcel.IT.AGE.PLA.I028_005800.223", "INSPIREID_LOCALID": "IT.AGE.PLA.I028_005800.223", "INSPIREID_NAMESPACE": "IT.AGE.PLA.", "LABEL": "223", "NATIONALCADASTRALREFERENCE": "I028_005800.223", "ADMINISTRATIVEUNIT": "I028" }, "geometry": { "type": "Polygon", "coordinates": [ [ [ 14.20312946, 37.87604402 ], [ 14.20316333, 37.87576783 ], [ 14.20321419, 37.87602642 ], [ 14.20312946, 37.87604402 ] ] ] } },
{ "type": "Feature", "properties": { "gml_id": "CadastralParcel.IT.AGE.PLA.I028_005800.224", "INSPIREID_LOCALID": "IT.AGE.PLA.I028_005800.224", "INSPIREID_NAMESPACE": "IT.AGE.PLA.", "LABEL": "224", "NATIONALCADASTRALREFERENCE": "I028_005800.224", "ADMINISTRATIVEUNIT": "I028" }, "geometry": { "type": "Polygon", "coordinates": [ [ [ 14.20316333, 37.87576783 ], [ 14.20306092, 37.87513178 ], [ 14.20308399, 37.8750789 ], [ 14.20335441, 37.8750248 ], [ 14.20346279, 37.87492847 ], [ 14.203543, 37.87507015 ], [ 14.2032398, 37.87513348 ], [ 14.20316333, 37.87576783 ] ] ] } },
{ "type": "Feature", "properties": { "gml_id": "CadastralParcel.IT.AGE.PLA.I028_005900.28", "INSPIREID_LOCALID": "IT.AGE.PLA.I028_005900.28", "INSPIREID_NAMESPACE": "IT.AGE.PLA.", "LABEL": "28", "NATIONALCADASTRALREFERENCE": "I028_005900.28", "ADMINISTRATIVEUNIT": "I028" }, "geometry": { "type": "Polygon", "coordinates": [ [ [ 14.2065858, 37.87828117 ], [ 14.2066399, 37.87811116 ], [ 14.20669672, 37.87809461 ], [ 14.20683446, 37.87805786 ], [ 14.20756747, 37.87779432 ], [ 14.20766711, 37.87775895 ], [ 14.20816908, 37.8775795 ], [ 14.20821417, 37.87757769 ], [ 14.2082576, 37.87757673 ], [ 14.20824802, 37.87772012 ], [ 14.20802024, 37.87840093 ], [ 14.20776121, 37.87854379 ], [ 14.20771885, 37.87862599 ], [ 14.20683444, 37.87866546 ], [ 14.2065858, 37.87828117 ] ] ] } },
{ "type": "Feature", "properties": { "gml_id": "CadastralParcel.IT.AGE.PLA.I028_005800.280", "INSPIREID_LOCALID": "IT.AGE.PLA.I028_005800.280", "INSPIREID_NAMESPACE": "IT.AGE.PLA.", "LABEL": "280", "NATIONALCADASTRALREFERENCE": "I028_005800.280", "ADMINISTRATIVEUNIT": "I028" }, "geometry": { "type": "Polygon", "coordinates": [ [ [ 14.20474925, 37.87870354 ], [ 14.20501126, 37.87875489 ], [ 14.20502359, 37.8786048 ], [ 14.20494992, 37.87858322 ], [ 14.2049446, 37.87849894 ], [ 14.20508326, 37.87846132 ], [ 14.20515184, 37.87846951 ], [ 14.20526467, 37.87870122 ], [ 14.20532315, 37.87900472 ], [ 14.20466924, 37.87920167 ], [ 14.20469471, 37.87886651 ], [ 14.2047153, 37.87879933 ], [ 14.20474925, 37.87870354 ] ] ] } },
{ "type": "Feature", "properties": { "gml_id": "CadastralParcel.IT.AGE.PLA.I028_005800.281", "INSPIREID_LOCALID": "IT.AGE.PLA.I028_005800.281", "INSPIREID_NAMESPACE": "IT.AGE.PLA.", "LABEL": "281", "NATIONALCADASTRALREFERENCE": "I028_005800.281", "ADMINISTRATIVEUNIT": "I028" }, "geometry": { "type": "Polygon", "coordinates": [ [ [ 14.20615509, 37.87856303 ], [ 14.20613532, 37.87862995 ], [ 14.20613238, 37.87863019 ], [ 14.20526467, 37.87870122 ], [ 14.20515184, 37.87846951 ], [ 14.20518657, 37.87846309 ], [ 14.2053465, 37.87841625 ], [ 14.20539711, 37.87839922 ], [ 14.20555961, 37.87834316 ], [ 14.20571992, 37.87834005 ], [ 14.20576306, 37.87833782 ], [ 14.20608813, 37.87830508 ], [ 14.20614501, 37.87836375 ], [ 14.20618076, 37.87839988 ], [ 14.20617548, 37.87849136 ], [ 14.20617383, 37.87851557 ], [ 14.20615509, 37.87856303 ] ] ] } },
{ "type": "Feature", "properties": { "gml_id": "CadastralParcel.IT.AGE.PLA.I028_005800.286", "INSPIREID_LOCALID": "IT.AGE.PLA.I028_005800.286", "INSPIREID_NAMESPACE": "IT.AGE.PLA.", "LABEL": "286", "NATIONALCADASTRALREFERENCE": "I028_005800.286", "ADMINISTRATIVEUNIT": "I028" }, "geometry": { "type": "Polygon", "coordinates": [ [ [ 14.20294496, 37.87607114 ], [ 14.20284853, 37.87572083 ], [ 14.20275759, 37.87537021 ], [ 14.20269896, 37.87516027 ], [ 14.20258909, 37.8747391 ], [ 14.20280877, 37.87457047 ], [ 14.20318329, 37.87467645 ], [ 14.20332287, 37.87459987 ], [ 14.20337142, 37.87472676 ], [ 14.20343137, 37.87486632 ], [ 14.20346279, 37.87492847 ], [ 14.20335441, 37.8750248 ], [ 14.20308399, 37.8750789 ], [ 14.20306092, 37.87513178 ], [ 14.20316333, 37.87576783 ], [ 14.20312946, 37.87604402 ], [ 14.20294496, 37.87607114 ] ] ] } },
{ "type": "Feature", "properties": { "gml_id": "CadastralParcel.IT.AGE.PLA.I028_005800.287", "INSPIREID_LOCALID": "IT.AGE.PLA.I028_005800.287", "INSPIREID_NAMESPACE": "IT.AGE.PLA.", "LABEL": "287", "NATIONALCADASTRALREFERENCE": "I028_005800.287", "ADMINISTRATIVEUNIT": "I028" }, "geometry": { "type": "Polygon", "coordinates": [ [ [ 14.20258909, 37.8747391 ], [ 14.20255896, 37.87352772 ], [ 14.2025969, 37.87352901 ], [ 14.20285629, 37.87359459 ], [ 14.20311354, 37.87365645 ], [ 14.20317446, 37.87390303 ], [ 14.20327647, 37.87437646 ], [ 14.20329651, 37.87448368 ], [ 14.20332287, 37.87459987 ], [ 14.20318329, 37.87467645 ], [ 14.20280877, 37.87457047 ], [ 14.20258909, 37.8747391 ] ] ] } },
{ "type": "Feature", "properties": { "gml_id": "CadastralParcel.IT.AGE.PLA.I028_005900.29", "INSPIREID_LOCALID": "IT.AGE.PLA.I028_005900.29", "INSPIREID_NAMESPACE": "IT.AGE.PLA.", "LABEL": "29", "NATIONALCADASTRALREFERENCE": "I028_005900.29", "ADMINISTRATIVEUNIT": "I028" }, "geometry": { "type": "Polygon", "coordinates": [ [ [ 14.20842479, 37.87748376 ], [ 14.20842557, 37.87747726 ], [ 14.20836091, 37.87731573 ], [ 14.20834795, 37.87728223 ], [ 14.20837975, 37.87720338 ], [ 14.20855518, 37.8771928 ], [ 14.20863411, 37.87722236 ], [ 14.20876766, 37.87716074 ], [ 14.20912578, 37.87711805 ], [ 14.20932481, 37.87714392 ], [ 14.20960489, 37.87718393 ], [ 14.2094047, 37.87750958 ], [ 14.2090413, 37.87771475 ], [ 14.20874729, 37.87801874 ], [ 14.20838412, 37.87819752 ], [ 14.20825475, 37.87826716 ], [ 14.20838286, 37.87772697 ], [ 14.20842672, 37.87756923 ], [ 14.20842687, 37.87748283 ], [ 14.20842479, 37.87748376 ] ] ] } },
{ "type": "Feature", "properties": { "gml_id": "CadastralParcel.IT.AGE.PLA.D977_002200.3", "INSPIREID_LOCALID": "IT.AGE.PLA.D977_002200.3", "INSPIREID_NAMESPACE": "IT.AGE.PLA.", "LABEL": "3", "NATIONALCADASTRALREFERENCE": "D977_002200.3", "ADMINISTRATIVEUNIT": "D977" }, "geometry": { "type": "MultiPolygon", "coordinates": [ [ [ [ 14.20840876, 37.87314972 ], [ 14.20844701, 37.87301605 ], [ 14.2085258, 37.87280172 ], [ 14.20857322, 37.87273501 ], [ 14.20862962, 37.87273043 ], [ 14.20862964, 37.87264935 ], [ 14.20876556, 37.87254374 ], [ 14.20885338, 37.87245382 ], [ 14.20896853, 37.87228507 ], [ 14.20906426, 37.87208737 ], [ 14.20914425, 37.87194862 ], [ 14.20934112, 37.87169506 ], [ 14.20942208, 37.87158572 ], [ 14.20946742, 37.87143689 ], [ 14.20952489, 37.87131772 ], [ 14.20953, 37.87123339 ], [ 14.20952774, 37.87114183 ], [ 14.20953931, 37.87111584 ], [ 14.20963764, 37.87113905 ], [ 14.2096932, 37.87125732 ], [ 14.2097115, 37.87132036 ], [ 14.2097849, 37.87137907 ], [ 14.20983032, 37.87142885 ], [ 14.20984861, 37.87149188 ], [ 14.20988294, 37.87156093 ], [ 14.20993605, 37.87170568 ], [ 14.20996438, 37.8718224 ], [ 14.21007785, 37.87189612 ], [ 14.21034489, 37.87205856 ], [ 14.21038254, 37.87211168 ], [ 14.21038862, 37.87216545 ], [ 14.21039965, 37.87224451 ], [ 14.21041413, 37.87231079 ], [ 14.21048357, 37.87236958 ], [ 14.21062274, 37.87241911 ], [ 14.2106518, 37.87242946 ], [ 14.21072891, 37.87248173 ], [ 14.21083437, 37.87255244 ], [ 14.21098525, 37.87267294 ], [ 14.21113282, 37.87280935 ], [ 14.21117377, 37.87284654 ], [ 14.21144785, 37.87298663 ], [ 14.2114702, 37.87305274 ], [ 14.21167331, 37.87309603 ], [ 14.2120078, 37.87316508 ], [ 14.21203037, 37.87323753 ], [ 14.21204981, 37.87334845 ], [ 14.21209344, 37.87334424 ], [ 14.212188, 37.87332934 ], [ 14.21223111, 37.87338901 ], [ 14.2122615, 37.87343617 ], [ 14.21233234, 37.87347627 ], [ 14.21249828, 37.87355619 ], [ 14.2125401, 37.87358409 ], [ 14.21266713, 37.87370589 ], [ 14.21272624, 37.87375893 ], [ 14.21283241, 37.87376995 ], [ 14.2128986, 37.87379747 ], [ 14.21319059, 37.873978 ], [ 14.21323608, 37.87399496 ], [ 14.21327033, 37.87399359 ], [ 14.21327351, 37.87400109 ], [ 14.21330747, 37.87409454 ], [ 14.21328318, 37.87411017 ], [ 14.21298092, 37.87421206 ], [ 14.2129784, 37.87428355 ], [ 14.21301978, 37.87461182 ], [ 14.21304471, 37.87469348 ], [ 14.213071, 37.87489615 ], [ 14.21302332, 37.87505209 ], [ 14.21301134, 37.87520324 ], [ 14.21299248, 37.87531411 ], [ 14.21296231, 37.87534893 ], [ 14.21282343, 37.87546165 ], [ 14.21280266, 37.87547901 ], [ 14.21266136, 37.87553093 ], [ 14.21242753, 37.87559599 ], [ 14.21225784, 37.87567298 ], [ 14.21214893, 37.87580396 ], [ 14.21217399, 37.87592551 ], [ 14.21221307, 37.87612832 ], [ 14.21227511, 37.87641334 ], [ 14.21230093, 37.87658147 ], [ 14.21230915, 37.87682975 ], [ 14.21230134, 37.87720593 ], [ 14.21230147, 37.87745444 ], [ 14.21228144, 37.87745484 ], [ 14.21160467, 37.877251 ], [ 14.21136668, 37.87717161 ], [ 14.21096074, 37.87719638 ], [ 14.21072275, 37.87723472 ], [ 14.21057094, 37.87722731 ], [ 14.21040718, 37.87722006 ], [ 14.21033081, 37.87720204 ], [ 14.21017502, 37.87719467 ], [ 14.21010748, 37.877202 ], [ 14.21005975, 37.87720584 ], [ 14.21007736, 37.87718419 ], [ 14.21017142, 37.87697388 ], [ 14.210109, 37.87686387 ], [ 14.2099234, 37.87655312 ], [ 14.20985607, 37.87642769 ], [ 14.2095802, 37.87623821 ], [ 14.20954544, 37.87614114 ], [ 14.20944774, 37.87585962 ], [ 14.20911925, 37.87566579 ], [ 14.20899922, 37.87559488 ], [ 14.20892024, 37.87547388 ], [ 14.20885442, 37.87536258 ], [ 14.20873582, 37.87524649 ], [ 14.20857757, 37.87514497 ], [ 14.20857119, 37.87502389 ], [ 14.20859134, 37.87483496 ], [ 14.20852559, 37.87469458 ], [ 14.2085544, 37.87459728 ], [ 14.208605, 37.87435503 ], [ 14.20862138, 37.87424872 ], [ 14.20873935, 37.87410555 ], [ 14.20886064, 37.87403274 ], [ 14.20906984, 37.87397328 ], [ 14.20904484, 37.8739152 ], [ 14.20897926, 37.87377005 ], [ 14.20890967, 37.87364457 ], [ 14.20872268, 37.87350777 ], [ 14.20851707, 37.87336122 ], [ 14.20848066, 37.87325668 ], [ 14.20846255, 37.87321413 ], [ 14.20840876, 37.87314972 ] ], [ [ 14.21124522, 37.87396505 ], [ 14.21127412, 37.87399622 ], [ 14.21133282, 37.87398215 ], [ 14.21129985, 37.87394789 ], [ 14.21124522, 37.87396505 ] ] ] ] } },
{ "type": "Feature", "properties": { "gml_id": "CadastralParcel.IT.AGE.PLA.I028_005800.317", "INSPIREID_LOCALID": "IT.AGE.PLA.I028_005800.317", "INSPIREID_NAMESPACE": "IT.AGE.PLA.", "LABEL": "317", "NATIONALCADASTRALREFERENCE": "I028_005800.317", "ADMINISTRATIVEUNIT": "I028" }, "geometry": { "type": "Polygon", "coordinates": [ [ [ 14.20552483, 37.87742826 ], [ 14.20584805, 37.87719485 ], [ 14.20587774, 37.87708414 ], [ 14.20583163, 37.87701239 ], [ 14.20583879, 37.87694761 ], [ 14.20578421, 37.87688106 ], [ 14.20564813, 37.87686309 ], [ 14.20562148, 37.87686775 ], [ 14.20559621, 37.87687352 ], [ 14.20555124, 37.8769051 ], [ 14.20549128, 37.87691943 ], [ 14.2054252, 37.87687818 ], [ 14.20532257, 37.8768444 ], [ 14.20531142, 37.8767393 ], [ 14.2053619, 37.87661009 ], [ 14.20543742, 37.87649701 ], [ 14.20553503, 37.87640101 ], [ 14.20533687, 37.8762446 ], [ 14.20506176, 37.87601898 ], [ 14.20522235, 37.87584542 ], [ 14.20541208, 37.87568621 ], [ 14.20556139, 37.87559103 ], [ 14.20535016, 37.87526855 ], [ 14.20547594, 37.87513835 ], [ 14.2055714, 37.87502959 ], [ 14.20578128, 37.87496854 ], [ 14.20591639, 37.87499349 ], [ 14.20606563, 37.87507387 ], [ 14.20622621, 37.875307 ], [ 14.20624267, 37.87538737 ], [ 14.20638611, 37.87557448 ], [ 14.20657783, 37.87555731 ], [ 14.20686107, 37.87545571 ], [ 14.20701926, 37.87550343 ], [ 14.206965, 37.87562218 ], [ 14.20683159, 37.87598731 ], [ 14.20675907, 37.87618132 ], [ 14.20660737, 37.87656473 ], [ 14.20648942, 37.8768678 ], [ 14.2062988, 37.87735559 ], [ 14.20594629, 37.87763652 ], [ 14.20564855, 37.87746549 ], [ 14.20552483, 37.87742826 ] ] ] } },
{ "type": "Feature", "properties": { "gml_id": "CadastralParcel.IT.AGE.PLA.I028_005800.318", "INSPIREID_LOCALID": "IT.AGE.PLA.I028_005800.318", "INSPIREID_NAMESPACE": "IT.AGE.PLA.", "LABEL": "318", "NATIONALCADASTRALREFERENCE": "I028_005800.318", "ADMINISTRATIVEUNIT": "I028" }, "geometry": { "type": "Polygon", "coordinates": [ [ [ 14.20649287, 37.87814899 ], [ 14.20630077, 37.87790367 ], [ 14.20621132, 37.87778613 ], [ 14.20606189, 37.87770119 ], [ 14.20594629, 37.87763652 ], [ 14.2062988, 37.87735559 ], [ 14.20648942, 37.8768678 ], [ 14.20660737, 37.87656473 ], [ 14.20675907, 37.87618132 ], [ 14.20683159, 37.87598731 ], [ 14.206965, 37.87562218 ], [ 14.20701926, 37.87550343 ], [ 14.20726563, 37.87557469 ], [ 14.20743105, 37.87574005 ], [ 14.20755947, 37.87608326 ], [ 14.20749247, 37.87636775 ], [ 14.20746997, 37.87640974 ], [ 14.20738546, 37.87680508 ], [ 14.20734534, 37.8769776 ], [ 14.20743355, 37.87705871 ], [ 14.20768371, 37.87711015 ], [ 14.20778068, 37.87709164 ], [ 14.20791708, 37.87711046 ], [ 14.20811207, 37.87718179 ], [ 14.20818331, 37.87726303 ], [ 14.2082534, 37.87738304 ], [ 14.20825758, 37.87757595 ], [ 14.2082576, 37.87757673 ], [ 14.20821417, 37.87757769 ], [ 14.20816908, 37.8775795 ], [ 14.20766711, 37.87775895 ], [ 14.20756747, 37.87779432 ], [ 14.20688379, 37.87804012 ], [ 14.20683446, 37.87805786 ], [ 14.20669672, 37.87809461 ], [ 14.2066399, 37.87811116 ], [ 14.20649287, 37.87814899 ] ] ] } },
{ "type": "Feature", "properties": { "gml_id": "CadastralParcel.IT.AGE.PLA.I028_005800.319", "INSPIREID_LOCALID": "IT.AGE.PLA.I028_005800.319", "INSPIREID_NAMESPACE": "IT.AGE.PLA.", "LABEL": "319", "NATIONALCADASTRALREFERENCE": "I028_005800.319", "ADMINISTRATIVEUNIT": "I028" }, "geometry": { "type": "Polygon", "coordinates": [ [ [ 14.20581234, 37.87774993 ], [ 14.20568221, 37.87765541 ], [ 14.20563694, 37.87763555 ], [ 14.20557004, 37.87760356 ], [ 14.20547041, 37.87756174 ], [ 14.2053647, 37.87751258 ], [ 14.2053974, 37.87749076 ], [ 14.20552483, 37.87742826 ], [ 14.20564855, 37.87746549 ], [ 14.20594629, 37.87763652 ], [ 14.20586811, 37.87769835 ], [ 14.20581234, 37.87774993 ] ] ] } },
{ "type": "Feature", "properties": { "gml_id": "CadastralParcel.IT.AGE.PLA.I028_005800.320", "INSPIREID_LOCALID": "IT.AGE.PLA.I028_005800.320", "INSPIREID_NAMESPACE": "IT.AGE.PLA.", "LABEL": "320", "NATIONALCADASTRALREFERENCE": "I028_005800.320", "ADMINISTRATIVEUNIT": "I028" }, "geometry": { "type": "Polygon", "coordinates": [ [ [ 14.20626358, 37.87820736 ], [ 14.20626096, 37.87820815 ], [ 14.20626091, 37.87820783 ], [ 14.20625134, 37.87814362 ], [ 14.20624893, 37.8780572 ], [ 14.20624369, 37.87804517 ], [ 14.20611332, 37.87789804 ], [ 14.20604994, 37.87787581 ], [ 14.20595848, 37.87783498 ], [ 14.20591052, 37.87781809 ], [ 14.20581234, 37.87774993 ], [ 14.20586811, 37.87769835 ], [ 14.20594629, 37.87763652 ], [ 14.20606189, 37.87770119 ], [ 14.20621132, 37.87778613 ], [ 14.20630077, 37.87790367 ], [ 14.20649287, 37.87814899 ], [ 14.20626731, 37.87820624 ], [ 14.20626358, 37.87820736 ] ] ] } },
{ "type": "Feature", "properties": { "gml_id": "CadastralParcel.IT.AGE.PLA.I028_005900.35", "INSPIREID_LOCALID": "IT.AGE.PLA.I028_005900.35", "INSPIREID_NAMESPACE": "IT.AGE.PLA.", "LABEL": "35", "NATIONALCADASTRALREFERENCE": "I028_005900.35", "ADMINISTRATIVEUNIT": "I028" }, "geometry": { "type": "Polygon", "coordinates": [ [ [ 14.20643255, 37.87868135 ], [ 14.20626345, 37.87837485 ], [ 14.20626731, 37.87820641 ], [ 14.20649287, 37.87814899 ], [ 14.2066399, 37.87811116 ], [ 14.2065858, 37.87828117 ], [ 14.20683444, 37.87866546 ], [ 14.20643255, 37.87868135 ] ] ] } },
{ "type": "Feature", "properties": { "gml_id": "CadastralParcel.IT.AGE.PLA.I028_005900.353", "INSPIREID_LOCALID": "IT.AGE.PLA.I028_005900.353", "INSPIREID_NAMESPACE": "IT.AGE.PLA.", "LABEL": "353", "NATIONALCADASTRALREFERENCE": "I028_005900.353", "ADMINISTRATIVEUNIT": "I028" }, "geometry": { "type": "MultiPolygon", "coordinates": [ [ [ [ 14.20760403, 37.88027892 ], [ 14.2075605, 37.88024338 ], [ 14.2074587, 37.88015087 ], [ 14.20739275, 37.88018962 ], [ 14.20732036, 37.8801197 ], [ 14.20739091, 37.88007774 ], [ 14.20730827, 37.87999116 ], [ 14.20729624, 37.87997884 ], [ 14.20722407, 37.880022 ], [ 14.207019, 37.87981393 ], [ 14.20703554, 37.87970565 ], [ 14.20696142, 37.87953457 ], [ 14.20704711, 37.8794362 ], [ 14.20745576, 37.87936281 ], [ 14.20769609, 37.87939824 ], [ 14.20777928, 37.87938035 ], [ 14.20780007, 37.87931274 ], [ 14.20793111, 37.87900295 ], [ 14.20804911, 37.87889534 ], [ 14.20809061, 37.87887434 ], [ 14.20812557, 37.87905557 ], [ 14.20837045, 37.87934798 ], [ 14.20867494, 37.87943826 ], [ 14.20872731, 37.87946503 ], [ 14.20864643, 37.8795469 ], [ 14.20858438, 37.87956685 ], [ 14.20853876, 37.87959109 ], [ 14.20855124, 37.87960156 ], [ 14.20842249, 37.87973545 ], [ 14.20833152, 37.87971755 ], [ 14.20824223, 37.87979185 ], [ 14.20814499, 37.87974912 ], [ 14.2080948, 37.87972718 ], [ 14.20813618, 37.87967951 ], [ 14.20813963, 37.87967588 ], [ 14.20811056, 37.87963156 ], [ 14.2081062, 37.87961925 ], [ 14.208072, 37.87959966 ], [ 14.2080383, 37.87958877 ], [ 14.20802417, 37.87962198 ], [ 14.2080476, 37.87963251 ], [ 14.20801404, 37.87968908 ], [ 14.20800672, 37.87968548 ], [ 14.20800573, 37.87968496 ], [ 14.20798437, 37.87967395 ], [ 14.20788687, 37.87962365 ], [ 14.20788257, 37.88007858 ], [ 14.20782127, 37.88015295 ], [ 14.20780466, 37.88014597 ], [ 14.20781074, 37.88013607 ], [ 14.20778933, 37.88012617 ], [ 14.20778284, 37.8801341 ], [ 14.20775238, 37.88017152 ], [ 14.20772592, 37.88021458 ], [ 14.20773408, 37.88022174 ], [ 14.20774457, 37.88022639 ], [ 14.20773887, 37.88023512 ], [ 14.20774927, 37.88023989 ], [ 14.20770502, 37.88028326 ], [ 14.20766895, 37.88026578 ], [ 14.20764547, 37.88024645 ], [ 14.20760495, 37.88027967 ], [ 14.20760403, 37.88027892 ] ], [ [ 14.207618, 37.88020716 ], [ 14.20759353, 37.88022367 ], [ 14.20759344, 37.88022413 ], [ 14.20762215, 37.88025023 ], [ 14.20770241, 37.88018866 ], [ 14.20764575, 37.88014243 ], [ 14.20767527, 37.88011537 ], [ 14.20755449, 37.88002402 ], [ 14.20751818, 37.88003244 ], [ 14.20747323, 37.88004282 ], [ 14.20748987, 37.88008833 ], [ 14.20751075, 37.88012932 ], [ 14.20752995, 37.88014912 ], [ 14.20757927, 37.88018985 ], [ 14.20759932, 37.88017571 ], [ 14.20760775, 37.88017961 ], [ 14.20761622, 37.88018374 ], [ 14.20760461, 37.88019799 ], [ 14.207618, 37.88020716 ] ], [ [ 14.20767868, 37.88004142 ], [ 14.20777336, 37.8800949 ], [ 14.20784712, 37.88001643 ], [ 14.20776174, 37.87996802 ], [ 14.20778938, 37.87993731 ], [ 14.20774263, 37.8799108 ], [ 14.20767811, 37.8799825 ], [ 14.20771588, 37.88000392 ], [ 14.20767868, 37.88004142 ] ], [ [ 14.20776405, 37.87963349 ], [ 14.20783043, 37.87963343 ], [ 14.20782975, 37.87957288 ], [ 14.20782908, 37.87951242 ], [ 14.20776187, 37.87951274 ], [ 14.20769387, 37.87951269 ], [ 14.20769453, 37.87957368 ], [ 14.20769519, 37.87963345 ], [ 14.20776405, 37.87963349 ] ] ] ] } },
{ "type": "Feature", "properties": { "gml_id": "CadastralParcel.IT.AGE.PLA.I028_005800.512", "INSPIREID_LOCALID": "IT.AGE.PLA.I028_005800.512", "INSPIREID_NAMESPACE": "IT.AGE.PLA.", "LABEL": "512", "NATIONALCADASTRALREFERENCE": "I028_005800.512", "ADMINISTRATIVEUNIT": "I028" }, "geometry": { "type": "MultiPolygon", "coordinates": [ [ [ [ 14.2047479, 37.87855847 ], [ 14.20474548, 37.87843399 ], [ 14.20477143, 37.87841481 ], [ 14.20479804, 37.87838581 ], [ 14.20480786, 37.87832794 ], [ 14.20469951, 37.87820746 ], [ 14.20463599, 37.87818543 ], [ 14.20463242, 37.87813649 ], [ 14.20468983, 37.87809423 ], [ 14.2046821, 37.87807716 ], [ 14.2046586, 37.87804294 ], [ 14.20464819, 37.87801141 ], [ 14.20464318, 37.8779735 ], [ 14.20465413, 37.87794392 ], [ 14.20467301, 37.87792269 ], [ 14.20469715, 37.87790986 ], [ 14.20473735, 37.87789267 ], [ 14.2047615, 37.87787983 ], [ 14.20470165, 37.87782207 ], [ 14.20465546, 37.87776429 ], [ 14.20466038, 37.87775143 ], [ 14.20472802, 37.87778273 ], [ 14.2048484, 37.87783798 ], [ 14.20502581, 37.87792723 ], [ 14.20512643, 37.8779773 ], [ 14.20522174, 37.87802092 ], [ 14.20526809, 37.87809764 ], [ 14.20529126, 37.87813599 ], [ 14.2053146, 37.87816588 ], [ 14.20532462, 37.87818905 ], [ 14.20537697, 37.87832171 ], [ 14.20539711, 37.87839922 ], [ 14.2053465, 37.87841625 ], [ 14.20518657, 37.87846309 ], [ 14.20515184, 37.87846951 ], [ 14.20508326, 37.87846132 ], [ 14.2049446, 37.87849894 ], [ 14.20477903, 37.87854482 ], [ 14.2047479, 37.87855847 ] ], [ [ 14.20512774, 37.8780475 ], [ 14.20505932, 37.87809225 ], [ 14.20507421, 37.87810585 ], [ 14.20518978, 37.87821107 ], [ 14.20521369, 37.87819509 ], [ 14.20522699, 37.87820573 ], [ 14.20524213, 37.87819552 ], [ 14.20522947, 37.87818474 ], [ 14.20523385, 37.87818186 ], [ 14.2052575, 37.87816635 ], [ 14.20512774, 37.8780475 ] ] ] ] } },
{ "type": "Feature", "properties": { "gml_id": "CadastralParcel.IT.AGE.PLA.I028_005800.513", "INSPIREID_LOCALID": "IT.AGE.PLA.I028_005800.513", "INSPIREID_NAMESPACE": "IT.AGE.PLA.", "LABEL": "513", "NATIONALCADASTRALREFERENCE": "I028_005800.513", "ADMINISTRATIVEUNIT": "I028" }, "geometry": { "type": "Polygon", "coordinates": [ [ [ 14.20512774, 37.8780475 ], [ 14.2052575, 37.87816635 ], [ 14.20523385, 37.87818186 ], [ 14.20522947, 37.87818474 ], [ 14.20524213, 37.87819552 ], [ 14.20522699, 37.87820573 ], [ 14.20521369, 37.87819509 ], [ 14.20518978, 37.87821107 ], [ 14.20507421, 37.87810585 ], [ 14.20505932, 37.87809225 ], [ 14.20512774, 37.8780475 ] ] ] } },
{ "type": "Feature", "properties": { "gml_id": "CadastralParcel.IT.AGE.PLA.I028_005800.527", "INSPIREID_LOCALID": "IT.AGE.PLA.I028_005800.527", "INSPIREID_NAMESPACE": "IT.AGE.PLA.", "LABEL": "527", "NATIONALCADASTRALREFERENCE": "I028_005800.527", "ADMINISTRATIVEUNIT": "I028" }, "geometry": { "type": "Polygon", "coordinates": [ [ [ 14.20100749, 37.87702512 ], [ 14.20100277, 37.87701627 ], [ 14.20105121, 37.87699987 ], [ 14.20104941, 37.87696559 ], [ 14.20100972, 37.87698421 ], [ 14.20098327, 37.87699958 ], [ 14.20096182, 37.87701301 ], [ 14.2009172, 37.87693616 ], [ 14.20103929, 37.87681558 ], [ 14.2011242, 37.87673171 ], [ 14.20121687, 37.87663539 ], [ 14.20129859, 37.87655805 ], [ 14.20136355, 37.87649243 ], [ 14.20146664, 37.87640591 ], [ 14.20148467, 37.87638967 ], [ 14.20153137, 37.87640576 ], [ 14.20153909, 37.87638903 ], [ 14.20150029, 37.8763756 ], [ 14.2015654, 37.87630013 ], [ 14.20159807, 37.87627058 ], [ 14.20191125, 37.87627749 ], [ 14.20214977, 37.87628177 ], [ 14.20221454, 37.87637896 ], [ 14.20231547, 37.87652915 ], [ 14.20270659, 37.87676921 ], [ 14.20286887, 37.87687156 ], [ 14.20263266, 37.87673224 ], [ 14.20238745, 37.87657836 ], [ 14.20231542, 37.87653608 ], [ 14.20221378, 37.87638211 ], [ 14.20209627, 37.87642101 ], [ 14.20193801, 37.87653402 ], [ 14.20191371, 37.8765602 ], [ 14.20183686, 37.87667577 ], [ 14.20179902, 37.87671851 ], [ 14.20178131, 37.87673851 ], [ 14.20178016, 37.87674006 ], [ 14.20175325, 37.8767764 ], [ 14.20174059, 37.87678493 ], [ 14.20173631, 37.87678978 ], [ 14.20170736, 37.87680731 ], [ 14.20164605, 37.87684859 ], [ 14.20164517, 37.87684918 ], [ 14.20160941, 37.87685994 ], [ 14.20148613, 37.87689805 ], [ 14.20140785, 37.87693766 ], [ 14.20132953, 37.87697412 ], [ 14.20132951, 37.87698528 ], [ 14.20132327, 37.87698587 ], [ 14.20121278, 37.8770075 ], [ 14.2011286, 37.87702419 ], [ 14.20101775, 37.87704439 ], [ 14.20100749, 37.87702512 ] ] ] } },
{ "type": "Feature", "properties": { "gml_id": "CadastralParcel.IT.AGE.PLA.I028_005800.576", "INSPIREID_LOCALID": "IT.AGE.PLA.I028_005800.576", "INSPIREID_NAMESPACE": "IT.AGE.PLA.", "LABEL": "576", "NATIONALCADASTRALREFERENCE": "I028_005800.576", "ADMINISTRATIVEUNIT": "I028" }, "geometry": { "type": "Polygon", "coordinates": [ [ [ 14.20320319, 37.87729164 ], [ 14.20324544, 37.87723493 ], [ 14.20319326, 37.87711792 ], [ 14.20361725, 37.87696494 ], [ 14.20366215, 37.87694884 ], [ 14.20371668, 37.87693301 ], [ 14.20379401, 37.87692003 ], [ 14.20387233, 37.8769134 ], [ 14.20394844, 37.87691211 ], [ 14.20405505, 37.87692519 ], [ 14.2040868, 37.87693474 ], [ 14.20418969, 37.87708735 ], [ 14.20387128, 37.87725148 ], [ 14.20380915, 37.8773094 ], [ 14.20365942, 37.87745966 ], [ 14.20355525, 37.87743524 ], [ 14.20340466, 37.87740185 ], [ 14.20320319, 37.87729164 ] ] ] } },
{ "type": "Feature", "properties": { "gml_id": "CadastralParcel.IT.AGE.PLA.I028_005800.577", "INSPIREID_LOCALID": "IT.AGE.PLA.I028_005800.577", "INSPIREID_NAMESPACE": "IT.AGE.PLA.", "LABEL": "577", "NATIONALCADASTRALREFERENCE": "I028_005800.577", "ADMINISTRATIVEUNIT": "I028" }, "geometry": { "type": "Polygon", "coordinates": [ [ [ 14.2031871, 37.87709694 ], [ 14.20323762, 37.87704452 ], [ 14.20333176, 37.87700036 ], [ 14.20341098, 37.87697098 ], [ 14.20354465, 37.8769229 ], [ 14.20369763, 37.87693272 ], [ 14.20393539, 37.87683943 ], [ 14.20400634, 37.87681541 ], [ 14.2040868, 37.87693474 ], [ 14.20405505, 37.87692519 ], [ 14.20394844, 37.87691211 ], [ 14.20387233, 37.8769134 ], [ 14.20379401, 37.87692003 ], [ 14.20371668, 37.87693301 ], [ 14.20366215, 37.87694884 ], [ 14.20361725, 37.87696494 ], [ 14.20319326, 37.87711792 ], [ 14.2031871, 37.87709694 ] ] ] } },
{ "type": "Feature", "properties": { "gml_id": "CadastralParcel.IT.AGE.PLA.I028_005800.578", "INSPIREID_LOCALID": "IT.AGE.PLA.I028_005800.578", "INSPIREID_NAMESPACE": "IT.AGE.PLA.", "LABEL": "578", "NATIONALCADASTRALREFERENCE": "I028_005800.578", "ADMINISTRATIVEUNIT": "I028" }, "geometry": { "type": "Polygon", "coordinates": [ [ [ 14.2031871, 37.87709694 ], [ 14.2030754, 37.87701019 ], [ 14.20326989, 37.87694174 ], [ 14.20341633, 37.87688988 ], [ 14.2036429, 37.87681349 ], [ 14.20380355, 37.87679315 ], [ 14.20392671, 37.8767835 ], [ 14.20394076, 37.87678185 ], [ 14.2039868, 37.87678167 ], [ 14.20402133, 37.87679281 ], [ 14.20400634, 37.87681541 ], [ 14.20393539, 37.87683943 ], [ 14.20369763, 37.87693272 ], [ 14.20354465, 37.8769229 ], [ 14.20341098, 37.87697098 ], [ 14.20333176, 37.87700036 ], [ 14.20323762, 37.87704452 ], [ 14.2031871, 37.87709694 ] ] ] } },
{ "type": "Feature", "properties": { "gml_id": "CadastralParcel.IT.AGE.PLA.I028_005800.579", "INSPIREID_LOCALID": "IT.AGE.PLA.I028_005800.579", "INSPIREID_NAMESPACE": "IT.AGE.PLA.", "LABEL": "579", "NATIONALCADASTRALREFERENCE": "I028_005800.579", "ADMINISTRATIVEUNIT": "I028" }, "geometry": { "type": "Polygon", "coordinates": [ [ [ 14.2030754, 37.87701019 ], [ 14.20298596, 37.87694072 ], [ 14.20332772, 37.87686531 ], [ 14.20340084, 37.87684734 ], [ 14.20355754, 37.87680881 ], [ 14.20358167, 37.87680288 ], [ 14.20377144, 37.87673748 ], [ 14.20416699, 37.87656672 ], [ 14.20417324, 37.87656403 ], [ 14.20402133, 37.87679281 ], [ 14.2039868, 37.87678167 ], [ 14.20394076, 37.87678185 ], [ 14.20392671, 37.8767835 ], [ 14.20380355, 37.87679315 ], [ 14.2036429, 37.87681349 ], [ 14.20341633, 37.87688988 ], [ 14.20326989, 37.87694174 ], [ 14.2030754, 37.87701019 ] ] ] } },
{ "type": "Feature", "properties": { "gml_id": "CadastralParcel.IT.AGE.PLA.I028_005800.580", "INSPIREID_LOCALID": "IT.AGE.PLA.I028_005800.580", "INSPIREID_NAMESPACE": "IT.AGE.PLA.", "LABEL": "580", "NATIONALCADASTRALREFERENCE": "I028_005800.580", "ADMINISTRATIVEUNIT": "I028" }, "geometry": { "type": "Polygon", "coordinates": [ [ [ 14.20499997, 37.87712503 ], [ 14.20505612, 37.87695302 ], [ 14.20506244, 37.87695445 ], [ 14.20516919, 37.87697855 ], [ 14.20524322, 37.87696284 ], [ 14.20525568, 37.87696019 ], [ 14.20527873, 37.87696388 ], [ 14.20535659, 37.87697945 ], [ 14.20523872, 37.87721045 ], [ 14.20509014, 37.87715728 ], [ 14.20499997, 37.87712503 ] ] ] } },
{ "type": "Feature", "properties": { "gml_id": "CadastralParcel.IT.AGE.PLA.I028_005800.581", "INSPIREID_LOCALID": "IT.AGE.PLA.I028_005800.581", "INSPIREID_NAMESPACE": "IT.AGE.PLA.", "LABEL": "581", "NATIONALCADASTRALREFERENCE": "I028_005800.581", "ADMINISTRATIVEUNIT": "I028" }, "geometry": { "type": "Polygon", "coordinates": [ [ [ 14.20496738, 37.87722488 ], [ 14.20499997, 37.87712503 ], [ 14.20509014, 37.87715728 ], [ 14.20523872, 37.87721045 ], [ 14.20519271, 37.87730061 ], [ 14.20496738, 37.87722488 ] ] ] } },
{ "type": "Feature", "properties": { "gml_id": "CadastralParcel.IT.AGE.PLA.I028_005800.582", "INSPIREID_LOCALID": "IT.AGE.PLA.I028_005800.582", "INSPIREID_NAMESPACE": "IT.AGE.PLA.", "LABEL": "582", "NATIONALCADASTRALREFERENCE": "I028_005800.582", "ADMINISTRATIVEUNIT": "I028" }, "geometry": { "type": "Polygon", "coordinates": [ [ [ 14.20495108, 37.8772961 ], [ 14.20494458, 37.87729474 ], [ 14.20496738, 37.87722488 ], [ 14.20519271, 37.87730061 ], [ 14.20517587, 37.87733363 ], [ 14.20517147, 37.87734224 ], [ 14.20495108, 37.8772961 ] ] ] } },
{ "type": "Feature", "properties": { "gml_id": "CadastralParcel.IT.AGE.PLA.I028_005800.586", "INSPIREID_LOCALID": "IT.AGE.PLA.I028_005800.586", "INSPIREID_NAMESPACE": "IT.AGE.PLA.", "LABEL": "586", "NATIONALCADASTRALREFERENCE": "I028_005800.586", "ADMINISTRATIVEUNIT": "I028" }, "geometry": { "type": "Polygon", "coordinates": [ [ [ 14.20260022, 37.87761294 ], [ 14.20259736, 37.87761117 ], [ 14.20282185, 37.87749345 ], [ 14.20305037, 37.87737419 ], [ 14.20320319, 37.87729164 ], [ 14.20340466, 37.87740185 ], [ 14.20355525, 37.87743524 ], [ 14.20365942, 37.87745966 ], [ 14.20380915, 37.8773094 ], [ 14.20387128, 37.87725148 ], [ 14.20418969, 37.87708735 ], [ 14.2040868, 37.87693474 ], [ 14.20417391, 37.8769608 ], [ 14.20429843, 37.87700278 ], [ 14.20479676, 37.87716705 ], [ 14.20496738, 37.87722488 ], [ 14.20494458, 37.87729474 ], [ 14.2046631, 37.87723573 ], [ 14.20448739, 37.87730402 ], [ 14.2043717, 37.87733857 ], [ 14.20428923, 37.8774037 ], [ 14.20426829, 37.87742304 ], [ 14.2039949, 37.87754066 ], [ 14.20381828, 37.87760856 ], [ 14.20368563, 37.87768199 ], [ 14.2035778, 37.87773921 ], [ 14.20355056, 37.87775365 ], [ 14.20353982, 37.87775935 ], [ 14.20326895, 37.87778794 ], [ 14.20307512, 37.87777854 ], [ 14.20287778, 37.8777731 ], [ 14.20276364, 37.87771363 ], [ 14.20260022, 37.87761294 ] ] ] } },
{ "type": "Feature", "properties": { "gml_id": "CadastralParcel.IT.AGE.PLA.I028_005800.587", "INSPIREID_LOCALID": "IT.AGE.PLA.I028_005800.587", "INSPIREID_NAMESPACE": "IT.AGE.PLA.", "LABEL": "587", "NATIONALCADASTRALREFERENCE": "I028_005800.587", "ADMINISTRATIVEUNIT": "I028" }, "geometry": { "type": "Polygon", "coordinates": [ [ [ 14.2040868, 37.87693474 ], [ 14.20400634, 37.87681541 ], [ 14.20402133, 37.87679281 ], [ 14.20411295, 37.87682277 ], [ 14.20422685, 37.87684942 ], [ 14.20499997, 37.87712503 ], [ 14.20496738, 37.87722488 ], [ 14.20479676, 37.87716705 ], [ 14.20429843, 37.87700278 ], [ 14.20417391, 37.8769608 ], [ 14.2040868, 37.87693474 ] ] ] } },
{ "type": "Feature", "properties": { "gml_id": "CadastralParcel.IT.AGE.PLA.I028_005800.588", "INSPIREID_LOCALID": "IT.AGE.PLA.I028_005800.588", "INSPIREID_NAMESPACE": "IT.AGE.PLA.", "LABEL": "588", "NATIONALCADASTRALREFERENCE": "I028_005800.588", "ADMINISTRATIVEUNIT": "I028" }, "geometry": { "type": "Polygon", "coordinates": [ [ [ 14.20499997, 37.87712503 ], [ 14.20422685, 37.87684942 ], [ 14.20411295, 37.87682277 ], [ 14.20402133, 37.87679281 ], [ 14.20417324, 37.87656403 ], [ 14.20430483, 37.87654053 ], [ 14.20444021, 37.87653254 ], [ 14.2045397, 37.87659538 ], [ 14.20457137, 37.876649 ], [ 14.20460061, 37.87673075 ], [ 14.20460216, 37.87673512 ], [ 14.20460859, 37.87674159 ], [ 14.20467122, 37.87678681 ], [ 14.20477447, 37.87684499 ], [ 14.20482261, 37.87687446 ], [ 14.20486624, 37.87688393 ], [ 14.20492593, 37.87689719 ], [ 14.20496945, 37.87693384 ], [ 14.20506331, 37.87695177 ], [ 14.20506244, 37.87695445 ], [ 14.20505612, 37.87695302 ], [ 14.20499997, 37.87712503 ] ] ] } },
{ "type": "Feature", "properties": { "gml_id": "CadastralParcel.IT.AGE.PLA.I028_005800.589", "INSPIREID_LOCALID": "IT.AGE.PLA.I028_005800.589", "INSPIREID_NAMESPACE": "IT.AGE.PLA.", "LABEL": "589", "NATIONALCADASTRALREFERENCE": "I028_005800.589", "ADMINISTRATIVEUNIT": "I028" }, "geometry": { "type": "Polygon", "coordinates": [ [ [ 14.20164605, 37.87684859 ], [ 14.20170736, 37.87680731 ], [ 14.20173631, 37.87678978 ], [ 14.20174059, 37.87678493 ], [ 14.20175325, 37.8767764 ], [ 14.20178016, 37.87674006 ], [ 14.20178131, 37.87673851 ], [ 14.20179902, 37.87671851 ], [ 14.20183686, 37.87667577 ], [ 14.20191371, 37.8765602 ], [ 14.20193801, 37.87653402 ], [ 14.20209627, 37.87642101 ], [ 14.20221378, 37.87638211 ], [ 14.20231542, 37.87653608 ], [ 14.20238745, 37.87657836 ], [ 14.20263266, 37.87673224 ], [ 14.20286887, 37.87687156 ], [ 14.20297492, 37.87693412 ], [ 14.20298182, 37.87693824 ], [ 14.20298596, 37.87694072 ], [ 14.2030754, 37.87701019 ], [ 14.20304447, 37.87702014 ], [ 14.20294749, 37.87705269 ], [ 14.20267404, 37.87715958 ], [ 14.20236236, 37.87726968 ], [ 14.2022813, 37.87729369 ], [ 14.20224428, 37.87731909 ], [ 14.20218833, 37.87735701 ], [ 14.2021301, 37.87741423 ], [ 14.20207793, 37.87748366 ], [ 14.20207576, 37.87748917 ], [ 14.20207455, 37.87749223 ], [ 14.20199408, 37.87736792 ], [ 14.20174888, 37.87700108 ], [ 14.20164517, 37.87684918 ], [ 14.20164605, 37.87684859 ] ] ] } },
{ "type": "Feature", "properties": { "gml_id": "CadastralParcel.IT.AGE.PLA.I028_005800.590", "INSPIREID_LOCALID": "IT.AGE.PLA.I028_005800.590", "INSPIREID_NAMESPACE": "IT.AGE.PLA.", "LABEL": "590", "NATIONALCADASTRALREFERENCE": "I028_005800.590", "ADMINISTRATIVEUNIT": "I028" }, "geometry": { "type": "Polygon", "coordinates": [ [ [ 14.20224112, 37.87751135 ], [ 14.20211297, 37.87749505 ], [ 14.20208706, 37.87751154 ], [ 14.20207455, 37.87749223 ], [ 14.20207576, 37.87748917 ], [ 14.20207793, 37.87748366 ], [ 14.2021301, 37.87741423 ], [ 14.20218833, 37.87735701 ], [ 14.20224428, 37.87731909 ], [ 14.2022813, 37.87729369 ], [ 14.20236236, 37.87726968 ], [ 14.20267404, 37.87715958 ], [ 14.20294749, 37.87705269 ], [ 14.20304447, 37.87702014 ], [ 14.2030754, 37.87701019 ], [ 14.2031871, 37.87709694 ], [ 14.20319326, 37.87711792 ], [ 14.20298713, 37.87718956 ], [ 14.2028634, 37.87723037 ], [ 14.20275856, 37.87726473 ], [ 14.20263535, 37.87731191 ], [ 14.20255304, 37.87734615 ], [ 14.20243836, 37.87738014 ], [ 14.20239114, 37.87740065 ], [ 14.20235692, 37.87741856 ], [ 14.20229475, 37.87746008 ], [ 14.20224845, 37.87750164 ], [ 14.20224112, 37.87751135 ] ] ] } },
{ "type": "Feature", "properties": { "gml_id": "CadastralParcel.IT.AGE.PLA.I028_005800.591", "INSPIREID_LOCALID": "IT.AGE.PLA.I028_005800.591", "INSPIREID_NAMESPACE": "IT.AGE.PLA.", "LABEL": "591", "NATIONALCADASTRALREFERENCE": "I028_005800.591", "ADMINISTRATIVEUNIT": "I028" }, "geometry": { "type": "Polygon", "coordinates": [ [ [ 14.20224112, 37.87751135 ], [ 14.20224845, 37.87750164 ], [ 14.20229475, 37.87746008 ], [ 14.20235692, 37.87741856 ], [ 14.20239114, 37.87740065 ], [ 14.20243836, 37.87738014 ], [ 14.20255304, 37.87734615 ], [ 14.20263535, 37.87731191 ], [ 14.20275856, 37.87726473 ], [ 14.2028634, 37.87723037 ], [ 14.20298713, 37.87718956 ], [ 14.20319326, 37.87711792 ], [ 14.20324544, 37.87723493 ], [ 14.20320319, 37.87729164 ], [ 14.20305037, 37.87737419 ], [ 14.20282185, 37.87749345 ], [ 14.20259736, 37.87761117 ], [ 14.20247499, 37.87754108 ], [ 14.20224112, 37.87751135 ] ] ] } },
{ "type": "Feature", "properties": { "gml_id": "CadastralParcel.IT.AGE.PLA.I028_005900.88", "INSPIREID_LOCALID": "IT.AGE.PLA.I028_005900.88", "INSPIREID_NAMESPACE": "IT.AGE.PLA.", "LABEL": "88", "NATIONALCADASTRALREFERENCE": "I028_005900.88", "ADMINISTRATIVEUNIT": "I028" }, "geometry": { "type": "Polygon", "coordinates": [ [ [ 14.20517136, 37.88039238 ], [ 14.20518808, 37.88035899 ], [ 14.20520682, 37.88032155 ], [ 14.20520629, 37.8803187 ], [ 14.20517665, 37.8802938 ], [ 14.2051617, 37.88028124 ], [ 14.20516085, 37.8801915 ], [ 14.20516451, 37.88004511 ], [ 14.205168, 37.87996217 ], [ 14.20585026, 37.87989461 ], [ 14.20677736, 37.8798128 ], [ 14.2065135, 37.88017357 ], [ 14.20564954, 37.88033174 ], [ 14.20518674, 37.88041004 ], [ 14.20517136, 37.88039238 ] ] ] } },
{ "type": "Feature", "properties": { "gml_id": "CadastralParcel.IT.AGE.PLA.I028_005900.89", "INSPIREID_LOCALID": "IT.AGE.PLA.I028_005900.89", "INSPIREID_NAMESPACE": "IT.AGE.PLA.", "LABEL": "89", "NATIONALCADASTRALREFERENCE": "I028_005900.89", "ADMINISTRATIVEUNIT": "I028" }, "geometry": { "type": "Polygon", "coordinates": [ [ [ 14.20519701, 37.87972812 ], [ 14.20618782, 37.87958014 ], [ 14.20681338, 37.87949444 ], [ 14.20682485, 37.87954574 ], [ 14.20694437, 37.87979487 ], [ 14.20677736, 37.8798128 ], [ 14.20585026, 37.87989461 ], [ 14.205168, 37.87996217 ], [ 14.20517205, 37.87979433 ], [ 14.20519701, 37.87972812 ] ] ] } },
{ "type": "Feature", "properties": { "gml_id": "CadastralParcel.IT.AGE.PLA.I028_005900.90", "INSPIREID_LOCALID": "IT.AGE.PLA.I028_005900.90", "INSPIREID_NAMESPACE": "IT.AGE.PLA.", "LABEL": "90", "NATIONALCADASTRALREFERENCE": "I028_005900.90", "ADMINISTRATIVEUNIT": "I028" }, "geometry": { "type": "Polygon", "coordinates": [ [ [ 14.20585362, 37.8790309 ], [ 14.2059938, 37.87900303 ], [ 14.2059942, 37.87900421 ], [ 14.20618782, 37.87958014 ], [ 14.20519701, 37.87972812 ], [ 14.20519208, 37.87972886 ], [ 14.2052486, 37.87958459 ], [ 14.20528106, 37.87950279 ], [ 14.20535086, 37.87932798 ], [ 14.20535608, 37.87931549 ], [ 14.20543576, 37.87920429 ], [ 14.20547289, 37.87915335 ], [ 14.20547449, 37.87915141 ], [ 14.20548216, 37.87914512 ], [ 14.20548465, 37.87914338 ], [ 14.20574542, 37.87905144 ], [ 14.20585362, 37.8790309 ] ] ] } },
{ "type": "Feature", "properties": { "gml_id": "CadastralParcel.IT.AGE.PLA.I028_005900.91", "INSPIREID_LOCALID": "IT.AGE.PLA.I028_005900.91", "INSPIREID_NAMESPACE": "IT.AGE.PLA.", "LABEL": "91", "NATIONALCADASTRALREFERENCE": "I028_005900.91", "ADMINISTRATIVEUNIT": "I028" }, "geometry": { "type": "Polygon", "coordinates": [ [ [ 14.2059938, 37.87900303 ], [ 14.20600688, 37.87899148 ], [ 14.20603439, 37.87895809 ], [ 14.20606682, 37.87890752 ], [ 14.20609668, 37.87878427 ], [ 14.20611386, 37.87870256 ], [ 14.20615509, 37.87856303 ], [ 14.20616409, 37.87853257 ], [ 14.20617548, 37.87849136 ], [ 14.2061761, 37.87848968 ], [ 14.20618529, 37.87840494 ], [ 14.20631577, 37.87859254 ], [ 14.20640267, 37.87872801 ], [ 14.20646617, 37.87884348 ], [ 14.20646005, 37.87901268 ], [ 14.20681302, 37.87931854 ], [ 14.20681338, 37.87949444 ], [ 14.20618782, 37.87958014 ], [ 14.2059942, 37.87900421 ], [ 14.2059938, 37.87900303 ] ] ] } },
{ "type": "Feature", "properties": { "gml_id": "CadastralParcel.IT.AGE.PLA.I028_005900.94", "INSPIREID_LOCALID": "IT.AGE.PLA.I028_005900.94", "INSPIREID_NAMESPACE": "IT.AGE.PLA.", "LABEL": "94", "NATIONALCADASTRALREFERENCE": "I028_005900.94", "ADMINISTRATIVEUNIT": "I028" }, "geometry": { "type": "Polygon", "coordinates": [ [ [ 14.20526647, 37.88062274 ], [ 14.20527297, 37.8806167 ], [ 14.2052795, 37.88061062 ], [ 14.20529876, 37.88053905 ], [ 14.20529501, 37.88053442 ], [ 14.20518674, 37.88041004 ], [ 14.20564954, 37.88033174 ], [ 14.2065135, 37.88017357 ], [ 14.20645423, 37.88026966 ], [ 14.20651879, 37.88041748 ], [ 14.20613322, 37.88041373 ], [ 14.2058528, 37.88052289 ], [ 14.20535079, 37.88064455 ], [ 14.20527103, 37.88062392 ], [ 14.20526647, 37.88062274 ] ] ] } },
{ "type": "Feature", "properties": { "gml_id": "CadastralParcel.IT.AGE.PLA.I028_005900.98", "INSPIREID_LOCALID": "IT.AGE.PLA.I028_005900.98", "INSPIREID_NAMESPACE": "IT.AGE.PLA.", "LABEL": "98", "NATIONALCADASTRALREFERENCE": "I028_005900.98", "ADMINISTRATIVEUNIT": "I028" }, "geometry": { "type": "Polygon", "coordinates": [ [ [ 14.2065135, 37.88017357 ], [ 14.20677736, 37.8798128 ], [ 14.20694437, 37.87979487 ], [ 14.20703291, 37.88000577 ], [ 14.20708815, 37.88006888 ], [ 14.2065135, 37.88017357 ] ] ] } },
{ "type": "Feature", "properties": { "gml_id": "CadastralParcel.IT.AGE.PLA.I028_005900.99", "INSPIREID_LOCALID": "IT.AGE.PLA.I028_005900.99", "INSPIREID_NAMESPACE": "IT.AGE.PLA.", "LABEL": "99", "NATIONALCADASTRALREFERENCE": "I028_005900.99", "ADMINISTRATIVEUNIT": "I028" }, "geometry": { "type": "Polygon", "coordinates": [ [ [ 14.20651879, 37.88041748 ], [ 14.20645423, 37.88026966 ], [ 14.2065135, 37.88017357 ], [ 14.20708815, 37.88006888 ], [ 14.20721704, 37.88023872 ], [ 14.20730655, 37.88033483 ], [ 14.2073717, 37.88038834 ], [ 14.20657519, 37.88054193 ], [ 14.20651879, 37.88041748 ] ] ] } },
{ "type": "Feature", "properties": { "gml_id": "CadastralParcel.IT.AGE.PLA.I028_005800.99", "INSPIREID_LOCALID": "IT.AGE.PLA.I028_005800.99", "INSPIREID_NAMESPACE": "IT.AGE.PLA.", "LABEL": "99", "NATIONALCADASTRALREFERENCE": "I028_005800.99", "ADMINISTRATIVEUNIT": "I028" }, "geometry": { "type": "Polygon", "coordinates": [ [ [ 14.20318681, 37.87916754 ], [ 14.20314452, 37.87913299 ], [ 14.20306931, 37.87904438 ], [ 14.20300755, 37.87896713 ], [ 14.20288288, 37.87887528 ], [ 14.20284242, 37.87883621 ], [ 14.20280809, 37.87879455 ], [ 14.20271211, 37.87873898 ], [ 14.20262941, 37.878641 ], [ 14.20260227, 37.87856198 ], [ 14.20255844, 37.87841939 ], [ 14.2025641, 37.87838081 ], [ 14.20253042, 37.87827087 ], [ 14.20273863, 37.87822862 ], [ 14.20263043, 37.87810927 ], [ 14.20249858, 37.87813931 ], [ 14.20241233, 37.8780498 ], [ 14.20236789, 37.87798124 ], [ 14.20227919, 37.87793694 ], [ 14.20225362, 37.87788368 ], [ 14.20229123, 37.87784569 ], [ 14.20235749, 37.87786902 ], [ 14.20258443, 37.87803021 ], [ 14.20276486, 37.87809942 ], [ 14.20294873, 37.87810968 ], [ 14.2032704, 37.87813395 ], [ 14.20359668, 37.87809791 ], [ 14.2036627, 37.87808698 ], [ 14.20412767, 37.87787673 ], [ 14.20445923, 37.87773438 ], [ 14.20453936, 37.87767061 ], [ 14.20455279, 37.87767838 ], [ 14.20457263, 37.87775429 ], [ 14.20457962, 37.87783013 ], [ 14.20458689, 37.87789289 ], [ 14.20457958, 37.87792996 ], [ 14.20449185, 37.87800187 ], [ 14.20450038, 37.87803103 ], [ 14.20455813, 37.87805193 ], [ 14.20463403, 37.87809392 ], [ 14.20452913, 37.87815256 ], [ 14.2045321, 37.87819316 ], [ 14.20464294, 37.87822677 ], [ 14.20467426, 37.87828092 ], [ 14.20468697, 37.8783934 ], [ 14.20469409, 37.87848852 ], [ 14.20470194, 37.8785794 ], [ 14.2040075, 37.87884578 ], [ 14.20318681, 37.87916754 ] ] ] } },
{ "type": "Feature", "properties": { "gml_id": "CadastralParcel.IT.AGE.PLA.I028_005900.ACQUA001", "INSPIREID_LOCALID": "IT.AGE.PLA.I028_005900.ACQUA001", "INSPIREID_NAMESPACE": "IT.AGE.PLA.", "LABEL": "ACQUA001", "NATIONALCADASTRALREFERENCE": "I028_005900.ACQUA001", "ADMINISTRATIVEUNIT": "I028" }, "geometry": { "type": "Polygon", "coordinates": [ [ [ 14.21524683, 37.89698119 ], [ 14.21524831, 37.8969842 ], [ 14.21524392, 37.89698361 ], [ 14.21518086, 37.89703588 ], [ 14.21508848, 37.89709272 ], [ 14.21508452, 37.89709367 ], [ 14.21508072, 37.89709422 ], [ 14.21510222, 37.8970518 ], [ 14.21514278, 37.89696265 ], [ 14.21507268, 37.89686368 ], [ 14.21505915, 37.89678669 ], [ 14.21496349, 37.89667246 ], [ 14.21492145, 37.89660906 ], [ 14.21476515, 37.89636471 ], [ 14.21481122, 37.8963011 ], [ 14.21498987, 37.89606636 ], [ 14.21504857, 37.89600292 ], [ 14.21518116, 37.89589851 ], [ 14.21516833, 37.89586278 ], [ 14.21517604, 37.89563132 ], [ 14.21517703, 37.89560471 ], [ 14.21511181, 37.89546352 ], [ 14.2151284, 37.89535278 ], [ 14.21518378, 37.89526892 ], [ 14.21525967, 37.89509183 ], [ 14.2152266, 37.89493868 ], [ 14.21513982, 37.89479567 ], [ 14.21506391, 37.89465903 ], [ 14.21508467, 37.89435566 ], [ 14.21508499, 37.89427805 ], [ 14.21504574, 37.89390702 ], [ 14.21503396, 37.8938122 ], [ 14.21515089, 37.89369072 ], [ 14.21542079, 37.89338589 ], [ 14.21556281, 37.89330505 ], [ 14.21577358, 37.89318291 ], [ 14.21585096, 37.89308846 ], [ 14.21597689, 37.89298853 ], [ 14.21595457, 37.892847 ], [ 14.21608605, 37.89276106 ], [ 14.21626554, 37.89263208 ], [ 14.21632682, 37.89235076 ], [ 14.2164161, 37.89186168 ], [ 14.21648337, 37.89153115 ], [ 14.216556, 37.89145351 ], [ 14.21693735, 37.89103149 ], [ 14.21704292, 37.89091414 ], [ 14.21726637, 37.89069048 ], [ 14.21721215, 37.89061359 ], [ 14.21713636, 37.89051241 ], [ 14.21716463, 37.8904121 ], [ 14.2171764, 37.89039965 ], [ 14.21717033, 37.89038366 ], [ 14.21721778, 37.89023439 ], [ 14.21714135, 37.88999688 ], [ 14.21722865, 37.88986237 ], [ 14.21722335, 37.88983116 ], [ 14.21721784, 37.88960693 ], [ 14.21715339, 37.88942953 ], [ 14.21711534, 37.88933281 ], [ 14.21714741, 37.88913281 ], [ 14.21708723, 37.88907852 ], [ 14.21689054, 37.88899141 ], [ 14.21680299, 37.88884378 ], [ 14.2169019, 37.8886703 ], [ 14.21687673, 37.88844267 ], [ 14.21685272, 37.88838437 ], [ 14.2167596, 37.88826361 ], [ 14.21661997, 37.88810897 ], [ 14.21661772, 37.888062 ], [ 14.21655544, 37.88785641 ], [ 14.21646626, 37.88773629 ], [ 14.21638218, 37.88749826 ], [ 14.21634529, 37.88742288 ], [ 14.21623635, 37.88723523 ], [ 14.21617648, 37.88718343 ], [ 14.21605179, 37.88708021 ], [ 14.21599155, 37.88705135 ], [ 14.21579701, 37.88696605 ], [ 14.21573204, 37.88687686 ], [ 14.21559074, 37.88678936 ], [ 14.2153761, 37.88675317 ], [ 14.21499609, 37.88667889 ], [ 14.21481478, 37.88664386 ], [ 14.21455782, 37.88659689 ], [ 14.2144453, 37.8863813 ], [ 14.21423114, 37.8862799 ], [ 14.21393693, 37.88617872 ], [ 14.21381408, 37.88603481 ], [ 14.21366999, 37.8858451 ], [ 14.21351576, 37.88567659 ], [ 14.21342803, 37.8855746 ], [ 14.21332137, 37.88549764 ], [ 14.21314334, 37.88536002 ], [ 14.21304797, 37.88524529 ], [ 14.21297889, 37.88518279 ], [ 14.21300927, 37.88490579 ], [ 14.21298494, 37.88452603 ], [ 14.21288031, 37.88444329 ], [ 14.2127105, 37.8843102 ], [ 14.21266852, 37.88424475 ], [ 14.21255516, 37.88410329 ], [ 14.21250118, 37.8840302 ], [ 14.21245318, 37.88391567 ], [ 14.21243164, 37.88380659 ], [ 14.21242037, 37.88373462 ], [ 14.21238034, 37.88369413 ], [ 14.2123286, 37.88345996 ], [ 14.21232617, 37.88342813 ], [ 14.21231059, 37.88331547 ], [ 14.21234641, 37.88303079 ], [ 14.21228747, 37.88290786 ], [ 14.21219645, 37.8828045 ], [ 14.21210125, 37.88271263 ], [ 14.21206084, 37.88265612 ], [ 14.21195752, 37.88252415 ], [ 14.21191531, 37.88245224 ], [ 14.21184075, 37.88235749 ], [ 14.21183243, 37.88231588 ], [ 14.2117942, 37.88215068 ], [ 14.21161777, 37.88198785 ], [ 14.21134772, 37.88194689 ], [ 14.21124307, 37.88208677 ], [ 14.21122786, 37.88209885 ], [ 14.21122946, 37.88216883 ], [ 14.2112052, 37.88234697 ], [ 14.21108058, 37.88243724 ], [ 14.21082102, 37.88261968 ], [ 14.21058057, 37.88250548 ], [ 14.21035468, 37.88238605 ], [ 14.21032866, 37.88232146 ], [ 14.21026312, 37.88216995 ], [ 14.21013171, 37.88209318 ], [ 14.20997547, 37.88198682 ], [ 14.20990191, 37.8819191 ], [ 14.20978501, 37.88182823 ], [ 14.20976422, 37.88167055 ], [ 14.20973945, 37.88165961 ], [ 14.20967246, 37.88156136 ], [ 14.20961641, 37.88149648 ], [ 14.20957586, 37.88147753 ], [ 14.20947837, 37.8814181 ], [ 14.20925378, 37.88129459 ], [ 14.20922983, 37.88112502 ], [ 14.20915792, 37.8809912 ], [ 14.20911548, 37.88091404 ], [ 14.20897582, 37.88078423 ], [ 14.20889077, 37.88078351 ], [ 14.20887068, 37.88076101 ], [ 14.20885378, 37.88071311 ], [ 14.20878381, 37.88055263 ], [ 14.20879895, 37.88049601 ], [ 14.20880987, 37.88028695 ], [ 14.2088237, 37.88022431 ], [ 14.20888327, 37.87999597 ], [ 14.20894421, 37.87970467 ], [ 14.20880607, 37.87948932 ], [ 14.20878498, 37.87948748 ], [ 14.20875146, 37.87947567 ], [ 14.20872731, 37.87946503 ], [ 14.20867494, 37.87943826 ], [ 14.20837045, 37.87934798 ], [ 14.20812557, 37.87905557 ], [ 14.20809061, 37.87887434 ], [ 14.20807687, 37.87885049 ], [ 14.20811168, 37.87872805 ], [ 14.20807639, 37.87871523 ], [ 14.20800528, 37.87859967 ], [ 14.20795381, 37.87853341 ], [ 14.20802024, 37.87840093 ], [ 14.20824802, 37.87772012 ], [ 14.2082576, 37.87757673 ], [ 14.20842379, 37.87749206 ], [ 14.20842479, 37.87748376 ], [ 14.20842687, 37.87748283 ], [ 14.20842672, 37.87756923 ], [ 14.20838286, 37.87772697 ], [ 14.20825475, 37.87826716 ], [ 14.20821483, 37.87843525 ], [ 14.20822032, 37.87860414 ], [ 14.20832359, 37.87866791 ], [ 14.20828462, 37.87901932 ], [ 14.20848381, 37.87919925 ], [ 14.20863489, 37.87922764 ], [ 14.20884424, 37.87922097 ], [ 14.20901705, 37.87927661 ], [ 14.20910358, 37.87930684 ], [ 14.20915159, 37.87951062 ], [ 14.20915834, 37.8795442 ], [ 14.20905569, 37.87976499 ], [ 14.20907184, 37.87994971 ], [ 14.20899839, 37.88037779 ], [ 14.20897546, 37.88060848 ], [ 14.2092106, 37.88078434 ], [ 14.20926204, 37.88082552 ], [ 14.2094025, 37.88112589 ], [ 14.20943717, 37.88122523 ], [ 14.20978622, 37.88144395 ], [ 14.20980166, 37.88148748 ], [ 14.20985412, 37.88162285 ], [ 14.21014326, 37.88197634 ], [ 14.21048407, 37.88204395 ], [ 14.21078026, 37.88212471 ], [ 14.21088453, 37.882129 ], [ 14.21092209, 37.88201263 ], [ 14.21095598, 37.88193052 ], [ 14.21114262, 37.88179812 ], [ 14.21146818, 37.88178513 ], [ 14.21172048, 37.88176308 ], [ 14.21177555, 37.88176924 ], [ 14.2118848, 37.8818312 ], [ 14.21201301, 37.88189751 ], [ 14.2119944, 37.88214825 ], [ 14.21199113, 37.88230264 ], [ 14.21207958, 37.88244063 ], [ 14.21218723, 37.882575 ], [ 14.21252604, 37.88271207 ], [ 14.21255485, 37.88310166 ], [ 14.2125512, 37.88322485 ], [ 14.21254004, 37.88333846 ], [ 14.21257986, 37.88345229 ], [ 14.21264737, 37.88360825 ], [ 14.21264844, 37.88398367 ], [ 14.21280515, 37.88417659 ], [ 14.21287944, 37.88425853 ], [ 14.21297753, 37.88433549 ], [ 14.21311562, 37.88445586 ], [ 14.21322544, 37.88504626 ], [ 14.21324763, 37.88530148 ], [ 14.2134017, 37.88540871 ], [ 14.21365763, 37.88558378 ], [ 14.21377823, 37.8856953 ], [ 14.21390974, 37.88580874 ], [ 14.21409633, 37.88605797 ], [ 14.21414431, 37.88609443 ], [ 14.21431286, 37.88618917 ], [ 14.21460223, 37.88628151 ], [ 14.21462965, 37.88634817 ], [ 14.21470524, 37.88652003 ], [ 14.21492213, 37.88658138 ], [ 14.21530675, 37.88657451 ], [ 14.21555952, 37.88658452 ], [ 14.21590877, 37.88658627 ], [ 14.21621129, 37.88651396 ], [ 14.21635762, 37.88645517 ], [ 14.21668365, 37.88619028 ], [ 14.21681892, 37.88608474 ], [ 14.21714167, 37.88611181 ], [ 14.21740316, 37.88606291 ], [ 14.21756472, 37.88603103 ], [ 14.21775889, 37.88612439 ], [ 14.2181371, 37.88607046 ], [ 14.21837445, 37.88599771 ], [ 14.21837394, 37.88599977 ], [ 14.2183591, 37.88606992 ], [ 14.21834564, 37.88613857 ], [ 14.21818515, 37.88622491 ], [ 14.218177, 37.88622614 ], [ 14.21790362, 37.88626757 ], [ 14.21735235, 37.88621595 ], [ 14.21725887, 37.88620719 ], [ 14.2171793, 37.8862051 ], [ 14.21688181, 37.88619729 ], [ 14.2168641, 37.88620947 ], [ 14.21624951, 37.88660872 ], [ 14.21615764, 37.88666701 ], [ 14.21580693, 37.88676072 ], [ 14.21581875, 37.88676906 ], [ 14.21588728, 37.88681765 ], [ 14.21605964, 37.88693899 ], [ 14.2161023, 37.88705898 ], [ 14.21626057, 37.88712272 ], [ 14.2162705, 37.88712672 ], [ 14.21632466, 37.88713534 ], [ 14.21634271, 37.88713911 ], [ 14.21640431, 37.88723774 ], [ 14.21640544, 37.88724227 ], [ 14.21640637, 37.88724602 ], [ 14.2164438, 37.88749634 ], [ 14.2164721, 37.88756377 ], [ 14.21652646, 37.8876933 ], [ 14.21652765, 37.88769613 ], [ 14.21656381, 37.88773204 ], [ 14.21664413, 37.88781535 ], [ 14.21674192, 37.88800785 ], [ 14.21679601, 37.88822101 ], [ 14.21692485, 37.88837894 ], [ 14.21693705, 37.88840008 ], [ 14.21700714, 37.88868034 ], [ 14.2169302, 37.88876732 ], [ 14.21685933, 37.88883625 ], [ 14.21686391, 37.88884225 ], [ 14.21688212, 37.88886608 ], [ 14.21695371, 37.88895981 ], [ 14.21700206, 37.88896614 ], [ 14.21710192, 37.88898571 ], [ 14.21718596, 37.88903155 ], [ 14.21725148, 37.88907619 ], [ 14.21732041, 37.88936599 ], [ 14.21732374, 37.88936819 ], [ 14.21732435, 37.88937185 ], [ 14.21735305, 37.88941058 ], [ 14.21735088, 37.88988421 ], [ 14.21734437, 37.88990889 ], [ 14.21730013, 37.89006405 ], [ 14.21729849, 37.89008281 ], [ 14.21728739, 37.89022995 ], [ 14.21727718, 37.89051015 ], [ 14.21728404, 37.89053075 ], [ 14.21731915, 37.8906778 ], [ 14.21729017, 37.89071747 ], [ 14.21719859, 37.89082681 ], [ 14.21686765, 37.89122338 ], [ 14.2166432, 37.89145226 ], [ 14.21655874, 37.89154148 ], [ 14.21651225, 37.89177165 ], [ 14.2164778, 37.89193843 ], [ 14.21647587, 37.89194775 ], [ 14.21647108, 37.89197094 ], [ 14.21645561, 37.89204584 ], [ 14.21642303, 37.8922119 ], [ 14.21640603, 37.89229759 ], [ 14.216403, 37.89231287 ], [ 14.21637413, 37.89245598 ], [ 14.21634881, 37.89257667 ], [ 14.21632642, 37.89264855 ], [ 14.21609398, 37.89282008 ], [ 14.21608347, 37.8928275 ], [ 14.2160777, 37.89282448 ], [ 14.21602713, 37.89285305 ], [ 14.21602964, 37.89286548 ], [ 14.21602745, 37.89286703 ], [ 14.21605221, 37.8929952 ], [ 14.21589526, 37.89313516 ], [ 14.21588793, 37.89314723 ], [ 14.21580378, 37.89328584 ], [ 14.2157942, 37.89329728 ], [ 14.2157793, 37.89331581 ], [ 14.21565578, 37.89341944 ], [ 14.21550378, 37.89352483 ], [ 14.21548753, 37.89353609 ], [ 14.21548451, 37.89353819 ], [ 14.21546359, 37.89357191 ], [ 14.21533306, 37.89376723 ], [ 14.21511887, 37.89384509 ], [ 14.21512136, 37.89385215 ], [ 14.21518797, 37.89404141 ], [ 14.21519225, 37.89405358 ], [ 14.21524959, 37.89421891 ], [ 14.21528839, 37.89442548 ], [ 14.21521556, 37.89459181 ], [ 14.2152088, 37.89461269 ], [ 14.21520285, 37.89463082 ], [ 14.21519995, 37.89464001 ], [ 14.21530949, 37.89485124 ], [ 14.21532654, 37.89488876 ], [ 14.21535846, 37.8949989 ], [ 14.21537505, 37.8950617 ], [ 14.21537534, 37.8950722 ], [ 14.21533895, 37.895217 ], [ 14.2153212, 37.89525315 ], [ 14.2152481, 37.89540202 ], [ 14.21524298, 37.89542499 ], [ 14.21523913, 37.89544224 ], [ 14.21523561, 37.89545803 ], [ 14.21529694, 37.89559556 ], [ 14.21528793, 37.89580249 ], [ 14.21528742, 37.89581091 ], [ 14.2152873, 37.8959242 ], [ 14.21522444, 37.89598826 ], [ 14.21520136, 37.89601168 ], [ 14.21511932, 37.89609067 ], [ 14.21510076, 37.89611377 ], [ 14.21501261, 37.89622351 ], [ 14.21497559, 37.89627357 ], [ 14.21496946, 37.89628153 ], [ 14.21490547, 37.89636836 ], [ 14.21489673, 37.89638023 ], [ 14.21504322, 37.89662449 ], [ 14.2150516, 37.89663847 ], [ 14.21505336, 37.8966414 ], [ 14.21516993, 37.89674441 ], [ 14.21518962, 37.89684959 ], [ 14.21519934, 37.89687196 ], [ 14.21520376, 37.89689378 ], [ 14.21524683, 37.89698119 ] ] ] } },
{ "type": "Feature", "properties": { "gml_id": "CadastralParcel.IT.AGE.PLA.D977_002200.ACQUA002", "INSPIREID_LOCALID": "IT.AGE.PLA.D977_002200.ACQUA002", "INSPIREID_NAMESPACE": "IT.AGE.PLA.", "LABEL": "ACQUA002", "NATIONALCADASTRALREFERENCE": "D977_002200.ACQUA002", "ADMINISTRATIVEUNIT": "D977" }, "geometry": { "type": "Polygon", "coordinates": [ [ [ 14.20133968, 37.87353658 ], [ 14.20132667, 37.87354408 ], [ 14.20131109, 37.87355866 ], [ 14.20113988, 37.87349391 ], [ 14.20115256, 37.87349642 ], [ 14.20115536, 37.87349663 ], [ 14.20168695, 37.87337227 ], [ 14.20234683, 37.87322053 ], [ 14.20244982, 37.87320904 ], [ 14.20260391, 37.87320994 ], [ 14.20287199, 37.87330909 ], [ 14.20341993, 37.87350749 ], [ 14.20356211, 37.87390357 ], [ 14.20370951, 37.87431659 ], [ 14.20376671, 37.87450325 ], [ 14.20380304, 37.87455558 ], [ 14.20393057, 37.87472684 ], [ 14.20400383, 37.87481246 ], [ 14.20427665, 37.87499805 ], [ 14.20444528, 37.87512177 ], [ 14.2045514, 37.87516928 ], [ 14.20459948, 37.87517728 ], [ 14.2047922, 37.87520128 ], [ 14.204986, 37.87512258 ], [ 14.20504484, 37.87490364 ], [ 14.20507427, 37.87479162 ], [ 14.2050734, 37.87465421 ], [ 14.20504776, 37.87440486 ], [ 14.20511234, 37.87422132 ], [ 14.20514245, 37.8741414 ], [ 14.20513513, 37.87403111 ], [ 14.20515825, 37.87384571 ], [ 14.20516518, 37.873798 ], [ 14.20534046, 37.87345528 ], [ 14.20544381, 37.87319709 ], [ 14.20553075, 37.87293066 ], [ 14.20558236, 37.87272575 ], [ 14.2056648, 37.87257376 ], [ 14.20574463, 37.87240285 ], [ 14.2059877, 37.87230905 ], [ 14.20615274, 37.87215947 ], [ 14.20633826, 37.87207263 ], [ 14.20649705, 37.87199459 ], [ 14.20655932, 37.87201696 ], [ 14.20670221, 37.87200242 ], [ 14.20680362, 37.87194457 ], [ 14.20690003, 37.87180473 ], [ 14.20690043, 37.87174652 ], [ 14.20698196, 37.87159354 ], [ 14.20700804, 37.87152933 ], [ 14.20702377, 37.87136098 ], [ 14.20702901, 37.87117056 ], [ 14.20703942, 37.87104219 ], [ 14.2070394, 37.8710112 ], [ 14.20717042, 37.87085156 ], [ 14.20730661, 37.87066918 ], [ 14.20737843, 37.87062447 ], [ 14.20758078, 37.87056606 ], [ 14.20776361, 37.87054507 ], [ 14.20782315, 37.87054573 ], [ 14.20787752, 37.87054634 ], [ 14.20801505, 37.87057577 ], [ 14.20813644, 37.87057217 ], [ 14.20825271, 37.87057717 ], [ 14.20826197, 37.87059102 ], [ 14.2083439, 37.87061363 ], [ 14.20844512, 37.87064201 ], [ 14.20860995, 37.87066067 ], [ 14.20870322, 37.87067198 ], [ 14.20886395, 37.87071663 ], [ 14.20899482, 37.87066684 ], [ 14.20897211, 37.87049918 ], [ 14.20894636, 37.87038481 ], [ 14.20886308, 37.87021802 ], [ 14.20886043, 37.8701402 ], [ 14.20887049, 37.86994747 ], [ 14.20882025, 37.86985844 ], [ 14.20876003, 37.86974392 ], [ 14.20886274, 37.86946285 ], [ 14.20893022, 37.86935211 ], [ 14.20902757, 37.86913918 ], [ 14.20917107, 37.86899793 ], [ 14.20928474, 37.86885723 ], [ 14.20937932, 37.86877107 ], [ 14.21026331, 37.86812159 ], [ 14.21054568, 37.86790353 ], [ 14.21100589, 37.86758391 ], [ 14.21134496, 37.86734959 ], [ 14.21159155, 37.86715094 ], [ 14.21186211, 37.86695984 ], [ 14.21196915, 37.86687276 ], [ 14.21204732, 37.86682512 ], [ 14.21217279, 37.86675405 ], [ 14.21226483, 37.86680113 ], [ 14.21224038, 37.8669669 ], [ 14.21218128, 37.86700008 ], [ 14.21216168, 37.86701144 ], [ 14.21190465, 37.86717447 ], [ 14.21165555, 37.86734587 ], [ 14.21152799, 37.86742489 ], [ 14.21135399, 37.86753056 ], [ 14.21088868, 37.86785623 ], [ 14.21069905, 37.86800159 ], [ 14.21026214, 37.86832931 ], [ 14.20964858, 37.86877391 ], [ 14.20939067, 37.8689616 ], [ 14.20919751, 37.86916104 ], [ 14.20908626, 37.86933697 ], [ 14.20902297, 37.86960725 ], [ 14.20910543, 37.86988973 ], [ 14.20926134, 37.87039029 ], [ 14.20926713, 37.87045041 ], [ 14.20927642, 37.870526 ], [ 14.20925701, 37.87066781 ], [ 14.20908572, 37.87080279 ], [ 14.20896656, 37.87087409 ], [ 14.20890797, 37.8708725 ], [ 14.20870322, 37.87085248 ], [ 14.20836082, 37.87082023 ], [ 14.20811089, 37.87078174 ], [ 14.20799476, 37.87078542 ], [ 14.2077711, 37.87094918 ], [ 14.20765927, 37.8710277 ], [ 14.20747723, 37.87124179 ], [ 14.20731997, 37.87145761 ], [ 14.20723062, 37.87162226 ], [ 14.20712701, 37.87190928 ], [ 14.20703223, 37.87205312 ], [ 14.20700485, 37.87208167 ], [ 14.20677691, 37.872219 ], [ 14.206569, 37.87236311 ], [ 14.20634235, 37.87246617 ], [ 14.20611998, 37.87255208 ], [ 14.20609192, 37.87256239 ], [ 14.20588473, 37.87277789 ], [ 14.20582608, 37.87285708 ], [ 14.20571762, 37.87311345 ], [ 14.20551874, 37.87340639 ], [ 14.20546074, 37.87349061 ], [ 14.20541907, 37.87377609 ], [ 14.2053925, 37.87393086 ], [ 14.20532732, 37.87412946 ], [ 14.20527417, 37.87425733 ], [ 14.20529386, 37.87435778 ], [ 14.20536524, 37.87475526 ], [ 14.20540605, 37.87488781 ], [ 14.20553692, 37.87480011 ], [ 14.20561457, 37.87477407 ], [ 14.20567645, 37.87476552 ], [ 14.20583405, 37.87474652 ], [ 14.20592996, 37.87474112 ], [ 14.20605388, 37.87477288 ], [ 14.20612751, 37.8748058 ], [ 14.20618888, 37.87489688 ], [ 14.20625595, 37.87498301 ], [ 14.20633018, 37.87508356 ], [ 14.20646107, 37.87521216 ], [ 14.20662331, 37.87535472 ], [ 14.20717977, 37.8753227 ], [ 14.20726336, 37.87539864 ], [ 14.20745523, 37.87554495 ], [ 14.20755249, 37.87565475 ], [ 14.20761336, 37.87579005 ], [ 14.20770386, 37.87605659 ], [ 14.20771398, 37.87616394 ], [ 14.20761932, 37.87652371 ], [ 14.20747698, 37.87692884 ], [ 14.20745635, 37.8769979 ], [ 14.2077234, 37.87701678 ], [ 14.20796759, 37.87698365 ], [ 14.2080857, 37.87701771 ], [ 14.20813595, 37.87704236 ], [ 14.20834111, 37.87719497 ], [ 14.20830484, 37.87721049 ], [ 14.20810447, 37.87709566 ], [ 14.20793582, 37.87703192 ], [ 14.20781001, 37.87704069 ], [ 14.20760904, 37.87704279 ], [ 14.2074752, 37.87704127 ], [ 14.20740597, 37.87696945 ], [ 14.20741569, 37.87690041 ], [ 14.20755747, 37.87649118 ], [ 14.20763588, 37.8762395 ], [ 14.20766252, 37.87611645 ], [ 14.20759348, 37.87592759 ], [ 14.20748627, 37.87571531 ], [ 14.20737535, 37.87557163 ], [ 14.20717885, 37.87542002 ], [ 14.20682204, 37.87540898 ], [ 14.20655029, 37.87537621 ], [ 14.20648238, 37.87536798 ], [ 14.20624081, 37.87510472 ], [ 14.20609951, 37.87491804 ], [ 14.20591886, 37.87485355 ], [ 14.20567063, 37.87485838 ], [ 14.20542692, 37.87494608 ], [ 14.20496501, 37.87521429 ], [ 14.20474825, 37.87530186 ], [ 14.20459581, 37.87528236 ], [ 14.20434863, 37.87520598 ], [ 14.20393817, 37.87495954 ], [ 14.20368451, 37.8746934 ], [ 14.20359701, 37.87446036 ], [ 14.2034692, 37.87398249 ], [ 14.20332591, 37.87362859 ], [ 14.20308842, 37.87350627 ], [ 14.20270076, 37.87336961 ], [ 14.20240412, 37.87334233 ], [ 14.20161259, 37.87345404 ], [ 14.20133968, 37.87353658 ] ] ] } },
{ "type": "Feature", "properties": { "gml_id": "CadastralParcel.IT.AGE.PLA.I028_005800.STRADA003", "INSPIREID_LOCALID": "IT.AGE.PLA.I028_005800.STRADA003", "INSPIREID_NAMESPACE": "IT.AGE.PLA.", "LABEL": "STRADA003", "NATIONALCADASTRALREFERENCE": "I028_005800.STRADA003", "ADMINISTRATIVEUNIT": "I028" }, "geometry": { "type": "Polygon", "coordinates": [ [ [ 14.20836091, 37.87731573 ], [ 14.20842208, 37.87747068 ], [ 14.20842536, 37.877479 ], [ 14.20842379, 37.87749206 ], [ 14.20825926, 37.87757588 ], [ 14.20825758, 37.87757595 ], [ 14.2082534, 37.87738304 ], [ 14.20818331, 37.87726303 ], [ 14.20811207, 37.87718179 ], [ 14.20791708, 37.87711046 ], [ 14.20778068, 37.87709164 ], [ 14.20768371, 37.87711015 ], [ 14.20743355, 37.87705871 ], [ 14.20734534, 37.8769776 ], [ 14.20738546, 37.87680508 ], [ 14.20746997, 37.87640974 ], [ 14.20749247, 37.87636775 ], [ 14.20755947, 37.87608326 ], [ 14.20743105, 37.87574005 ], [ 14.20726563, 37.87557469 ], [ 14.20701926, 37.87550343 ], [ 14.20686107, 37.87545571 ], [ 14.20657783, 37.87555731 ], [ 14.20638611, 37.87557448 ], [ 14.20624267, 37.87538737 ], [ 14.20622621, 37.875307 ], [ 14.20606563, 37.87507387 ], [ 14.20591639, 37.87499349 ], [ 14.20578128, 37.87496854 ], [ 14.2055714, 37.87502959 ], [ 14.20547594, 37.87513835 ], [ 14.20535016, 37.87526855 ], [ 14.2052196, 37.87531746 ], [ 14.20501968, 37.87539468 ], [ 14.20467982, 37.87544441 ], [ 14.20438735, 37.87546126 ], [ 14.20359928, 37.87518938 ], [ 14.20359472, 37.87515687 ], [ 14.203543, 37.87507015 ], [ 14.20346279, 37.87492847 ], [ 14.20343137, 37.87486632 ], [ 14.20337142, 37.87472676 ], [ 14.20332287, 37.87459987 ], [ 14.20329651, 37.87448368 ], [ 14.20327647, 37.87437646 ], [ 14.20317446, 37.87390303 ], [ 14.20311354, 37.87365645 ], [ 14.20285629, 37.87359459 ], [ 14.2025969, 37.87352901 ], [ 14.20255896, 37.87352772 ], [ 14.20231159, 37.87352258 ], [ 14.20226201, 37.87351872 ], [ 14.20209622, 37.87355405 ], [ 14.20201306, 37.8735602 ], [ 14.20164742, 37.87359533 ], [ 14.20130365, 37.87369309 ], [ 14.20115706, 37.87373446 ], [ 14.20110976, 37.87376721 ], [ 14.20087881, 37.87393204 ], [ 14.20053465, 37.87418892 ], [ 14.20017652, 37.87432595 ], [ 14.19986719, 37.87439466 ], [ 14.19911387, 37.87445498 ], [ 14.19886011, 37.8744024 ], [ 14.1986251, 37.87436821 ], [ 14.19860386, 37.87436953 ], [ 14.19835452, 37.87445603 ], [ 14.19826751, 37.87449215 ], [ 14.19800947, 37.8746223 ], [ 14.19793053, 37.8746472 ], [ 14.19774417, 37.87469551 ], [ 14.19769882, 37.87472056 ], [ 14.19755141, 37.87479581 ], [ 14.19746716, 37.87483548 ], [ 14.19742322, 37.874886 ], [ 14.1973452, 37.8749571 ], [ 14.19727361, 37.87503089 ], [ 14.19715272, 37.875199 ], [ 14.19714422, 37.87527201 ], [ 14.19711285, 37.87527662 ], [ 14.19702532, 37.87532728 ], [ 14.19686296, 37.87547071 ], [ 14.19677094, 37.87560933 ], [ 14.19673716, 37.87573748 ], [ 14.1966897, 37.87589395 ], [ 14.19667251, 37.87601029 ], [ 14.19667849, 37.87609034 ], [ 14.19670601, 37.87649994 ], [ 14.19659289, 37.87678622 ], [ 14.19646838, 37.87705449 ], [ 14.19569003, 37.87721288 ], [ 14.19564674, 37.87715068 ], [ 14.19549067, 37.87696588 ], [ 14.19545094, 37.87690914 ], [ 14.19551009, 37.8766997 ], [ 14.19537338, 37.8766165 ], [ 14.19524407, 37.87653138 ], [ 14.19508663, 37.87647653 ], [ 14.19500224, 37.87645235 ], [ 14.19478175, 37.87642479 ], [ 14.19471534, 37.87643019 ], [ 14.19460845, 37.8764396 ], [ 14.19445183, 37.87646521 ], [ 14.19394345, 37.87657399 ], [ 14.19382758, 37.87685774 ], [ 14.19380393, 37.87707554 ], [ 14.19380465, 37.87739548 ], [ 14.19374999, 37.87755538 ], [ 14.19373706, 37.87759146 ], [ 14.19376323, 37.87774046 ], [ 14.19374584, 37.87792419 ], [ 14.19375743, 37.87808743 ], [ 14.19371072, 37.87831922 ], [ 14.19361489, 37.87856642 ], [ 14.19348208, 37.87874351 ], [ 14.19338, 37.87882507 ], [ 14.19308651, 37.87905323 ], [ 14.19308527, 37.87905091 ], [ 14.1930832, 37.87905158 ], [ 14.19301062, 37.87892756 ], [ 14.19334564, 37.87865894 ], [ 14.19352855, 37.87846935 ], [ 14.19355991, 37.87795694 ], [ 14.19360467, 37.87731358 ], [ 14.19367197, 37.87686009 ], [ 14.19381305, 37.87660507 ], [ 14.19392239, 37.87645198 ], [ 14.19447325, 37.87630089 ], [ 14.19468368, 37.87632555 ], [ 14.19497217, 37.87636095 ], [ 14.19533869, 37.87647244 ], [ 14.19561778, 37.87662286 ], [ 14.19580294, 37.87671607 ], [ 14.19612688, 37.87674005 ], [ 14.19638837, 37.87663273 ], [ 14.19652621, 37.87633608 ], [ 14.19647779, 37.87601462 ], [ 14.19654033, 37.87549564 ], [ 14.19686078, 37.87502616 ], [ 14.19706225, 37.87481491 ], [ 14.19730942, 37.87464987 ], [ 14.19789942, 37.8744003 ], [ 14.1983254, 37.87425813 ], [ 14.19859644, 37.87424982 ], [ 14.19908244, 37.87433412 ], [ 14.19937763, 37.87431035 ], [ 14.19975342, 37.87430422 ], [ 14.20016739, 37.87415966 ], [ 14.20054902, 37.87389783 ], [ 14.20118368, 37.87360398 ], [ 14.20223086, 37.87337015 ], [ 14.20260172, 37.87335872 ], [ 14.20309121, 37.87351845 ], [ 14.20328372, 37.87360565 ], [ 14.20343708, 37.87417737 ], [ 14.20357237, 37.87455946 ], [ 14.20380955, 37.8749847 ], [ 14.20397016, 37.87510182 ], [ 14.20430003, 37.87523382 ], [ 14.204497, 37.87530353 ], [ 14.20473479, 37.87530754 ], [ 14.20495351, 37.87527874 ], [ 14.20534022, 37.87505675 ], [ 14.20555244, 37.87490552 ], [ 14.20566814, 37.87487346 ], [ 14.20587831, 37.87485912 ], [ 14.20604665, 37.87489011 ], [ 14.20617313, 37.8750319 ], [ 14.20628265, 37.87523247 ], [ 14.20647022, 37.87546645 ], [ 14.20658842, 37.87544429 ], [ 14.2068659, 37.87538178 ], [ 14.20712131, 37.8754257 ], [ 14.20730818, 37.87552046 ], [ 14.20747607, 37.87569548 ], [ 14.20755149, 37.87582667 ], [ 14.20763775, 37.87610599 ], [ 14.20756551, 37.87647444 ], [ 14.20739847, 37.87698734 ], [ 14.20744338, 37.87702989 ], [ 14.20770283, 37.87706238 ], [ 14.20787343, 37.87704777 ], [ 14.20803161, 37.87706228 ], [ 14.20823694, 37.87720355 ], [ 14.20833553, 37.87718776 ], [ 14.20836376, 37.87720047 ], [ 14.20838115, 37.8772033 ], [ 14.20835032, 37.87727635 ], [ 14.20834795, 37.87728223 ], [ 14.20836091, 37.87731573 ] ] ] } },
{ "type": "Feature", "properties": { "gml_id": "CadastralParcel.IT.AGE.PLA.I028_005800.STRADA005", "INSPIREID_LOCALID": "IT.AGE.PLA.I028_005800.STRADA005", "INSPIREID_NAMESPACE": "IT.AGE.PLA.", "LABEL": "STRADA005", "NATIONALCADASTRALREFERENCE": "I028_005800.STRADA005", "ADMINISTRATIVEUNIT": "I028" }, "geometry": { "type": "Polygon", "coordinates": [ [ [ 14.19334216, 37.88040746 ], [ 14.19347294, 37.88060464 ], [ 14.19354283, 37.88065035 ], [ 14.19361319, 37.88070383 ], [ 14.19364517, 37.88076278 ], [ 14.19388276, 37.88066006 ], [ 14.19393174, 37.88061377 ], [ 14.19397268, 37.88058421 ], [ 14.19398867, 37.88055974 ], [ 14.19413419, 37.88048911 ], [ 14.19433269, 37.88039241 ], [ 14.19438051, 37.88037179 ], [ 14.19459365, 37.88032312 ], [ 14.19480186, 37.88015786 ], [ 14.1949373, 37.88008123 ], [ 14.19493143, 37.88006986 ], [ 14.19521948, 37.8799454 ], [ 14.19532339, 37.87991872 ], [ 14.19547294, 37.87986817 ], [ 14.19594576, 37.87974577 ], [ 14.19625274, 37.87966579 ], [ 14.1962875, 37.87965899 ], [ 14.19640192, 37.87965894 ], [ 14.19642512, 37.87965364 ], [ 14.19660574, 37.87963494 ], [ 14.19681773, 37.87958101 ], [ 14.19695393, 37.87956468 ], [ 14.19699037, 37.87956059 ], [ 14.19714722, 37.87944751 ], [ 14.19721198, 37.87939868 ], [ 14.19729018, 37.87934739 ], [ 14.19739917, 37.87928996 ], [ 14.19755606, 37.87913236 ], [ 14.19764074, 37.87906522 ], [ 14.19773512, 37.87901248 ], [ 14.19784286, 37.87896384 ], [ 14.19796807, 37.87886213 ], [ 14.19799836, 37.87883768 ], [ 14.1981167, 37.87877288 ], [ 14.19819746, 37.8787489 ], [ 14.19825902, 37.8787211 ], [ 14.19830433, 37.87867105 ], [ 14.19849667, 37.87861008 ], [ 14.19856088, 37.87856288 ], [ 14.19869383, 37.8784807 ], [ 14.19887538, 37.87838273 ], [ 14.19893121, 37.87835817 ], [ 14.19900547, 37.87826983 ], [ 14.19913644, 37.87821532 ], [ 14.1993381, 37.87809095 ], [ 14.19937255, 37.87811896 ], [ 14.19930777, 37.87815674 ], [ 14.19924748, 37.87822648 ], [ 14.19923768, 37.87824224 ], [ 14.19922438, 37.8783056 ], [ 14.19937775, 37.87839714 ], [ 14.19952258, 37.8784162 ], [ 14.199712, 37.87844344 ], [ 14.19991382, 37.87841344 ], [ 14.20012377, 37.87840045 ], [ 14.20021968, 37.87839147 ], [ 14.20042268, 37.87837198 ], [ 14.20047741, 37.87837581 ], [ 14.20060505, 37.87839679 ], [ 14.20062641, 37.87837981 ], [ 14.2007038, 37.87836518 ], [ 14.20074534, 37.87834055 ], [ 14.20079025, 37.87830048 ], [ 14.20081542, 37.87828563 ], [ 14.2009583, 37.87821487 ], [ 14.20105207, 37.87815749 ], [ 14.20109292, 37.87813364 ], [ 14.20115914, 37.87811249 ], [ 14.20129045, 37.87807111 ], [ 14.20136756, 37.87804602 ], [ 14.20145919, 37.8780504 ], [ 14.20166168, 37.87807279 ], [ 14.20172423, 37.87804798 ], [ 14.20177535, 37.87799615 ], [ 14.2018588, 37.87796147 ], [ 14.20195032, 37.87790404 ], [ 14.20198504, 37.87785306 ], [ 14.20206541, 37.87774021 ], [ 14.20214642, 37.87759708 ], [ 14.202187, 37.87760073 ], [ 14.20223567, 37.8776051 ], [ 14.20236617, 37.87763318 ], [ 14.20244568, 37.87765657 ], [ 14.20248418, 37.8776673 ], [ 14.20248747, 37.87766863 ], [ 14.20251888, 37.87770437 ], [ 14.20253089, 37.87773963 ], [ 14.20259287, 37.87775605 ], [ 14.20261502, 37.87777143 ], [ 14.20266055, 37.87781434 ], [ 14.20272067, 37.87786683 ], [ 14.20279604, 37.87790077 ], [ 14.20292026, 37.87790704 ], [ 14.20325241, 37.87792441 ], [ 14.20330196, 37.87792109 ], [ 14.2034301, 37.87790646 ], [ 14.2035335, 37.87790791 ], [ 14.20360679, 37.8778844 ], [ 14.20384782, 37.8776976 ], [ 14.20390024, 37.87767785 ], [ 14.20423369, 37.87752534 ], [ 14.20443346, 37.87744453 ], [ 14.20449588, 37.87741653 ], [ 14.20460118, 37.87737108 ], [ 14.20491684, 37.87742688 ], [ 14.20511592, 37.87746566 ], [ 14.2053647, 37.87751258 ], [ 14.20547041, 37.87756174 ], [ 14.20557004, 37.87760356 ], [ 14.20563694, 37.87763555 ], [ 14.20568221, 37.87765541 ], [ 14.20581234, 37.87774993 ], [ 14.20591052, 37.87781809 ], [ 14.20595848, 37.87783498 ], [ 14.20604994, 37.87787581 ], [ 14.20611332, 37.87789804 ], [ 14.20624369, 37.87804517 ], [ 14.20624893, 37.8780572 ], [ 14.20625134, 37.87814362 ], [ 14.20626091, 37.87820783 ], [ 14.20626096, 37.87820815 ], [ 14.20625491, 37.87820996 ], [ 14.20619672, 37.87823061 ], [ 14.20620788, 37.87812868 ], [ 14.20619025, 37.87808974 ], [ 14.20614155, 37.87803733 ], [ 14.20603455, 37.87794076 ], [ 14.20588946, 37.8778874 ], [ 14.20579322, 37.8777795 ], [ 14.20573258, 37.87774553 ], [ 14.20554218, 37.87763667 ], [ 14.20534607, 37.87759121 ], [ 14.20498946, 37.87750261 ], [ 14.20486614, 37.87747547 ], [ 14.2047526, 37.87746009 ], [ 14.20468666, 37.87744076 ], [ 14.20460435, 37.8774662 ], [ 14.20453618, 37.87752419 ], [ 14.20450519, 37.87754897 ], [ 14.2044797, 37.87761206 ], [ 14.20457428, 37.87765296 ], [ 14.20459774, 37.87768227 ], [ 14.20465025, 37.87772681 ], [ 14.20466038, 37.87775143 ], [ 14.20465546, 37.87776429 ], [ 14.20470165, 37.87782207 ], [ 14.2047615, 37.87787983 ], [ 14.20473735, 37.87789267 ], [ 14.20469715, 37.87790986 ], [ 14.20467301, 37.87792269 ], [ 14.20465413, 37.87794392 ], [ 14.20464318, 37.8779735 ], [ 14.20464819, 37.87801141 ], [ 14.2046586, 37.87804294 ], [ 14.2046821, 37.87807716 ], [ 14.20468983, 37.87809423 ], [ 14.20463242, 37.87813649 ], [ 14.20463599, 37.87818543 ], [ 14.20469951, 37.87820746 ], [ 14.20480786, 37.87832794 ], [ 14.20479804, 37.87838581 ], [ 14.20477143, 37.87841481 ], [ 14.20474548, 37.87843399 ], [ 14.2047479, 37.87855847 ], [ 14.20474925, 37.87870354 ], [ 14.2047153, 37.87879933 ], [ 14.20469471, 37.87886651 ], [ 14.20466924, 37.87920167 ], [ 14.20465669, 37.87930318 ], [ 14.20462662, 37.87962152 ], [ 14.20460861, 37.87983483 ], [ 14.20462603, 37.87983254 ], [ 14.20462357, 37.87998816 ], [ 14.20447716, 37.88014122 ], [ 14.20429127, 37.88034128 ], [ 14.20425502, 37.88037589 ], [ 14.20417839, 37.88040302 ], [ 14.20413315, 37.88039929 ], [ 14.2039854, 37.88052267 ], [ 14.20399825, 37.88054181 ], [ 14.20393136, 37.88055878 ], [ 14.20387286, 37.88069013 ], [ 14.20382806, 37.88084062 ], [ 14.2037451, 37.88093112 ], [ 14.20362715, 37.88103379 ], [ 14.2035341, 37.88113209 ], [ 14.20341909, 37.88127718 ], [ 14.20334336, 37.881479 ], [ 14.20330605, 37.88155486 ], [ 14.20320128, 37.881763 ], [ 14.20305646, 37.88199652 ], [ 14.20293482, 37.88199147 ], [ 14.20274819, 37.88206798 ], [ 14.2027422, 37.88206303 ], [ 14.20270646, 37.88202836 ], [ 14.20273674, 37.88202599 ], [ 14.20289713, 37.88191553 ], [ 14.20300216, 37.88184578 ], [ 14.20301449, 37.88181848 ], [ 14.20305686, 37.88171131 ], [ 14.20317933, 37.88157946 ], [ 14.20329662, 37.88145593 ], [ 14.20330054, 37.88141811 ], [ 14.20331629, 37.881278 ], [ 14.20344691, 37.8811271 ], [ 14.20359773, 37.88096242 ], [ 14.20373607, 37.88088779 ], [ 14.20380163, 37.88078809 ], [ 14.20382652, 37.88069266 ], [ 14.20386047, 37.88057016 ], [ 14.20398204, 37.88047867 ], [ 14.20412691, 37.88037186 ], [ 14.20416593, 37.88037311 ], [ 14.20418747, 37.88036786 ], [ 14.20423467, 37.88031512 ], [ 14.20430029, 37.88024382 ], [ 14.20437312, 37.88016479 ], [ 14.20441085, 37.88008068 ], [ 14.20448255, 37.88004159 ], [ 14.20450727, 37.88002292 ], [ 14.20457534, 37.87996335 ], [ 14.20457578, 37.87992375 ], [ 14.20456929, 37.8798215 ], [ 14.20457882, 37.87967212 ], [ 14.20459661, 37.87950323 ], [ 14.2046048, 37.87938966 ], [ 14.20462194, 37.87924175 ], [ 14.20462809, 37.87916862 ], [ 14.20463769, 37.87903253 ], [ 14.2046418, 37.87897879 ], [ 14.20465385, 37.87886874 ], [ 14.20467015, 37.87877418 ], [ 14.20469639, 37.87866608 ], [ 14.20470194, 37.8785794 ], [ 14.20469409, 37.87848852 ], [ 14.20468697, 37.8783934 ], [ 14.20467426, 37.87828092 ], [ 14.20464294, 37.87822677 ], [ 14.2045321, 37.87819316 ], [ 14.20452913, 37.87815256 ], [ 14.20463403, 37.87809392 ], [ 14.20455813, 37.87805193 ], [ 14.20450038, 37.87803103 ], [ 14.20449185, 37.87800187 ], [ 14.20457958, 37.87792996 ], [ 14.20458689, 37.87789289 ], [ 14.20457962, 37.87783013 ], [ 14.20457263, 37.87775429 ], [ 14.20455279, 37.87767838 ], [ 14.20453936, 37.87767061 ], [ 14.20446264, 37.87764826 ], [ 14.20426006, 37.87772121 ], [ 14.20392243, 37.87785955 ], [ 14.20385332, 37.87788679 ], [ 14.20374622, 37.87791925 ], [ 14.20358672, 37.87796534 ], [ 14.20345622, 37.87798662 ], [ 14.20333194, 37.8780001 ], [ 14.20325001, 37.87800112 ], [ 14.20300313, 37.87798264 ], [ 14.20290548, 37.87797703 ], [ 14.20284915, 37.87797336 ], [ 14.20274174, 37.87793921 ], [ 14.20269259, 37.87790829 ], [ 14.20258413, 37.87783298 ], [ 14.20254213, 37.8778176 ], [ 14.20243921, 37.87777631 ], [ 14.20240291, 37.8777634 ], [ 14.20236866, 37.87777031 ], [ 14.20228572, 37.87772885 ], [ 14.20219472, 37.87771501 ], [ 14.20208183, 37.87778869 ], [ 14.20202503, 37.87787091 ], [ 14.20199114, 37.87791251 ], [ 14.20200524, 37.87795989 ], [ 14.201964, 37.87799405 ], [ 14.20194252, 37.87800879 ], [ 14.20192895, 37.87802742 ], [ 14.20182885, 37.87807504 ], [ 14.20174887, 37.87811683 ], [ 14.20170506, 37.87811876 ], [ 14.20161474, 37.87812439 ], [ 14.20152196, 37.87812792 ], [ 14.20140463, 37.87813583 ], [ 14.20132511, 37.87816226 ], [ 14.20114152, 37.87823223 ], [ 14.20098735, 37.8783059 ], [ 14.20094631, 37.87834444 ], [ 14.20084309, 37.87838899 ], [ 14.2007447, 37.87845232 ], [ 14.20061132, 37.87848012 ], [ 14.20054147, 37.87849467 ], [ 14.2004744, 37.87847159 ], [ 14.20043407, 37.87846482 ], [ 14.20030676, 37.87846982 ], [ 14.20023242, 37.87848122 ], [ 14.20005052, 37.87848165 ], [ 14.19995541, 37.8784985 ], [ 14.19981083, 37.8785334 ], [ 14.19962954, 37.87853927 ], [ 14.19929499, 37.87843577 ], [ 14.19920386, 37.87839666 ], [ 14.19915199, 37.87837334 ], [ 14.1991043, 37.87836395 ], [ 14.19906247, 37.87835756 ], [ 14.19900278, 37.8783735 ], [ 14.19893673, 37.87844464 ], [ 14.19889144, 37.87849727 ], [ 14.19881452, 37.87853622 ], [ 14.19859083, 37.87864296 ], [ 14.19852247, 37.87867216 ], [ 14.19836981, 37.87876677 ], [ 14.19832103, 37.8787883 ], [ 14.19825028, 37.87882158 ], [ 14.19818482, 37.87887116 ], [ 14.19807981, 37.87895031 ], [ 14.19801991, 37.87901575 ], [ 14.19780768, 37.87910876 ], [ 14.19753531, 37.87922672 ], [ 14.19746675, 37.87933083 ], [ 14.19730842, 37.87945666 ], [ 14.1972007, 37.87954207 ], [ 14.19699049, 37.87962593 ], [ 14.19683886, 37.87965275 ], [ 14.19674606, 37.87963739 ], [ 14.19669505, 37.8796712 ], [ 14.19668055, 37.87973796 ], [ 14.19669588, 37.87985636 ], [ 14.19673395, 37.88017479 ], [ 14.19674758, 37.88020919 ], [ 14.19674727, 37.88027704 ], [ 14.19670504, 37.88030322 ], [ 14.19667478, 37.88033815 ], [ 14.19662424, 37.88039656 ], [ 14.19653078, 37.8805174 ], [ 14.19641825, 37.88059289 ], [ 14.19635886, 37.88060699 ], [ 14.19625631, 37.88063356 ], [ 14.19622511, 37.88066866 ], [ 14.19620463, 37.88068477 ], [ 14.19616507, 37.88071029 ], [ 14.19613, 37.88074637 ], [ 14.19606398, 37.88082034 ], [ 14.19593111, 37.88091949 ], [ 14.19584924, 37.88098488 ], [ 14.19577472, 37.88101258 ], [ 14.19562801, 37.88105128 ], [ 14.19549299, 37.88111492 ], [ 14.19543011, 37.88114418 ], [ 14.19528582, 37.88129911 ], [ 14.1952295, 37.8813973 ], [ 14.19518868, 37.88146665 ], [ 14.19514187, 37.88157128 ], [ 14.19516021, 37.88165112 ], [ 14.19518147, 37.88174146 ], [ 14.19520468, 37.88181488 ], [ 14.19519697, 37.88201438 ], [ 14.19522726, 37.88203965 ], [ 14.19522631, 37.8821362 ], [ 14.19522626, 37.88214172 ], [ 14.19517452, 37.8821565 ], [ 14.19517651, 37.88215416 ], [ 14.19519024, 37.88207103 ], [ 14.19515902, 37.88204412 ], [ 14.19514668, 37.88197224 ], [ 14.19515913, 37.88189086 ], [ 14.19514209, 37.88181953 ], [ 14.19513352, 37.88177678 ], [ 14.19510522, 37.88158546 ], [ 14.1951098, 37.88154598 ], [ 14.19513008, 37.88147504 ], [ 14.19521087, 37.88129848 ], [ 14.19532249, 37.8811688 ], [ 14.19537293, 37.88111301 ], [ 14.19545591, 37.8810804 ], [ 14.19561814, 37.88101812 ], [ 14.19572568, 37.8809961 ], [ 14.19578765, 37.88097818 ], [ 14.19586863, 37.88092723 ], [ 14.19598565, 37.88083716 ], [ 14.19602811, 37.88080397 ], [ 14.19607478, 37.88076737 ], [ 14.1961662, 37.88068452 ], [ 14.19619921, 37.88065881 ], [ 14.19620597, 37.8806469 ], [ 14.19621248, 37.8806374 ], [ 14.19622524, 37.88062082 ], [ 14.19623775, 37.88060664 ], [ 14.1962818, 37.88059219 ], [ 14.1963157, 37.88058505 ], [ 14.19633304, 37.88057041 ], [ 14.19645256, 37.88054403 ], [ 14.19646459, 37.88053898 ], [ 14.19664424, 37.88032487 ], [ 14.19668469, 37.88020061 ], [ 14.19669638, 37.88016242 ], [ 14.19669624, 37.88014576 ], [ 14.19666979, 37.8800157 ], [ 14.19666088, 37.87995884 ], [ 14.19663859, 37.87986517 ], [ 14.19661837, 37.87975924 ], [ 14.19651319, 37.87977112 ], [ 14.19634319, 37.87984054 ], [ 14.19610439, 37.87987024 ], [ 14.19588272, 37.87989969 ], [ 14.19568666, 37.87992695 ], [ 14.19555349, 37.87994664 ], [ 14.19554396, 37.87993446 ], [ 14.19549537, 37.8799502 ], [ 14.19529947, 37.8800284 ], [ 14.19519651, 37.88004227 ], [ 14.19508737, 37.88005379 ], [ 14.19505044, 37.88008315 ], [ 14.19487117, 37.88021515 ], [ 14.19484901, 37.88023875 ], [ 14.19474236, 37.88030233 ], [ 14.19467347, 37.88033627 ], [ 14.19459363, 37.88038113 ], [ 14.1943409, 37.8804894 ], [ 14.19424279, 37.88053259 ], [ 14.19410039, 37.88060346 ], [ 14.19398328, 37.88067457 ], [ 14.19371108, 37.88082745 ], [ 14.19362158, 37.88083576 ], [ 14.19349448, 37.88086524 ], [ 14.1931166, 37.8809768 ], [ 14.1929724, 37.88102732 ], [ 14.1929003, 37.88108391 ], [ 14.19283381, 37.88118011 ], [ 14.1927332, 37.88151356 ], [ 14.19270682, 37.88166303 ], [ 14.19269519, 37.88171016 ], [ 14.19269411, 37.88171452 ], [ 14.19266035, 37.88168889 ], [ 14.19257032, 37.88163394 ], [ 14.19257587, 37.88162527 ], [ 14.19262491, 37.88155248 ], [ 14.19266689, 37.88135702 ], [ 14.1926692, 37.88134617 ], [ 14.19267979, 37.88130137 ], [ 14.19272305, 37.8811107 ], [ 14.19280673, 37.88096616 ], [ 14.19292885, 37.88089352 ], [ 14.19299496, 37.88085589 ], [ 14.19320155, 37.88083452 ], [ 14.19347714, 37.88080849 ], [ 14.1934883, 37.88080587 ], [ 14.19351717, 37.88080302 ], [ 14.193638, 37.88076054 ], [ 14.19359946, 37.88069966 ], [ 14.19352281, 37.88064795 ], [ 14.19346863, 37.88060722 ], [ 14.19334216, 37.88040746 ] ] ] } },
{ "type": "Feature", "properties": { "gml_id": "CadastralParcel.IT.AGE.PLA.I028_005900.STRADA007", "INSPIREID_LOCALID": "IT.AGE.PLA.I028_005900.STRADA007", "INSPIREID_NAMESPACE": "IT.AGE.PLA.", "LABEL": "STRADA007", "NATIONALCADASTRALREFERENCE": "I028_005900.STRADA007", "ADMINISTRATIVEUNIT": "I028" }, "geometry": { "type": "Polygon", "coordinates": [ [ [ 14.2061761, 37.87848968 ], [ 14.20617548, 37.87849136 ], [ 14.20618076, 37.87839988 ], [ 14.20617581, 37.87829067 ], [ 14.20618712, 37.87828881 ], [ 14.20619299, 37.87826466 ], [ 14.20619945, 37.87822964 ], [ 14.20620155, 37.87822945 ], [ 14.20620342, 37.87822823 ], [ 14.20625491, 37.87820996 ], [ 14.20626096, 37.87820815 ], [ 14.20626358, 37.87820736 ], [ 14.20626731, 37.87820641 ], [ 14.20626345, 37.87837485 ], [ 14.20643255, 37.87868135 ], [ 14.20651816, 37.87884222 ], [ 14.20652818, 37.87898083 ], [ 14.2067331, 37.87914289 ], [ 14.20683531, 37.87909801 ], [ 14.20744194, 37.87927273 ], [ 14.20771674, 37.87932638 ], [ 14.20788083, 37.8789209 ], [ 14.20796012, 37.87888476 ], [ 14.20793174, 37.87876325 ], [ 14.20807639, 37.87871523 ], [ 14.20811168, 37.87872805 ], [ 14.20807687, 37.87885049 ], [ 14.20809061, 37.87887434 ], [ 14.20804911, 37.87889534 ], [ 14.20793111, 37.87900295 ], [ 14.20780007, 37.87931274 ], [ 14.20777928, 37.87938035 ], [ 14.20769609, 37.87939824 ], [ 14.20745576, 37.87936281 ], [ 14.20704711, 37.8794362 ], [ 14.20696142, 37.87953457 ], [ 14.20703554, 37.87970565 ], [ 14.207019, 37.87981393 ], [ 14.20722407, 37.880022 ], [ 14.20723992, 37.88003807 ], [ 14.20732036, 37.8801197 ], [ 14.20739275, 37.88018962 ], [ 14.20749125, 37.88028359 ], [ 14.20757686, 37.88034918 ], [ 14.20768608, 37.88041861 ], [ 14.20772009, 37.88038538 ], [ 14.20784797, 37.88045336 ], [ 14.20781783, 37.88048988 ], [ 14.2079035, 37.8805339 ], [ 14.2079395, 37.88049136 ], [ 14.20795567, 37.88046663 ], [ 14.20796291, 37.8804574 ], [ 14.20797806, 37.8804381 ], [ 14.20799353, 37.88042192 ], [ 14.20805404, 37.88033955 ], [ 14.20814473, 37.88022231 ], [ 14.20815775, 37.8799482 ], [ 14.20824223, 37.87979185 ], [ 14.20833152, 37.87971755 ], [ 14.20842249, 37.87973545 ], [ 14.20845325, 37.879744 ], [ 14.20848635, 37.87975285 ], [ 14.20859373, 37.87974086 ], [ 14.20870917, 37.87972132 ], [ 14.20875034, 37.87969021 ], [ 14.20863218, 37.87959088 ], [ 14.20875146, 37.87947567 ], [ 14.20878498, 37.87948748 ], [ 14.20872534, 37.87956274 ], [ 14.20880818, 37.87969051 ], [ 14.20879771, 37.87980246 ], [ 14.20863319, 37.8798972 ], [ 14.20856494, 37.87987499 ], [ 14.20839395, 37.87986556 ], [ 14.20838972, 37.87981654 ], [ 14.20833815, 37.87980352 ], [ 14.20831659, 37.87985157 ], [ 14.2082908, 37.87984118 ], [ 14.20827046, 37.87986968 ], [ 14.20822097, 37.8799802 ], [ 14.20830158, 37.88007326 ], [ 14.20819182, 37.88024043 ], [ 14.20815248, 37.88034045 ], [ 14.20801901, 37.88063089 ], [ 14.20797336, 37.88071924 ], [ 14.20793996, 37.88077489 ], [ 14.20788304, 37.88094668 ], [ 14.20784047, 37.88105818 ], [ 14.20767475, 37.88128765 ], [ 14.20766073, 37.88132554 ], [ 14.20765737, 37.88165516 ], [ 14.20769516, 37.88174227 ], [ 14.20784574, 37.88198365 ], [ 14.20794426, 37.88214139 ], [ 14.20800675, 37.88224422 ], [ 14.20814486, 37.8822542 ], [ 14.20818901, 37.88226204 ], [ 14.20827593, 37.88229916 ], [ 14.20837955, 37.88249649 ], [ 14.20838029, 37.88267292 ], [ 14.20838285, 37.88278255 ], [ 14.20843629, 37.8829508 ], [ 14.20850139, 37.88303505 ], [ 14.20861553, 37.88320247 ], [ 14.20887548, 37.88338416 ], [ 14.20900909, 37.88354739 ], [ 14.20909417, 37.88363165 ], [ 14.20916378, 37.8838291 ], [ 14.20908542, 37.88395582 ], [ 14.20899071, 37.88414693 ], [ 14.20886962, 37.88449632 ], [ 14.20873321, 37.8844965 ], [ 14.20848788, 37.8845114 ], [ 14.20819457, 37.88455823 ], [ 14.20803374, 37.88455748 ], [ 14.20800066, 37.88459194 ], [ 14.20766128, 37.88511602 ], [ 14.20755272, 37.88531757 ], [ 14.20747919, 37.88544838 ], [ 14.20758218, 37.88587182 ], [ 14.20766788, 37.88618231 ], [ 14.20774188, 37.88631609 ], [ 14.20773336, 37.88637613 ], [ 14.20759809, 37.88684361 ], [ 14.20765868, 37.8871017 ], [ 14.20780738, 37.88720874 ], [ 14.20822261, 37.8875284 ], [ 14.20830741, 37.88757835 ], [ 14.20847854, 37.88787971 ], [ 14.20833195, 37.8883664 ], [ 14.20819346, 37.88882045 ], [ 14.20858941, 37.88913692 ], [ 14.20868032, 37.88921281 ], [ 14.2086751, 37.88948768 ], [ 14.2086685, 37.89012466 ], [ 14.20867095, 37.89024556 ], [ 14.20866645, 37.89071294 ], [ 14.20901273, 37.89123022 ], [ 14.20904869, 37.89144203 ], [ 14.20911217, 37.89186095 ], [ 14.20964151, 37.8919188 ], [ 14.21037429, 37.89198084 ], [ 14.21032557, 37.89173037 ], [ 14.21018574, 37.89140682 ], [ 14.21006355, 37.89115635 ], [ 14.21000822, 37.89088205 ], [ 14.2099778, 37.8906817 ], [ 14.20981412, 37.89044796 ], [ 14.20972141, 37.89012753 ], [ 14.20955182, 37.88975312 ], [ 14.20947437, 37.88960305 ], [ 14.2094735, 37.88955693 ], [ 14.20954725, 37.88921909 ], [ 14.20953873, 37.88914419 ], [ 14.20946595, 37.88880778 ], [ 14.2094579, 37.88867879 ], [ 14.20943892, 37.88830169 ], [ 14.2095065, 37.887986 ], [ 14.2095716, 37.88777748 ], [ 14.20958103, 37.88771152 ], [ 14.20957861, 37.88752965 ], [ 14.20958418, 37.88714349 ], [ 14.2096602, 37.88672842 ], [ 14.20970779, 37.88662873 ], [ 14.20978896, 37.88652203 ], [ 14.20975828, 37.88589764 ], [ 14.20990999, 37.88549269 ], [ 14.21005665, 37.88509496 ], [ 14.21030462, 37.88474522 ], [ 14.21047146, 37.88449827 ], [ 14.21080136, 37.88432024 ], [ 14.21114946, 37.88419409 ], [ 14.21117326, 37.88416446 ], [ 14.21144595, 37.88389243 ], [ 14.21156487, 37.88359361 ], [ 14.21158694, 37.88330738 ], [ 14.21159465, 37.88304223 ], [ 14.21161998, 37.8828783 ], [ 14.21159412, 37.8826953 ], [ 14.21170173, 37.8825646 ], [ 14.21157635, 37.88230808 ], [ 14.21122946, 37.88216883 ], [ 14.21122786, 37.88209885 ], [ 14.21124307, 37.88208677 ], [ 14.21151261, 37.88219396 ], [ 14.2116157, 37.88224023 ], [ 14.21174798, 37.88244547 ], [ 14.21175158, 37.88256102 ], [ 14.21168951, 37.88277891 ], [ 14.21170827, 37.88299495 ], [ 14.21168881, 37.88315165 ], [ 14.21171461, 37.88328502 ], [ 14.21186199, 37.88319045 ], [ 14.2120387, 37.88330276 ], [ 14.21238034, 37.88369413 ], [ 14.21242037, 37.88373462 ], [ 14.21243164, 37.88380659 ], [ 14.21195562, 37.88328309 ], [ 14.21187371, 37.88327152 ], [ 14.21184109, 37.88341828 ], [ 14.21171153, 37.88375338 ], [ 14.21156112, 37.88392965 ], [ 14.21131333, 37.88419478 ], [ 14.21115941, 37.88435012 ], [ 14.21079713, 37.88464102 ], [ 14.21053769, 37.88489219 ], [ 14.21029455, 37.88516459 ], [ 14.21024377, 37.88524647 ], [ 14.21014568, 37.8853911 ], [ 14.21010598, 37.88555337 ], [ 14.21005671, 37.88588265 ], [ 14.21001033, 37.88626543 ], [ 14.20998847, 37.88665682 ], [ 14.20991464, 37.88688008 ], [ 14.20994233, 37.88716991 ], [ 14.20990925, 37.88754823 ], [ 14.20988818, 37.88771803 ], [ 14.20984562, 37.88779817 ], [ 14.20964771, 37.88823461 ], [ 14.20958425, 37.88839183 ], [ 14.20958292, 37.88862145 ], [ 14.20958041, 37.88870473 ], [ 14.20958148, 37.88882541 ], [ 14.20964268, 37.88910342 ], [ 14.2096495, 37.88913799 ], [ 14.20965323, 37.88954457 ], [ 14.20976061, 37.88968326 ], [ 14.20992088, 37.88992276 ], [ 14.20995963, 37.89036959 ], [ 14.21018394, 37.89060726 ], [ 14.21022397, 37.8907648 ], [ 14.21032152, 37.89108229 ], [ 14.21049594, 37.89162069 ], [ 14.21059003, 37.89192586 ], [ 14.21059306, 37.89200621 ], [ 14.2106546, 37.89243138 ], [ 14.21067692, 37.89268331 ], [ 14.21031404, 37.89303072 ], [ 14.21031354, 37.8931072 ], [ 14.21034604, 37.89336656 ], [ 14.21032015, 37.8938851 ], [ 14.20999804, 37.89414798 ], [ 14.21007212, 37.89427859 ], [ 14.21011812, 37.89435533 ], [ 14.21056759, 37.89468334 ], [ 14.21042984, 37.89500826 ], [ 14.21072178, 37.89527711 ], [ 14.2107101, 37.89530074 ], [ 14.21067967, 37.89527884 ], [ 14.21055529, 37.89516084 ], [ 14.21042068, 37.89503135 ], [ 14.210379, 37.8950204 ], [ 14.21038233, 37.89500419 ], [ 14.21042876, 37.89477842 ], [ 14.20999015, 37.8944183 ], [ 14.20995012, 37.89435664 ], [ 14.2098275, 37.89413934 ], [ 14.21019915, 37.89383226 ], [ 14.21021944, 37.89334073 ], [ 14.21019635, 37.89293731 ], [ 14.21048361, 37.89257515 ], [ 14.21040568, 37.89209292 ], [ 14.21009662, 37.8920618 ], [ 14.20904427, 37.89191953 ], [ 14.2089692, 37.89148245 ], [ 14.20893241, 37.89129754 ], [ 14.2089248, 37.89124633 ], [ 14.20858709, 37.89072648 ], [ 14.20859276, 37.89056793 ], [ 14.20858572, 37.89015432 ], [ 14.20859577, 37.88951465 ], [ 14.20859522, 37.88924881 ], [ 14.20851356, 37.88917043 ], [ 14.20810512, 37.8888395 ], [ 14.20822404, 37.88844792 ], [ 14.20833922, 37.88810456 ], [ 14.20839346, 37.88791615 ], [ 14.20824508, 37.88762363 ], [ 14.20807277, 37.8875267 ], [ 14.20771394, 37.88729275 ], [ 14.20762504, 37.88723689 ], [ 14.20752423, 37.88683712 ], [ 14.2075808, 37.88662009 ], [ 14.20764032, 37.88642116 ], [ 14.20766469, 37.88632465 ], [ 14.20758482, 37.8861925 ], [ 14.20750849, 37.8859214 ], [ 14.20747855, 37.88578809 ], [ 14.20737689, 37.88544865 ], [ 14.20742775, 37.88534949 ], [ 14.20744934, 37.88530362 ], [ 14.20748993, 37.88522771 ], [ 14.20759457, 37.88503459 ], [ 14.20776494, 37.88478034 ], [ 14.20788118, 37.88459239 ], [ 14.20796338, 37.88453393 ], [ 14.20816506, 37.88441157 ], [ 14.20843145, 37.8844012 ], [ 14.20857393, 37.88433011 ], [ 14.20868789, 37.8842728 ], [ 14.20875305, 37.88422428 ], [ 14.20890968, 37.88408867 ], [ 14.2089812, 37.88386786 ], [ 14.20898761, 37.88380933 ], [ 14.20896113, 37.88364216 ], [ 14.20883689, 37.88349191 ], [ 14.20877802, 37.88343135 ], [ 14.2085425, 37.88324219 ], [ 14.20850273, 37.88319027 ], [ 14.20830967, 37.8829609 ], [ 14.20826919, 37.88272119 ], [ 14.20825729, 37.88249662 ], [ 14.20820578, 37.88237529 ], [ 14.20816216, 37.88234534 ], [ 14.20808081, 37.88231239 ], [ 14.20797554, 37.88229955 ], [ 14.20795795, 37.8822664 ], [ 14.20785195, 37.88218132 ], [ 14.20776774, 37.88202908 ], [ 14.20762849, 37.8817678 ], [ 14.20757935, 37.88165979 ], [ 14.20757452, 37.88136022 ], [ 14.20758442, 37.88131774 ], [ 14.20773163, 37.88112887 ], [ 14.2077663, 37.8810844 ], [ 14.20779419, 37.88102031 ], [ 14.20783052, 37.88093383 ], [ 14.20791182, 37.88063646 ], [ 14.20791252, 37.88056955 ], [ 14.20759229, 37.88049284 ], [ 14.20747097, 37.88046068 ], [ 14.2073717, 37.88038834 ], [ 14.20730655, 37.88033483 ], [ 14.20721704, 37.88023872 ], [ 14.20708815, 37.88006888 ], [ 14.20703291, 37.88000577 ], [ 14.20694437, 37.87979487 ], [ 14.20682485, 37.87954574 ], [ 14.20681338, 37.87949444 ], [ 14.20681302, 37.87931854 ], [ 14.20646005, 37.87901268 ], [ 14.20646617, 37.87884348 ], [ 14.20640267, 37.87872801 ], [ 14.20631577, 37.87859254 ], [ 14.20618529, 37.87840494 ], [ 14.2061761, 37.87848968 ] ] ] } },
{ "type": "Feature", "properties": { "gml_id": "CadastralParcel.IT.AGE.PLA.I028_005900.STRADA005", "INSPIREID_LOCALID": "IT.AGE.PLA.I028_005900.STRADA005", "INSPIREID_NAMESPACE": "IT.AGE.PLA.", "LABEL": "STRADA005", "NATIONALCADASTRALREFERENCE": "I028_005900.STRADA005", "ADMINISTRATIVEUNIT": "I028" }, "geometry": { "type": "Polygon", "coordinates": [ [ [ 14.2061761, 37.87848968 ], [ 14.20617548, 37.87849136 ], [ 14.20618076, 37.87839988 ], [ 14.20617581, 37.87829067 ], [ 14.20618712, 37.87828881 ], [ 14.20619299, 37.87826466 ], [ 14.20619945, 37.87822964 ], [ 14.20620155, 37.87822945 ], [ 14.20620342, 37.87822823 ], [ 14.20625491, 37.87820996 ], [ 14.20626096, 37.87820815 ], [ 14.20626358, 37.87820736 ], [ 14.20626731, 37.87820641 ], [ 14.20626345, 37.87837485 ], [ 14.20643255, 37.87868135 ], [ 14.20651816, 37.87884222 ], [ 14.20652818, 37.87898083 ], [ 14.2067331, 37.87914289 ], [ 14.20683531, 37.87909801 ], [ 14.20744194, 37.87927273 ], [ 14.20771674, 37.87932638 ], [ 14.20788083, 37.8789209 ], [ 14.20796012, 37.87888476 ], [ 14.20793174, 37.87876325 ], [ 14.20807639, 37.87871523 ], [ 14.20811168, 37.87872805 ], [ 14.20807687, 37.87885049 ], [ 14.20809061, 37.87887434 ], [ 14.20804911, 37.87889534 ], [ 14.20793111, 37.87900295 ], [ 14.20780007, 37.87931274 ], [ 14.20777928, 37.87938035 ], [ 14.20769609, 37.87939824 ], [ 14.20745576, 37.87936281 ], [ 14.20704711, 37.8794362 ], [ 14.20696142, 37.87953457 ], [ 14.20703554, 37.87970565 ], [ 14.207019, 37.87981393 ], [ 14.20722407, 37.880022 ], [ 14.20723992, 37.88003807 ], [ 14.20732036, 37.8801197 ], [ 14.20739275, 37.88018962 ], [ 14.20749125, 37.88028359 ], [ 14.20757686, 37.88034918 ], [ 14.20768608, 37.88041861 ], [ 14.20772009, 37.88038538 ], [ 14.20784797, 37.88045336 ], [ 14.20781783, 37.88048988 ], [ 14.2079035, 37.8805339 ], [ 14.2079395, 37.88049136 ], [ 14.20795567, 37.88046663 ], [ 14.20796291, 37.8804574 ], [ 14.20797806, 37.8804381 ], [ 14.20799353, 37.88042192 ], [ 14.20805404, 37.88033955 ], [ 14.20814473, 37.88022231 ], [ 14.20815775, 37.8799482 ], [ 14.20824223, 37.87979185 ], [ 14.20833152, 37.87971755 ], [ 14.20842249, 37.87973545 ], [ 14.20845325, 37.879744 ], [ 14.20848635, 37.87975285 ], [ 14.20859373, 37.87974086 ], [ 14.20870917, 37.87972132 ], [ 14.20875034, 37.87969021 ], [ 14.20863218, 37.87959088 ], [ 14.20875146, 37.87947567 ], [ 14.20878498, 37.87948748 ], [ 14.20872534, 37.87956274 ], [ 14.20880818, 37.87969051 ], [ 14.20879771, 37.87980246 ], [ 14.20863319, 37.8798972 ], [ 14.20856494, 37.87987499 ], [ 14.20839395, 37.87986556 ], [ 14.20838972, 37.87981654 ], [ 14.20833815, 37.87980352 ], [ 14.20831659, 37.87985157 ], [ 14.2082908, 37.87984118 ], [ 14.20827046, 37.87986968 ], [ 14.20822097, 37.8799802 ], [ 14.20830158, 37.88007326 ], [ 14.20819182, 37.88024043 ], [ 14.20815248, 37.88034045 ], [ 14.20801901, 37.88063089 ], [ 14.20797336, 37.88071924 ], [ 14.20793996, 37.88077489 ], [ 14.20788304, 37.88094668 ], [ 14.20784047, 37.88105818 ], [ 14.20767475, 37.88128765 ], [ 14.20766073, 37.88132554 ], [ 14.20765737, 37.88165516 ], [ 14.20769516, 37.88174227 ], [ 14.20784574, 37.88198365 ], [ 14.20794426, 37.88214139 ], [ 14.20800675, 37.88224422 ], [ 14.20814486, 37.8822542 ], [ 14.20818901, 37.88226204 ], [ 14.20827593, 37.88229916 ], [ 14.20837955, 37.88249649 ], [ 14.20838029, 37.88267292 ], [ 14.20838285, 37.88278255 ], [ 14.20843629, 37.8829508 ], [ 14.20850139, 37.88303505 ], [ 14.20861553, 37.88320247 ], [ 14.20887548, 37.88338416 ], [ 14.20900909, 37.88354739 ], [ 14.20909417, 37.88363165 ], [ 14.20916378, 37.8838291 ], [ 14.20908542, 37.88395582 ], [ 14.20899071, 37.88414693 ], [ 14.20886962, 37.88449632 ], [ 14.20873321, 37.8844965 ], [ 14.20848788, 37.8845114 ], [ 14.20819457, 37.88455823 ], [ 14.20803374, 37.88455748 ], [ 14.20800066, 37.88459194 ], [ 14.20766128, 37.88511602 ], [ 14.20755272, 37.88531757 ], [ 14.20747919, 37.88544838 ], [ 14.20758218, 37.88587182 ], [ 14.20766788, 37.88618231 ], [ 14.20774188, 37.88631609 ], [ 14.20773336, 37.88637613 ], [ 14.20759809, 37.88684361 ], [ 14.20765868, 37.8871017 ], [ 14.20780738, 37.88720874 ], [ 14.20822261, 37.8875284 ], [ 14.20830741, 37.88757835 ], [ 14.20847854, 37.88787971 ], [ 14.20833195, 37.8883664 ], [ 14.20819346, 37.88882045 ], [ 14.20858941, 37.88913692 ], [ 14.20868032, 37.88921281 ], [ 14.2086751, 37.88948768 ], [ 14.2086685, 37.89012466 ], [ 14.20867095, 37.89024556 ], [ 14.20866645, 37.89071294 ], [ 14.20901273, 37.89123022 ], [ 14.20904869, 37.89144203 ], [ 14.20911217, 37.89186095 ], [ 14.20964151, 37.8919188 ], [ 14.21037429, 37.89198084 ], [ 14.21032557, 37.89173037 ], [ 14.21018574, 37.89140682 ], [ 14.21006355, 37.89115635 ], [ 14.21000822, 37.89088205 ], [ 14.2099778, 37.8906817 ], [ 14.20981412, 37.89044796 ], [ 14.20972141, 37.89012753 ], [ 14.20955182, 37.88975312 ], [ 14.20947437, 37.88960305 ], [ 14.2094735, 37.88955693 ], [ 14.20954725, 37.88921909 ], [ 14.20953873, 37.88914419 ], [ 14.20946595, 37.88880778 ], [ 14.2094579, 37.88867879 ], [ 14.20943892, 37.88830169 ], [ 14.2095065, 37.887986 ], [ 14.2095716, 37.88777748 ], [ 14.20958103, 37.88771152 ], [ 14.20957861, 37.88752965 ], [ 14.20958418, 37.88714349 ], [ 14.2096602, 37.88672842 ], [ 14.20970779, 37.88662873 ], [ 14.20978896, 37.88652203 ], [ 14.20975828, 37.88589764 ], [ 14.20990999, 37.88549269 ], [ 14.21005665, 37.88509496 ], [ 14.21030462, 37.88474522 ], [ 14.21047146, 37.88449827 ], [ 14.21080136, 37.88432024 ], [ 14.21114946, 37.88419409 ], [ 14.21117326, 37.88416446 ], [ 14.21144595, 37.88389243 ], [ 14.21156487, 37.88359361 ], [ 14.21158694, 37.88330738 ], [ 14.21159465, 37.88304223 ], [ 14.21161998, 37.8828783 ], [ 14.21159412, 37.8826953 ], [ 14.21170173, 37.8825646 ], [ 14.21157635, 37.88230808 ], [ 14.21122946, 37.88216883 ], [ 14.21122786, 37.88209885 ], [ 14.21124307, 37.88208677 ], [ 14.21151261, 37.88219396 ], [ 14.2116157, 37.88224023 ], [ 14.21174798, 37.88244547 ], [ 14.21175158, 37.88256102 ], [ 14.21168951, 37.88277891 ], [ 14.21170827, 37.88299495 ], [ 14.21168881, 37.88315165 ], [ 14.21171461, 37.88328502 ], [ 14.21186199, 37.88319045 ], [ 14.2120387, 37.88330276 ], [ 14.21238034, 37.88369413 ], [ 14.21242037, 37.88373462 ], [ 14.21243164, 37.88380659 ], [ 14.21195562, 37.88328309 ], [ 14.21187371, 37.88327152 ], [ 14.21184109, 37.88341828 ], [ 14.21171153, 37.88375338 ], [ 14.21156112, 37.88392965 ], [ 14.21131333, 37.88419478 ], [ 14.21115941, 37.88435012 ], [ 14.21079713, 37.88464102 ], [ 14.21053769, 37.88489219 ], [ 14.21029455, 37.88516459 ], [ 14.21024377, 37.88524647 ], [ 14.21014568, 37.8853911 ], [ 14.21010598, 37.88555337 ], [ 14.21005671, 37.88588265 ], [ 14.21001033, 37.88626543 ], [ 14.20998847, 37.88665682 ], [ 14.20991464, 37.88688008 ], [ 14.20994233, 37.88716991 ], [ 14.20990925, 37.88754823 ], [ 14.20988818, 37.88771803 ], [ 14.20984562, 37.88779817 ], [ 14.20964771, 37.88823461 ], [ 14.20958425, 37.88839183 ], [ 14.20958292, 37.88862145 ], [ 14.20958041, 37.88870473 ], [ 14.20958148, 37.88882541 ], [ 14.20964268, 37.88910342 ], [ 14.2096495, 37.88913799 ], [ 14.20965323, 37.88954457 ], [ 14.20976061, 37.88968326 ], [ 14.20992088, 37.88992276 ], [ 14.20995963, 37.89036959 ], [ 14.21018394, 37.89060726 ], [ 14.21022397, 37.8907648 ], [ 14.21032152, 37.89108229 ], [ 14.21049594, 37.89162069 ], [ 14.21059003, 37.89192586 ], [ 14.21059306, 37.89200621 ], [ 14.2106546, 37.89243138 ], [ 14.21067692, 37.89268331 ], [ 14.21031404, 37.89303072 ], [ 14.21031354, 37.8931072 ], [ 14.21034604, 37.89336656 ], [ 14.21032015, 37.8938851 ], [ 14.20999804, 37.89414798 ], [ 14.21007212, 37.89427859 ], [ 14.21011812, 37.89435533 ], [ 14.21056759, 37.89468334 ], [ 14.21042984, 37.89500826 ], [ 14.21072178, 37.89527711 ], [ 14.2107101, 37.89530074 ], [ 14.21067967, 37.89527884 ], [ 14.21055529, 37.89516084 ], [ 14.21042068, 37.89503135 ], [ 14.210379, 37.8950204 ], [ 14.21038233, 37.89500419 ], [ 14.21042876, 37.89477842 ], [ 14.20999015, 37.8944183 ], [ 14.20995012, 37.89435664 ], [ 14.2098275, 37.89413934 ], [ 14.21019915, 37.89383226 ], [ 14.21021944, 37.89334073 ], [ 14.21019635, 37.89293731 ], [ 14.21048361, 37.89257515 ], [ 14.21040568, 37.89209292 ], [ 14.21009662, 37.8920618 ], [ 14.20904427, 37.89191953 ], [ 14.2089692, 37.89148245 ], [ 14.20893241, 37.89129754 ], [ 14.2089248, 37.89124633 ], [ 14.20858709, 37.89072648 ], [ 14.20859276, 37.89056793 ], [ 14.20858572, 37.89015432 ], [ 14.20859577, 37.88951465 ], [ 14.20859522, 37.88924881 ], [ 14.20851356, 37.88917043 ], [ 14.20810512, 37.8888395 ], [ 14.20822404, 37.88844792 ], [ 14.20833922, 37.88810456 ], [ 14.20839346, 37.88791615 ], [ 14.20824508, 37.88762363 ], [ 14.20807277, 37.8875267 ], [ 14.20771394, 37.88729275 ], [ 14.20762504, 37.88723689 ], [ 14.20752423, 37.88683712 ], [ 14.2075808, 37.88662009 ], [ 14.20764032, 37.88642116 ], [ 14.20766469, 37.88632465 ], [ 14.20758482, 37.8861925 ], [ 14.20750849, 37.8859214 ], [ 14.20747855, 37.88578809 ], [ 14.20737689, 37.88544865 ], [ 14.20742775, 37.88534949 ], [ 14.20744934, 37.88530362 ], [ 14.20748993, 37.88522771 ], [ 14.20759457, 37.88503459 ], [ 14.20776494, 37.88478034 ], [ 14.20788118, 37.88459239 ], [ 14.20796338, 37.88453393 ], [ 14.20816506, 37.88441157 ], [ 14.20843145, 37.8844012 ], [ 14.20857393, 37.88433011 ], [ 14.20868789, 37.8842728 ], [ 14.20875305, 37.88422428 ], [ 14.20890968, 37.88408867 ], [ 14.2089812, 37.88386786 ], [ 14.20898761, 37.88380933 ], [ 14.20896113, 37.88364216 ], [ 14.20883689, 37.88349191 ], [ 14.20877802, 37.88343135 ], [ 14.2085425, 37.88324219 ], [ 14.20850273, 37.88319027 ], [ 14.20830967, 37.8829609 ], [ 14.20826919, 37.88272119 ], [ 14.20825729, 37.88249662 ], [ 14.20820578, 37.88237529 ], [ 14.20816216, 37.88234534 ], [ 14.20808081, 37.88231239 ], [ 14.20797554, 37.88229955 ], [ 14.20795795, 37.8822664 ], [ 14.20785195, 37.88218132 ], [ 14.20776774, 37.88202908 ], [ 14.20762849, 37.8817678 ], [ 14.20757935, 37.88165979 ], [ 14.20757452, 37.88136022 ], [ 14.20758442, 37.88131774 ], [ 14.20773163, 37.88112887 ], [ 14.2077663, 37.8810844 ], [ 14.20779419, 37.88102031 ], [ 14.20783052, 37.88093383 ], [ 14.20791182, 37.88063646 ], [ 14.20791252, 37.88056955 ], [ 14.20759229, 37.88049284 ], [ 14.20747097, 37.88046068 ], [ 14.2073717, 37.88038834 ], [ 14.20730655, 37.88033483 ], [ 14.20721704, 37.88023872 ], [ 14.20708815, 37.88006888 ], [ 14.20703291, 37.88000577 ], [ 14.20694437, 37.87979487 ], [ 14.20682485, 37.87954574 ], [ 14.20681338, 37.87949444 ], [ 14.20681302, 37.87931854 ], [ 14.20646005, 37.87901268 ], [ 14.20646617, 37.87884348 ], [ 14.20640267, 37.87872801 ], [ 14.20631577, 37.87859254 ], [ 14.20618529, 37.87840494 ], [ 14.2061761, 37.87848968 ] ] ] } },
{ "type": "Feature", "properties": { "gml_id": "CadastralParcel.IT.AGE.PLA.I028_004900.155", "INSPIREID_LOCALID": "IT.AGE.PLA.I028_004900.155", "INSPIREID_NAMESPACE": "IT.AGE.PLA.", "LABEL": "155", "NATIONALCADASTRALREFERENCE": "I028_004900.155", "ADMINISTRATIVEUNIT": "I028" }, "geometry": { "type": "Polygon", "coordinates": [ [ [ 14.22161788, 37.90583199 ], [ 14.220505, 37.90552779 ], [ 14.22067338, 37.90518098 ], [ 14.22176644, 37.9055104 ], [ 14.22166926, 37.90572312 ], [ 14.22161788, 37.90583199 ] ] ] } },
{ "type": "Feature", "properties": { "gml_id": "CadastralParcel.IT.AGE.PLA.I028_004900.172", "INSPIREID_LOCALID": "IT.AGE.PLA.I028_004900.172", "INSPIREID_NAMESPACE": "IT.AGE.PLA.", "LABEL": "172", "NATIONALCADASTRALREFERENCE": "I028_004900.172", "ADMINISTRATIVEUNIT": "I028" }, "geometry": { "type": "Polygon", "coordinates": [ [ [ 14.2220233, 37.906654 ], [ 14.22212091, 37.90646924 ], [ 14.22246667, 37.90655966 ], [ 14.22237938, 37.90674166 ], [ 14.2220233, 37.906654 ] ] ] } },
{ "type": "Feature", "properties": { "gml_id": "CadastralParcel.IT.AGE.PLA.I028_004900.174", "INSPIREID_LOCALID": "IT.AGE.PLA.I028_004900.174", "INSPIREID_NAMESPACE": "IT.AGE.PLA.", "LABEL": "174", "NATIONALCADASTRALREFERENCE": "I028_004900.174", "ADMINISTRATIVEUNIT": "I028" }, "geometry": { "type": "Polygon", "coordinates": [ [ [ 14.22220131, 37.90628036 ], [ 14.22203217, 37.90623547 ], [ 14.22185091, 37.90618735 ], [ 14.2214884, 37.90609113 ], [ 14.22161788, 37.90583199 ], [ 14.22166926, 37.90572312 ], [ 14.22273622, 37.90599277 ], [ 14.22269096, 37.90609103 ], [ 14.22266623, 37.90615243 ], [ 14.22254936, 37.90637181 ], [ 14.22220131, 37.90628036 ] ] ] } },
{ "type": "Feature", "properties": { "gml_id": "CadastralParcel.IT.AGE.PLA.I028_004900.275", "INSPIREID_LOCALID": "IT.AGE.PLA.I028_004900.275", "INSPIREID_NAMESPACE": "IT.AGE.PLA.", "LABEL": "275", "NATIONALCADASTRALREFERENCE": "I028_004900.275", "ADMINISTRATIVEUNIT": "I028" }, "geometry": { "type": "Polygon", "coordinates": [ [ [ 14.22237938, 37.90674166 ], [ 14.22246667, 37.90655966 ], [ 14.22247998, 37.90652165 ], [ 14.22298903, 37.90667262 ], [ 14.22288223, 37.90687551 ], [ 14.22237938, 37.90674166 ] ] ] } },
{ "type": "Feature", "properties": { "gml_id": "CadastralParcel.IT.AGE.PLA.I028_004900.276", "INSPIREID_LOCALID": "IT.AGE.PLA.I028_004900.276", "INSPIREID_NAMESPACE": "IT.AGE.PLA.", "LABEL": "276", "NATIONALCADASTRALREFERENCE": "I028_004900.276", "ADMINISTRATIVEUNIT": "I028" }, "geometry": { "type": "Polygon", "coordinates": [ [ [ 14.22279145, 37.90707326 ], [ 14.22288223, 37.90687551 ], [ 14.22298903, 37.90667262 ], [ 14.22354924, 37.90684575 ], [ 14.22336508, 37.90724174 ], [ 14.22279145, 37.90707326 ] ] ] } },
{ "type": "Feature", "properties": { "gml_id": "CadastralParcel.IT.AGE.PLA.I028_004900.280", "INSPIREID_LOCALID": "IT.AGE.PLA.I028_004900.280", "INSPIREID_NAMESPACE": "IT.AGE.PLA.", "LABEL": "280", "NATIONALCADASTRALREFERENCE": "I028_004900.280", "ADMINISTRATIVEUNIT": "I028" }, "geometry": { "type": "Polygon", "coordinates": [ [ [ 14.2216948, 37.90656622 ], [ 14.22176839, 37.90638971 ], [ 14.22192052, 37.9064296 ], [ 14.22182619, 37.90660078 ], [ 14.2216948, 37.90656622 ] ] ] } },
{ "type": "Feature", "properties": { "gml_id": "CadastralParcel.IT.AGE.PLA.I028_004900.281", "INSPIREID_LOCALID": "IT.AGE.PLA.I028_004900.281", "INSPIREID_NAMESPACE": "IT.AGE.PLA.", "LABEL": "281", "NATIONALCADASTRALREFERENCE": "I028_004900.281", "ADMINISTRATIVEUNIT": "I028" }, "geometry": { "type": "Polygon", "coordinates": [ [ [ 14.22129751, 37.90648356 ], [ 14.22137812, 37.90630728 ], [ 14.22176839, 37.90638971 ], [ 14.2216948, 37.90656622 ], [ 14.22158785, 37.90654397 ], [ 14.22129751, 37.90648356 ] ] ] } },
{ "type": "Feature", "properties": { "gml_id": "CadastralParcel.IT.AGE.PLA.I028_004900.283", "INSPIREID_LOCALID": "IT.AGE.PLA.I028_004900.283", "INSPIREID_NAMESPACE": "IT.AGE.PLA.", "LABEL": "283", "NATIONALCADASTRALREFERENCE": "I028_004900.283", "ADMINISTRATIVEUNIT": "I028" }, "geometry": { "type": "Polygon", "coordinates": [ [ [ 14.22137812, 37.90630728 ], [ 14.2214884, 37.90609113 ], [ 14.22185091, 37.90618735 ], [ 14.22176839, 37.90638971 ], [ 14.22137812, 37.90630728 ] ] ] } },
{ "type": "Feature", "properties": { "gml_id": "CadastralParcel.IT.AGE.PLA.I028_004900.378", "INSPIREID_LOCALID": "IT.AGE.PLA.I028_004900.378", "INSPIREID_NAMESPACE": "IT.AGE.PLA.", "LABEL": "378", "NATIONALCADASTRALREFERENCE": "I028_004900.378", "ADMINISTRATIVEUNIT": "I028" }, "geometry": { "type": "Polygon", "coordinates": [ [ [ 14.22298903, 37.90667262 ], [ 14.22247998, 37.90652165 ], [ 14.22254936, 37.90637181 ], [ 14.22266623, 37.90615243 ], [ 14.22372988, 37.90646704 ], [ 14.22371888, 37.90648901 ], [ 14.22355752, 37.90643589 ], [ 14.22355261, 37.90644815 ], [ 14.22351821, 37.90655385 ], [ 14.22363652, 37.90657468 ], [ 14.22367164, 37.90658254 ], [ 14.22354924, 37.90684575 ], [ 14.22298903, 37.90667262 ] ] ] } },
{ "type": "Feature", "properties": { "gml_id": "CadastralParcel.IT.AGE.PLA.I028_004900.380", "INSPIREID_LOCALID": "IT.AGE.PLA.I028_004900.380", "INSPIREID_NAMESPACE": "IT.AGE.PLA.", "LABEL": "380", "NATIONALCADASTRALREFERENCE": "I028_004900.380", "ADMINISTRATIVEUNIT": "I028" }, "geometry": { "type": "MultiPolygon", "coordinates": [ [ [ [ 14.22015061, 37.9067566 ], [ 14.22025115, 37.90662126 ], [ 14.22031402, 37.90653663 ], [ 14.22033719, 37.90650191 ], [ 14.22034095, 37.90649395 ], [ 14.22034583, 37.90648702 ], [ 14.22116073, 37.90676387 ], [ 14.22114164, 37.90681551 ], [ 14.22093206, 37.90725447 ], [ 14.21998471, 37.90695425 ], [ 14.2199858, 37.9069512 ], [ 14.22003165, 37.90689707 ], [ 14.22012831, 37.90678662 ], [ 14.22015061, 37.9067566 ] ], [ [ 14.22069446, 37.90689063 ], [ 14.22061899, 37.90689061 ], [ 14.22060814, 37.90693011 ], [ 14.2205668, 37.90704865 ], [ 14.22054272, 37.9070882 ], [ 14.22068004, 37.90711361 ], [ 14.22075356, 37.90693343 ], [ 14.22069446, 37.90689063 ] ] ] ] } },
{ "type": "Feature", "properties": { "gml_id": "CadastralParcel.IT.AGE.PLA.I028_004900.403", "INSPIREID_LOCALID": "IT.AGE.PLA.I028_004900.403", "INSPIREID_NAMESPACE": "IT.AGE.PLA.", "LABEL": "403", "NATIONALCADASTRALREFERENCE": "I028_004900.403", "ADMINISTRATIVEUNIT": "I028" }, "geometry": { "type": "Polygon", "coordinates": [ [ [ 14.2203782, 37.90467837 ], [ 14.22037412, 37.9046641 ], [ 14.2204239, 37.90444113 ], [ 14.2204583, 37.90436196 ], [ 14.22046004, 37.90435795 ], [ 14.22046133, 37.90435495 ], [ 14.22046815, 37.90433905 ], [ 14.22051645, 37.90431249 ], [ 14.22061449, 37.90428422 ], [ 14.22071766, 37.90427357 ], [ 14.22081918, 37.90429818 ], [ 14.22104674, 37.90440923 ], [ 14.22086239, 37.90478788 ], [ 14.22067338, 37.90518098 ], [ 14.220505, 37.90552779 ], [ 14.22046327, 37.90561369 ], [ 14.2204568, 37.90557073 ], [ 14.22043562, 37.90541238 ], [ 14.22040844, 37.90512131 ], [ 14.22040202, 37.90501586 ], [ 14.2203981, 37.90494654 ], [ 14.22041984, 37.90480376 ], [ 14.22040207, 37.90473964 ], [ 14.2203782, 37.90467837 ] ] ] } },
{ "type": "Feature", "properties": { "gml_id": "CadastralParcel.IT.AGE.PLA.I028_004900.406", "INSPIREID_LOCALID": "IT.AGE.PLA.I028_004900.406", "INSPIREID_NAMESPACE": "IT.AGE.PLA.", "LABEL": "406", "NATIONALCADASTRALREFERENCE": "I028_004900.406", "ADMINISTRATIVEUNIT": "I028" }, "geometry": { "type": "Polygon", "coordinates": [ [ [ 14.22176644, 37.9055104 ], [ 14.22067338, 37.90518098 ], [ 14.22086239, 37.90478788 ], [ 14.22139916, 37.90493615 ], [ 14.22156352, 37.9049815 ], [ 14.22173594, 37.90502646 ], [ 14.22173356, 37.90506971 ], [ 14.22175471, 37.90518075 ], [ 14.22185073, 37.90533298 ], [ 14.22176644, 37.9055104 ] ] ] } },
{ "type": "Feature", "properties": { "gml_id": "CadastralParcel.IT.AGE.PLA.I028_004900.472", "INSPIREID_LOCALID": "IT.AGE.PLA.I028_004900.472", "INSPIREID_NAMESPACE": "IT.AGE.PLA.", "LABEL": "472", "NATIONALCADASTRALREFERENCE": "I028_004900.472", "ADMINISTRATIVEUNIT": "I028" }, "geometry": { "type": "Polygon", "coordinates": [ [ [ 14.22051127, 37.90613266 ], [ 14.22055265, 37.90604432 ], [ 14.22055236, 37.90604141 ], [ 14.22055364, 37.90603913 ], [ 14.22115184, 37.90623346 ], [ 14.22113493, 37.90631158 ], [ 14.22119684, 37.90631951 ], [ 14.22122521, 37.90632326 ], [ 14.22123859, 37.90626175 ], [ 14.22137812, 37.90630728 ], [ 14.22129751, 37.90648356 ], [ 14.22120733, 37.90666838 ], [ 14.22116073, 37.90676387 ], [ 14.22034583, 37.90648702 ], [ 14.22034095, 37.90649395 ], [ 14.22044015, 37.90628351 ], [ 14.22051127, 37.90613266 ] ] ] } },
{ "type": "Feature", "properties": { "gml_id": "CadastralParcel.IT.AGE.PLA.I028_004900.473", "INSPIREID_LOCALID": "IT.AGE.PLA.I028_004900.473", "INSPIREID_NAMESPACE": "IT.AGE.PLA.", "LABEL": "473", "NATIONALCADASTRALREFERENCE": "I028_004900.473", "ADMINISTRATIVEUNIT": "I028" }, "geometry": { "type": "Polygon", "coordinates": [ [ [ 14.22123859, 37.90626175 ], [ 14.22122521, 37.90632326 ], [ 14.22119684, 37.90631951 ], [ 14.22113493, 37.90631158 ], [ 14.22115184, 37.90623346 ], [ 14.22121037, 37.90625255 ], [ 14.22123859, 37.90626175 ] ] ] } },
{ "type": "Feature", "properties": { "gml_id": "CadastralParcel.IT.AGE.PLA.I028_004900.474", "INSPIREID_LOCALID": "IT.AGE.PLA.I028_004900.474", "INSPIREID_NAMESPACE": "IT.AGE.PLA.", "LABEL": "474", "NATIONALCADASTRALREFERENCE": "I028_004900.474", "ADMINISTRATIVEUNIT": "I028" }, "geometry": { "type": "Polygon", "coordinates": [ [ [ 14.22053839, 37.90590088 ], [ 14.22053111, 37.90588879 ], [ 14.22049384, 37.90581665 ], [ 14.22046327, 37.90561369 ], [ 14.220505, 37.90552779 ], [ 14.22161788, 37.90583199 ], [ 14.2214884, 37.90609113 ], [ 14.22137812, 37.90630728 ], [ 14.22123859, 37.90626175 ], [ 14.22124055, 37.90624589 ], [ 14.22124444, 37.90624664 ], [ 14.22125678, 37.90618864 ], [ 14.22122381, 37.90618537 ], [ 14.22116413, 37.90617805 ], [ 14.22115184, 37.90623346 ], [ 14.22055364, 37.90603913 ], [ 14.22055236, 37.90604141 ], [ 14.22054434, 37.90596073 ], [ 14.22053864, 37.90590337 ], [ 14.22053839, 37.90590088 ] ] ] } },
{ "type": "Feature", "properties": { "gml_id": "CadastralParcel.IT.AGE.PLA.I028_004900.475", "INSPIREID_LOCALID": "IT.AGE.PLA.I028_004900.475", "INSPIREID_NAMESPACE": "IT.AGE.PLA.", "LABEL": "475", "NATIONALCADASTRALREFERENCE": "I028_004900.475", "ADMINISTRATIVEUNIT": "I028" }, "geometry": { "type": "Polygon", "coordinates": [ [ [ 14.22122381, 37.90618537 ], [ 14.22125678, 37.90618864 ], [ 14.22124444, 37.90624664 ], [ 14.22124055, 37.90624589 ], [ 14.22123859, 37.90626175 ], [ 14.22121037, 37.90625255 ], [ 14.22115184, 37.90623346 ], [ 14.22116413, 37.90617805 ], [ 14.22122381, 37.90618537 ] ] ] } },
{ "type": "Feature", "properties": { "gml_id": "CadastralParcel.IT.AGE.PLA.I028_004800.49", "INSPIREID_LOCALID": "IT.AGE.PLA.I028_004800.49", "INSPIREID_NAMESPACE": "IT.AGE.PLA.", "LABEL": "49", "NATIONALCADASTRALREFERENCE": "I028_004800.49", "ADMINISTRATIVEUNIT": "I028" }, "geometry": { "type": "Polygon", "coordinates": [ [ [ 14.22049384, 37.90581665 ], [ 14.22053109, 37.90588876 ], [ 14.22053839, 37.90590088 ], [ 14.22055265, 37.90604432 ], [ 14.22051127, 37.90613266 ], [ 14.21961236, 37.90603128 ], [ 14.21974, 37.90570611 ], [ 14.21984568, 37.90544073 ], [ 14.21988181, 37.90512819 ], [ 14.22007118, 37.90508618 ], [ 14.22025989, 37.90508105 ], [ 14.22040844, 37.90512131 ], [ 14.22043562, 37.90541238 ], [ 14.2204568, 37.90557073 ], [ 14.22049384, 37.90581665 ] ] ] } },
{ "type": "Feature", "properties": { "gml_id": "CadastralParcel.IT.AGE.PLA.I028_004900.503", "INSPIREID_LOCALID": "IT.AGE.PLA.I028_004900.503", "INSPIREID_NAMESPACE": "IT.AGE.PLA.", "LABEL": "503", "NATIONALCADASTRALREFERENCE": "I028_004900.503", "ADMINISTRATIVEUNIT": "I028" }, "geometry": { "type": "Polygon", "coordinates": [ [ [ 14.22223641, 37.90703341 ], [ 14.22216627, 37.90701755 ], [ 14.22213381, 37.90703349 ], [ 14.22209294, 37.90702379 ], [ 14.22207035, 37.90701869 ], [ 14.22195675, 37.90699281 ], [ 14.2219663, 37.90696824 ], [ 14.22193549, 37.90696133 ], [ 14.22188209, 37.90694816 ], [ 14.22181918, 37.90693317 ], [ 14.22186972, 37.90680336 ], [ 14.22193633, 37.90663053 ], [ 14.2220233, 37.906654 ], [ 14.22237938, 37.90674166 ], [ 14.22229215, 37.90692908 ], [ 14.22223641, 37.90703341 ] ] ] } },
{ "type": "Feature", "properties": { "gml_id": "CadastralParcel.IT.AGE.PLA.I028_004900.504", "INSPIREID_LOCALID": "IT.AGE.PLA.I028_004900.504", "INSPIREID_NAMESPACE": "IT.AGE.PLA.", "LABEL": "504", "NATIONALCADASTRALREFERENCE": "I028_004900.504", "ADMINISTRATIVEUNIT": "I028" }, "geometry": { "type": "Polygon", "coordinates": [ [ [ 14.22179924, 37.90698273 ], [ 14.22114164, 37.90681551 ], [ 14.22116073, 37.90676387 ], [ 14.22120733, 37.90666838 ], [ 14.22125499, 37.90665376 ], [ 14.22131667, 37.9066335 ], [ 14.2213864, 37.90661406 ], [ 14.22142844, 37.90659811 ], [ 14.22147893, 37.90658251 ], [ 14.22153069, 37.90656344 ], [ 14.22158785, 37.90654397 ], [ 14.2216948, 37.90656622 ], [ 14.22182619, 37.90660078 ], [ 14.22193633, 37.90663053 ], [ 14.22186972, 37.90680336 ], [ 14.22181918, 37.90693317 ], [ 14.22179924, 37.90698273 ] ] ] } },
{ "type": "Feature", "properties": { "gml_id": "CadastralParcel.IT.AGE.PLA.I028_004900.505", "INSPIREID_LOCALID": "IT.AGE.PLA.I028_004900.505", "INSPIREID_NAMESPACE": "IT.AGE.PLA.", "LABEL": "505", "NATIONALCADASTRALREFERENCE": "I028_004900.505", "ADMINISTRATIVEUNIT": "I028" }, "geometry": { "type": "Polygon", "coordinates": [ [ [ 14.22158785, 37.90654397 ], [ 14.22153069, 37.90656344 ], [ 14.22147893, 37.90658251 ], [ 14.22142844, 37.90659811 ], [ 14.2213864, 37.90661406 ], [ 14.22131667, 37.9066335 ], [ 14.22125499, 37.90665376 ], [ 14.22120733, 37.90666838 ], [ 14.22129751, 37.90648356 ], [ 14.22158785, 37.90654397 ] ] ] } },
{ "type": "Feature", "properties": { "gml_id": "CadastralParcel.IT.AGE.PLA.I028_005900.ACQUA003", "INSPIREID_LOCALID": "IT.AGE.PLA.I028_005900.ACQUA003", "INSPIREID_NAMESPACE": "IT.AGE.PLA.", "LABEL": "ACQUA003", "NATIONALCADASTRALREFERENCE": "I028_005900.ACQUA003", "ADMINISTRATIVEUNIT": "I028" }, "geometry": { "type": "Polygon", "coordinates": [ [ [ 14.21524683, 37.89698119 ], [ 14.21524831, 37.8969842 ], [ 14.21524392, 37.89698361 ], [ 14.21518086, 37.89703588 ], [ 14.21508848, 37.89709272 ], [ 14.21508452, 37.89709367 ], [ 14.21508072, 37.89709422 ], [ 14.21510222, 37.8970518 ], [ 14.21514278, 37.89696265 ], [ 14.21507268, 37.89686368 ], [ 14.21505915, 37.89678669 ], [ 14.21496349, 37.89667246 ], [ 14.21492145, 37.89660906 ], [ 14.21476515, 37.89636471 ], [ 14.21481122, 37.8963011 ], [ 14.21498987, 37.89606636 ], [ 14.21504857, 37.89600292 ], [ 14.21518116, 37.89589851 ], [ 14.21516833, 37.89586278 ], [ 14.21517604, 37.89563132 ], [ 14.21517703, 37.89560471 ], [ 14.21511181, 37.89546352 ], [ 14.2151284, 37.89535278 ], [ 14.21518378, 37.89526892 ], [ 14.21525967, 37.89509183 ], [ 14.2152266, 37.89493868 ], [ 14.21513982, 37.89479567 ], [ 14.21506391, 37.89465903 ], [ 14.21508467, 37.89435566 ], [ 14.21508499, 37.89427805 ], [ 14.21504574, 37.89390702 ], [ 14.21503396, 37.8938122 ], [ 14.21515089, 37.89369072 ], [ 14.21542079, 37.89338589 ], [ 14.21556281, 37.89330505 ], [ 14.21577358, 37.89318291 ], [ 14.21585096, 37.89308846 ], [ 14.21597689, 37.89298853 ], [ 14.21595457, 37.892847 ], [ 14.21608605, 37.89276106 ], [ 14.21626554, 37.89263208 ], [ 14.21632682, 37.89235076 ], [ 14.2164161, 37.89186168 ], [ 14.21648337, 37.89153115 ], [ 14.216556, 37.89145351 ], [ 14.21693735, 37.89103149 ], [ 14.21704292, 37.89091414 ], [ 14.21726637, 37.89069048 ], [ 14.21721215, 37.89061359 ], [ 14.21713636, 37.89051241 ], [ 14.21716463, 37.8904121 ], [ 14.2171764, 37.89039965 ], [ 14.21717033, 37.89038366 ], [ 14.21721778, 37.89023439 ], [ 14.21714135, 37.88999688 ], [ 14.21722865, 37.88986237 ], [ 14.21722335, 37.88983116 ], [ 14.21721784, 37.88960693 ], [ 14.21715339, 37.88942953 ], [ 14.21711534, 37.88933281 ], [ 14.21714741, 37.88913281 ], [ 14.21708723, 37.88907852 ], [ 14.21689054, 37.88899141 ], [ 14.21680299, 37.88884378 ], [ 14.2169019, 37.8886703 ], [ 14.21687673, 37.88844267 ], [ 14.21685272, 37.88838437 ], [ 14.2167596, 37.88826361 ], [ 14.21661997, 37.88810897 ], [ 14.21661772, 37.888062 ], [ 14.21655544, 37.88785641 ], [ 14.21646626, 37.88773629 ], [ 14.21638218, 37.88749826 ], [ 14.21634529, 37.88742288 ], [ 14.21623635, 37.88723523 ], [ 14.21617648, 37.88718343 ], [ 14.21605179, 37.88708021 ], [ 14.21599155, 37.88705135 ], [ 14.21579701, 37.88696605 ], [ 14.21573204, 37.88687686 ], [ 14.21559074, 37.88678936 ], [ 14.2153761, 37.88675317 ], [ 14.21499609, 37.88667889 ], [ 14.21481478, 37.88664386 ], [ 14.21455782, 37.88659689 ], [ 14.2144453, 37.8863813 ], [ 14.21423114, 37.8862799 ], [ 14.21393693, 37.88617872 ], [ 14.21381408, 37.88603481 ], [ 14.21366999, 37.8858451 ], [ 14.21351576, 37.88567659 ], [ 14.21342803, 37.8855746 ], [ 14.21332137, 37.88549764 ], [ 14.21314334, 37.88536002 ], [ 14.21304797, 37.88524529 ], [ 14.21297889, 37.88518279 ], [ 14.21300927, 37.88490579 ], [ 14.21298494, 37.88452603 ], [ 14.21288031, 37.88444329 ], [ 14.2127105, 37.8843102 ], [ 14.21266852, 37.88424475 ], [ 14.21255516, 37.88410329 ], [ 14.21250118, 37.8840302 ], [ 14.21245318, 37.88391567 ], [ 14.21243164, 37.88380659 ], [ 14.21242037, 37.88373462 ], [ 14.21238034, 37.88369413 ], [ 14.2123286, 37.88345996 ], [ 14.21232617, 37.88342813 ], [ 14.21231059, 37.88331547 ], [ 14.21234641, 37.88303079 ], [ 14.21228747, 37.88290786 ], [ 14.21219645, 37.8828045 ], [ 14.21210125, 37.88271263 ], [ 14.21206084, 37.88265612 ], [ 14.21195752, 37.88252415 ], [ 14.21191531, 37.88245224 ], [ 14.21184075, 37.88235749 ], [ 14.21183243, 37.88231588 ], [ 14.2117942, 37.88215068 ], [ 14.21161777, 37.88198785 ], [ 14.21134772, 37.88194689 ], [ 14.21124307, 37.88208677 ], [ 14.21122786, 37.88209885 ], [ 14.21122946, 37.88216883 ], [ 14.2112052, 37.88234697 ], [ 14.21108058, 37.88243724 ], [ 14.21082102, 37.88261968 ], [ 14.21058057, 37.88250548 ], [ 14.21035468, 37.88238605 ], [ 14.21032866, 37.88232146 ], [ 14.21026312, 37.88216995 ], [ 14.21013171, 37.88209318 ], [ 14.20997547, 37.88198682 ], [ 14.20990191, 37.8819191 ], [ 14.20978501, 37.88182823 ], [ 14.20976422, 37.88167055 ], [ 14.20973945, 37.88165961 ], [ 14.20967246, 37.88156136 ], [ 14.20961641, 37.88149648 ], [ 14.20957586, 37.88147753 ], [ 14.20947837, 37.8814181 ], [ 14.20925378, 37.88129459 ], [ 14.20922983, 37.88112502 ], [ 14.20915792, 37.8809912 ], [ 14.20911548, 37.88091404 ], [ 14.20897582, 37.88078423 ], [ 14.20889077, 37.88078351 ], [ 14.20887068, 37.88076101 ], [ 14.20885378, 37.88071311 ], [ 14.20878381, 37.88055263 ], [ 14.20879895, 37.88049601 ], [ 14.20880987, 37.88028695 ], [ 14.2088237, 37.88022431 ], [ 14.20888327, 37.87999597 ], [ 14.20894421, 37.87970467 ], [ 14.20880607, 37.87948932 ], [ 14.20878498, 37.87948748 ], [ 14.20875146, 37.87947567 ], [ 14.20872731, 37.87946503 ], [ 14.20867494, 37.87943826 ], [ 14.20837045, 37.87934798 ], [ 14.20812557, 37.87905557 ], [ 14.20809061, 37.87887434 ], [ 14.20807687, 37.87885049 ], [ 14.20811168, 37.87872805 ], [ 14.20807639, 37.87871523 ], [ 14.20800528, 37.87859967 ], [ 14.20795381, 37.87853341 ], [ 14.20802024, 37.87840093 ], [ 14.20824802, 37.87772012 ], [ 14.2082576, 37.87757673 ], [ 14.20842379, 37.87749206 ], [ 14.20842479, 37.87748376 ], [ 14.20842687, 37.87748283 ], [ 14.20842672, 37.87756923 ], [ 14.20838286, 37.87772697 ], [ 14.20825475, 37.87826716 ], [ 14.20821483, 37.87843525 ], [ 14.20822032, 37.87860414 ], [ 14.20832359, 37.87866791 ], [ 14.20828462, 37.87901932 ], [ 14.20848381, 37.87919925 ], [ 14.20863489, 37.87922764 ], [ 14.20884424, 37.87922097 ], [ 14.20901705, 37.87927661 ], [ 14.20910358, 37.87930684 ], [ 14.20915159, 37.87951062 ], [ 14.20915834, 37.8795442 ], [ 14.20905569, 37.87976499 ], [ 14.20907184, 37.87994971 ], [ 14.20899839, 37.88037779 ], [ 14.20897546, 37.88060848 ], [ 14.2092106, 37.88078434 ], [ 14.20926204, 37.88082552 ], [ 14.2094025, 37.88112589 ], [ 14.20943717, 37.88122523 ], [ 14.20978622, 37.88144395 ], [ 14.20980166, 37.88148748 ], [ 14.20985412, 37.88162285 ], [ 14.21014326, 37.88197634 ], [ 14.21048407, 37.88204395 ], [ 14.21078026, 37.88212471 ], [ 14.21088453, 37.882129 ], [ 14.21092209, 37.88201263 ], [ 14.21095598, 37.88193052 ], [ 14.21114262, 37.88179812 ], [ 14.21146818, 37.88178513 ], [ 14.21172048, 37.88176308 ], [ 14.21177555, 37.88176924 ], [ 14.2118848, 37.8818312 ], [ 14.21201301, 37.88189751 ], [ 14.2119944, 37.88214825 ], [ 14.21199113, 37.88230264 ], [ 14.21207958, 37.88244063 ], [ 14.21218723, 37.882575 ], [ 14.21252604, 37.88271207 ], [ 14.21255485, 37.88310166 ], [ 14.2125512, 37.88322485 ], [ 14.21254004, 37.88333846 ], [ 14.21257986, 37.88345229 ], [ 14.21264737, 37.88360825 ], [ 14.21264844, 37.88398367 ], [ 14.21280515, 37.88417659 ], [ 14.21287944, 37.88425853 ], [ 14.21297753, 37.88433549 ], [ 14.21311562, 37.88445586 ], [ 14.21322544, 37.88504626 ], [ 14.21324763, 37.88530148 ], [ 14.2134017, 37.88540871 ], [ 14.21365763, 37.88558378 ], [ 14.21377823, 37.8856953 ], [ 14.21390974, 37.88580874 ], [ 14.21409633, 37.88605797 ], [ 14.21414431, 37.88609443 ], [ 14.21431286, 37.88618917 ], [ 14.21460223, 37.88628151 ], [ 14.21462965, 37.88634817 ], [ 14.21470524, 37.88652003 ], [ 14.21492213, 37.88658138 ], [ 14.21530675, 37.88657451 ], [ 14.21555952, 37.88658452 ], [ 14.21590877, 37.88658627 ], [ 14.21621129, 37.88651396 ], [ 14.21635762, 37.88645517 ], [ 14.21668365, 37.88619028 ], [ 14.21681892, 37.88608474 ], [ 14.21714167, 37.88611181 ], [ 14.21740316, 37.88606291 ], [ 14.21756472, 37.88603103 ], [ 14.21775889, 37.88612439 ], [ 14.2181371, 37.88607046 ], [ 14.21837445, 37.88599771 ], [ 14.21837394, 37.88599977 ], [ 14.2183591, 37.88606992 ], [ 14.21834564, 37.88613857 ], [ 14.21818515, 37.88622491 ], [ 14.218177, 37.88622614 ], [ 14.21790362, 37.88626757 ], [ 14.21735235, 37.88621595 ], [ 14.21725887, 37.88620719 ], [ 14.2171793, 37.8862051 ], [ 14.21688181, 37.88619729 ], [ 14.2168641, 37.88620947 ], [ 14.21624951, 37.88660872 ], [ 14.21615764, 37.88666701 ], [ 14.21580693, 37.88676072 ], [ 14.21581875, 37.88676906 ], [ 14.21588728, 37.88681765 ], [ 14.21605964, 37.88693899 ], [ 14.2161023, 37.88705898 ], [ 14.21626057, 37.88712272 ], [ 14.2162705, 37.88712672 ], [ 14.21632466, 37.88713534 ], [ 14.21634271, 37.88713911 ], [ 14.21640431, 37.88723774 ], [ 14.21640544, 37.88724227 ], [ 14.21640637, 37.88724602 ], [ 14.2164438, 37.88749634 ], [ 14.2164721, 37.88756377 ], [ 14.21652646, 37.8876933 ], [ 14.21652765, 37.88769613 ], [ 14.21656381, 37.88773204 ], [ 14.21664413, 37.88781535 ], [ 14.21674192, 37.88800785 ], [ 14.21679601, 37.88822101 ], [ 14.21692485, 37.88837894 ], [ 14.21693705, 37.88840008 ], [ 14.21700714, 37.88868034 ], [ 14.2169302, 37.88876732 ], [ 14.21685933, 37.88883625 ], [ 14.21686391, 37.88884225 ], [ 14.21688212, 37.88886608 ], [ 14.21695371, 37.88895981 ], [ 14.21700206, 37.88896614 ], [ 14.21710192, 37.88898571 ], [ 14.21718596, 37.88903155 ], [ 14.21725148, 37.88907619 ], [ 14.21732041, 37.88936599 ], [ 14.21732374, 37.88936819 ], [ 14.21732435, 37.88937185 ], [ 14.21735305, 37.88941058 ], [ 14.21735088, 37.88988421 ], [ 14.21734437, 37.88990889 ], [ 14.21730013, 37.89006405 ], [ 14.21729849, 37.89008281 ], [ 14.21728739, 37.89022995 ], [ 14.21727718, 37.89051015 ], [ 14.21728404, 37.89053075 ], [ 14.21731915, 37.8906778 ], [ 14.21729017, 37.89071747 ], [ 14.21719859, 37.89082681 ], [ 14.21686765, 37.89122338 ], [ 14.2166432, 37.89145226 ], [ 14.21655874, 37.89154148 ], [ 14.21651225, 37.89177165 ], [ 14.2164778, 37.89193843 ], [ 14.21647587, 37.89194775 ], [ 14.21647108, 37.89197094 ], [ 14.21645561, 37.89204584 ], [ 14.21642303, 37.8922119 ], [ 14.21640603, 37.89229759 ], [ 14.216403, 37.89231287 ], [ 14.21637413, 37.89245598 ], [ 14.21634881, 37.89257667 ], [ 14.21632642, 37.89264855 ], [ 14.21609398, 37.89282008 ], [ 14.21608347, 37.8928275 ], [ 14.2160777, 37.89282448 ], [ 14.21602713, 37.89285305 ], [ 14.21602964, 37.89286548 ], [ 14.21602745, 37.89286703 ], [ 14.21605221, 37.8929952 ], [ 14.21589526, 37.89313516 ], [ 14.21588793, 37.89314723 ], [ 14.21580378, 37.89328584 ], [ 14.2157942, 37.89329728 ], [ 14.2157793, 37.89331581 ], [ 14.21565578, 37.89341944 ], [ 14.21550378, 37.89352483 ], [ 14.21548753, 37.89353609 ], [ 14.21548451, 37.89353819 ], [ 14.21546359, 37.89357191 ], [ 14.21533306, 37.89376723 ], [ 14.21511887, 37.89384509 ], [ 14.21512136, 37.89385215 ], [ 14.21518797, 37.89404141 ], [ 14.21519225, 37.89405358 ], [ 14.21524959, 37.89421891 ], [ 14.21528839, 37.89442548 ], [ 14.21521556, 37.89459181 ], [ 14.2152088, 37.89461269 ], [ 14.21520285, 37.89463082 ], [ 14.21519995, 37.89464001 ], [ 14.21530949, 37.89485124 ], [ 14.21532654, 37.89488876 ], [ 14.21535846, 37.8949989 ], [ 14.21537505, 37.8950617 ], [ 14.21537534, 37.8950722 ], [ 14.21533895, 37.895217 ], [ 14.2153212, 37.89525315 ], [ 14.2152481, 37.89540202 ], [ 14.21524298, 37.89542499 ], [ 14.21523913, 37.89544224 ], [ 14.21523561, 37.89545803 ], [ 14.21529694, 37.89559556 ], [ 14.21528793, 37.89580249 ], [ 14.21528742, 37.89581091 ], [ 14.2152873, 37.8959242 ], [ 14.21522444, 37.89598826 ], [ 14.21520136, 37.89601168 ], [ 14.21511932, 37.89609067 ], [ 14.21510076, 37.89611377 ], [ 14.21501261, 37.89622351 ], [ 14.21497559, 37.89627357 ], [ 14.21496946, 37.89628153 ], [ 14.21490547, 37.89636836 ], [ 14.21489673, 37.89638023 ], [ 14.21504322, 37.89662449 ], [ 14.2150516, 37.89663847 ], [ 14.21505336, 37.8966414 ], [ 14.21516993, 37.89674441 ], [ 14.21518962, 37.89684959 ], [ 14.21519934, 37.89687196 ], [ 14.21520376, 37.89689378 ], [ 14.21524683, 37.89698119 ] ] ] } },
{ "type": "Feature", "properties": { "gml_id": "CadastralParcel.IT.AGE.PLA.I028_004000.79", "INSPIREID_LOCALID": "IT.AGE.PLA.I028_004000.79", "INSPIREID_NAMESPACE": "IT.AGE.PLA.", "LABEL": "79", "NATIONALCADASTRALREFERENCE": "I028_004000.79", "ADMINISTRATIVEUNIT": "I028" }, "geometry": { "type": "Polygon", "coordinates": [ [ [ 14.23319932, 37.91043484 ], [ 14.23404387, 37.90872743 ], [ 14.23433109, 37.90819484 ], [ 14.23467772, 37.90747214 ], [ 14.2349833, 37.90683931 ], [ 14.23538333, 37.9060288 ], [ 14.23573478, 37.90532256 ], [ 14.23577846, 37.90524395 ], [ 14.23588467, 37.90505271 ], [ 14.23597634, 37.90482974 ], [ 14.2362791, 37.90423612 ], [ 14.23685116, 37.90314764 ], [ 14.23704412, 37.90329026 ], [ 14.23757828, 37.90369021 ], [ 14.23762575, 37.90372701 ], [ 14.2371541, 37.90468282 ], [ 14.2369006, 37.90519828 ], [ 14.23650317, 37.90599327 ], [ 14.23606621, 37.90686671 ], [ 14.23602947, 37.90694023 ], [ 14.23596673, 37.90706575 ], [ 14.23575349, 37.90751739 ], [ 14.23535437, 37.90836265 ], [ 14.23444, 37.91020936 ], [ 14.23439621, 37.91032177 ], [ 14.23418551, 37.9107712 ], [ 14.23319932, 37.91043484 ] ] ] } },
{ "type": "Feature", "properties": { "gml_id": "CadastralParcel.IT.AGE.PLA.I028_004000.273", "INSPIREID_LOCALID": "IT.AGE.PLA.I028_004000.273", "INSPIREID_NAMESPACE": "IT.AGE.PLA.", "LABEL": "273", "NATIONALCADASTRALREFERENCE": "I028_004000.273", "ADMINISTRATIVEUNIT": "I028" }, "geometry": { "type": "Polygon", "coordinates": [ [ [ 14.24042584, 37.91008415 ], [ 14.24001266, 37.91028698 ], [ 14.23976145, 37.90998131 ], [ 14.23951071, 37.90967555 ], [ 14.23925999, 37.90936979 ], [ 14.23900925, 37.90906401 ], [ 14.23875852, 37.90875824 ], [ 14.23850781, 37.90845246 ], [ 14.23825707, 37.90814669 ], [ 14.23800635, 37.90784092 ], [ 14.23775563, 37.90753516 ], [ 14.23750491, 37.90722938 ], [ 14.23728729, 37.90696374 ], [ 14.23728187, 37.90694413 ], [ 14.23725045, 37.90687744 ], [ 14.23720048, 37.9067601 ], [ 14.23722436, 37.90655884 ], [ 14.23716269, 37.90638398 ], [ 14.23711084, 37.90625801 ], [ 14.23701654, 37.90612407 ], [ 14.23692537, 37.90599878 ], [ 14.23684102, 37.90595795 ], [ 14.23685996, 37.90586283 ], [ 14.23691062, 37.90571787 ], [ 14.2369521, 37.90545245 ], [ 14.23700001, 37.90537027 ], [ 14.23724497, 37.90517116 ], [ 14.23734043, 37.90514405 ], [ 14.23752532, 37.90513104 ], [ 14.23774113, 37.9053929 ], [ 14.23799366, 37.90570091 ], [ 14.23823647, 37.90601299 ], [ 14.23848746, 37.9063186 ], [ 14.2387385, 37.90662422 ], [ 14.23898954, 37.90692982 ], [ 14.23924059, 37.90723544 ], [ 14.23949163, 37.90754107 ], [ 14.23974268, 37.90784669 ], [ 14.23999372, 37.90815231 ], [ 14.24024473, 37.908458 ], [ 14.24049579, 37.90876361 ], [ 14.24074674, 37.90906983 ], [ 14.24099751, 37.90937726 ], [ 14.24124894, 37.9096845 ], [ 14.24081984, 37.90989205 ], [ 14.24042584, 37.91008415 ] ] ] } },
{ "type": "Feature", "properties": { "gml_id": "CadastralParcel.IT.AGE.PLA.I028_004000.277", "INSPIREID_LOCALID": "IT.AGE.PLA.I028_004000.277", "INSPIREID_NAMESPACE": "IT.AGE.PLA.", "LABEL": "277", "NATIONALCADASTRALREFERENCE": "I028_004000.277", "ADMINISTRATIVEUNIT": "I028" }, "geometry": { "type": "Polygon", "coordinates": [ [ [ 14.23834822, 37.90422868 ], [ 14.23838816, 37.90427734 ], [ 14.23837438, 37.90430604 ], [ 14.23827615, 37.90450953 ], [ 14.23818555, 37.90471665 ], [ 14.23808158, 37.9048854 ], [ 14.23789468, 37.90501954 ], [ 14.23777038, 37.90508421 ], [ 14.23760923, 37.90512512 ], [ 14.23752532, 37.90513104 ], [ 14.23734043, 37.90514405 ], [ 14.23724497, 37.90517116 ], [ 14.23700001, 37.90537027 ], [ 14.2369521, 37.90545245 ], [ 14.23691062, 37.90571787 ], [ 14.23685996, 37.90586283 ], [ 14.23684102, 37.90595795 ], [ 14.23692537, 37.90599878 ], [ 14.23701654, 37.90612407 ], [ 14.23711084, 37.90625801 ], [ 14.23716269, 37.90638398 ], [ 14.23722436, 37.90655884 ], [ 14.23720048, 37.9067601 ], [ 14.23725045, 37.90687744 ], [ 14.23728187, 37.90694413 ], [ 14.23728729, 37.90696374 ], [ 14.23729872, 37.90700539 ], [ 14.23730149, 37.9070643 ], [ 14.23727102, 37.90729344 ], [ 14.23726734, 37.90750916 ], [ 14.23727907, 37.90763961 ], [ 14.23734702, 37.90792551 ], [ 14.23733592, 37.90806377 ], [ 14.23732367, 37.90813738 ], [ 14.23731971, 37.90819324 ], [ 14.2373303, 37.90826821 ], [ 14.23733457, 37.9083197 ], [ 14.23731698, 37.90838519 ], [ 14.23728413, 37.90845883 ], [ 14.23727057, 37.90851729 ], [ 14.23727683, 37.90855655 ], [ 14.23728988, 37.90859246 ], [ 14.23731303, 37.90863363 ], [ 14.23735154, 37.90868986 ], [ 14.23739061, 37.90874829 ], [ 14.23758989, 37.90899575 ], [ 14.23772364, 37.90911825 ], [ 14.23777616, 37.90917133 ], [ 14.2379387, 37.90931576 ], [ 14.23806179, 37.90936114 ], [ 14.23819473, 37.90941408 ], [ 14.23831202, 37.9095271 ], [ 14.23833106, 37.90966281 ], [ 14.23825494, 37.90979181 ], [ 14.23810283, 37.90995569 ], [ 14.23792295, 37.9101453 ], [ 14.23785724, 37.91021462 ], [ 14.23776097, 37.91041522 ], [ 14.23755232, 37.91063966 ], [ 14.23744717, 37.91079997 ], [ 14.23746709, 37.91082492 ], [ 14.23762078, 37.91085193 ], [ 14.23748799, 37.91086134 ], [ 14.23726574, 37.91095276 ], [ 14.23722283, 37.91105941 ], [ 14.23716011, 37.91104843 ], [ 14.23719769, 37.91090819 ], [ 14.23731422, 37.91085098 ], [ 14.23736463, 37.91082364 ], [ 14.23740004, 37.91079044 ], [ 14.23750169, 37.91061654 ], [ 14.23770564, 37.91039714 ], [ 14.23780532, 37.91019279 ], [ 14.23788777, 37.91010561 ], [ 14.23804982, 37.90993512 ], [ 14.23820026, 37.90977306 ], [ 14.23827119, 37.90965502 ], [ 14.23825573, 37.90954494 ], [ 14.23815698, 37.90944978 ], [ 14.23803131, 37.90939974 ], [ 14.2379027, 37.90935247 ], [ 14.23772978, 37.90919869 ], [ 14.2376781, 37.90914647 ], [ 14.23754251, 37.90902229 ], [ 14.23733975, 37.9087705 ], [ 14.23729975, 37.90871066 ], [ 14.23726031, 37.9086531 ], [ 14.23723466, 37.90860748 ], [ 14.23721936, 37.90856529 ], [ 14.23721147, 37.90851587 ], [ 14.23722737, 37.90844727 ], [ 14.23726048, 37.90837303 ], [ 14.23727572, 37.90831632 ], [ 14.23727203, 37.90827193 ], [ 14.23726107, 37.90819428 ], [ 14.23726541, 37.90813309 ], [ 14.23727769, 37.90805931 ], [ 14.23728845, 37.90792533 ], [ 14.23722099, 37.90764515 ], [ 14.23720886, 37.90751026 ], [ 14.23721258, 37.90729067 ], [ 14.23724294, 37.90706265 ], [ 14.23724047, 37.90701077 ], [ 14.2372298, 37.90697184 ], [ 14.23722555, 37.90695645 ], [ 14.23719522, 37.90689209 ], [ 14.23715962, 37.90680833 ], [ 14.23714115, 37.90676514 ], [ 14.23716519, 37.90656266 ], [ 14.23710661, 37.90639662 ], [ 14.23705683, 37.90627567 ], [ 14.23696579, 37.9061464 ], [ 14.23688237, 37.90603303 ], [ 14.23683814, 37.9060116 ], [ 14.23682515, 37.90601982 ], [ 14.23680446, 37.90605355 ], [ 14.23680738, 37.90618897 ], [ 14.23679855, 37.90630171 ], [ 14.23679374, 37.90636325 ], [ 14.23678759, 37.90644191 ], [ 14.23677351, 37.90653891 ], [ 14.2367493, 37.90661436 ], [ 14.23666758, 37.90672398 ], [ 14.23659344, 37.90677263 ], [ 14.2362805, 37.90685282 ], [ 14.23616726, 37.90687752 ], [ 14.23608761, 37.90690324 ], [ 14.23602947, 37.90694023 ], [ 14.23606621, 37.90686671 ], [ 14.23614778, 37.90683478 ], [ 14.23626316, 37.90680963 ], [ 14.23656412, 37.9067325 ], [ 14.23662194, 37.90669456 ], [ 14.23669451, 37.90659719 ], [ 14.23671583, 37.90653077 ], [ 14.23672932, 37.90643785 ], [ 14.23674026, 37.90629815 ], [ 14.23674887, 37.90618803 ], [ 14.23674606, 37.90604304 ], [ 14.23677888, 37.90598951 ], [ 14.23680311, 37.90585438 ], [ 14.23685374, 37.90570975 ], [ 14.23689527, 37.90543932 ], [ 14.2369509, 37.90534389 ], [ 14.23721174, 37.90513187 ], [ 14.23732671, 37.90509923 ], [ 14.23748964, 37.90508777 ], [ 14.23759649, 37.90508024 ], [ 14.237744, 37.90504279 ], [ 14.23785807, 37.90498344 ], [ 14.23803351, 37.90485771 ], [ 14.23813158, 37.90469972 ], [ 14.2382211, 37.90449505 ], [ 14.23831915, 37.90429188 ], [ 14.23834822, 37.90422868 ] ] ] } },
{ "type": "Feature", "properties": { "gml_id": "CadastralParcel.IT.AGE.PLA.I028_004000.279", "INSPIREID_LOCALID": "IT.AGE.PLA.I028_004000.279", "INSPIREID_NAMESPACE": "IT.AGE.PLA.", "LABEL": "279", "NATIONALCADASTRALREFERENCE": "I028_004000.279", "ADMINISTRATIVEUNIT": "I028" }, "geometry": { "type": "Polygon", "coordinates": [ [ [ 14.23596673, 37.90706575 ], [ 14.23602947, 37.90694023 ], [ 14.23608761, 37.90690324 ], [ 14.23616726, 37.90687752 ], [ 14.2362805, 37.90685282 ], [ 14.23659344, 37.90677263 ], [ 14.23666758, 37.90672398 ], [ 14.2367493, 37.90661436 ], [ 14.23677351, 37.90653891 ], [ 14.23678759, 37.90644191 ], [ 14.23679374, 37.90636325 ], [ 14.23687713, 37.90646462 ], [ 14.23706544, 37.90669382 ], [ 14.23715962, 37.90680833 ], [ 14.23719522, 37.90689209 ], [ 14.23722555, 37.90695645 ], [ 14.2372298, 37.90697184 ], [ 14.23724047, 37.90701077 ], [ 14.23724294, 37.90706265 ], [ 14.23721258, 37.90729067 ], [ 14.23720886, 37.90751026 ], [ 14.23722099, 37.90764515 ], [ 14.23728845, 37.90792533 ], [ 14.23727769, 37.90805931 ], [ 14.23726541, 37.90813309 ], [ 14.23726107, 37.90819428 ], [ 14.23727203, 37.90827193 ], [ 14.23727572, 37.90831632 ], [ 14.23726048, 37.90837303 ], [ 14.23722737, 37.90844727 ], [ 14.23721147, 37.90851587 ], [ 14.23721936, 37.90856529 ], [ 14.23723466, 37.90860748 ], [ 14.23726031, 37.9086531 ], [ 14.23729975, 37.90871066 ], [ 14.23733975, 37.9087705 ], [ 14.23754251, 37.90902229 ], [ 14.2376781, 37.90914647 ], [ 14.23772978, 37.90919869 ], [ 14.2379027, 37.90935247 ], [ 14.23803131, 37.90939974 ], [ 14.23815698, 37.90944978 ], [ 14.23825573, 37.90954494 ], [ 14.23827119, 37.90965502 ], [ 14.23820026, 37.90977306 ], [ 14.23804982, 37.90993512 ], [ 14.23788777, 37.91010561 ], [ 14.23763529, 37.90980077 ], [ 14.23738295, 37.9094958 ], [ 14.23713059, 37.90919075 ], [ 14.23687825, 37.90888577 ], [ 14.23662591, 37.90858077 ], [ 14.23612122, 37.90797077 ], [ 14.23575349, 37.90751739 ], [ 14.23596673, 37.90706575 ] ] ] } },
{ "type": "Feature", "properties": { "gml_id": "CadastralParcel.IT.AGE.PLA.I028_004000.12", "INSPIREID_LOCALID": "IT.AGE.PLA.I028_004000.12", "INSPIREID_NAMESPACE": "IT.AGE.PLA.", "LABEL": "12", "NATIONALCADASTRALREFERENCE": "I028_004000.12", "ADMINISTRATIVEUNIT": "I028" }, "geometry": { "type": "Polygon", "coordinates": [ [ [ 14.22276297, 37.90989712 ], [ 14.22271253, 37.90984013 ], [ 14.22271573, 37.9098421 ], [ 14.22300068, 37.91006776 ], [ 14.22312589, 37.91017909 ], [ 14.22320352, 37.91020278 ], [ 14.22345278, 37.91030921 ], [ 14.22351196, 37.9103511 ], [ 14.22372931, 37.91049095 ], [ 14.22387049, 37.91061141 ], [ 14.22400715, 37.91074445 ], [ 14.22336264, 37.91037529 ], [ 14.22308203, 37.91025733 ], [ 14.22307477, 37.91025428 ], [ 14.22292509, 37.9100846 ], [ 14.22276297, 37.90989712 ] ] ] } },
{ "type": "Feature", "properties": { "gml_id": "CadastralParcel.IT.AGE.PLA.I028_004000.122", "INSPIREID_LOCALID": "IT.AGE.PLA.I028_004000.122", "INSPIREID_NAMESPACE": "IT.AGE.PLA.", "LABEL": "122", "NATIONALCADASTRALREFERENCE": "I028_004000.122", "ADMINISTRATIVEUNIT": "I028" }, "geometry": { "type": "Polygon", "coordinates": [ [ [ 14.22277744, 37.90901133 ], [ 14.2228645, 37.90890376 ], [ 14.22303636, 37.90892921 ], [ 14.22342315, 37.90906429 ], [ 14.22304324, 37.90903993 ], [ 14.22277744, 37.90901133 ] ] ] } },
{ "type": "Feature", "properties": { "gml_id": "CadastralParcel.IT.AGE.PLA.I028_004900.150", "INSPIREID_LOCALID": "IT.AGE.PLA.I028_004900.150", "INSPIREID_NAMESPACE": "IT.AGE.PLA.", "LABEL": "150", "NATIONALCADASTRALREFERENCE": "I028_004900.150", "ADMINISTRATIVEUNIT": "I028" }, "geometry": { "type": "Polygon", "coordinates": [ [ [ 14.21983154, 37.9078548 ], [ 14.22069201, 37.90768404 ], [ 14.22039877, 37.90825679 ], [ 14.21976974, 37.90789358 ], [ 14.21973355, 37.90787045 ], [ 14.21971991, 37.90786351 ], [ 14.21970875, 37.90785618 ], [ 14.2197355, 37.90785981 ], [ 14.21982976, 37.90785385 ], [ 14.21983154, 37.9078548 ] ] ] } },
{ "type": "Feature", "properties": { "gml_id": "CadastralParcel.IT.AGE.PLA.I028_004900.151", "INSPIREID_LOCALID": "IT.AGE.PLA.I028_004900.151", "INSPIREID_NAMESPACE": "IT.AGE.PLA.", "LABEL": "151", "NATIONALCADASTRALREFERENCE": "I028_004900.151", "ADMINISTRATIVEUNIT": "I028" }, "geometry": { "type": "Polygon", "coordinates": [ [ [ 14.21982996, 37.90785384 ], [ 14.21983187, 37.90785243 ], [ 14.2198695, 37.90782446 ], [ 14.21993779, 37.9077737 ], [ 14.22000026, 37.90772728 ], [ 14.21998341, 37.90748741 ], [ 14.22069201, 37.90768404 ], [ 14.21983154, 37.9078548 ], [ 14.21982976, 37.90785385 ], [ 14.21982996, 37.90785384 ] ] ] } },
{ "type": "Feature", "properties": { "gml_id": "CadastralParcel.IT.AGE.PLA.I028_004900.152", "INSPIREID_LOCALID": "IT.AGE.PLA.I028_004900.152", "INSPIREID_NAMESPACE": "IT.AGE.PLA.", "LABEL": "152", "NATIONALCADASTRALREFERENCE": "I028_004900.152", "ADMINISTRATIVEUNIT": "I028" }, "geometry": { "type": "Polygon", "coordinates": [ [ [ 14.21998341, 37.90748741 ], [ 14.21997553, 37.9073487 ], [ 14.21995811, 37.90702892 ], [ 14.21998471, 37.90695425 ], [ 14.22093206, 37.90725447 ], [ 14.22069201, 37.90768404 ], [ 14.21998341, 37.90748741 ] ] ] } },
{ "type": "Feature", "properties": { "gml_id": "CadastralParcel.IT.AGE.PLA.I028_004000.17", "INSPIREID_LOCALID": "IT.AGE.PLA.I028_004000.17", "INSPIREID_NAMESPACE": "IT.AGE.PLA.", "LABEL": "17", "NATIONALCADASTRALREFERENCE": "I028_004000.17", "ADMINISTRATIVEUNIT": "I028" }, "geometry": { "type": "Polygon", "coordinates": [ [ [ 14.22443264, 37.91093375 ], [ 14.22400715, 37.91074445 ], [ 14.22387049, 37.91061141 ], [ 14.22372931, 37.91049095 ], [ 14.22351196, 37.9103511 ], [ 14.22345278, 37.91030921 ], [ 14.22320352, 37.91020278 ], [ 14.22312589, 37.91017909 ], [ 14.22300068, 37.91006776 ], [ 14.22271573, 37.9098421 ], [ 14.22271253, 37.90984013 ], [ 14.22215727, 37.90967806 ], [ 14.22239049, 37.90942598 ], [ 14.22246234, 37.90934878 ], [ 14.22277744, 37.90901133 ], [ 14.22304324, 37.90903993 ], [ 14.22342315, 37.90906429 ], [ 14.22370326, 37.90920791 ], [ 14.22430608, 37.90953395 ], [ 14.22515317, 37.90947409 ], [ 14.2251046, 37.90957919 ], [ 14.22489867, 37.91000685 ], [ 14.22470215, 37.91039516 ], [ 14.22450831, 37.91078763 ], [ 14.22443264, 37.91093375 ] ] ] } },
{ "type": "Feature", "properties": { "gml_id": "CadastralParcel.IT.AGE.PLA.I028_004900.170", "INSPIREID_LOCALID": "IT.AGE.PLA.I028_004900.170", "INSPIREID_NAMESPACE": "IT.AGE.PLA.", "LABEL": "170", "NATIONALCADASTRALREFERENCE": "I028_004900.170", "ADMINISTRATIVEUNIT": "I028" }, "geometry": { "type": "Polygon", "coordinates": [ [ [ 14.22097792, 37.90835073 ], [ 14.22065456, 37.90837901 ], [ 14.22063773, 37.90838063 ], [ 14.22039877, 37.90825679 ], [ 14.22069201, 37.90768404 ], [ 14.22093206, 37.90725447 ], [ 14.22197994, 37.90755303 ], [ 14.22188213, 37.90774227 ], [ 14.22169397, 37.90812189 ], [ 14.22150207, 37.9085307 ], [ 14.22097792, 37.90835073 ] ] ] } },
{ "type": "Feature", "properties": { "gml_id": "CadastralParcel.IT.AGE.PLA.I028_004900.178", "INSPIREID_LOCALID": "IT.AGE.PLA.I028_004900.178", "INSPIREID_NAMESPACE": "IT.AGE.PLA.", "LABEL": "178", "NATIONALCADASTRALREFERENCE": "I028_004900.178", "ADMINISTRATIVEUNIT": "I028" }, "geometry": { "type": "Polygon", "coordinates": [ [ [ 14.22150207, 37.9085307 ], [ 14.22169397, 37.90812189 ], [ 14.22277554, 37.9084519 ], [ 14.22267843, 37.90864688 ], [ 14.22150207, 37.9085307 ] ] ] } },
{ "type": "Feature", "properties": { "gml_id": "CadastralParcel.IT.AGE.PLA.I028_004900.180", "INSPIREID_LOCALID": "IT.AGE.PLA.I028_004900.180", "INSPIREID_NAMESPACE": "IT.AGE.PLA.", "LABEL": "180", "NATIONALCADASTRALREFERENCE": "I028_004900.180", "ADMINISTRATIVEUNIT": "I028" }, "geometry": { "type": "Polygon", "coordinates": [ [ [ 14.22297506, 37.90804973 ], [ 14.22188213, 37.90774227 ], [ 14.22197994, 37.90755303 ], [ 14.22199544, 37.90750742 ], [ 14.2230732, 37.9078486 ], [ 14.22304023, 37.90791752 ], [ 14.22297506, 37.90804973 ] ] ] } },
{ "type": "Feature", "properties": { "gml_id": "CadastralParcel.IT.AGE.PLA.I028_004900.181", "INSPIREID_LOCALID": "IT.AGE.PLA.I028_004900.181", "INSPIREID_NAMESPACE": "IT.AGE.PLA.", "LABEL": "181", "NATIONALCADASTRALREFERENCE": "I028_004900.181", "ADMINISTRATIVEUNIT": "I028" }, "geometry": { "type": "Polygon", "coordinates": [ [ [ 14.2230732, 37.9078486 ], [ 14.22199544, 37.90750742 ], [ 14.22208645, 37.90732737 ], [ 14.22264595, 37.90748787 ], [ 14.22317337, 37.90763916 ], [ 14.2230732, 37.9078486 ] ] ] } },
{ "type": "Feature", "properties": { "gml_id": "CadastralParcel.IT.AGE.PLA.I028_004900.183", "INSPIREID_LOCALID": "IT.AGE.PLA.I028_004900.183", "INSPIREID_NAMESPACE": "IT.AGE.PLA.", "LABEL": "183", "NATIONALCADASTRALREFERENCE": "I028_004900.183", "ADMINISTRATIVEUNIT": "I028" }, "geometry": { "type": "Polygon", "coordinates": [ [ [ 14.22229215, 37.90692908 ], [ 14.22237938, 37.90674166 ], [ 14.22288223, 37.90687551 ], [ 14.22279145, 37.90707326 ], [ 14.22229215, 37.90692908 ] ] ] } },
{ "type": "Feature", "properties": { "gml_id": "CadastralParcel.IT.AGE.PLA.I028_004900.212", "INSPIREID_LOCALID": "IT.AGE.PLA.I028_004900.212", "INSPIREID_NAMESPACE": "IT.AGE.PLA.", "LABEL": "212", "NATIONALCADASTRALREFERENCE": "I028_004900.212", "ADMINISTRATIVEUNIT": "I028" }, "geometry": { "type": "Polygon", "coordinates": [ [ [ 14.22197994, 37.90755303 ], [ 14.22093206, 37.90725447 ], [ 14.22114164, 37.90681551 ], [ 14.22179924, 37.90698273 ], [ 14.22220797, 37.90708666 ], [ 14.22218719, 37.90711169 ], [ 14.22208645, 37.90732737 ], [ 14.22199544, 37.90750742 ], [ 14.22197994, 37.90755303 ] ] ] } },
{ "type": "Feature", "properties": { "gml_id": "CadastralParcel.IT.AGE.PLA.I028_003900.216", "INSPIREID_LOCALID": "IT.AGE.PLA.I028_003900.216", "INSPIREID_NAMESPACE": "IT.AGE.PLA.", "LABEL": "216", "NATIONALCADASTRALREFERENCE": "I028_003900.216", "ADMINISTRATIVEUNIT": "I028" }, "geometry": { "type": "Polygon", "coordinates": [ [ [ 14.22151639, 37.91306203 ], [ 14.22146556, 37.91291813 ], [ 14.22141574, 37.91280053 ], [ 14.22136251, 37.91281025 ], [ 14.22133914, 37.91260746 ], [ 14.22129333, 37.91221581 ], [ 14.22122814, 37.91168446 ], [ 14.22118414, 37.91129281 ], [ 14.22117864, 37.91122408 ], [ 14.22114268, 37.91093253 ], [ 14.22111765, 37.91068054 ], [ 14.22108042, 37.91034474 ], [ 14.22106607, 37.91020322 ], [ 14.221238, 37.91020298 ], [ 14.2212921, 37.91068892 ], [ 14.22132998, 37.91102724 ], [ 14.22137484, 37.91144512 ], [ 14.22138859, 37.91154808 ], [ 14.22145258, 37.91209299 ], [ 14.22149611, 37.91242278 ], [ 14.22153743, 37.91278951 ], [ 14.2216241, 37.91276407 ], [ 14.22166486, 37.91295961 ], [ 14.2216841, 37.91305209 ], [ 14.22151639, 37.91306203 ] ] ] } },
{ "type": "Feature", "properties": { "gml_id": "CadastralParcel.IT.AGE.PLA.I028_003900.231", "INSPIREID_LOCALID": "IT.AGE.PLA.I028_003900.231", "INSPIREID_NAMESPACE": "IT.AGE.PLA.", "LABEL": "231", "NATIONALCADASTRALREFERENCE": "I028_003900.231", "ADMINISTRATIVEUNIT": "I028" }, "geometry": { "type": "Polygon", "coordinates": [ [ [ 14.22016146, 37.91020801 ], [ 14.22008613, 37.90985621 ], [ 14.22063265, 37.90981095 ], [ 14.22068598, 37.91017204 ], [ 14.22016146, 37.91020801 ] ] ] } },
{ "type": "Feature", "properties": { "gml_id": "CadastralParcel.IT.AGE.PLA.I028_003900.232", "INSPIREID_LOCALID": "IT.AGE.PLA.I028_003900.232", "INSPIREID_NAMESPACE": "IT.AGE.PLA.", "LABEL": "232", "NATIONALCADASTRALREFERENCE": "I028_003900.232", "ADMINISTRATIVEUNIT": "I028" }, "geometry": { "type": "Polygon", "coordinates": [ [ [ 14.21957474, 37.90914464 ], [ 14.21957454, 37.90914297 ], [ 14.2197628, 37.90914982 ], [ 14.21993829, 37.90915507 ], [ 14.22013241, 37.9091796 ], [ 14.2203095, 37.90920636 ], [ 14.22046088, 37.90929133 ], [ 14.22055029, 37.90944845 ], [ 14.22065984, 37.90962645 ], [ 14.22063265, 37.90981095 ], [ 14.22008613, 37.90985621 ], [ 14.21965797, 37.9098945 ], [ 14.21964789, 37.90980313 ], [ 14.21962314, 37.90957884 ], [ 14.21961572, 37.9094969 ], [ 14.21958381, 37.90914446 ], [ 14.21957474, 37.90914464 ] ] ] } },
{ "type": "Feature", "properties": { "gml_id": "CadastralParcel.IT.AGE.PLA.I028_003900.262", "INSPIREID_LOCALID": "IT.AGE.PLA.I028_003900.262", "INSPIREID_NAMESPACE": "IT.AGE.PLA.", "LABEL": "262", "NATIONALCADASTRALREFERENCE": "I028_003900.262", "ADMINISTRATIVEUNIT": "I028" }, "geometry": { "type": "Polygon", "coordinates": [ [ [ 14.22207342, 37.91001419 ], [ 14.22222836, 37.90990622 ], [ 14.2224034, 37.91003356 ], [ 14.22267587, 37.91023629 ], [ 14.22283692, 37.91035074 ], [ 14.22304741, 37.91047974 ], [ 14.22313898, 37.91054068 ], [ 14.223171, 37.91056833 ], [ 14.2230498, 37.91052398 ], [ 14.22291679, 37.91046993 ], [ 14.2228093, 37.91043491 ], [ 14.22278144, 37.91039835 ], [ 14.22272077, 37.91035738 ], [ 14.22264489, 37.9102868 ], [ 14.22243518, 37.91010594 ], [ 14.22222649, 37.91006011 ], [ 14.22207342, 37.91001419 ] ] ] } },
{ "type": "Feature", "properties": { "gml_id": "CadastralParcel.IT.AGE.PLA.I028_003900.263", "INSPIREID_LOCALID": "IT.AGE.PLA.I028_003900.263", "INSPIREID_NAMESPACE": "IT.AGE.PLA.", "LABEL": "263", "NATIONALCADASTRALREFERENCE": "I028_003900.263", "ADMINISTRATIVEUNIT": "I028" }, "geometry": { "type": "Polygon", "coordinates": [ [ [ 14.22207342, 37.91001419 ], [ 14.22195807, 37.9099812 ], [ 14.22180165, 37.90994039 ], [ 14.22174762, 37.90990934 ], [ 14.22155087, 37.90974178 ], [ 14.22142579, 37.90964873 ], [ 14.22139506, 37.90961157 ], [ 14.22122312, 37.90941217 ], [ 14.22116681, 37.90926249 ], [ 14.22112722, 37.90915001 ], [ 14.22119713, 37.90918549 ], [ 14.22146198, 37.90942067 ], [ 14.22160382, 37.90954402 ], [ 14.22171676, 37.90966178 ], [ 14.22194424, 37.90981912 ], [ 14.22209762, 37.9098605 ], [ 14.22222836, 37.90990622 ], [ 14.22207342, 37.91001419 ] ] ] } },
{ "type": "Feature", "properties": { "gml_id": "CadastralParcel.IT.AGE.PLA.I028_003900.283", "INSPIREID_LOCALID": "IT.AGE.PLA.I028_003900.283", "INSPIREID_NAMESPACE": "IT.AGE.PLA.", "LABEL": "283", "NATIONALCADASTRALREFERENCE": "I028_003900.283", "ADMINISTRATIVEUNIT": "I028" }, "geometry": { "type": "Polygon", "coordinates": [ [ [ 14.22185201, 37.91141773 ], [ 14.22181154, 37.91108209 ], [ 14.22179045, 37.91092276 ], [ 14.22175895, 37.91059517 ], [ 14.22172106, 37.9102095 ], [ 14.22182282, 37.91016999 ], [ 14.22185906, 37.91050716 ], [ 14.22189977, 37.91085454 ], [ 14.22193785, 37.91110287 ], [ 14.22197194, 37.91141381 ], [ 14.22185201, 37.91141773 ] ] ] } },
{ "type": "Feature", "properties": { "gml_id": "CadastralParcel.IT.AGE.PLA.I028_003900.284", "INSPIREID_LOCALID": "IT.AGE.PLA.I028_003900.284", "INSPIREID_NAMESPACE": "IT.AGE.PLA.", "LABEL": "284", "NATIONALCADASTRALREFERENCE": "I028_003900.284", "ADMINISTRATIVEUNIT": "I028" }, "geometry": { "type": "Polygon", "coordinates": [ [ [ 14.22197194, 37.91141381 ], [ 14.22193785, 37.91110287 ], [ 14.22189977, 37.91085454 ], [ 14.22185906, 37.91050716 ], [ 14.22182282, 37.91016999 ], [ 14.22186931, 37.91015387 ], [ 14.22194722, 37.91033952 ], [ 14.2220118, 37.91050265 ], [ 14.22201419, 37.91065491 ], [ 14.22202, 37.91088429 ], [ 14.22202011, 37.9108862 ], [ 14.22202789, 37.91102883 ], [ 14.22202158, 37.91108539 ], [ 14.22202057, 37.91111382 ], [ 14.22205428, 37.91121623 ], [ 14.22213329, 37.91138093 ], [ 14.22212469, 37.91140177 ], [ 14.22197194, 37.91141381 ] ] ] } },
{ "type": "Feature", "properties": { "gml_id": "CadastralParcel.IT.AGE.PLA.I028_004000.292", "INSPIREID_LOCALID": "IT.AGE.PLA.I028_004000.292", "INSPIREID_NAMESPACE": "IT.AGE.PLA.", "LABEL": "292", "NATIONALCADASTRALREFERENCE": "I028_004000.292", "ADMINISTRATIVEUNIT": "I028" }, "geometry": { "type": "Polygon", "coordinates": [ [ [ 14.22181417, 37.90947297 ], [ 14.22196666, 37.90939789 ], [ 14.2219949, 37.90938855 ], [ 14.22208211, 37.90931811 ], [ 14.2221174, 37.9093153 ], [ 14.22222177, 37.90932214 ], [ 14.22225958, 37.90934479 ], [ 14.22239049, 37.90942598 ], [ 14.22215727, 37.90967806 ], [ 14.22205765, 37.90964781 ], [ 14.22191395, 37.90954486 ], [ 14.2219104, 37.90954232 ], [ 14.22181417, 37.90947297 ] ] ] } },
{ "type": "Feature", "properties": { "gml_id": "CadastralParcel.IT.AGE.PLA.I028_004000.293", "INSPIREID_LOCALID": "IT.AGE.PLA.I028_004000.293", "INSPIREID_NAMESPACE": "IT.AGE.PLA.", "LABEL": "293", "NATIONALCADASTRALREFERENCE": "I028_004000.293", "ADMINISTRATIVEUNIT": "I028" }, "geometry": { "type": "Polygon", "coordinates": [ [ [ 14.22161184, 37.90925957 ], [ 14.2215492, 37.90918429 ], [ 14.22155362, 37.90918717 ], [ 14.22136179, 37.90885516 ], [ 14.2214966, 37.90886755 ], [ 14.22183714, 37.90890391 ], [ 14.22184034, 37.90890605 ], [ 14.22190735, 37.90895052 ], [ 14.22197654, 37.90899807 ], [ 14.22237153, 37.90927171 ], [ 14.22246234, 37.90934878 ], [ 14.22239049, 37.90942598 ], [ 14.22225958, 37.90934479 ], [ 14.22222177, 37.90932214 ], [ 14.2221174, 37.9093153 ], [ 14.22208211, 37.90931811 ], [ 14.2219949, 37.90938855 ], [ 14.22196666, 37.90939789 ], [ 14.22181417, 37.90947297 ], [ 14.22179855, 37.90946146 ], [ 14.22162685, 37.90927791 ], [ 14.22162319, 37.90927369 ], [ 14.22161184, 37.90925957 ] ] ] } },
{ "type": "Feature", "properties": { "gml_id": "CadastralParcel.IT.AGE.PLA.I028_004000.294", "INSPIREID_LOCALID": "IT.AGE.PLA.I028_004000.294", "INSPIREID_NAMESPACE": "IT.AGE.PLA.", "LABEL": "294", "NATIONALCADASTRALREFERENCE": "I028_004000.294", "ADMINISTRATIVEUNIT": "I028" }, "geometry": { "type": "Polygon", "coordinates": [ [ [ 14.22183714, 37.90890391 ], [ 14.22277744, 37.90901133 ], [ 14.22246234, 37.90934878 ], [ 14.22237153, 37.90927171 ], [ 14.22197654, 37.90899807 ], [ 14.22190735, 37.90895052 ], [ 14.22184034, 37.90890605 ], [ 14.22183714, 37.90890391 ] ] ] } },
{ "type": "Feature", "properties": { "gml_id": "CadastralParcel.IT.AGE.PLA.I028_004000.295", "INSPIREID_LOCALID": "IT.AGE.PLA.I028_004000.295", "INSPIREID_NAMESPACE": "IT.AGE.PLA.", "LABEL": "295", "NATIONALCADASTRALREFERENCE": "I028_004000.295", "ADMINISTRATIVEUNIT": "I028" }, "geometry": { "type": "Polygon", "coordinates": [ [ [ 14.22183714, 37.90890391 ], [ 14.2214966, 37.90886755 ], [ 14.22136179, 37.90885516 ], [ 14.22155362, 37.90918717 ], [ 14.2215492, 37.90918429 ], [ 14.22122977, 37.90897602 ], [ 14.22132648, 37.90882681 ], [ 14.22139619, 37.90869055 ], [ 14.22177651, 37.90875535 ], [ 14.22195944, 37.90877941 ], [ 14.22185919, 37.90879295 ], [ 14.22177311, 37.90880525 ], [ 14.22176222, 37.90881064 ], [ 14.22174926, 37.90882232 ], [ 14.22174263, 37.9088305 ], [ 14.22173936, 37.90883607 ], [ 14.2217436, 37.90884086 ], [ 14.22183714, 37.90890391 ] ] ] } },
{ "type": "Feature", "properties": { "gml_id": "CadastralParcel.IT.AGE.PLA.I028_004000.296", "INSPIREID_LOCALID": "IT.AGE.PLA.I028_004000.296", "INSPIREID_NAMESPACE": "IT.AGE.PLA.", "LABEL": "296", "NATIONALCADASTRALREFERENCE": "I028_004000.296", "ADMINISTRATIVEUNIT": "I028" }, "geometry": { "type": "Polygon", "coordinates": [ [ [ 14.22195944, 37.90877941 ], [ 14.22272375, 37.90887991 ], [ 14.2228645, 37.90890376 ], [ 14.22277744, 37.90901133 ], [ 14.22183714, 37.90890391 ], [ 14.2217436, 37.90884086 ], [ 14.22173936, 37.90883607 ], [ 14.22174263, 37.9088305 ], [ 14.22174926, 37.90882232 ], [ 14.22176222, 37.90881064 ], [ 14.22177311, 37.90880525 ], [ 14.22185919, 37.90879295 ], [ 14.22195944, 37.90877941 ] ] ] } },
{ "type": "Feature", "properties": { "gml_id": "CadastralParcel.IT.AGE.PLA.I028_003900.345", "INSPIREID_LOCALID": "IT.AGE.PLA.I028_003900.345", "INSPIREID_NAMESPACE": "IT.AGE.PLA.", "LABEL": "345", "NATIONALCADASTRALREFERENCE": "I028_003900.345", "ADMINISTRATIVEUNIT": "I028" }, "geometry": { "type": "Polygon", "coordinates": [ [ [ 14.22104681, 37.91133651 ], [ 14.22102643, 37.91120835 ], [ 14.22100013, 37.91096521 ], [ 14.22096062, 37.91059736 ], [ 14.22090641, 37.91024202 ], [ 14.22097425, 37.91022517 ], [ 14.22102769, 37.91054557 ], [ 14.22107693, 37.91098943 ], [ 14.22111487, 37.91131769 ], [ 14.22104681, 37.91133651 ] ] ] } },
{ "type": "Feature", "properties": { "gml_id": "CadastralParcel.IT.AGE.PLA.I028_003900.346", "INSPIREID_LOCALID": "IT.AGE.PLA.I028_003900.346", "INSPIREID_NAMESPACE": "IT.AGE.PLA.", "LABEL": "346", "NATIONALCADASTRALREFERENCE": "I028_003900.346", "ADMINISTRATIVEUNIT": "I028" }, "geometry": { "type": "Polygon", "coordinates": [ [ [ 14.22111487, 37.91131769 ], [ 14.22107693, 37.91098943 ], [ 14.22102769, 37.91054557 ], [ 14.22097425, 37.91022517 ], [ 14.22106607, 37.91020322 ], [ 14.22108042, 37.91034474 ], [ 14.22111765, 37.91068054 ], [ 14.22114268, 37.91093253 ], [ 14.22117864, 37.91122408 ], [ 14.22118414, 37.91129281 ], [ 14.22111487, 37.91131769 ] ] ] } },
{ "type": "Feature", "properties": { "gml_id": "CadastralParcel.IT.AGE.PLA.I028_003900.348", "INSPIREID_LOCALID": "IT.AGE.PLA.I028_003900.348", "INSPIREID_NAMESPACE": "IT.AGE.PLA.", "LABEL": "348", "NATIONALCADASTRALREFERENCE": "I028_003900.348", "ADMINISTRATIVEUNIT": "I028" }, "geometry": { "type": "Polygon", "coordinates": [ [ [ 14.22138859, 37.91154808 ], [ 14.22137484, 37.91144512 ], [ 14.22132998, 37.91102724 ], [ 14.2212921, 37.91068892 ], [ 14.221238, 37.91020298 ], [ 14.2213962, 37.91018348 ], [ 14.2214109, 37.9103351 ], [ 14.22145173, 37.91072667 ], [ 14.22149994, 37.91119492 ], [ 14.22153616, 37.91154064 ], [ 14.22138859, 37.91154808 ] ] ] } },
{ "type": "Feature", "properties": { "gml_id": "CadastralParcel.IT.AGE.PLA.I028_003900.350", "INSPIREID_LOCALID": "IT.AGE.PLA.I028_003900.350", "INSPIREID_NAMESPACE": "IT.AGE.PLA.", "LABEL": "350", "NATIONALCADASTRALREFERENCE": "I028_003900.350", "ADMINISTRATIVEUNIT": "I028" }, "geometry": { "type": "MultiPolygon", "coordinates": [ [ [ [ 14.22166486, 37.91295961 ], [ 14.2216241, 37.91276407 ], [ 14.22167621, 37.91276369 ], [ 14.2216562, 37.91253361 ], [ 14.22161491, 37.91213111 ], [ 14.22157914, 37.91181853 ], [ 14.22155345, 37.91153503 ], [ 14.22154622, 37.9114265 ], [ 14.22168748, 37.91140048 ], [ 14.22172264, 37.91177414 ], [ 14.22178918, 37.91233933 ], [ 14.22181455, 37.91273592 ], [ 14.22179509, 37.91273818 ], [ 14.22184065, 37.91288044 ], [ 14.22187186, 37.91293847 ], [ 14.22166486, 37.91295961 ] ], [ [ 14.22174425, 37.91208532 ], [ 14.2217346, 37.91202749 ], [ 14.22168485, 37.91203286 ], [ 14.221695, 37.91209066 ], [ 14.22174425, 37.91208532 ] ] ] ] } },
{ "type": "Feature", "properties": { "gml_id": "CadastralParcel.IT.AGE.PLA.I028_003900.351", "INSPIREID_LOCALID": "IT.AGE.PLA.I028_003900.351", "INSPIREID_NAMESPACE": "IT.AGE.PLA.", "LABEL": "351", "NATIONALCADASTRALREFERENCE": "I028_003900.351", "ADMINISTRATIVEUNIT": "I028" }, "geometry": { "type": "MultiPolygon", "coordinates": [ [ [ [ 14.22181455, 37.91273592 ], [ 14.22178918, 37.91233933 ], [ 14.22172264, 37.91177414 ], [ 14.22168748, 37.91140048 ], [ 14.2216683, 37.91117807 ], [ 14.22160147, 37.91062558 ], [ 14.2215558, 37.91019554 ], [ 14.22172106, 37.9102095 ], [ 14.22175895, 37.91059517 ], [ 14.22179045, 37.91092276 ], [ 14.22181154, 37.91108209 ], [ 14.22185201, 37.91141773 ], [ 14.22188133, 37.91180274 ], [ 14.22191312, 37.91207311 ], [ 14.22194996, 37.91244715 ], [ 14.221977, 37.91271896 ], [ 14.22181455, 37.91273592 ] ], [ [ 14.22170068, 37.91037576 ], [ 14.22169035, 37.91023575 ], [ 14.22161472, 37.91023784 ], [ 14.22162191, 37.91038008 ], [ 14.22170068, 37.91037576 ] ] ] ] } },
{ "type": "Feature", "properties": { "gml_id": "CadastralParcel.IT.AGE.PLA.I028_003900.353", "INSPIREID_LOCALID": "IT.AGE.PLA.I028_003900.353", "INSPIREID_NAMESPACE": "IT.AGE.PLA.", "LABEL": "353", "NATIONALCADASTRALREFERENCE": "I028_003900.353", "ADMINISTRATIVEUNIT": "I028" }, "geometry": { "type": "Polygon", "coordinates": [ [ [ 14.22153616, 37.91154064 ], [ 14.22149994, 37.91119492 ], [ 14.22145173, 37.91072667 ], [ 14.2214109, 37.9103351 ], [ 14.2213962, 37.91018348 ], [ 14.22142248, 37.91018815 ], [ 14.2214545, 37.91050382 ], [ 14.2215112, 37.91102219 ], [ 14.22154622, 37.9114265 ], [ 14.22155345, 37.91153503 ], [ 14.22153616, 37.91154064 ] ] ] } },
{ "type": "Feature", "properties": { "gml_id": "CadastralParcel.IT.AGE.PLA.I028_003900.354", "INSPIREID_LOCALID": "IT.AGE.PLA.I028_003900.354", "INSPIREID_NAMESPACE": "IT.AGE.PLA.", "LABEL": "354", "NATIONALCADASTRALREFERENCE": "I028_003900.354", "ADMINISTRATIVEUNIT": "I028" }, "geometry": { "type": "Polygon", "coordinates": [ [ [ 14.22154622, 37.9114265 ], [ 14.2215112, 37.91102219 ], [ 14.2214545, 37.91050382 ], [ 14.22142248, 37.91018815 ], [ 14.2215558, 37.91019554 ], [ 14.22160147, 37.91062558 ], [ 14.2216683, 37.91117807 ], [ 14.22168748, 37.91140048 ], [ 14.22154622, 37.9114265 ] ] ] } },
{ "type": "Feature", "properties": { "gml_id": "CadastralParcel.IT.AGE.PLA.I028_003900.355", "INSPIREID_LOCALID": "IT.AGE.PLA.I028_003900.355", "INSPIREID_NAMESPACE": "IT.AGE.PLA.", "LABEL": "355", "NATIONALCADASTRALREFERENCE": "I028_003900.355", "ADMINISTRATIVEUNIT": "I028" }, "geometry": { "type": "Polygon", "coordinates": [ [ [ 14.22162191, 37.91038008 ], [ 14.22161472, 37.91023784 ], [ 14.22169035, 37.91023575 ], [ 14.22170068, 37.91037576 ], [ 14.22162191, 37.91038008 ] ] ] } },
{ "type": "Feature", "properties": { "gml_id": "CadastralParcel.IT.AGE.PLA.I028_004900.374", "INSPIREID_LOCALID": "IT.AGE.PLA.I028_004900.374", "INSPIREID_NAMESPACE": "IT.AGE.PLA.", "LABEL": "374", "NATIONALCADASTRALREFERENCE": "I028_004900.374", "ADMINISTRATIVEUNIT": "I028" }, "geometry": { "type": "Polygon", "coordinates": [ [ [ 14.22316609, 37.90740056 ], [ 14.22274685, 37.90727685 ], [ 14.22218719, 37.90711169 ], [ 14.22220797, 37.90708666 ], [ 14.22223641, 37.90703341 ], [ 14.22229215, 37.90692908 ], [ 14.22279145, 37.90707326 ], [ 14.22336508, 37.90724174 ], [ 14.22333351, 37.90730963 ], [ 14.22328981, 37.90738951 ], [ 14.22318167, 37.90736002 ], [ 14.22316609, 37.90740056 ] ] ] } },
{ "type": "Feature", "properties": { "gml_id": "CadastralParcel.IT.AGE.PLA.I028_004900.388", "INSPIREID_LOCALID": "IT.AGE.PLA.I028_004900.388", "INSPIREID_NAMESPACE": "IT.AGE.PLA.", "LABEL": "388", "NATIONALCADASTRALREFERENCE": "I028_004900.388", "ADMINISTRATIVEUNIT": "I028" }, "geometry": { "type": "Polygon", "coordinates": [ [ [ 14.22267843, 37.90864688 ], [ 14.22277554, 37.9084519 ], [ 14.22297506, 37.90804973 ], [ 14.22304023, 37.90791752 ], [ 14.2231946, 37.90796718 ], [ 14.2228484, 37.90866369 ], [ 14.22267843, 37.90864688 ] ] ] } },
{ "type": "Feature", "properties": { "gml_id": "CadastralParcel.IT.AGE.PLA.I028_004900.389", "INSPIREID_LOCALID": "IT.AGE.PLA.I028_004900.389", "INSPIREID_NAMESPACE": "IT.AGE.PLA.", "LABEL": "389", "NATIONALCADASTRALREFERENCE": "I028_004900.389", "ADMINISTRATIVEUNIT": "I028" }, "geometry": { "type": "Polygon", "coordinates": [ [ [ 14.22351461, 37.90873288 ], [ 14.22306029, 37.90868477 ], [ 14.2228484, 37.90866369 ], [ 14.2231946, 37.90796718 ], [ 14.22327121, 37.90799064 ], [ 14.22353799, 37.90807233 ], [ 14.22429016, 37.90830209 ], [ 14.22535928, 37.90863549 ], [ 14.22542608, 37.90887089 ], [ 14.22528903, 37.90914029 ], [ 14.22511492, 37.90914087 ], [ 14.2248376, 37.90916828 ], [ 14.22463393, 37.90918629 ], [ 14.22443654, 37.9092093 ], [ 14.22351461, 37.90873288 ] ] ] } },
{ "type": "Feature", "properties": { "gml_id": "CadastralParcel.IT.AGE.PLA.I028_004900.390", "INSPIREID_LOCALID": "IT.AGE.PLA.I028_004900.390", "INSPIREID_NAMESPACE": "IT.AGE.PLA.", "LABEL": "390", "NATIONALCADASTRALREFERENCE": "I028_004900.390", "ADMINISTRATIVEUNIT": "I028" }, "geometry": { "type": "Polygon", "coordinates": [ [ [ 14.22304023, 37.90791752 ], [ 14.2230732, 37.9078486 ], [ 14.22317337, 37.90763916 ], [ 14.22326909, 37.90743441 ], [ 14.22328981, 37.90738951 ], [ 14.22345544, 37.90743953 ], [ 14.22333979, 37.90767347 ], [ 14.2231946, 37.90796718 ], [ 14.22304023, 37.90791752 ] ] ] } },
{ "type": "Feature", "properties": { "gml_id": "CadastralParcel.IT.AGE.PLA.I028_003900.471", "INSPIREID_LOCALID": "IT.AGE.PLA.I028_003900.471", "INSPIREID_NAMESPACE": "IT.AGE.PLA.", "LABEL": "471", "NATIONALCADASTRALREFERENCE": "I028_003900.471", "ADMINISTRATIVEUNIT": "I028" }, "geometry": { "type": "Polygon", "coordinates": [ [ [ 14.22232435, 37.91085676 ], [ 14.22202, 37.91088429 ], [ 14.22201419, 37.91065491 ], [ 14.2220118, 37.91050265 ], [ 14.22194722, 37.91033952 ], [ 14.22186931, 37.91015387 ], [ 14.22189015, 37.91014077 ], [ 14.22198066, 37.9100805 ], [ 14.22203584, 37.91004107 ], [ 14.2222031, 37.91017076 ], [ 14.22233336, 37.91027014 ], [ 14.22247751, 37.91038332 ], [ 14.2225841, 37.91049635 ], [ 14.2226695, 37.91058387 ], [ 14.22258479, 37.91062989 ], [ 14.22247945, 37.91068293 ], [ 14.22255519, 37.91083638 ], [ 14.22232435, 37.91085676 ] ] ] } },
{ "type": "Feature", "properties": { "gml_id": "CadastralParcel.IT.AGE.PLA.I028_003900.472", "INSPIREID_LOCALID": "IT.AGE.PLA.I028_003900.472", "INSPIREID_NAMESPACE": "IT.AGE.PLA.", "LABEL": "472", "NATIONALCADASTRALREFERENCE": "I028_003900.472", "ADMINISTRATIVEUNIT": "I028" }, "geometry": { "type": "Polygon", "coordinates": [ [ [ 14.22272013, 37.91082182 ], [ 14.22255519, 37.91083638 ], [ 14.22247945, 37.91068293 ], [ 14.22258479, 37.91062989 ], [ 14.2226695, 37.91058387 ], [ 14.2225841, 37.91049635 ], [ 14.22247751, 37.91038332 ], [ 14.22233336, 37.91027014 ], [ 14.2222031, 37.91017076 ], [ 14.22203584, 37.91004107 ], [ 14.22203704, 37.91004021 ], [ 14.22207342, 37.91001419 ], [ 14.22222649, 37.91006011 ], [ 14.22243518, 37.91010594 ], [ 14.22264489, 37.9102868 ], [ 14.22272077, 37.91035738 ], [ 14.22278144, 37.91039835 ], [ 14.2228093, 37.91043491 ], [ 14.22291679, 37.91046993 ], [ 14.2230498, 37.91052398 ], [ 14.223171, 37.91056833 ], [ 14.22341836, 37.91076373 ], [ 14.22310367, 37.91079348 ], [ 14.22272013, 37.91082182 ] ] ] } },
{ "type": "Feature", "properties": { "gml_id": "CadastralParcel.IT.AGE.PLA.I028_003900.475", "INSPIREID_LOCALID": "IT.AGE.PLA.I028_003900.475", "INSPIREID_NAMESPACE": "IT.AGE.PLA.", "LABEL": "475", "NATIONALCADASTRALREFERENCE": "I028_003900.475", "ADMINISTRATIVEUNIT": "I028" }, "geometry": { "type": "Polygon", "coordinates": [ [ [ 14.21945997, 37.90884705 ], [ 14.21946304, 37.90884881 ], [ 14.2194838, 37.90882538 ], [ 14.21954586, 37.90884229 ], [ 14.21988465, 37.90892621 ], [ 14.22003291, 37.90893571 ], [ 14.22008807, 37.90892643 ], [ 14.22015519, 37.90890435 ], [ 14.2202335, 37.90882633 ], [ 14.22039511, 37.9089016 ], [ 14.2207574, 37.90894806 ], [ 14.22102256, 37.90909244 ], [ 14.22112722, 37.90915001 ], [ 14.22116681, 37.90926249 ], [ 14.22122312, 37.90941217 ], [ 14.22139506, 37.90961157 ], [ 14.22142579, 37.90964873 ], [ 14.22155087, 37.90974178 ], [ 14.22174762, 37.90990934 ], [ 14.22180165, 37.90994039 ], [ 14.22195807, 37.9099812 ], [ 14.22207342, 37.91001419 ], [ 14.22203704, 37.91004021 ], [ 14.22203584, 37.91004107 ], [ 14.22198066, 37.9100805 ], [ 14.22189015, 37.91014077 ], [ 14.22186931, 37.91015387 ], [ 14.22182282, 37.91016999 ], [ 14.22172106, 37.9102095 ], [ 14.2215558, 37.91019554 ], [ 14.22142248, 37.91018815 ], [ 14.2213962, 37.91018348 ], [ 14.221238, 37.91020298 ], [ 14.22106607, 37.91020322 ], [ 14.22097425, 37.91022517 ], [ 14.22090641, 37.91024202 ], [ 14.22081356, 37.9102277 ], [ 14.22066634, 37.910271 ], [ 14.22067963, 37.91022061 ], [ 14.22068598, 37.91017204 ], [ 14.22063265, 37.90981095 ], [ 14.22065984, 37.90962645 ], [ 14.22055029, 37.90944845 ], [ 14.22046088, 37.90929133 ], [ 14.2203095, 37.90920636 ], [ 14.22013241, 37.9091796 ], [ 14.21993829, 37.90915507 ], [ 14.2197628, 37.90914982 ], [ 14.21957454, 37.90914297 ], [ 14.21957474, 37.90914464 ], [ 14.21929171, 37.9091568 ], [ 14.2192554, 37.90915836 ], [ 14.2192399, 37.90915933 ], [ 14.21915571, 37.90916345 ], [ 14.21907251, 37.90915289 ], [ 14.21900224, 37.90914274 ], [ 14.21903525, 37.90910707 ], [ 14.21912682, 37.90903189 ], [ 14.21921845, 37.90895822 ], [ 14.21924969, 37.90893081 ], [ 14.21935156, 37.90897824 ], [ 14.21945997, 37.90884705 ] ] ] } },
{ "type": "Feature", "properties": { "gml_id": "CadastralParcel.IT.AGE.PLA.I028_004900.502", "INSPIREID_LOCALID": "IT.AGE.PLA.I028_004900.502", "INSPIREID_NAMESPACE": "IT.AGE.PLA.", "LABEL": "502", "NATIONALCADASTRALREFERENCE": "I028_004900.502", "ADMINISTRATIVEUNIT": "I028" }, "geometry": { "type": "Polygon", "coordinates": [ [ [ 14.22179924, 37.90698273 ], [ 14.22181918, 37.90693317 ], [ 14.22188209, 37.90694816 ], [ 14.22193549, 37.90696133 ], [ 14.2219663, 37.90696824 ], [ 14.22195675, 37.90699281 ], [ 14.22207035, 37.90701869 ], [ 14.22209294, 37.90702379 ], [ 14.22213381, 37.90703349 ], [ 14.22216627, 37.90701755 ], [ 14.22223641, 37.90703341 ], [ 14.22220797, 37.90708666 ], [ 14.22179924, 37.90698273 ] ] ] } },
{ "type": "Feature", "properties": { "gml_id": "CadastralParcel.IT.AGE.PLA.I028_004900.506", "INSPIREID_LOCALID": "IT.AGE.PLA.I028_004900.506", "INSPIREID_NAMESPACE": "IT.AGE.PLA.", "LABEL": "506", "NATIONALCADASTRALREFERENCE": "I028_004900.506", "ADMINISTRATIVEUNIT": "I028" }, "geometry": { "type": "Polygon", "coordinates": [ [ [ 14.22218719, 37.90711169 ], [ 14.22274685, 37.90727685 ], [ 14.22264595, 37.90748787 ], [ 14.22208645, 37.90732737 ], [ 14.22218719, 37.90711169 ] ] ] } },
{ "type": "Feature", "properties": { "gml_id": "CadastralParcel.IT.AGE.PLA.I028_004900.507", "INSPIREID_LOCALID": "IT.AGE.PLA.I028_004900.507", "INSPIREID_NAMESPACE": "IT.AGE.PLA.", "LABEL": "507", "NATIONALCADASTRALREFERENCE": "I028_004900.507", "ADMINISTRATIVEUNIT": "I028" }, "geometry": { "type": "Polygon", "coordinates": [ [ [ 14.22326909, 37.90743441 ], [ 14.22317337, 37.90763916 ], [ 14.22264595, 37.90748787 ], [ 14.22274685, 37.90727685 ], [ 14.22316609, 37.90740056 ], [ 14.22326909, 37.90743441 ] ] ] } },
{ "type": "Feature", "properties": { "gml_id": "CadastralParcel.IT.AGE.PLA.I028_004900.512", "INSPIREID_LOCALID": "IT.AGE.PLA.I028_004900.512", "INSPIREID_NAMESPACE": "IT.AGE.PLA.", "LABEL": "512", "NATIONALCADASTRALREFERENCE": "I028_004900.512", "ADMINISTRATIVEUNIT": "I028" }, "geometry": { "type": "MultiPolygon", "coordinates": [ [ [ [ 14.22169397, 37.90812189 ], [ 14.22188213, 37.90774227 ], [ 14.22297506, 37.90804973 ], [ 14.22277554, 37.9084519 ], [ 14.22169397, 37.90812189 ] ], [ [ 14.22255408, 37.90795825 ], [ 14.22248889, 37.90794031 ], [ 14.22246626, 37.90799186 ], [ 14.22253147, 37.90800978 ], [ 14.22255408, 37.90795825 ] ] ] ] } },
{ "type": "Feature", "properties": { "gml_id": "CadastralParcel.IT.AGE.PLA.I028_004900.513", "INSPIREID_LOCALID": "IT.AGE.PLA.I028_004900.513", "INSPIREID_NAMESPACE": "IT.AGE.PLA.", "LABEL": "513", "NATIONALCADASTRALREFERENCE": "I028_004900.513", "ADMINISTRATIVEUNIT": "I028" }, "geometry": { "type": "Polygon", "coordinates": [ [ [ 14.22255408, 37.90795825 ], [ 14.22253147, 37.90800978 ], [ 14.22246626, 37.90799186 ], [ 14.22248889, 37.90794031 ], [ 14.22255408, 37.90795825 ] ] ] } },
{ "type": "Feature", "properties": { "gml_id": "CadastralParcel.IT.AGE.PLA.I028_004000.9", "INSPIREID_LOCALID": "IT.AGE.PLA.I028_004000.9", "INSPIREID_NAMESPACE": "IT.AGE.PLA.", "LABEL": "9", "NATIONALCADASTRALREFERENCE": "I028_004000.9", "ADMINISTRATIVEUNIT": "I028" }, "geometry": { "type": "Polygon", "coordinates": [ [ [ 14.22122977, 37.90897602 ], [ 14.22062128, 37.90858547 ], [ 14.22055601, 37.90854114 ], [ 14.22055216, 37.90853853 ], [ 14.22139619, 37.90869055 ], [ 14.22132648, 37.90882681 ], [ 14.22122977, 37.90897602 ] ] ] } },
{ "type": "Feature", "properties": { "gml_id": "CadastralParcel.IT.AGE.PLA.I028_004000.STRADA001", "INSPIREID_LOCALID": "IT.AGE.PLA.I028_004000.STRADA001", "INSPIREID_NAMESPACE": "IT.AGE.PLA.", "LABEL": "STRADA001", "NATIONALCADASTRALREFERENCE": "I028_004000.STRADA001", "ADMINISTRATIVEUNIT": "I028" }, "geometry": { "type": "Polygon", "coordinates": [ [ [ 14.22055216, 37.90853853 ], [ 14.22062071, 37.90839076 ], [ 14.22062328, 37.90838591 ], [ 14.22063773, 37.90838063 ], [ 14.22065456, 37.90837901 ], [ 14.22097792, 37.90835073 ], [ 14.22150207, 37.9085307 ], [ 14.22267843, 37.90864688 ], [ 14.2228484, 37.90866369 ], [ 14.22306029, 37.90868477 ], [ 14.22351461, 37.90873288 ], [ 14.2242624, 37.90911931 ], [ 14.22443654, 37.9092093 ], [ 14.22463393, 37.90918629 ], [ 14.2248376, 37.90916828 ], [ 14.22511492, 37.90914087 ], [ 14.22528903, 37.90914029 ], [ 14.22551628, 37.90914467 ], [ 14.22554054, 37.90913445 ], [ 14.22568946, 37.90920302 ], [ 14.22569235, 37.90920383 ], [ 14.2256523, 37.90922563 ], [ 14.22529141, 37.90921445 ], [ 14.22520489, 37.9092129 ], [ 14.22445352, 37.90936714 ], [ 14.22342315, 37.90906429 ], [ 14.22303636, 37.90892921 ], [ 14.2228645, 37.90890376 ], [ 14.22272375, 37.90887991 ], [ 14.22195944, 37.90877941 ], [ 14.22177651, 37.90875535 ], [ 14.22139619, 37.90869055 ], [ 14.22055216, 37.90853853 ] ] ] } },
{ "type": "Feature", "properties": { "gml_id": "CadastralParcel.IT.AGE.PLA.I028_004000.STRADA002", "INSPIREID_LOCALID": "IT.AGE.PLA.I028_004000.STRADA002", "INSPIREID_NAMESPACE": "IT.AGE.PLA.", "LABEL": "STRADA002", "NATIONALCADASTRALREFERENCE": "I028_004000.STRADA002", "ADMINISTRATIVEUNIT": "I028" }, "geometry": { "type": "Polygon", "coordinates": [ [ [ 14.22451513, 37.9125031 ], [ 14.22451874, 37.91248826 ], [ 14.22448617, 37.91186913 ], [ 14.2244612, 37.91117759 ], [ 14.22433834, 37.91110822 ], [ 14.22390605, 37.91086168 ], [ 14.22326128, 37.91050321 ], [ 14.22325457, 37.91049761 ], [ 14.22317483, 37.9103897 ], [ 14.22308203, 37.91025733 ], [ 14.22336264, 37.91037529 ], [ 14.22400715, 37.91074445 ], [ 14.22440234, 37.91097639 ], [ 14.22465356, 37.9111192 ], [ 14.22467496, 37.91182646 ], [ 14.22470383, 37.91248241 ], [ 14.22470389, 37.91248384 ], [ 14.22463809, 37.91248297 ], [ 14.2246266, 37.91248485 ], [ 14.22451513, 37.9125031 ] ] ] } },
{ "type": "Feature", "properties": { "gml_id": "CadastralParcel.IT.AGE.PLA.I028_003900.STRADA005", "INSPIREID_LOCALID": "IT.AGE.PLA.I028_003900.STRADA005", "INSPIREID_NAMESPACE": "IT.AGE.PLA.", "LABEL": "STRADA005", "NATIONALCADASTRALREFERENCE": "I028_003900.STRADA005", "ADMINISTRATIVEUNIT": "I028" }, "geometry": { "type": "Polygon", "coordinates": [ [ [ 14.2240553, 37.91109657 ], [ 14.2240849, 37.91111229 ], [ 14.22424221, 37.91119585 ], [ 14.22410618, 37.91129418 ], [ 14.22409809, 37.91129978 ], [ 14.22410042, 37.91164155 ], [ 14.22409108, 37.9116719 ], [ 14.22403217, 37.91184675 ], [ 14.22403113, 37.9118492 ], [ 14.22393864, 37.91207013 ], [ 14.22390599, 37.91214278 ], [ 14.22390494, 37.91214462 ], [ 14.22375442, 37.91241592 ], [ 14.22370323, 37.91248532 ], [ 14.22361642, 37.91260391 ], [ 14.22361548, 37.91260519 ], [ 14.22340918, 37.9128195 ], [ 14.22340868, 37.91300679 ], [ 14.22341036, 37.91320293 ], [ 14.22341646, 37.91324997 ], [ 14.22345364, 37.91330046 ], [ 14.22348767, 37.91335913 ], [ 14.22350769, 37.91339363 ], [ 14.22354522, 37.91351795 ], [ 14.22355087, 37.91365925 ], [ 14.22363638, 37.91380099 ], [ 14.22362283, 37.91384795 ], [ 14.22354274, 37.91390023 ], [ 14.22352689, 37.91393861 ], [ 14.22350473, 37.91398231 ], [ 14.22350618, 37.91415481 ], [ 14.22351468, 37.91422516 ], [ 14.2235513, 37.91443244 ], [ 14.2236048, 37.91457135 ], [ 14.22360529, 37.9146403 ], [ 14.22361127, 37.91479245 ], [ 14.22369039, 37.91501027 ], [ 14.22371253, 37.91509194 ], [ 14.22371287, 37.91530946 ], [ 14.22371628, 37.91533863 ], [ 14.22374046, 37.91541818 ], [ 14.22382383, 37.91557328 ], [ 14.22393146, 37.91566485 ], [ 14.22399099, 37.915717 ], [ 14.2241369, 37.91578109 ], [ 14.22414593, 37.91579401 ], [ 14.22423973, 37.91591358 ], [ 14.22429069, 37.91597376 ], [ 14.22437699, 37.91604062 ], [ 14.22444646, 37.91608893 ], [ 14.22460827, 37.91618162 ], [ 14.22487486, 37.91629767 ], [ 14.22494669, 37.91638355 ], [ 14.22514363, 37.91660493 ], [ 14.22509082, 37.91673444 ], [ 14.2250557, 37.91682264 ], [ 14.22504841, 37.91683029 ], [ 14.22508372, 37.9169664 ], [ 14.22515366, 37.91718355 ], [ 14.22529294, 37.91727783 ], [ 14.22539972, 37.91731687 ], [ 14.22551869, 37.91736004 ], [ 14.22555764, 37.9173738 ], [ 14.22570539, 37.91748952 ], [ 14.22590253, 37.91763317 ], [ 14.22605288, 37.91764863 ], [ 14.22616705, 37.91765981 ], [ 14.22621293, 37.91783092 ], [ 14.22624466, 37.91798152 ], [ 14.22628852, 37.91821411 ], [ 14.22630203, 37.91827453 ], [ 14.22642372, 37.91833954 ], [ 14.22649462, 37.91840069 ], [ 14.22656119, 37.91846752 ], [ 14.22659685, 37.91854155 ], [ 14.22665848, 37.91868483 ], [ 14.2267272, 37.91883084 ], [ 14.22676598, 37.91887061 ], [ 14.22686687, 37.91897927 ], [ 14.22694636, 37.91903254 ], [ 14.22698048, 37.91903036 ], [ 14.22703749, 37.91913982 ], [ 14.22710422, 37.91921979 ], [ 14.22710106, 37.91932873 ], [ 14.22713995, 37.91947188 ], [ 14.22704092, 37.91946709 ], [ 14.22698681, 37.91953291 ], [ 14.22698454, 37.9195341 ], [ 14.22702532, 37.91946634 ], [ 14.22702545, 37.91946608 ], [ 14.22704154, 37.91943308 ], [ 14.22703228, 37.91933852 ], [ 14.22702123, 37.91923665 ], [ 14.22691595, 37.91908195 ], [ 14.22684939, 37.91903568 ], [ 14.2267954, 37.91899561 ], [ 14.2267128, 37.91894174 ], [ 14.22667685, 37.91891094 ], [ 14.22663161, 37.91884461 ], [ 14.22659359, 37.91879145 ], [ 14.22657575, 37.91869969 ], [ 14.22655186, 37.91863862 ], [ 14.22648717, 37.91849048 ], [ 14.22642625, 37.91844857 ], [ 14.2263165, 37.91836018 ], [ 14.22618546, 37.91829272 ], [ 14.22614917, 37.91817279 ], [ 14.22611312, 37.91803457 ], [ 14.22609505, 37.91798192 ], [ 14.2260709, 37.91793023 ], [ 14.22602102, 37.91787011 ], [ 14.2259171, 37.91773979 ], [ 14.2258616, 37.9176719 ], [ 14.22582854, 37.91764916 ], [ 14.22574291, 37.91758097 ], [ 14.2255472, 37.91743196 ], [ 14.22532198, 37.91738421 ], [ 14.2250742, 37.91726057 ], [ 14.224918, 37.91731272 ], [ 14.22487199, 37.91720878 ], [ 14.2248701, 37.91719199 ], [ 14.2247127, 37.91704733 ], [ 14.22472922, 37.91684894 ], [ 14.22463356, 37.91678579 ], [ 14.2246347, 37.9166688 ], [ 14.22462156, 37.9166116 ], [ 14.22457497, 37.91649108 ], [ 14.2244792, 37.91662455 ], [ 14.22441698, 37.91671046 ], [ 14.22434009, 37.91681495 ], [ 14.22418725, 37.91703651 ], [ 14.22409879, 37.91716312 ], [ 14.22402805, 37.91726926 ], [ 14.22402838, 37.91743997 ], [ 14.22395651, 37.91753502 ], [ 14.22384475, 37.9176749 ], [ 14.22373431, 37.91778358 ], [ 14.22362553, 37.91787004 ], [ 14.22346411, 37.91799018 ], [ 14.22345501, 37.91810983 ], [ 14.22344767, 37.91830797 ], [ 14.22339551, 37.91845195 ], [ 14.2233444, 37.91859952 ], [ 14.22332771, 37.91878353 ], [ 14.22331136, 37.91892795 ], [ 14.22330426, 37.91907412 ], [ 14.22323193, 37.91913317 ], [ 14.22315625, 37.91920091 ], [ 14.2230185, 37.9193186 ], [ 14.2229688, 37.91934962 ], [ 14.22286727, 37.91940349 ], [ 14.22274694, 37.91945071 ], [ 14.2225776, 37.91950301 ], [ 14.22242122, 37.91957301 ], [ 14.22227083, 37.919634 ], [ 14.22222824, 37.91963864 ], [ 14.22214085, 37.9197561 ], [ 14.2221233, 37.91977164 ], [ 14.22197545, 37.91985752 ], [ 14.22188718, 37.91991191 ], [ 14.22175977, 37.91994562 ], [ 14.22167554, 37.91999651 ], [ 14.22152169, 37.92008826 ], [ 14.22140953, 37.92015131 ], [ 14.22129199, 37.92021294 ], [ 14.22124448, 37.92024001 ], [ 14.22117449, 37.92027179 ], [ 14.22114375, 37.9203207 ], [ 14.22131184, 37.9205656 ], [ 14.2212598, 37.92075709 ], [ 14.22120734, 37.92081358 ], [ 14.22115826, 37.92088047 ], [ 14.22105997, 37.92102542 ], [ 14.22107987, 37.92113563 ], [ 14.22112578, 37.92129331 ], [ 14.22115703, 37.9214039 ], [ 14.22116844, 37.92147798 ], [ 14.22111543, 37.92159028 ], [ 14.22111753, 37.92161097 ], [ 14.22113761, 37.9216911 ], [ 14.22111965, 37.92183535 ], [ 14.22110234, 37.9219447 ], [ 14.22111268, 37.92201862 ], [ 14.22114943, 37.92217428 ], [ 14.2211434, 37.922244 ], [ 14.22114261, 37.92226708 ], [ 14.22113336, 37.92251663 ], [ 14.22104931, 37.92252186 ], [ 14.22103327, 37.92252156 ], [ 14.22102169, 37.92251894 ], [ 14.22102228, 37.92251698 ], [ 14.22102989, 37.9224916 ], [ 14.22103242, 37.92248313 ], [ 14.22103456, 37.9224761 ], [ 14.22106211, 37.92238562 ], [ 14.22106331, 37.9223817 ], [ 14.22109827, 37.92230816 ], [ 14.22110175, 37.92230083 ], [ 14.22110316, 37.92229786 ], [ 14.22108589, 37.92221172 ], [ 14.22108052, 37.92218413 ], [ 14.22105789, 37.92206924 ], [ 14.22104743, 37.9220076 ], [ 14.22103703, 37.9219463 ], [ 14.22103672, 37.921932 ], [ 14.22103796, 37.9219251 ], [ 14.22104781, 37.92187031 ], [ 14.22106935, 37.92176455 ], [ 14.22107126, 37.92173981 ], [ 14.22107259, 37.92172254 ], [ 14.22107236, 37.92171084 ], [ 14.22107073, 37.92155675 ], [ 14.22110043, 37.92146769 ], [ 14.22109363, 37.92143024 ], [ 14.22108913, 37.92141256 ], [ 14.22107259, 37.92134757 ], [ 14.22099412, 37.9210983 ], [ 14.22098855, 37.9210982 ], [ 14.22096867, 37.92097149 ], [ 14.22113902, 37.92080424 ], [ 14.22122389, 37.92071674 ], [ 14.2212436, 37.92056569 ], [ 14.22119504, 37.92048697 ], [ 14.22111392, 37.92037717 ], [ 14.22107055, 37.9203236 ], [ 14.22102446, 37.92023645 ], [ 14.2209384, 37.92010207 ], [ 14.22093521, 37.9199648 ], [ 14.22092948, 37.91991756 ], [ 14.22086925, 37.9197757 ], [ 14.2208221, 37.91971394 ], [ 14.22085244, 37.91956227 ], [ 14.22089033, 37.91931235 ], [ 14.22088526, 37.91926675 ], [ 14.22087355, 37.91902352 ], [ 14.22082472, 37.91891089 ], [ 14.22081395, 37.91873698 ], [ 14.22082416, 37.91865863 ], [ 14.2207017, 37.91854662 ], [ 14.22050948, 37.91838536 ], [ 14.22031901, 37.91824177 ], [ 14.22025384, 37.91818951 ], [ 14.22025216, 37.91818816 ], [ 14.22010657, 37.91811445 ], [ 14.21988554, 37.91805585 ], [ 14.21992381, 37.91783355 ], [ 14.21993461, 37.91778673 ], [ 14.22003713, 37.91737853 ], [ 14.22004111, 37.91736082 ], [ 14.22004621, 37.91734056 ], [ 14.22007054, 37.91723723 ], [ 14.22010231, 37.91709633 ], [ 14.22013471, 37.91699752 ], [ 14.22012941, 37.91695702 ], [ 14.22010452, 37.9167754 ], [ 14.22008905, 37.9167017 ], [ 14.22008556, 37.91668083 ], [ 14.22006716, 37.91659389 ], [ 14.22014381, 37.91651477 ], [ 14.22015439, 37.91650247 ], [ 14.22015623, 37.91650033 ], [ 14.22015789, 37.9164984 ], [ 14.22016441, 37.91642638 ], [ 14.22020361, 37.91639407 ], [ 14.22022536, 37.91637615 ], [ 14.2200589, 37.91627307 ], [ 14.22003035, 37.91625898 ], [ 14.22000439, 37.91624641 ], [ 14.21990172, 37.9161967 ], [ 14.21986777, 37.91608558 ], [ 14.2198466, 37.91600745 ], [ 14.2198371, 37.91595209 ], [ 14.21983161, 37.91584667 ], [ 14.21982977, 37.91576662 ], [ 14.21982849, 37.91571128 ], [ 14.21982219, 37.91570613 ], [ 14.21976266, 37.91565877 ], [ 14.21976375, 37.91564173 ], [ 14.21986691, 37.91569017 ], [ 14.21987893, 37.91580854 ], [ 14.2198571, 37.91590276 ], [ 14.21988574, 37.91604183 ], [ 14.21992971, 37.91618924 ], [ 14.22002306, 37.91622693 ], [ 14.22006383, 37.91625446 ], [ 14.22025143, 37.91637368 ], [ 14.22019644, 37.91643407 ], [ 14.22019142, 37.9165239 ], [ 14.2201077, 37.9165941 ], [ 14.22014093, 37.91677336 ], [ 14.22017877, 37.9170419 ], [ 14.22018451, 37.91710902 ], [ 14.22011543, 37.91732105 ], [ 14.22005359, 37.91755467 ], [ 14.21999087, 37.91782209 ], [ 14.21995593, 37.91802907 ], [ 14.22012168, 37.91806965 ], [ 14.22016343, 37.91808912 ], [ 14.22023396, 37.91813563 ], [ 14.22029301, 37.91817133 ], [ 14.22044045, 37.91827855 ], [ 14.22053163, 37.91834825 ], [ 14.22061456, 37.91841564 ], [ 14.22076088, 37.91853977 ], [ 14.22087865, 37.91864708 ], [ 14.22088118, 37.91873063 ], [ 14.22087888, 37.91890869 ], [ 14.22090767, 37.91902118 ], [ 14.22092606, 37.91915763 ], [ 14.22093366, 37.91926881 ], [ 14.22092424, 37.91938186 ], [ 14.22090306, 37.91955485 ], [ 14.22086369, 37.91970364 ], [ 14.22091491, 37.91976663 ], [ 14.22097838, 37.91990352 ], [ 14.22098354, 37.91994672 ], [ 14.22098391, 37.92010888 ], [ 14.22101691, 37.92015646 ], [ 14.22108927, 37.92025288 ], [ 14.22115463, 37.92021019 ], [ 14.22125035, 37.92016807 ], [ 14.22132464, 37.92013506 ], [ 14.22147123, 37.92007188 ], [ 14.22152987, 37.92003374 ], [ 14.22160717, 37.91998791 ], [ 14.22166439, 37.91995014 ], [ 14.22176523, 37.91988943 ], [ 14.22187427, 37.91986276 ], [ 14.22197258, 37.91978086 ], [ 14.22212279, 37.91971572 ], [ 14.22216264, 37.91960942 ], [ 14.22220352, 37.91959114 ], [ 14.22224708, 37.91959063 ], [ 14.22225916, 37.9195919 ], [ 14.22235187, 37.91954967 ], [ 14.22249595, 37.91947796 ], [ 14.22267152, 37.91941707 ], [ 14.22291548, 37.91933135 ], [ 14.22299212, 37.9192975 ], [ 14.22308376, 37.91919476 ], [ 14.22318321, 37.91908954 ], [ 14.22324855, 37.91901847 ], [ 14.22323415, 37.91887718 ], [ 14.2232263, 37.91875643 ], [ 14.22325022, 37.91860307 ], [ 14.22323446, 37.91846328 ], [ 14.22322029, 37.91833746 ], [ 14.22328292, 37.91832607 ], [ 14.2233651, 37.91827435 ], [ 14.22338466, 37.9181689 ], [ 14.22342415, 37.91796321 ], [ 14.22358754, 37.9178368 ], [ 14.22368061, 37.91776721 ], [ 14.22373902, 37.91767629 ], [ 14.22384944, 37.91749428 ], [ 14.22394932, 37.91740876 ], [ 14.22396258, 37.91723973 ], [ 14.22405376, 37.91712271 ], [ 14.22414841, 37.91699982 ], [ 14.2242946, 37.91682676 ], [ 14.22431851, 37.91679762 ], [ 14.2243707, 37.9166739 ], [ 14.22441176, 37.9165504 ], [ 14.22440383, 37.9163313 ], [ 14.22435968, 37.91627946 ], [ 14.2242073, 37.91610636 ], [ 14.22408845, 37.91599042 ], [ 14.22401286, 37.91584629 ], [ 14.22370892, 37.91570608 ], [ 14.22367461, 37.91562063 ], [ 14.22368271, 37.91551497 ], [ 14.22359543, 37.91536987 ], [ 14.22355426, 37.91524241 ], [ 14.22356821, 37.91519521 ], [ 14.22361655, 37.91517484 ], [ 14.22364897, 37.91506527 ], [ 14.22365574, 37.91505686 ], [ 14.22362614, 37.9150137 ], [ 14.2235782, 37.91492675 ], [ 14.2235516, 37.91479656 ], [ 14.2235152, 37.91461539 ], [ 14.22347859, 37.91442744 ], [ 14.22343555, 37.91422684 ], [ 14.22339524, 37.91404687 ], [ 14.22346487, 37.91397113 ], [ 14.22349744, 37.91388915 ], [ 14.22357108, 37.91384079 ], [ 14.22353996, 37.9137707 ], [ 14.22348852, 37.9136998 ], [ 14.22348196, 37.91361933 ], [ 14.22348131, 37.91361119 ], [ 14.22344675, 37.9134775 ], [ 14.22334571, 37.91329607 ], [ 14.22334563, 37.91326841 ], [ 14.22333913, 37.91322432 ], [ 14.22333565, 37.91312025 ], [ 14.22330206, 37.91302174 ], [ 14.2233132, 37.91293257 ], [ 14.22333125, 37.91281734 ], [ 14.22344081, 37.912683 ], [ 14.22349195, 37.91262319 ], [ 14.22355041, 37.91247644 ], [ 14.22357957, 37.91243183 ], [ 14.22371222, 37.91222864 ], [ 14.22375906, 37.91215822 ], [ 14.22379902, 37.91198015 ], [ 14.22383913, 37.91186545 ], [ 14.22385087, 37.91183194 ], [ 14.22387291, 37.91176971 ], [ 14.22391745, 37.9117001 ], [ 14.22389462, 37.9115608 ], [ 14.22387549, 37.9113188 ], [ 14.22402921, 37.9112375 ], [ 14.2239672, 37.91113104 ], [ 14.22386811, 37.91107761 ], [ 14.22374341, 37.91101424 ], [ 14.22363232, 37.91092631 ], [ 14.22341836, 37.91076373 ], [ 14.223171, 37.91056833 ], [ 14.22313898, 37.91054068 ], [ 14.22304741, 37.91047974 ], [ 14.22283692, 37.91035074 ], [ 14.22267587, 37.91023629 ], [ 14.2224034, 37.91003356 ], [ 14.22222836, 37.90990622 ], [ 14.22209762, 37.9098605 ], [ 14.22194424, 37.90981912 ], [ 14.22171676, 37.90966178 ], [ 14.22160382, 37.90954402 ], [ 14.22146198, 37.90942067 ], [ 14.22119713, 37.90918549 ], [ 14.22112722, 37.90915001 ], [ 14.22102256, 37.90909244 ], [ 14.2207574, 37.90894806 ], [ 14.22039511, 37.9089016 ], [ 14.2202335, 37.90882633 ], [ 14.22023079, 37.90882508 ], [ 14.2200914, 37.90859268 ], [ 14.22006404, 37.90854243 ], [ 14.22002583, 37.90847032 ], [ 14.21997792, 37.90838279 ], [ 14.21992997, 37.9083098 ], [ 14.21993135, 37.90830812 ], [ 14.22008967, 37.90811851 ], [ 14.2201072, 37.90809908 ], [ 14.2201044, 37.90809738 ], [ 14.22010859, 37.90809228 ], [ 14.22039877, 37.90825679 ], [ 14.22040682, 37.90826142 ], [ 14.22062328, 37.90838591 ], [ 14.22062071, 37.90839076 ], [ 14.22055216, 37.90853853 ], [ 14.22055601, 37.90854114 ], [ 14.22055133, 37.90854031 ], [ 14.22062128, 37.90858547 ], [ 14.22099696, 37.9088266 ], [ 14.2209992, 37.90882803 ], [ 14.22115765, 37.90892973 ], [ 14.22122977, 37.90897602 ], [ 14.22134634, 37.90905203 ], [ 14.2215492, 37.90918429 ], [ 14.22161184, 37.90925957 ], [ 14.22162319, 37.90927369 ], [ 14.2216253, 37.90927613 ], [ 14.22162685, 37.90927791 ], [ 14.22179855, 37.90946146 ], [ 14.22181417, 37.90947297 ], [ 14.2219104, 37.90954232 ], [ 14.22197961, 37.9095919 ], [ 14.22205456, 37.9096456 ], [ 14.22205765, 37.90964781 ], [ 14.22215727, 37.90967806 ], [ 14.22240721, 37.90975148 ], [ 14.22240779, 37.90975165 ], [ 14.22254445, 37.90979179 ], [ 14.22254479, 37.90979189 ], [ 14.22271376, 37.90984152 ], [ 14.22276311, 37.90989728 ], [ 14.22292509, 37.9100846 ], [ 14.22307477, 37.91025428 ], [ 14.22308203, 37.91025733 ], [ 14.22317489, 37.91038978 ], [ 14.22325457, 37.91049761 ], [ 14.22326128, 37.91050321 ], [ 14.22325692, 37.91050079 ], [ 14.22339466, 37.91061486 ], [ 14.22341684, 37.91063316 ], [ 14.22358175, 37.91076922 ], [ 14.22361669, 37.91079805 ], [ 14.22364058, 37.91081497 ], [ 14.22364369, 37.91081714 ], [ 14.22379561, 37.91092298 ], [ 14.22381495, 37.91093603 ], [ 14.22404808, 37.91109273 ], [ 14.2240553, 37.91109657 ] ] ] } },
{ "type": "Feature", "properties": { "gml_id": "CadastralParcel.IT.AGE.PLA.I028_004000.10", "INSPIREID_LOCALID": "IT.AGE.PLA.I028_004000.10", "INSPIREID_NAMESPACE": "IT.AGE.PLA.", "LABEL": "10", "NATIONALCADASTRALREFERENCE": "I028_004000.10", "ADMINISTRATIVEUNIT": "I028" }, "geometry": { "type": "Polygon", "coordinates": [ [ [ 14.22515317, 37.90947409 ], [ 14.22430608, 37.90953395 ], [ 14.22370326, 37.90920791 ], [ 14.22342315, 37.90906429 ], [ 14.22445352, 37.90936714 ], [ 14.22520489, 37.9092129 ], [ 14.22529141, 37.90921445 ], [ 14.22515317, 37.90947409 ] ] ] } },
{ "type": "Feature", "properties": { "gml_id": "CadastralParcel.IT.AGE.PLA.I028_004000.153", "INSPIREID_LOCALID": "IT.AGE.PLA.I028_004000.153", "INSPIREID_NAMESPACE": "IT.AGE.PLA.", "LABEL": "153", "NATIONALCADASTRALREFERENCE": "I028_004000.153", "ADMINISTRATIVEUNIT": "I028" }, "geometry": { "type": "Polygon", "coordinates": [ [ [ 14.23129418, 37.91426298 ], [ 14.23179397, 37.91323388 ], [ 14.2322913, 37.91226723 ], [ 14.23258125, 37.91169231 ], [ 14.23319932, 37.91043484 ], [ 14.23418551, 37.9107712 ], [ 14.23353345, 37.91209592 ], [ 14.23261213, 37.91397846 ], [ 14.23242256, 37.91438335 ], [ 14.23129418, 37.91426298 ] ] ] } },
{ "type": "Feature", "properties": { "gml_id": "CadastralParcel.IT.AGE.PLA.I028_004000.263", "INSPIREID_LOCALID": "IT.AGE.PLA.I028_004000.263", "INSPIREID_NAMESPACE": "IT.AGE.PLA.", "LABEL": "263", "NATIONALCADASTRALREFERENCE": "I028_004000.263", "ADMINISTRATIVEUNIT": "I028" }, "geometry": { "type": "MultiPolygon", "coordinates": [ [ [ [ 14.23369442, 37.91451164 ], [ 14.23242256, 37.91438335 ], [ 14.23261213, 37.91397846 ], [ 14.23353345, 37.91209592 ], [ 14.23418551, 37.9107712 ], [ 14.23439621, 37.91032177 ], [ 14.23695824, 37.91212196 ], [ 14.23827647, 37.91304815 ], [ 14.23729277, 37.91337773 ], [ 14.23553878, 37.91395431 ], [ 14.23379692, 37.9145211 ], [ 14.23371859, 37.91448471 ], [ 14.23369442, 37.91451164 ] ], [ [ 14.23514207, 37.91130114 ], [ 14.23508047, 37.91127391 ], [ 14.23497181, 37.91131033 ], [ 14.23490926, 37.91135632 ], [ 14.23488314, 37.91147021 ], [ 14.23481452, 37.91159079 ], [ 14.2347737, 37.9116743 ], [ 14.23475964, 37.91176155 ], [ 14.23487661, 37.91178476 ], [ 14.23513231, 37.91151812 ], [ 14.23514207, 37.91130114 ] ], [ [ 14.23446732, 37.91206613 ], [ 14.2345273, 37.91210995 ], [ 14.23458573, 37.91205971 ], [ 14.23452577, 37.91201588 ], [ 14.23446732, 37.91206613 ] ] ] ] } },
{ "type": "Feature", "properties": { "gml_id": "CadastralParcel.IT.AGE.PLA.I028_004000.264", "INSPIREID_LOCALID": "IT.AGE.PLA.I028_004000.264", "INSPIREID_NAMESPACE": "IT.AGE.PLA.", "LABEL": "264", "NATIONALCADASTRALREFERENCE": "I028_004000.264", "ADMINISTRATIVEUNIT": "I028" }, "geometry": { "type": "Polygon", "coordinates": [ [ [ 14.23446732, 37.91206613 ], [ 14.23452577, 37.91201588 ], [ 14.23458573, 37.91205971 ], [ 14.2345273, 37.91210995 ], [ 14.23446732, 37.91206613 ] ] ] } },
{ "type": "Feature", "properties": { "gml_id": "CadastralParcel.IT.AGE.PLA.I028_004000.265", "INSPIREID_LOCALID": "IT.AGE.PLA.I028_004000.265", "INSPIREID_NAMESPACE": "IT.AGE.PLA.", "LABEL": "265", "NATIONALCADASTRALREFERENCE": "I028_004000.265", "ADMINISTRATIVEUNIT": "I028" }, "geometry": { "type": "Polygon", "coordinates": [ [ [ 14.23508047, 37.91127391 ], [ 14.23514207, 37.91130114 ], [ 14.23513231, 37.91151812 ], [ 14.23487661, 37.91178476 ], [ 14.23475964, 37.91176155 ], [ 14.2347737, 37.9116743 ], [ 14.23481452, 37.91159079 ], [ 14.23488314, 37.91147021 ], [ 14.23490926, 37.91135632 ], [ 14.23497181, 37.91131033 ], [ 14.23508047, 37.91127391 ] ] ] } },
{ "type": "Feature", "properties": { "gml_id": "CadastralParcel.IT.AGE.PLA.I028_004000.278", "INSPIREID_LOCALID": "IT.AGE.PLA.I028_004000.278", "INSPIREID_NAMESPACE": "IT.AGE.PLA.", "LABEL": "278", "NATIONALCADASTRALREFERENCE": "I028_004000.278", "ADMINISTRATIVEUNIT": "I028" }, "geometry": { "type": "Polygon", "coordinates": [ [ [ 14.23535437, 37.90836265 ], [ 14.23575349, 37.90751739 ], [ 14.23612122, 37.90797077 ], [ 14.23662591, 37.90858077 ], [ 14.23687825, 37.90888577 ], [ 14.23713059, 37.90919075 ], [ 14.23738295, 37.9094958 ], [ 14.23763529, 37.90980077 ], [ 14.23788777, 37.91010561 ], [ 14.23780532, 37.91019279 ], [ 14.23770564, 37.91039714 ], [ 14.23750169, 37.91061654 ], [ 14.23740004, 37.91079044 ], [ 14.23736463, 37.91082364 ], [ 14.23731422, 37.91085098 ], [ 14.23719769, 37.91090819 ], [ 14.23713237, 37.91092035 ], [ 14.23707687, 37.91101469 ], [ 14.23705318, 37.91109149 ], [ 14.23703719, 37.91113925 ], [ 14.23703102, 37.91118529 ], [ 14.23704009, 37.91128953 ], [ 14.23713323, 37.91132247 ], [ 14.23710231, 37.91145582 ], [ 14.23704461, 37.91172143 ], [ 14.23695824, 37.91212196 ], [ 14.23439621, 37.91032177 ], [ 14.23444, 37.91020936 ], [ 14.23535437, 37.90836265 ] ] ] } },
{ "type": "Feature", "properties": { "gml_id": "CadastralParcel.IT.AGE.PLA.I028_004000.3", "INSPIREID_LOCALID": "IT.AGE.PLA.I028_004000.3", "INSPIREID_NAMESPACE": "IT.AGE.PLA.", "LABEL": "3", "NATIONALCADASTRALREFERENCE": "I028_004000.3", "ADMINISTRATIVEUNIT": "I028" }, "geometry": { "type": "Polygon", "coordinates": [ [ [ 14.23251204, 37.91505299 ], [ 14.23232987, 37.91495167 ], [ 14.23218252, 37.91486936 ], [ 14.23242256, 37.91438335 ], [ 14.23369442, 37.91451164 ], [ 14.23377626, 37.91455328 ], [ 14.23379692, 37.9145211 ], [ 14.23553878, 37.91395431 ], [ 14.23729277, 37.91337773 ], [ 14.23827647, 37.91304815 ], [ 14.23881018, 37.91342828 ], [ 14.23977153, 37.91453334 ], [ 14.23964593, 37.914601 ], [ 14.23930879, 37.91481207 ], [ 14.23890923, 37.91510679 ], [ 14.23887785, 37.91513259 ], [ 14.23866533, 37.9153115 ], [ 14.23847966, 37.915477 ], [ 14.23820918, 37.91563813 ], [ 14.2380945, 37.91570922 ], [ 14.23761908, 37.91599331 ], [ 14.23729435, 37.91619577 ], [ 14.23715978, 37.91629107 ], [ 14.23684264, 37.91653581 ], [ 14.2366426, 37.9166898 ], [ 14.23663889, 37.91668803 ], [ 14.23606772, 37.91642523 ], [ 14.23568453, 37.91623782 ], [ 14.23566797, 37.91622972 ], [ 14.23473454, 37.91576058 ], [ 14.23472945, 37.91576091 ], [ 14.23437081, 37.91578415 ], [ 14.2341113, 37.91571802 ], [ 14.23411815, 37.91572867 ], [ 14.2340855, 37.91572133 ], [ 14.23407921, 37.91571992 ], [ 14.2336793, 37.91577274 ], [ 14.2335837, 37.91586466 ], [ 14.23347747, 37.91568872 ], [ 14.23347189, 37.91567998 ], [ 14.2333872, 37.91558673 ], [ 14.23334642, 37.91554182 ], [ 14.23309287, 37.91526353 ], [ 14.23308893, 37.91526149 ], [ 14.23254371, 37.91506444 ], [ 14.23251423, 37.91505397 ], [ 14.23251204, 37.91505299 ] ] ] } },
{ "type": "Feature", "properties": { "gml_id": "CadastralParcel.IT.AGE.PLA.I028_004900.375", "INSPIREID_LOCALID": "IT.AGE.PLA.I028_004900.375", "INSPIREID_NAMESPACE": "IT.AGE.PLA.", "LABEL": "375", "NATIONALCADASTRALREFERENCE": "I028_004900.375", "ADMINISTRATIVEUNIT": "I028" }, "geometry": { "type": "Polygon", "coordinates": [ [ [ 14.22316609, 37.90740056 ], [ 14.22318167, 37.90736002 ], [ 14.22328981, 37.90738951 ], [ 14.22326909, 37.90743441 ], [ 14.22316609, 37.90740056 ] ] ] } },
{ "type": "Feature", "properties": { "gml_id": "CadastralParcel.IT.AGE.PLA.I028_004000.46", "INSPIREID_LOCALID": "IT.AGE.PLA.I028_004000.46", "INSPIREID_NAMESPACE": "IT.AGE.PLA.", "LABEL": "46", "NATIONALCADASTRALREFERENCE": "I028_004000.46", "ADMINISTRATIVEUNIT": "I028" }, "geometry": { "type": "Polygon", "coordinates": [ [ [ 14.23049568, 37.91098701 ], [ 14.22941447, 37.91068214 ], [ 14.22951784, 37.91047572 ], [ 14.23061105, 37.91077637 ], [ 14.23054604, 37.91089869 ], [ 14.23049568, 37.91098701 ] ] ] } },
{ "type": "Feature", "properties": { "gml_id": "CadastralParcel.IT.AGE.PLA.I028_004000.47", "INSPIREID_LOCALID": "IT.AGE.PLA.I028_004000.47", "INSPIREID_NAMESPACE": "IT.AGE.PLA.", "LABEL": "47", "NATIONALCADASTRALREFERENCE": "I028_004000.47", "ADMINISTRATIVEUNIT": "I028" }, "geometry": { "type": "Polygon", "coordinates": [ [ [ 14.23061105, 37.91077637 ], [ 14.22951784, 37.91047572 ], [ 14.22971544, 37.91007741 ], [ 14.23078798, 37.91037682 ], [ 14.23072594, 37.91052218 ], [ 14.23061105, 37.91077637 ] ] ] } },
{ "type": "Feature", "properties": { "gml_id": "CadastralParcel.IT.AGE.PLA.I028_004000.48", "INSPIREID_LOCALID": "IT.AGE.PLA.I028_004000.48", "INSPIREID_NAMESPACE": "IT.AGE.PLA.", "LABEL": "48", "NATIONALCADASTRALREFERENCE": "I028_004000.48", "ADMINISTRATIVEUNIT": "I028" }, "geometry": { "type": "Polygon", "coordinates": [ [ [ 14.23078798, 37.91037682 ], [ 14.22971544, 37.91007741 ], [ 14.22988217, 37.9097322 ], [ 14.22991489, 37.90967842 ], [ 14.23000302, 37.90970159 ], [ 14.2309838, 37.90997676 ], [ 14.23091679, 37.91011587 ], [ 14.23078798, 37.91037682 ] ] ] } },
{ "type": "Feature", "properties": { "gml_id": "CadastralParcel.IT.AGE.PLA.I028_004900.480", "INSPIREID_LOCALID": "IT.AGE.PLA.I028_004900.480", "INSPIREID_NAMESPACE": "IT.AGE.PLA.", "LABEL": "480", "NATIONALCADASTRALREFERENCE": "I028_004900.480", "ADMINISTRATIVEUNIT": "I028" }, "geometry": { "type": "Polygon", "coordinates": [ [ [ 14.22514096, 37.90795307 ], [ 14.22524209, 37.90826913 ], [ 14.22523186, 37.9082655 ], [ 14.22521777, 37.90826255 ], [ 14.22515601, 37.90824965 ], [ 14.2250619, 37.90822626 ], [ 14.22492854, 37.90817173 ], [ 14.22484198, 37.90814098 ], [ 14.22467519, 37.90809696 ], [ 14.22451143, 37.90804302 ], [ 14.22439202, 37.90801269 ], [ 14.22437845, 37.908044 ], [ 14.2243462, 37.9081307 ], [ 14.2243269, 37.90822158 ], [ 14.22429016, 37.90830209 ], [ 14.22353799, 37.90807233 ], [ 14.22358056, 37.90795597 ], [ 14.22355865, 37.90788554 ], [ 14.22352152, 37.90789319 ], [ 14.22349795, 37.9078174 ], [ 14.22334066, 37.90778979 ], [ 14.22327159, 37.90794468 ], [ 14.22328145, 37.90796128 ], [ 14.22327121, 37.90799064 ], [ 14.2231946, 37.90796718 ], [ 14.22333979, 37.90767347 ], [ 14.22342673, 37.90769519 ], [ 14.2235189, 37.90771657 ], [ 14.22367498, 37.90776785 ], [ 14.22386815, 37.90781931 ], [ 14.22404322, 37.90787313 ], [ 14.22414343, 37.90790689 ], [ 14.22422919, 37.90793986 ], [ 14.2243649, 37.90801568 ], [ 14.22439694, 37.90799996 ], [ 14.22440015, 37.90799162 ], [ 14.22444462, 37.90786669 ], [ 14.22449051, 37.90775233 ], [ 14.22514096, 37.90795307 ] ] ] } },
{ "type": "Feature", "properties": { "gml_id": "CadastralParcel.IT.AGE.PLA.I028_004900.482", "INSPIREID_LOCALID": "IT.AGE.PLA.I028_004900.482", "INSPIREID_NAMESPACE": "IT.AGE.PLA.", "LABEL": "482", "NATIONALCADASTRALREFERENCE": "I028_004900.482", "ADMINISTRATIVEUNIT": "I028" }, "geometry": { "type": "Polygon", "coordinates": [ [ [ 14.22345544, 37.90743953 ], [ 14.22449051, 37.90775233 ], [ 14.22444462, 37.90786669 ], [ 14.22440015, 37.90799162 ], [ 14.22439694, 37.90799996 ], [ 14.2243649, 37.90801568 ], [ 14.22422919, 37.90793986 ], [ 14.22414343, 37.90790689 ], [ 14.22404322, 37.90787313 ], [ 14.22386815, 37.90781931 ], [ 14.22367498, 37.90776785 ], [ 14.2235189, 37.90771657 ], [ 14.22342673, 37.90769519 ], [ 14.22333979, 37.90767347 ], [ 14.22345544, 37.90743953 ] ] ] } },
{ "type": "Feature", "properties": { "gml_id": "CadastralParcel.IT.AGE.PLA.I028_004900.483", "INSPIREID_LOCALID": "IT.AGE.PLA.I028_004900.483", "INSPIREID_NAMESPACE": "IT.AGE.PLA.", "LABEL": "483", "NATIONALCADASTRALREFERENCE": "I028_004900.483", "ADMINISTRATIVEUNIT": "I028" }, "geometry": { "type": "Polygon", "coordinates": [ [ [ 14.22353799, 37.90807233 ], [ 14.22327121, 37.90799064 ], [ 14.22328145, 37.90796128 ], [ 14.22327159, 37.90794468 ], [ 14.22334066, 37.90778979 ], [ 14.22349795, 37.9078174 ], [ 14.22352152, 37.90789319 ], [ 14.22355865, 37.90788554 ], [ 14.22358056, 37.90795597 ], [ 14.22353799, 37.90807233 ] ] ] } },
{ "type": "Feature", "properties": { "gml_id": "CadastralParcel.IT.AGE.PLA.I028_004000.64", "INSPIREID_LOCALID": "IT.AGE.PLA.I028_004000.64", "INSPIREID_NAMESPACE": "IT.AGE.PLA.", "LABEL": "64", "NATIONALCADASTRALREFERENCE": "I028_004000.64", "ADMINISTRATIVEUNIT": "I028" }, "geometry": { "type": "Polygon", "coordinates": [ [ [ 14.23015615, 37.91171825 ], [ 14.2302123, 37.91159389 ], [ 14.23034203, 37.91131336 ], [ 14.23142625, 37.911557 ], [ 14.23122788, 37.91195286 ], [ 14.23015615, 37.91171825 ] ] ] } },
{ "type": "Feature", "properties": { "gml_id": "CadastralParcel.IT.AGE.PLA.I028_004000.65", "INSPIREID_LOCALID": "IT.AGE.PLA.I028_004000.65", "INSPIREID_NAMESPACE": "IT.AGE.PLA.", "LABEL": "65", "NATIONALCADASTRALREFERENCE": "I028_004000.65", "ADMINISTRATIVEUNIT": "I028" }, "geometry": { "type": "Polygon", "coordinates": [ [ [ 14.23034203, 37.91131336 ], [ 14.23040409, 37.91119112 ], [ 14.23049568, 37.91098701 ], [ 14.23054604, 37.91089869 ], [ 14.23161831, 37.91116025 ], [ 14.23142625, 37.911557 ], [ 14.23034203, 37.91131336 ] ] ] } },
{ "type": "Feature", "properties": { "gml_id": "CadastralParcel.IT.AGE.PLA.I028_004000.66", "INSPIREID_LOCALID": "IT.AGE.PLA.I028_004000.66", "INSPIREID_NAMESPACE": "IT.AGE.PLA.", "LABEL": "66", "NATIONALCADASTRALREFERENCE": "I028_004000.66", "ADMINISTRATIVEUNIT": "I028" }, "geometry": { "type": "Polygon", "coordinates": [ [ [ 14.23054604, 37.91089869 ], [ 14.23061105, 37.91077637 ], [ 14.23072594, 37.91052218 ], [ 14.23181135, 37.91077664 ], [ 14.23172077, 37.91098223 ], [ 14.23161831, 37.91116025 ], [ 14.23054604, 37.91089869 ] ] ] } },
{ "type": "Feature", "properties": { "gml_id": "CadastralParcel.IT.AGE.PLA.I028_004000.67", "INSPIREID_LOCALID": "IT.AGE.PLA.I028_004000.67", "INSPIREID_NAMESPACE": "IT.AGE.PLA.", "LABEL": "67", "NATIONALCADASTRALREFERENCE": "I028_004000.67", "ADMINISTRATIVEUNIT": "I028" }, "geometry": { "type": "Polygon", "coordinates": [ [ [ 14.23072594, 37.91052218 ], [ 14.23078798, 37.91037682 ], [ 14.23091679, 37.91011587 ], [ 14.23147463, 37.91024972 ], [ 14.23201298, 37.9103685 ], [ 14.23181135, 37.91077664 ], [ 14.23072594, 37.91052218 ] ] ] } },
{ "type": "Feature", "properties": { "gml_id": "CadastralParcel.IT.AGE.PLA.I028_004000.68", "INSPIREID_LOCALID": "IT.AGE.PLA.I028_004000.68", "INSPIREID_NAMESPACE": "IT.AGE.PLA.", "LABEL": "68", "NATIONALCADASTRALREFERENCE": "I028_004000.68", "ADMINISTRATIVEUNIT": "I028" }, "geometry": { "type": "Polygon", "coordinates": [ [ [ 14.23147463, 37.91024972 ], [ 14.23166982, 37.90985631 ], [ 14.23219109, 37.90999497 ], [ 14.23201298, 37.9103685 ], [ 14.23147463, 37.91024972 ] ] ] } },
{ "type": "Feature", "properties": { "gml_id": "CadastralParcel.IT.AGE.PLA.I028_004000.78", "INSPIREID_LOCALID": "IT.AGE.PLA.I028_004000.78", "INSPIREID_NAMESPACE": "IT.AGE.PLA.", "LABEL": "78", "NATIONALCADASTRALREFERENCE": "I028_004000.78", "ADMINISTRATIVEUNIT": "I028" }, "geometry": { "type": "Polygon", "coordinates": [ [ [ 14.23124897, 37.91433486 ], [ 14.23113086, 37.9142689 ], [ 14.23074233, 37.91397266 ], [ 14.23058304, 37.91374961 ], [ 14.23043114, 37.91363112 ], [ 14.23065601, 37.9131546 ], [ 14.23074773, 37.91296304 ], [ 14.23084218, 37.91276033 ], [ 14.23103154, 37.9123609 ], [ 14.23122788, 37.91195286 ], [ 14.23142625, 37.911557 ], [ 14.23161831, 37.91116025 ], [ 14.23172077, 37.91098223 ], [ 14.23181135, 37.91077664 ], [ 14.23201298, 37.9103685 ], [ 14.23219109, 37.90999497 ], [ 14.23238518, 37.90958695 ], [ 14.2325828, 37.90918441 ], [ 14.23277405, 37.90878567 ], [ 14.23296014, 37.90838964 ], [ 14.23315725, 37.90799322 ], [ 14.23336024, 37.90758121 ], [ 14.23344721, 37.90740466 ], [ 14.23354522, 37.90718969 ], [ 14.23357486, 37.90714059 ], [ 14.23467772, 37.90747214 ], [ 14.23433109, 37.90819484 ], [ 14.23404387, 37.90872743 ], [ 14.23319932, 37.91043484 ], [ 14.23258125, 37.91169231 ], [ 14.2322913, 37.91226723 ], [ 14.23179397, 37.91323388 ], [ 14.23129418, 37.91426298 ], [ 14.23124897, 37.91433486 ] ] ] } },
{ "type": "Feature", "properties": { "gml_id": "CadastralParcel.IT.AGE.PLA.I028_004000.83", "INSPIREID_LOCALID": "IT.AGE.PLA.I028_004000.83", "INSPIREID_NAMESPACE": "IT.AGE.PLA.", "LABEL": "83", "NATIONALCADASTRALREFERENCE": "I028_004000.83", "ADMINISTRATIVEUNIT": "I028" }, "geometry": { "type": "Polygon", "coordinates": [ [ [ 14.23091679, 37.91011587 ], [ 14.2309838, 37.90997676 ], [ 14.23111361, 37.90970089 ], [ 14.23166982, 37.90985631 ], [ 14.23147463, 37.91024972 ], [ 14.23091679, 37.91011587 ] ] ] } },
{ "type": "Feature", "properties": { "gml_id": "CadastralParcel.IT.AGE.PLA.I028_004000.STRADA004", "INSPIREID_LOCALID": "IT.AGE.PLA.I028_004000.STRADA004", "INSPIREID_NAMESPACE": "IT.AGE.PLA.", "LABEL": "STRADA004", "NATIONALCADASTRALREFERENCE": "I028_004000.STRADA004", "ADMINISTRATIVEUNIT": "I028" }, "geometry": { "type": "Polygon", "coordinates": [ [ [ 14.22055216, 37.90853853 ], [ 14.22062071, 37.90839076 ], [ 14.22062328, 37.90838591 ], [ 14.22063773, 37.90838063 ], [ 14.22065456, 37.90837901 ], [ 14.22097792, 37.90835073 ], [ 14.22150207, 37.9085307 ], [ 14.22267843, 37.90864688 ], [ 14.2228484, 37.90866369 ], [ 14.22306029, 37.90868477 ], [ 14.22351461, 37.90873288 ], [ 14.2242624, 37.90911931 ], [ 14.22443654, 37.9092093 ], [ 14.22463393, 37.90918629 ], [ 14.2248376, 37.90916828 ], [ 14.22511492, 37.90914087 ], [ 14.22528903, 37.90914029 ], [ 14.22551628, 37.90914467 ], [ 14.22554054, 37.90913445 ], [ 14.22568946, 37.90920302 ], [ 14.22569235, 37.90920383 ], [ 14.2256523, 37.90922563 ], [ 14.22529141, 37.90921445 ], [ 14.22520489, 37.9092129 ], [ 14.22445352, 37.90936714 ], [ 14.22342315, 37.90906429 ], [ 14.22303636, 37.90892921 ], [ 14.2228645, 37.90890376 ], [ 14.22272375, 37.90887991 ], [ 14.22195944, 37.90877941 ], [ 14.22177651, 37.90875535 ], [ 14.22139619, 37.90869055 ], [ 14.22055216, 37.90853853 ] ] ] } },
{ "type": "Feature", "properties": { "gml_id": "CadastralParcel.IT.AGE.PLA.I028_003900.STRADA009", "INSPIREID_LOCALID": "IT.AGE.PLA.I028_003900.STRADA009", "INSPIREID_NAMESPACE": "IT.AGE.PLA.", "LABEL": "STRADA009", "NATIONALCADASTRALREFERENCE": "I028_003900.STRADA009", "ADMINISTRATIVEUNIT": "I028" }, "geometry": { "type": "Polygon", "coordinates": [ [ [ 14.2240553, 37.91109657 ], [ 14.2240849, 37.91111229 ], [ 14.22424221, 37.91119585 ], [ 14.22410618, 37.91129418 ], [ 14.22409809, 37.91129978 ], [ 14.22410042, 37.91164155 ], [ 14.22409108, 37.9116719 ], [ 14.22403217, 37.91184675 ], [ 14.22403113, 37.9118492 ], [ 14.22393864, 37.91207013 ], [ 14.22390599, 37.91214278 ], [ 14.22390494, 37.91214462 ], [ 14.22375442, 37.91241592 ], [ 14.22370323, 37.91248532 ], [ 14.22361642, 37.91260391 ], [ 14.22361548, 37.91260519 ], [ 14.22340918, 37.9128195 ], [ 14.22340868, 37.91300679 ], [ 14.22341036, 37.91320293 ], [ 14.22341646, 37.91324997 ], [ 14.22345364, 37.91330046 ], [ 14.22348767, 37.91335913 ], [ 14.22350769, 37.91339363 ], [ 14.22354522, 37.91351795 ], [ 14.22355087, 37.91365925 ], [ 14.22363638, 37.91380099 ], [ 14.22362283, 37.91384795 ], [ 14.22354274, 37.91390023 ], [ 14.22352689, 37.91393861 ], [ 14.22350473, 37.91398231 ], [ 14.22350618, 37.91415481 ], [ 14.22351468, 37.91422516 ], [ 14.2235513, 37.91443244 ], [ 14.2236048, 37.91457135 ], [ 14.22360529, 37.9146403 ], [ 14.22361127, 37.91479245 ], [ 14.22369039, 37.91501027 ], [ 14.22371253, 37.91509194 ], [ 14.22371287, 37.91530946 ], [ 14.22371628, 37.91533863 ], [ 14.22374046, 37.91541818 ], [ 14.22382383, 37.91557328 ], [ 14.22393146, 37.91566485 ], [ 14.22399099, 37.915717 ], [ 14.2241369, 37.91578109 ], [ 14.22414593, 37.91579401 ], [ 14.22423973, 37.91591358 ], [ 14.22429069, 37.91597376 ], [ 14.22437699, 37.91604062 ], [ 14.22444646, 37.91608893 ], [ 14.22460827, 37.91618162 ], [ 14.22487486, 37.91629767 ], [ 14.22494669, 37.91638355 ], [ 14.22514363, 37.91660493 ], [ 14.22509082, 37.91673444 ], [ 14.2250557, 37.91682264 ], [ 14.22504841, 37.91683029 ], [ 14.22508372, 37.9169664 ], [ 14.22515366, 37.91718355 ], [ 14.22529294, 37.91727783 ], [ 14.22539972, 37.91731687 ], [ 14.22551869, 37.91736004 ], [ 14.22555764, 37.9173738 ], [ 14.22570539, 37.91748952 ], [ 14.22590253, 37.91763317 ], [ 14.22605288, 37.91764863 ], [ 14.22616705, 37.91765981 ], [ 14.22621293, 37.91783092 ], [ 14.22624466, 37.91798152 ], [ 14.22628852, 37.91821411 ], [ 14.22630203, 37.91827453 ], [ 14.22642372, 37.91833954 ], [ 14.22649462, 37.91840069 ], [ 14.22656119, 37.91846752 ], [ 14.22659685, 37.91854155 ], [ 14.22665848, 37.91868483 ], [ 14.2267272, 37.91883084 ], [ 14.22676598, 37.91887061 ], [ 14.22686687, 37.91897927 ], [ 14.22694636, 37.91903254 ], [ 14.22698048, 37.91903036 ], [ 14.22703749, 37.91913982 ], [ 14.22710422, 37.91921979 ], [ 14.22710106, 37.91932873 ], [ 14.22713995, 37.91947188 ], [ 14.22704092, 37.91946709 ], [ 14.22698681, 37.91953291 ], [ 14.22698454, 37.9195341 ], [ 14.22702532, 37.91946634 ], [ 14.22702545, 37.91946608 ], [ 14.22704154, 37.91943308 ], [ 14.22703228, 37.91933852 ], [ 14.22702123, 37.91923665 ], [ 14.22691595, 37.91908195 ], [ 14.22684939, 37.91903568 ], [ 14.2267954, 37.91899561 ], [ 14.2267128, 37.91894174 ], [ 14.22667685, 37.91891094 ], [ 14.22663161, 37.91884461 ], [ 14.22659359, 37.91879145 ], [ 14.22657575, 37.91869969 ], [ 14.22655186, 37.91863862 ], [ 14.22648717, 37.91849048 ], [ 14.22642625, 37.91844857 ], [ 14.2263165, 37.91836018 ], [ 14.22618546, 37.91829272 ], [ 14.22614917, 37.91817279 ], [ 14.22611312, 37.91803457 ], [ 14.22609505, 37.91798192 ], [ 14.2260709, 37.91793023 ], [ 14.22602102, 37.91787011 ], [ 14.2259171, 37.91773979 ], [ 14.2258616, 37.9176719 ], [ 14.22582854, 37.91764916 ], [ 14.22574291, 37.91758097 ], [ 14.2255472, 37.91743196 ], [ 14.22532198, 37.91738421 ], [ 14.2250742, 37.91726057 ], [ 14.224918, 37.91731272 ], [ 14.22487199, 37.91720878 ], [ 14.2248701, 37.91719199 ], [ 14.2247127, 37.91704733 ], [ 14.22472922, 37.91684894 ], [ 14.22463356, 37.91678579 ], [ 14.2246347, 37.9166688 ], [ 14.22462156, 37.9166116 ], [ 14.22457497, 37.91649108 ], [ 14.2244792, 37.91662455 ], [ 14.22441698, 37.91671046 ], [ 14.22434009, 37.91681495 ], [ 14.22418725, 37.91703651 ], [ 14.22409879, 37.91716312 ], [ 14.22402805, 37.91726926 ], [ 14.22402838, 37.91743997 ], [ 14.22395651, 37.91753502 ], [ 14.22384475, 37.9176749 ], [ 14.22373431, 37.91778358 ], [ 14.22362553, 37.91787004 ], [ 14.22346411, 37.91799018 ], [ 14.22345501, 37.91810983 ], [ 14.22344767, 37.91830797 ], [ 14.22339551, 37.91845195 ], [ 14.2233444, 37.91859952 ], [ 14.22332771, 37.91878353 ], [ 14.22331136, 37.91892795 ], [ 14.22330426, 37.91907412 ], [ 14.22323193, 37.91913317 ], [ 14.22315625, 37.91920091 ], [ 14.2230185, 37.9193186 ], [ 14.2229688, 37.91934962 ], [ 14.22286727, 37.91940349 ], [ 14.22274694, 37.91945071 ], [ 14.2225776, 37.91950301 ], [ 14.22242122, 37.91957301 ], [ 14.22227083, 37.919634 ], [ 14.22222824, 37.91963864 ], [ 14.22214085, 37.9197561 ], [ 14.2221233, 37.91977164 ], [ 14.22197545, 37.91985752 ], [ 14.22188718, 37.91991191 ], [ 14.22175977, 37.91994562 ], [ 14.22167554, 37.91999651 ], [ 14.22152169, 37.92008826 ], [ 14.22140953, 37.92015131 ], [ 14.22129199, 37.92021294 ], [ 14.22124448, 37.92024001 ], [ 14.22117449, 37.92027179 ], [ 14.22114375, 37.9203207 ], [ 14.22131184, 37.9205656 ], [ 14.2212598, 37.92075709 ], [ 14.22120734, 37.92081358 ], [ 14.22115826, 37.92088047 ], [ 14.22105997, 37.92102542 ], [ 14.22107987, 37.92113563 ], [ 14.22112578, 37.92129331 ], [ 14.22115703, 37.9214039 ], [ 14.22116844, 37.92147798 ], [ 14.22111543, 37.92159028 ], [ 14.22111753, 37.92161097 ], [ 14.22113761, 37.9216911 ], [ 14.22111965, 37.92183535 ], [ 14.22110234, 37.9219447 ], [ 14.22111268, 37.92201862 ], [ 14.22114943, 37.92217428 ], [ 14.2211434, 37.922244 ], [ 14.22114261, 37.92226708 ], [ 14.22113336, 37.92251663 ], [ 14.22104931, 37.92252186 ], [ 14.22103327, 37.92252156 ], [ 14.22102169, 37.92251894 ], [ 14.22102228, 37.92251698 ], [ 14.22102989, 37.9224916 ], [ 14.22103242, 37.92248313 ], [ 14.22103456, 37.9224761 ], [ 14.22106211, 37.92238562 ], [ 14.22106331, 37.9223817 ], [ 14.22109827, 37.92230816 ], [ 14.22110175, 37.92230083 ], [ 14.22110316, 37.92229786 ], [ 14.22108589, 37.92221172 ], [ 14.22108052, 37.92218413 ], [ 14.22105789, 37.92206924 ], [ 14.22104743, 37.9220076 ], [ 14.22103703, 37.9219463 ], [ 14.22103672, 37.921932 ], [ 14.22103796, 37.9219251 ], [ 14.22104781, 37.92187031 ], [ 14.22106935, 37.92176455 ], [ 14.22107126, 37.92173981 ], [ 14.22107259, 37.92172254 ], [ 14.22107236, 37.92171084 ], [ 14.22107073, 37.92155675 ], [ 14.22110043, 37.92146769 ], [ 14.22109363, 37.92143024 ], [ 14.22108913, 37.92141256 ], [ 14.22107259, 37.92134757 ], [ 14.22099412, 37.9210983 ], [ 14.22098855, 37.9210982 ], [ 14.22096867, 37.92097149 ], [ 14.22113902, 37.92080424 ], [ 14.22122389, 37.92071674 ], [ 14.2212436, 37.92056569 ], [ 14.22119504, 37.92048697 ], [ 14.22111392, 37.92037717 ], [ 14.22107055, 37.9203236 ], [ 14.22102446, 37.92023645 ], [ 14.2209384, 37.92010207 ], [ 14.22093521, 37.9199648 ], [ 14.22092948, 37.91991756 ], [ 14.22086925, 37.9197757 ], [ 14.2208221, 37.91971394 ], [ 14.22085244, 37.91956227 ], [ 14.22089033, 37.91931235 ], [ 14.22088526, 37.91926675 ], [ 14.22087355, 37.91902352 ], [ 14.22082472, 37.91891089 ], [ 14.22081395, 37.91873698 ], [ 14.22082416, 37.91865863 ], [ 14.2207017, 37.91854662 ], [ 14.22050948, 37.91838536 ], [ 14.22031901, 37.91824177 ], [ 14.22025384, 37.91818951 ], [ 14.22025216, 37.91818816 ], [ 14.22010657, 37.91811445 ], [ 14.21988554, 37.91805585 ], [ 14.21992381, 37.91783355 ], [ 14.21993461, 37.91778673 ], [ 14.22003713, 37.91737853 ], [ 14.22004111, 37.91736082 ], [ 14.22004621, 37.91734056 ], [ 14.22007054, 37.91723723 ], [ 14.22010231, 37.91709633 ], [ 14.22013471, 37.91699752 ], [ 14.22012941, 37.91695702 ], [ 14.22010452, 37.9167754 ], [ 14.22008905, 37.9167017 ], [ 14.22008556, 37.91668083 ], [ 14.22006716, 37.91659389 ], [ 14.22014381, 37.91651477 ], [ 14.22015439, 37.91650247 ], [ 14.22015623, 37.91650033 ], [ 14.22015789, 37.9164984 ], [ 14.22016441, 37.91642638 ], [ 14.22020361, 37.91639407 ], [ 14.22022536, 37.91637615 ], [ 14.2200589, 37.91627307 ], [ 14.22003035, 37.91625898 ], [ 14.22000439, 37.91624641 ], [ 14.21990172, 37.9161967 ], [ 14.21986777, 37.91608558 ], [ 14.2198466, 37.91600745 ], [ 14.2198371, 37.91595209 ], [ 14.21983161, 37.91584667 ], [ 14.21982977, 37.91576662 ], [ 14.21982849, 37.91571128 ], [ 14.21982219, 37.91570613 ], [ 14.21976266, 37.91565877 ], [ 14.21976375, 37.91564173 ], [ 14.21986691, 37.91569017 ], [ 14.21987893, 37.91580854 ], [ 14.2198571, 37.91590276 ], [ 14.21988574, 37.91604183 ], [ 14.21992971, 37.91618924 ], [ 14.22002306, 37.91622693 ], [ 14.22006383, 37.91625446 ], [ 14.22025143, 37.91637368 ], [ 14.22019644, 37.91643407 ], [ 14.22019142, 37.9165239 ], [ 14.2201077, 37.9165941 ], [ 14.22014093, 37.91677336 ], [ 14.22017877, 37.9170419 ], [ 14.22018451, 37.91710902 ], [ 14.22011543, 37.91732105 ], [ 14.22005359, 37.91755467 ], [ 14.21999087, 37.91782209 ], [ 14.21995593, 37.91802907 ], [ 14.22012168, 37.91806965 ], [ 14.22016343, 37.91808912 ], [ 14.22023396, 37.91813563 ], [ 14.22029301, 37.91817133 ], [ 14.22044045, 37.91827855 ], [ 14.22053163, 37.91834825 ], [ 14.22061456, 37.91841564 ], [ 14.22076088, 37.91853977 ], [ 14.22087865, 37.91864708 ], [ 14.22088118, 37.91873063 ], [ 14.22087888, 37.91890869 ], [ 14.22090767, 37.91902118 ], [ 14.22092606, 37.91915763 ], [ 14.22093366, 37.91926881 ], [ 14.22092424, 37.91938186 ], [ 14.22090306, 37.91955485 ], [ 14.22086369, 37.91970364 ], [ 14.22091491, 37.91976663 ], [ 14.22097838, 37.91990352 ], [ 14.22098354, 37.91994672 ], [ 14.22098391, 37.92010888 ], [ 14.22101691, 37.92015646 ], [ 14.22108927, 37.92025288 ], [ 14.22115463, 37.92021019 ], [ 14.22125035, 37.92016807 ], [ 14.22132464, 37.92013506 ], [ 14.22147123, 37.92007188 ], [ 14.22152987, 37.92003374 ], [ 14.22160717, 37.91998791 ], [ 14.22166439, 37.91995014 ], [ 14.22176523, 37.91988943 ], [ 14.22187427, 37.91986276 ], [ 14.22197258, 37.91978086 ], [ 14.22212279, 37.91971572 ], [ 14.22216264, 37.91960942 ], [ 14.22220352, 37.91959114 ], [ 14.22224708, 37.91959063 ], [ 14.22225916, 37.9195919 ], [ 14.22235187, 37.91954967 ], [ 14.22249595, 37.91947796 ], [ 14.22267152, 37.91941707 ], [ 14.22291548, 37.91933135 ], [ 14.22299212, 37.9192975 ], [ 14.22308376, 37.91919476 ], [ 14.22318321, 37.91908954 ], [ 14.22324855, 37.91901847 ], [ 14.22323415, 37.91887718 ], [ 14.2232263, 37.91875643 ], [ 14.22325022, 37.91860307 ], [ 14.22323446, 37.91846328 ], [ 14.22322029, 37.91833746 ], [ 14.22328292, 37.91832607 ], [ 14.2233651, 37.91827435 ], [ 14.22338466, 37.9181689 ], [ 14.22342415, 37.91796321 ], [ 14.22358754, 37.9178368 ], [ 14.22368061, 37.91776721 ], [ 14.22373902, 37.91767629 ], [ 14.22384944, 37.91749428 ], [ 14.22394932, 37.91740876 ], [ 14.22396258, 37.91723973 ], [ 14.22405376, 37.91712271 ], [ 14.22414841, 37.91699982 ], [ 14.2242946, 37.91682676 ], [ 14.22431851, 37.91679762 ], [ 14.2243707, 37.9166739 ], [ 14.22441176, 37.9165504 ], [ 14.22440383, 37.9163313 ], [ 14.22435968, 37.91627946 ], [ 14.2242073, 37.91610636 ], [ 14.22408845, 37.91599042 ], [ 14.22401286, 37.91584629 ], [ 14.22370892, 37.91570608 ], [ 14.22367461, 37.91562063 ], [ 14.22368271, 37.91551497 ], [ 14.22359543, 37.91536987 ], [ 14.22355426, 37.91524241 ], [ 14.22356821, 37.91519521 ], [ 14.22361655, 37.91517484 ], [ 14.22364897, 37.91506527 ], [ 14.22365574, 37.91505686 ], [ 14.22362614, 37.9150137 ], [ 14.2235782, 37.91492675 ], [ 14.2235516, 37.91479656 ], [ 14.2235152, 37.91461539 ], [ 14.22347859, 37.91442744 ], [ 14.22343555, 37.91422684 ], [ 14.22339524, 37.91404687 ], [ 14.22346487, 37.91397113 ], [ 14.22349744, 37.91388915 ], [ 14.22357108, 37.91384079 ], [ 14.22353996, 37.9137707 ], [ 14.22348852, 37.9136998 ], [ 14.22348196, 37.91361933 ], [ 14.22348131, 37.91361119 ], [ 14.22344675, 37.9134775 ], [ 14.22334571, 37.91329607 ], [ 14.22334563, 37.91326841 ], [ 14.22333913, 37.91322432 ], [ 14.22333565, 37.91312025 ], [ 14.22330206, 37.91302174 ], [ 14.2233132, 37.91293257 ], [ 14.22333125, 37.91281734 ], [ 14.22344081, 37.912683 ], [ 14.22349195, 37.91262319 ], [ 14.22355041, 37.91247644 ], [ 14.22357957, 37.91243183 ], [ 14.22371222, 37.91222864 ], [ 14.22375906, 37.91215822 ], [ 14.22379902, 37.91198015 ], [ 14.22383913, 37.91186545 ], [ 14.22385087, 37.91183194 ], [ 14.22387291, 37.91176971 ], [ 14.22391745, 37.9117001 ], [ 14.22389462, 37.9115608 ], [ 14.22387549, 37.9113188 ], [ 14.22402921, 37.9112375 ], [ 14.2239672, 37.91113104 ], [ 14.22386811, 37.91107761 ], [ 14.22374341, 37.91101424 ], [ 14.22363232, 37.91092631 ], [ 14.22341836, 37.91076373 ], [ 14.223171, 37.91056833 ], [ 14.22313898, 37.91054068 ], [ 14.22304741, 37.91047974 ], [ 14.22283692, 37.91035074 ], [ 14.22267587, 37.91023629 ], [ 14.2224034, 37.91003356 ], [ 14.22222836, 37.90990622 ], [ 14.22209762, 37.9098605 ], [ 14.22194424, 37.90981912 ], [ 14.22171676, 37.90966178 ], [ 14.22160382, 37.90954402 ], [ 14.22146198, 37.90942067 ], [ 14.22119713, 37.90918549 ], [ 14.22112722, 37.90915001 ], [ 14.22102256, 37.90909244 ], [ 14.2207574, 37.90894806 ], [ 14.22039511, 37.9089016 ], [ 14.2202335, 37.90882633 ], [ 14.22023079, 37.90882508 ], [ 14.2200914, 37.90859268 ], [ 14.22006404, 37.90854243 ], [ 14.22002583, 37.90847032 ], [ 14.21997792, 37.90838279 ], [ 14.21992997, 37.9083098 ], [ 14.21993135, 37.90830812 ], [ 14.22008967, 37.90811851 ], [ 14.2201072, 37.90809908 ], [ 14.2201044, 37.90809738 ], [ 14.22010859, 37.90809228 ], [ 14.22039877, 37.90825679 ], [ 14.22040682, 37.90826142 ], [ 14.22062328, 37.90838591 ], [ 14.22062071, 37.90839076 ], [ 14.22055216, 37.90853853 ], [ 14.22055601, 37.90854114 ], [ 14.22055133, 37.90854031 ], [ 14.22062128, 37.90858547 ], [ 14.22099696, 37.9088266 ], [ 14.2209992, 37.90882803 ], [ 14.22115765, 37.90892973 ], [ 14.22122977, 37.90897602 ], [ 14.22134634, 37.90905203 ], [ 14.2215492, 37.90918429 ], [ 14.22161184, 37.90925957 ], [ 14.22162319, 37.90927369 ], [ 14.2216253, 37.90927613 ], [ 14.22162685, 37.90927791 ], [ 14.22179855, 37.90946146 ], [ 14.22181417, 37.90947297 ], [ 14.2219104, 37.90954232 ], [ 14.22197961, 37.9095919 ], [ 14.22205456, 37.9096456 ], [ 14.22205765, 37.90964781 ], [ 14.22215727, 37.90967806 ], [ 14.22240721, 37.90975148 ], [ 14.22240779, 37.90975165 ], [ 14.22254445, 37.90979179 ], [ 14.22254479, 37.90979189 ], [ 14.22271376, 37.90984152 ], [ 14.22276311, 37.90989728 ], [ 14.22292509, 37.9100846 ], [ 14.22307477, 37.91025428 ], [ 14.22308203, 37.91025733 ], [ 14.22317489, 37.91038978 ], [ 14.22325457, 37.91049761 ], [ 14.22326128, 37.91050321 ], [ 14.22325692, 37.91050079 ], [ 14.22339466, 37.91061486 ], [ 14.22341684, 37.91063316 ], [ 14.22358175, 37.91076922 ], [ 14.22361669, 37.91079805 ], [ 14.22364058, 37.91081497 ], [ 14.22364369, 37.91081714 ], [ 14.22379561, 37.91092298 ], [ 14.22381495, 37.91093603 ], [ 14.22404808, 37.91109273 ], [ 14.2240553, 37.91109657 ] ] ] } },
{ "type": "Feature", "properties": { "gml_id": "CadastralParcel.IT.AGE.PLA.I028_004000.149", "INSPIREID_LOCALID": "IT.AGE.PLA.I028_004000.149", "INSPIREID_NAMESPACE": "IT.AGE.PLA.", "LABEL": "149", "NATIONALCADASTRALREFERENCE": "I028_004000.149", "ADMINISTRATIVEUNIT": "I028" }, "geometry": { "type": "Polygon", "coordinates": [ [ [ 14.23739341, 37.91181704 ], [ 14.23740063, 37.91178417 ], [ 14.23743316, 37.91178831 ], [ 14.23742594, 37.91182118 ], [ 14.23739341, 37.91181704 ] ] ] } },
{ "type": "Feature", "properties": { "gml_id": "CadastralParcel.IT.AGE.PLA.I028_004000.150", "INSPIREID_LOCALID": "IT.AGE.PLA.I028_004000.150", "INSPIREID_NAMESPACE": "IT.AGE.PLA.", "LABEL": "150", "NATIONALCADASTRALREFERENCE": "I028_004000.150", "ADMINISTRATIVEUNIT": "I028" }, "geometry": { "type": "Polygon", "coordinates": [ [ [ 14.23730296, 37.91163734 ], [ 14.23732539, 37.91158783 ], [ 14.23737984, 37.91160263 ], [ 14.23735741, 37.91165215 ], [ 14.23730296, 37.91163734 ] ] ] } },
{ "type": "Feature", "properties": { "gml_id": "CadastralParcel.IT.AGE.PLA.I028_004000.271", "INSPIREID_LOCALID": "IT.AGE.PLA.I028_004000.271", "INSPIREID_NAMESPACE": "IT.AGE.PLA.", "LABEL": "271", "NATIONALCADASTRALREFERENCE": "I028_004000.271", "ADMINISTRATIVEUNIT": "I028" }, "geometry": { "type": "MultiPolygon", "coordinates": [ [ [ [ 14.23827647, 37.91304815 ], [ 14.23695824, 37.91212196 ], [ 14.23704461, 37.91172143 ], [ 14.23710231, 37.91145582 ], [ 14.23713323, 37.91132247 ], [ 14.23714481, 37.91126769 ], [ 14.2372081, 37.91111889 ], [ 14.23722125, 37.91107958 ], [ 14.23722283, 37.91105941 ], [ 14.23726574, 37.91095276 ], [ 14.23748799, 37.91086134 ], [ 14.23762078, 37.91085193 ], [ 14.23807727, 37.9109321 ], [ 14.23853397, 37.91101227 ], [ 14.23884902, 37.91085763 ], [ 14.23924322, 37.91066426 ], [ 14.23963745, 37.91047092 ], [ 14.24001266, 37.91028698 ], [ 14.24042584, 37.91008415 ], [ 14.24081984, 37.90989205 ], [ 14.24124894, 37.9096845 ], [ 14.24160739, 37.90951083 ], [ 14.24199709, 37.90931917 ], [ 14.24231298, 37.9091656 ], [ 14.24250398, 37.90941157 ], [ 14.24328461, 37.9103812 ], [ 14.24390215, 37.91118247 ], [ 14.24226141, 37.91172567 ], [ 14.24001475, 37.91246702 ], [ 14.23835, 37.91301248 ], [ 14.23827647, 37.91304815 ] ], [ [ 14.23735741, 37.91165215 ], [ 14.23737984, 37.91160263 ], [ 14.23732539, 37.91158783 ], [ 14.23730296, 37.91163734 ], [ 14.23735741, 37.91165215 ] ], [ [ 14.23742594, 37.91182118 ], [ 14.23743316, 37.91178831 ], [ 14.23740063, 37.91178417 ], [ 14.23739341, 37.91181704 ], [ 14.23742594, 37.91182118 ] ] ] ] } },
{ "type": "Feature", "properties": { "gml_id": "CadastralParcel.IT.AGE.PLA.I028_004000.272", "INSPIREID_LOCALID": "IT.AGE.PLA.I028_004000.272", "INSPIREID_NAMESPACE": "IT.AGE.PLA.", "LABEL": "272", "NATIONALCADASTRALREFERENCE": "I028_004000.272", "ADMINISTRATIVEUNIT": "I028" }, "geometry": { "type": "Polygon", "coordinates": [ [ [ 14.23807727, 37.9109321 ], [ 14.23762078, 37.91085193 ], [ 14.23746709, 37.91082492 ], [ 14.23744717, 37.91079997 ], [ 14.23755232, 37.91063966 ], [ 14.23776097, 37.91041522 ], [ 14.23785724, 37.91021462 ], [ 14.23792295, 37.9101453 ], [ 14.23810283, 37.90995569 ], [ 14.23825494, 37.90979181 ], [ 14.23833106, 37.90966281 ], [ 14.23831202, 37.9095271 ], [ 14.23819473, 37.90941408 ], [ 14.23806179, 37.90936114 ], [ 14.2379387, 37.90931576 ], [ 14.23777616, 37.90917133 ], [ 14.23772364, 37.90911825 ], [ 14.23758989, 37.90899575 ], [ 14.23739061, 37.90874829 ], [ 14.23735154, 37.90868986 ], [ 14.23731303, 37.90863363 ], [ 14.23728988, 37.90859246 ], [ 14.23727683, 37.90855655 ], [ 14.23727057, 37.90851729 ], [ 14.23728413, 37.90845883 ], [ 14.23731698, 37.90838519 ], [ 14.23733457, 37.9083197 ], [ 14.2373303, 37.90826821 ], [ 14.23731971, 37.90819324 ], [ 14.23732367, 37.90813738 ], [ 14.23733592, 37.90806377 ], [ 14.23734702, 37.90792551 ], [ 14.23727907, 37.90763961 ], [ 14.23726734, 37.90750916 ], [ 14.23727102, 37.90729344 ], [ 14.23730149, 37.9070643 ], [ 14.23729872, 37.90700539 ], [ 14.23728729, 37.90696374 ], [ 14.23750491, 37.90722938 ], [ 14.23775563, 37.90753516 ], [ 14.23800635, 37.90784092 ], [ 14.23825707, 37.90814669 ], [ 14.23850781, 37.90845246 ], [ 14.23875852, 37.90875824 ], [ 14.23900925, 37.90906401 ], [ 14.23925999, 37.90936979 ], [ 14.23951071, 37.90967555 ], [ 14.23976145, 37.90998131 ], [ 14.24001266, 37.91028698 ], [ 14.23963745, 37.91047092 ], [ 14.23924322, 37.91066426 ], [ 14.23884902, 37.91085763 ], [ 14.23853397, 37.91101227 ], [ 14.23807727, 37.9109321 ] ] ] } },
{ "type": "Feature", "properties": { "gml_id": "CadastralParcel.IT.AGE.PLA.I028_004000.275", "INSPIREID_LOCALID": "IT.AGE.PLA.I028_004000.275", "INSPIREID_NAMESPACE": "IT.AGE.PLA.", "LABEL": "275", "NATIONALCADASTRALREFERENCE": "I028_004000.275", "ADMINISTRATIVEUNIT": "I028" }, "geometry": { "type": "Polygon", "coordinates": [ [ [ 14.2370535, 37.91124443 ], [ 14.23714481, 37.91126769 ], [ 14.23713323, 37.91132247 ], [ 14.23704009, 37.91128953 ], [ 14.23703102, 37.91118529 ], [ 14.23703719, 37.91113925 ], [ 14.23705318, 37.91109149 ], [ 14.23707687, 37.91101469 ], [ 14.23713237, 37.91092035 ], [ 14.23719769, 37.91090819 ], [ 14.23716011, 37.91104843 ], [ 14.23722283, 37.91105941 ], [ 14.23722125, 37.91107958 ], [ 14.23712719, 37.91106087 ], [ 14.2371168, 37.91109563 ], [ 14.2370535, 37.91124443 ] ] ] } },
{ "type": "Feature", "properties": { "gml_id": "CadastralParcel.IT.AGE.PLA.I028_004000.276", "INSPIREID_LOCALID": "IT.AGE.PLA.I028_004000.276", "INSPIREID_NAMESPACE": "IT.AGE.PLA.", "LABEL": "276", "NATIONALCADASTRALREFERENCE": "I028_004000.276", "ADMINISTRATIVEUNIT": "I028" }, "geometry": { "type": "Polygon", "coordinates": [ [ [ 14.2372081, 37.91111889 ], [ 14.2371168, 37.91109563 ], [ 14.23712719, 37.91106087 ], [ 14.23722125, 37.91107958 ], [ 14.2372081, 37.91111889 ] ] ] } },
{ "type": "Feature", "properties": { "gml_id": "CadastralParcel.IT.AGE.PLA.I028_004000.284", "INSPIREID_LOCALID": "IT.AGE.PLA.I028_004000.284", "INSPIREID_NAMESPACE": "IT.AGE.PLA.", "LABEL": "284", "NATIONALCADASTRALREFERENCE": "I028_004000.284", "ADMINISTRATIVEUNIT": "I028" }, "geometry": { "type": "Polygon", "coordinates": [ [ [ 14.2370535, 37.91124443 ], [ 14.2371168, 37.91109563 ], [ 14.2372081, 37.91111889 ], [ 14.23714481, 37.91126769 ], [ 14.2370535, 37.91124443 ] ] ] } },
{ "type": "Feature", "properties": { "gml_id": "CadastralParcel.IT.AGE.PLA.I028_001600.86", "INSPIREID_LOCALID": "IT.AGE.PLA.I028_001600.86", "INSPIREID_NAMESPACE": "IT.AGE.PLA.", "LABEL": "86", "NATIONALCADASTRALREFERENCE": "I028_001600.86", "ADMINISTRATIVEUNIT": "I028" }, "geometry": { "type": "MultiPolygon", "coordinates": [ [ [ [ 14.2011843, 37.92988782 ], [ 14.20118897, 37.92989338 ], [ 14.20122188, 37.92993255 ], [ 14.20128965, 37.9300132 ], [ 14.2014519, 37.93020629 ], [ 14.20147418, 37.93021895 ], [ 14.20150909, 37.93023821 ], [ 14.20151496, 37.93024217 ], [ 14.20155451, 37.93026715 ], [ 14.20165903, 37.9303517 ], [ 14.20168352, 37.93040322 ], [ 14.20169711, 37.93046549 ], [ 14.20171956, 37.93056021 ], [ 14.20195861, 37.93078521 ], [ 14.20231493, 37.93099083 ], [ 14.20231721, 37.93099214 ], [ 14.20253478, 37.93096953 ], [ 14.20314317, 37.93128543 ], [ 14.20314403, 37.93128586 ], [ 14.20316107, 37.93128968 ], [ 14.20359317, 37.93139231 ], [ 14.20359683, 37.93139339 ], [ 14.20376136, 37.93148756 ], [ 14.20432418, 37.93161912 ], [ 14.20432652, 37.93161835 ], [ 14.20478803, 37.93146864 ], [ 14.20452913, 37.931847 ], [ 14.20320461, 37.93235394 ], [ 14.20318474, 37.93239626 ], [ 14.20294632, 37.93283716 ], [ 14.20248403, 37.9329126 ], [ 14.20222215, 37.93325613 ], [ 14.20194742, 37.933633 ], [ 14.20181844, 37.93378872 ], [ 14.2016327, 37.93399597 ], [ 14.20142049, 37.93428618 ], [ 14.20130893, 37.93454502 ], [ 14.20113533, 37.93500301 ], [ 14.20105496, 37.93512556 ], [ 14.20045306, 37.93524582 ], [ 14.19781055, 37.93577773 ], [ 14.19504162, 37.93632593 ], [ 14.19231636, 37.9368766 ], [ 14.19123999, 37.93710545 ], [ 14.19066353, 37.93706033 ], [ 14.19062404, 37.93679611 ], [ 14.19053884, 37.93656552 ], [ 14.19052807, 37.93624479 ], [ 14.19060456, 37.93613249 ], [ 14.19053817, 37.9356974 ], [ 14.19049604, 37.93512335 ], [ 14.19062622, 37.93492958 ], [ 14.19028203, 37.93452804 ], [ 14.19038742, 37.9342175 ], [ 14.19035511, 37.93403578 ], [ 14.19027465, 37.93387644 ], [ 14.1901936, 37.93383008 ], [ 14.19033244, 37.93371792 ], [ 14.19046785, 37.93370322 ], [ 14.19068544, 37.93365944 ], [ 14.19124965, 37.93346726 ], [ 14.19132741, 37.93326387 ], [ 14.1912448, 37.93296161 ], [ 14.19108375, 37.93257885 ], [ 14.1909676, 37.9323682 ], [ 14.19097098, 37.93236569 ], [ 14.19097805, 37.93235946 ], [ 14.19098837, 37.93235061 ], [ 14.19108621, 37.93223559 ], [ 14.19109072, 37.93223057 ], [ 14.19110294, 37.93221697 ], [ 14.19122851, 37.93213837 ], [ 14.19127767, 37.93210604 ], [ 14.19130942, 37.93208516 ], [ 14.19140723, 37.93199735 ], [ 14.19157196, 37.93185122 ], [ 14.1916421, 37.93182079 ], [ 14.19185976, 37.93172968 ], [ 14.19199871, 37.93167152 ], [ 14.19209547, 37.93164987 ], [ 14.19234196, 37.93160704 ], [ 14.19242266, 37.93159353 ], [ 14.19242941, 37.93159211 ], [ 14.19265848, 37.93153665 ], [ 14.19268076, 37.93153161 ], [ 14.19306163, 37.93144546 ], [ 14.19306671, 37.93144431 ], [ 14.19351861, 37.93123059 ], [ 14.19372875, 37.93113084 ], [ 14.19373277, 37.93112783 ], [ 14.19373654, 37.93112605 ], [ 14.19388717, 37.93100452 ], [ 14.19389227, 37.9310004 ], [ 14.19389694, 37.9309969 ], [ 14.19439163, 37.93080232 ], [ 14.19440316, 37.930798 ], [ 14.19469063, 37.93075075 ], [ 14.19477528, 37.93071512 ], [ 14.19482264, 37.93069519 ], [ 14.19489675, 37.93066226 ], [ 14.19498917, 37.93059611 ], [ 14.19511287, 37.93050757 ], [ 14.19522445, 37.93037594 ], [ 14.19527782, 37.93034023 ], [ 14.19550325, 37.93018927 ], [ 14.1957253, 37.9301462 ], [ 14.19589076, 37.93011647 ], [ 14.19601407, 37.93009411 ], [ 14.19614258, 37.93001066 ], [ 14.19629796, 37.92990403 ], [ 14.19642489, 37.92978854 ], [ 14.19651191, 37.92970853 ], [ 14.19687483, 37.92957533 ], [ 14.19702324, 37.92955931 ], [ 14.19745443, 37.92951275 ], [ 14.19746399, 37.92951172 ], [ 14.19748858, 37.92951273 ], [ 14.19761097, 37.9294782 ], [ 14.19768816, 37.92945643 ], [ 14.19778888, 37.92942229 ], [ 14.19804482, 37.92934815 ], [ 14.19813603, 37.9293454 ], [ 14.19826829, 37.92934142 ], [ 14.19839454, 37.92933639 ], [ 14.19844291, 37.92933068 ], [ 14.19858519, 37.9293107 ], [ 14.19864238, 37.92930015 ], [ 14.19882342, 37.92925882 ], [ 14.19904631, 37.92919725 ], [ 14.19908555, 37.92918715 ], [ 14.19917372, 37.92916289 ], [ 14.19951491, 37.92908641 ], [ 14.19958249, 37.92907598 ], [ 14.199684, 37.92906032 ], [ 14.19972165, 37.92905451 ], [ 14.20000705, 37.92906106 ], [ 14.20016039, 37.92909062 ], [ 14.2003802, 37.9291797 ], [ 14.20048705, 37.92921533 ], [ 14.20051495, 37.92923975 ], [ 14.20072176, 37.92942597 ], [ 14.20072469, 37.92942834 ], [ 14.20072779, 37.92943119 ], [ 14.20073478, 37.92943651 ], [ 14.20086503, 37.92954188 ], [ 14.20100232, 37.92970908 ], [ 14.20104255, 37.92975793 ], [ 14.20104686, 37.92976188 ], [ 14.2011843, 37.92988782 ] ], [ [ 14.19578825, 37.93180883 ], [ 14.19556323, 37.93183907 ], [ 14.19541912, 37.93185902 ], [ 14.19536279, 37.9318666 ], [ 14.19550074, 37.9325463 ], [ 14.19592695, 37.9324923 ], [ 14.19578825, 37.93180883 ] ] ] ] } },
{ "type": "Feature", "properties": { "gml_id": "CadastralParcel.IT.AGE.PLA.I028_002700.1", "INSPIREID_LOCALID": "IT.AGE.PLA.I028_002700.1", "INSPIREID_NAMESPACE": "IT.AGE.PLA.", "LABEL": "1", "NATIONALCADASTRALREFERENCE": "I028_002700.1", "ADMINISTRATIVEUNIT": "I028" }, "geometry": { "type": "MultiPolygon", "coordinates": [ [ [ [ 14.20165903, 37.9303517 ], [ 14.20155451, 37.93026715 ], [ 14.20151496, 37.93024217 ], [ 14.20150909, 37.93023821 ], [ 14.20147418, 37.93021895 ], [ 14.2014519, 37.93020629 ], [ 14.20119578, 37.92989991 ], [ 14.20118897, 37.92989338 ], [ 14.2011843, 37.92988782 ], [ 14.20124493, 37.92989029 ], [ 14.20152354, 37.93004052 ], [ 14.20158185, 37.93003086 ], [ 14.20167008, 37.92997278 ], [ 14.20341084, 37.93004488 ], [ 14.20435054, 37.93014382 ], [ 14.20376136, 37.93148756 ], [ 14.20359683, 37.93139339 ], [ 14.20359317, 37.93139231 ], [ 14.20316138, 37.93128975 ], [ 14.20314309, 37.93128541 ], [ 14.20253478, 37.93096953 ], [ 14.20231721, 37.93099214 ], [ 14.20195861, 37.93078521 ], [ 14.20171956, 37.93056021 ], [ 14.20169711, 37.93046549 ], [ 14.20168352, 37.93040322 ], [ 14.20165903, 37.9303517 ] ], [ [ 14.20349943, 37.93068863 ], [ 14.20348607, 37.93064497 ], [ 14.20370131, 37.93052174 ], [ 14.20353243, 37.93040036 ], [ 14.20335198, 37.93029169 ], [ 14.20329876, 37.93030538 ], [ 14.20326548, 37.93035167 ], [ 14.20331362, 37.93049647 ], [ 14.2033624, 37.93059174 ], [ 14.20342583, 37.93065071 ], [ 14.20344226, 37.9306976 ], [ 14.20349943, 37.93068863 ] ] ] ] } },
{ "type": "Feature", "properties": { "gml_id": "CadastralParcel.IT.AGE.PLA.I028_001700.10", "INSPIREID_LOCALID": "IT.AGE.PLA.I028_001700.10", "INSPIREID_NAMESPACE": "IT.AGE.PLA.", "LABEL": "10", "NATIONALCADASTRALREFERENCE": "I028_001700.10", "ADMINISTRATIVEUNIT": "I028" }, "geometry": { "type": "MultiPolygon", "coordinates": [ [ [ [ 14.2117857, 37.93267726 ], [ 14.21176075, 37.93263889 ], [ 14.21151471, 37.93228904 ], [ 14.21151243, 37.9322858 ], [ 14.21132648, 37.93195977 ], [ 14.21132407, 37.93195872 ], [ 14.21102058, 37.93182604 ], [ 14.21070548, 37.93168828 ], [ 14.21033786, 37.9316707 ], [ 14.21033364, 37.93167595 ], [ 14.21032033, 37.9316753 ], [ 14.21028091, 37.93123229 ], [ 14.21027144, 37.93114213 ], [ 14.21013604, 37.93092596 ], [ 14.21021311, 37.93073615 ], [ 14.21043567, 37.9305263 ], [ 14.21045053, 37.93051791 ], [ 14.21101691, 37.93027932 ], [ 14.21136397, 37.93025048 ], [ 14.21150034, 37.93033225 ], [ 14.2117835, 37.93050203 ], [ 14.21238938, 37.93086699 ], [ 14.21398145, 37.93197493 ], [ 14.21546049, 37.93266647 ], [ 14.21620329, 37.93271702 ], [ 14.21679968, 37.93222986 ], [ 14.21714009, 37.93194109 ], [ 14.21739392, 37.93102609 ], [ 14.21745362, 37.93079744 ], [ 14.21725545, 37.93011636 ], [ 14.21709081, 37.9295427 ], [ 14.2168495, 37.92907171 ], [ 14.21638804, 37.92864907 ], [ 14.21629634, 37.92827026 ], [ 14.21642775, 37.92812116 ], [ 14.21647104, 37.92813124 ], [ 14.21664857, 37.9281698 ], [ 14.21665884, 37.92817203 ], [ 14.21674454, 37.92816816 ], [ 14.21711296, 37.92817122 ], [ 14.21727094, 37.92814087 ], [ 14.21727451, 37.92813918 ], [ 14.21747999, 37.92804184 ], [ 14.21748537, 37.92803929 ], [ 14.21749696, 37.92799734 ], [ 14.21752063, 37.92793527 ], [ 14.21752505, 37.92792367 ], [ 14.21759211, 37.92787464 ], [ 14.21760633, 37.9278578 ], [ 14.21761885, 37.9278477 ], [ 14.21768891, 37.92777102 ], [ 14.21769176, 37.9277679 ], [ 14.21784483, 37.92784525 ], [ 14.21813482, 37.92784732 ], [ 14.21855912, 37.92784898 ], [ 14.21880093, 37.92789633 ], [ 14.21881606, 37.92789929 ], [ 14.21891571, 37.92783687 ], [ 14.21896312, 37.92781256 ], [ 14.21905169, 37.92777467 ], [ 14.21910059, 37.92775292 ], [ 14.21935759, 37.927645 ], [ 14.21936163, 37.9276433 ], [ 14.21941373, 37.92765633 ], [ 14.21943048, 37.92766279 ], [ 14.21943198, 37.92766089 ], [ 14.21965387, 37.92774818 ], [ 14.21978456, 37.92779941 ], [ 14.21978739, 37.92780052 ], [ 14.21994596, 37.92780412 ], [ 14.21994826, 37.92780471 ], [ 14.22010517, 37.92784754 ], [ 14.22011457, 37.9278474 ], [ 14.22034249, 37.92784391 ], [ 14.22043592, 37.92784248 ], [ 14.22044024, 37.92784136 ], [ 14.22047169, 37.9278332 ], [ 14.22048606, 37.92782947 ], [ 14.2206741, 37.92777652 ], [ 14.2207012, 37.92776719 ], [ 14.22087951, 37.92770422 ], [ 14.22091234, 37.92769262 ], [ 14.22097076, 37.92770152 ], [ 14.22115092, 37.92773382 ], [ 14.22114299, 37.92778614 ], [ 14.22116, 37.92779994 ], [ 14.22122614, 37.92785237 ], [ 14.22151819, 37.92787443 ], [ 14.22156715, 37.92787218 ], [ 14.22168935, 37.92786656 ], [ 14.22176481, 37.92786308 ], [ 14.2219185, 37.92784739 ], [ 14.22196202, 37.92784295 ], [ 14.22196563, 37.92784258 ], [ 14.22223248, 37.92774765 ], [ 14.22224555, 37.927743 ], [ 14.22243759, 37.92775473 ], [ 14.22245206, 37.92775561 ], [ 14.2225623, 37.92770185 ], [ 14.22259664, 37.92768754 ], [ 14.22267228, 37.92774597 ], [ 14.22282707, 37.92786554 ], [ 14.22283142, 37.9278689 ], [ 14.22292378, 37.92786717 ], [ 14.22304733, 37.92786926 ], [ 14.2232849, 37.92808769 ], [ 14.2233925, 37.92813117 ], [ 14.22339268, 37.92830435 ], [ 14.223395, 37.92830516 ], [ 14.22339496, 37.92830876 ], [ 14.22362999, 37.92839056 ], [ 14.22372095, 37.9286603 ], [ 14.22377482, 37.92883031 ], [ 14.22378257, 37.92884303 ], [ 14.22380694, 37.92888165 ], [ 14.22382694, 37.92891334 ], [ 14.22384576, 37.92893602 ], [ 14.22386042, 37.92895204 ], [ 14.22389013, 37.92898371 ], [ 14.22390139, 37.92899571 ], [ 14.22402697, 37.92907201 ], [ 14.22406588, 37.92908523 ], [ 14.22408972, 37.92909333 ], [ 14.22424343, 37.9290929 ], [ 14.22429317, 37.92909276 ], [ 14.22429893, 37.92909274 ], [ 14.22452674, 37.92901215 ], [ 14.22454842, 37.92901078 ], [ 14.22458749, 37.92900832 ], [ 14.22469361, 37.92900264 ], [ 14.22469707, 37.92900141 ], [ 14.22485379, 37.92894574 ], [ 14.22485972, 37.92894152 ], [ 14.22486537, 37.92893964 ], [ 14.22498153, 37.92886211 ], [ 14.22517451, 37.92877803 ], [ 14.22519064, 37.92877187 ], [ 14.22546336, 37.92865858 ], [ 14.22547418, 37.92864746 ], [ 14.22553066, 37.9285894 ], [ 14.2255647, 37.92855441 ], [ 14.2257089, 37.92837283 ], [ 14.2257102, 37.92837125 ], [ 14.22585086, 37.92820307 ], [ 14.22607008, 37.92798391 ], [ 14.2261428, 37.92791121 ], [ 14.2262276, 37.92783559 ], [ 14.22648357, 37.92772146 ], [ 14.22656565, 37.92768659 ], [ 14.2265678, 37.9276776 ], [ 14.22661042, 37.92747927 ], [ 14.22673469, 37.92729267 ], [ 14.22673458, 37.92725552 ], [ 14.22672685, 37.92706058 ], [ 14.2267235, 37.92705582 ], [ 14.22663946, 37.92694505 ], [ 14.22663706, 37.92694189 ], [ 14.22652282, 37.92682097 ], [ 14.22646428, 37.92676084 ], [ 14.22618957, 37.92647197 ], [ 14.22616315, 37.92642513 ], [ 14.22615257, 37.92640638 ], [ 14.22613374, 37.92636763 ], [ 14.22610288, 37.92629446 ], [ 14.22609116, 37.9262667 ], [ 14.22608839, 37.92625103 ], [ 14.22607375, 37.9261682 ], [ 14.2260731, 37.92616442 ], [ 14.22607099, 37.92615263 ], [ 14.22603568, 37.92597354 ], [ 14.22603301, 37.92597553 ], [ 14.22595964, 37.92576928 ], [ 14.22592117, 37.92566028 ], [ 14.2259174, 37.9253833 ], [ 14.22598837, 37.92526277 ], [ 14.22611768, 37.92505128 ], [ 14.22611694, 37.92504443 ], [ 14.22610687, 37.92495156 ], [ 14.22608622, 37.92476117 ], [ 14.22629495, 37.92450715 ], [ 14.22629767, 37.92450384 ], [ 14.2264092, 37.92443961 ], [ 14.2264321, 37.92441877 ], [ 14.22650149, 37.92435963 ], [ 14.22667739, 37.92420049 ], [ 14.22687699, 37.92402384 ], [ 14.22695957, 37.92386726 ], [ 14.2270093, 37.92376587 ], [ 14.22718565, 37.92341067 ], [ 14.22728649, 37.92331827 ], [ 14.22741995, 37.92320276 ], [ 14.22746473, 37.92319581 ], [ 14.2274806, 37.9231966 ], [ 14.22735364, 37.92342589 ], [ 14.22728825, 37.92354397 ], [ 14.22723846, 37.92366546 ], [ 14.22715789, 37.92390379 ], [ 14.2270496, 37.92426881 ], [ 14.22706594, 37.9243997 ], [ 14.22708872, 37.92455499 ], [ 14.22708333, 37.92456625 ], [ 14.22698974, 37.92477117 ], [ 14.22706061, 37.92480612 ], [ 14.22699238, 37.92492941 ], [ 14.22698505, 37.92494743 ], [ 14.22698015, 37.92495946 ], [ 14.22705922, 37.92499542 ], [ 14.22748067, 37.92517838 ], [ 14.22741795, 37.92553907 ], [ 14.22741661, 37.92554422 ], [ 14.22728465, 37.92608193 ], [ 14.22744107, 37.9266876 ], [ 14.2276411, 37.92701279 ], [ 14.22807697, 37.92728107 ], [ 14.22846473, 37.92793557 ], [ 14.228694, 37.92836169 ], [ 14.22877328, 37.92851575 ], [ 14.22880106, 37.92857684 ], [ 14.22903161, 37.92948135 ], [ 14.22910243, 37.92963199 ], [ 14.22913209, 37.92969748 ], [ 14.22914258, 37.92971739 ], [ 14.22933473, 37.93012609 ], [ 14.22930547, 37.93017422 ], [ 14.22925109, 37.93029303 ], [ 14.22910088, 37.93054749 ], [ 14.22907432, 37.93055448 ], [ 14.22854745, 37.93069312 ], [ 14.22673751, 37.93109014 ], [ 14.22555023, 37.93187295 ], [ 14.22470575, 37.93244326 ], [ 14.22261332, 37.93547828 ], [ 14.22283447, 37.93589691 ], [ 14.22314969, 37.9362523 ], [ 14.22353664, 37.93634183 ], [ 14.22394738, 37.93688637 ], [ 14.22345971, 37.9375313 ], [ 14.22290959, 37.93776205 ], [ 14.22289154, 37.93779323 ], [ 14.21994227, 37.93640069 ], [ 14.2204325, 37.9342966 ], [ 14.21322322, 37.93356953 ], [ 14.2129376, 37.93322838 ], [ 14.21281975, 37.93317446 ], [ 14.21249776, 37.93302714 ], [ 14.21245769, 37.93302532 ], [ 14.21243319, 37.933015 ], [ 14.21199365, 37.93299709 ], [ 14.2117857, 37.93267726 ] ], [ [ 14.22744439, 37.92754881 ], [ 14.2274771, 37.92758438 ], [ 14.22751671, 37.92755918 ], [ 14.22748401, 37.9275222 ], [ 14.22744439, 37.92754881 ] ] ] ] } },
{ "type": "Feature", "properties": { "gml_id": "CadastralParcel.IT.AGE.PLA.I028_002700.19", "INSPIREID_LOCALID": "IT.AGE.PLA.I028_002700.19", "INSPIREID_NAMESPACE": "IT.AGE.PLA.", "LABEL": "19", "NATIONALCADASTRALREFERENCE": "I028_002700.19", "ADMINISTRATIVEUNIT": "I028" }, "geometry": { "type": "Polygon", "coordinates": [ [ [ 14.20145079, 37.92904998 ], [ 14.20134233, 37.92894923 ], [ 14.20141603, 37.92883912 ], [ 14.20163829, 37.92872594 ], [ 14.20171541, 37.92866448 ], [ 14.20182488, 37.92862109 ], [ 14.20193826, 37.92854451 ], [ 14.20199035, 37.92853308 ], [ 14.20201728, 37.9285442 ], [ 14.20250277, 37.92876111 ], [ 14.20262972, 37.92884872 ], [ 14.20261043, 37.92889021 ], [ 14.20256575, 37.92895145 ], [ 14.20249529, 37.92901692 ], [ 14.20184122, 37.92939654 ], [ 14.20167306, 37.92937657 ], [ 14.20162281, 37.9292475 ], [ 14.20151879, 37.92911352 ], [ 14.20145079, 37.92904998 ] ] ] } },
{ "type": "Feature", "properties": { "gml_id": "CadastralParcel.IT.AGE.PLA.I028_002700.2", "INSPIREID_LOCALID": "IT.AGE.PLA.I028_002700.2", "INSPIREID_NAMESPACE": "IT.AGE.PLA.", "LABEL": "2", "NATIONALCADASTRALREFERENCE": "I028_002700.2", "ADMINISTRATIVEUNIT": "I028" }, "geometry": { "type": "Polygon", "coordinates": [ [ [ 14.20344226, 37.9306976 ], [ 14.20342583, 37.93065071 ], [ 14.2033624, 37.93059174 ], [ 14.20331362, 37.93049647 ], [ 14.20326548, 37.93035167 ], [ 14.20329876, 37.93030538 ], [ 14.20335198, 37.93029169 ], [ 14.20353243, 37.93040036 ], [ 14.20370131, 37.93052174 ], [ 14.20348607, 37.93064497 ], [ 14.20349943, 37.93068863 ], [ 14.20344226, 37.9306976 ] ] ] } },
{ "type": "Feature", "properties": { "gml_id": "CadastralParcel.IT.AGE.PLA.I028_002700.20", "INSPIREID_LOCALID": "IT.AGE.PLA.I028_002700.20", "INSPIREID_NAMESPACE": "IT.AGE.PLA.", "LABEL": "20", "NATIONALCADASTRALREFERENCE": "I028_002700.20", "ADMINISTRATIVEUNIT": "I028" }, "geometry": { "type": "Polygon", "coordinates": [ [ [ 14.20199922, 37.92965871 ], [ 14.20195209, 37.92962099 ], [ 14.20181844, 37.92953107 ], [ 14.20184122, 37.92939654 ], [ 14.20249529, 37.92901692 ], [ 14.20256575, 37.92895145 ], [ 14.20261043, 37.92889021 ], [ 14.20262972, 37.92884872 ], [ 14.20250277, 37.92876111 ], [ 14.20201728, 37.9285442 ], [ 14.20198844, 37.92846694 ], [ 14.20207032, 37.92841048 ], [ 14.20270256, 37.92839685 ], [ 14.20285093, 37.92848322 ], [ 14.2030877, 37.92864031 ], [ 14.20316047, 37.92875154 ], [ 14.20324899, 37.92893272 ], [ 14.20323895, 37.92900537 ], [ 14.20318279, 37.92908359 ], [ 14.20317234, 37.92914036 ], [ 14.20295958, 37.92943549 ], [ 14.20290757, 37.92945992 ], [ 14.2024644, 37.92946708 ], [ 14.20208923, 37.92966718 ], [ 14.20199922, 37.92965871 ] ] ] } },
{ "type": "Feature", "properties": { "gml_id": "CadastralParcel.IT.AGE.PLA.I028_002700.21", "INSPIREID_LOCALID": "IT.AGE.PLA.I028_002700.21", "INSPIREID_NAMESPACE": "IT.AGE.PLA.", "LABEL": "21", "NATIONALCADASTRALREFERENCE": "I028_002700.21", "ADMINISTRATIVEUNIT": "I028" }, "geometry": { "type": "Polygon", "coordinates": [ [ [ 14.20295958, 37.92943549 ], [ 14.20317234, 37.92914036 ], [ 14.20318279, 37.92908359 ], [ 14.20323895, 37.92900537 ], [ 14.20329053, 37.92905495 ], [ 14.2035498, 37.92904533 ], [ 14.20418215, 37.92900538 ], [ 14.2043299, 37.9289683 ], [ 14.20459965, 37.92883587 ], [ 14.2047976, 37.92872135 ], [ 14.2048578, 37.92882099 ], [ 14.20496665, 37.92906289 ], [ 14.20441233, 37.9293596 ], [ 14.20419415, 37.92947324 ], [ 14.20400301, 37.92952138 ], [ 14.20364071, 37.92958029 ], [ 14.20343193, 37.92957867 ], [ 14.20320676, 37.92958361 ], [ 14.20307088, 37.92955675 ], [ 14.20295958, 37.92943549 ] ] ] } },
{ "type": "Feature", "properties": { "gml_id": "CadastralParcel.IT.AGE.PLA.I028_002700.22", "INSPIREID_LOCALID": "IT.AGE.PLA.I028_002700.22", "INSPIREID_NAMESPACE": "IT.AGE.PLA.", "LABEL": "22", "NATIONALCADASTRALREFERENCE": "I028_002700.22", "ADMINISTRATIVEUNIT": "I028" }, "geometry": { "type": "Polygon", "coordinates": [ [ [ 14.2035498, 37.92904533 ], [ 14.20353885, 37.92865793 ], [ 14.20437032, 37.92855648 ], [ 14.20425861, 37.92834347 ], [ 14.2047361, 37.92831493 ], [ 14.20495179, 37.92834015 ], [ 14.20526794, 37.92831978 ], [ 14.20534377, 37.92859957 ], [ 14.20573233, 37.92850685 ], [ 14.20599166, 37.92838877 ], [ 14.20617576, 37.92838296 ], [ 14.20603969, 37.92856825 ], [ 14.20591703, 37.92859788 ], [ 14.20612025, 37.92869219 ], [ 14.20598363, 37.92873327 ], [ 14.20584297, 37.92876956 ], [ 14.20571567, 37.92887477 ], [ 14.20539549, 37.92898677 ], [ 14.20532948, 37.92900835 ], [ 14.20496665, 37.92906289 ], [ 14.2048578, 37.92882099 ], [ 14.2047976, 37.92872135 ], [ 14.20459965, 37.92883587 ], [ 14.2043299, 37.9289683 ], [ 14.20418215, 37.92900538 ], [ 14.2035498, 37.92904533 ] ] ] } },
{ "type": "Feature", "properties": { "gml_id": "CadastralParcel.IT.AGE.PLA.I028_002700.3", "INSPIREID_LOCALID": "IT.AGE.PLA.I028_002700.3", "INSPIREID_NAMESPACE": "IT.AGE.PLA.", "LABEL": "3", "NATIONALCADASTRALREFERENCE": "I028_002700.3", "ADMINISTRATIVEUNIT": "I028" }, "geometry": { "type": "Polygon", "coordinates": [ [ [ 14.20478803, 37.93146864 ], [ 14.20432652, 37.93161835 ], [ 14.20432418, 37.93161912 ], [ 14.20377266, 37.9314902 ], [ 14.20376136, 37.93148756 ], [ 14.20435054, 37.93014382 ], [ 14.20480235, 37.93021355 ], [ 14.20531001, 37.93005438 ], [ 14.20550858, 37.93078393 ], [ 14.20555052, 37.93117718 ], [ 14.20555071, 37.93117896 ], [ 14.20512278, 37.93127779 ], [ 14.20501484, 37.93135821 ], [ 14.20494634, 37.93141388 ], [ 14.20493762, 37.93141676 ], [ 14.20491979, 37.93142313 ], [ 14.20478803, 37.93146864 ] ] ] } },
{ "type": "Feature", "properties": { "gml_id": "CadastralParcel.IT.AGE.PLA.I028_002700.31", "INSPIREID_LOCALID": "IT.AGE.PLA.I028_002700.31", "INSPIREID_NAMESPACE": "IT.AGE.PLA.", "LABEL": "31", "NATIONALCADASTRALREFERENCE": "I028_002700.31", "ADMINISTRATIVEUNIT": "I028" }, "geometry": { "type": "Polygon", "coordinates": [ [ [ 14.20323895, 37.92900537 ], [ 14.20324899, 37.92893272 ], [ 14.20316047, 37.92875154 ], [ 14.2030877, 37.92864031 ], [ 14.20285093, 37.92848322 ], [ 14.20270256, 37.92839685 ], [ 14.20268599, 37.92806014 ], [ 14.20286709, 37.92812042 ], [ 14.20315944, 37.92808165 ], [ 14.20338392, 37.92806313 ], [ 14.20341923, 37.92821129 ], [ 14.20348366, 37.92830172 ], [ 14.20355209, 37.92834424 ], [ 14.20344152, 37.92839172 ], [ 14.20353885, 37.92865793 ], [ 14.2035498, 37.92904533 ], [ 14.20329053, 37.92905495 ], [ 14.20323895, 37.92900537 ] ] ] } },
{ "type": "Feature", "properties": { "gml_id": "CadastralParcel.IT.AGE.PLA.I028_002700.39", "INSPIREID_LOCALID": "IT.AGE.PLA.I028_002700.39", "INSPIREID_NAMESPACE": "IT.AGE.PLA.", "LABEL": "39", "NATIONALCADASTRALREFERENCE": "I028_002700.39", "ADMINISTRATIVEUNIT": "I028" }, "geometry": { "type": "Polygon", "coordinates": [ [ [ 14.20531001, 37.93005438 ], [ 14.20480235, 37.93021355 ], [ 14.20435054, 37.93014382 ], [ 14.20341084, 37.93004488 ], [ 14.20167008, 37.92997278 ], [ 14.20174331, 37.92989969 ], [ 14.20180037, 37.92985347 ], [ 14.20205766, 37.92972883 ], [ 14.20199922, 37.92965871 ], [ 14.20208923, 37.92966718 ], [ 14.2024644, 37.92946708 ], [ 14.20290757, 37.92945992 ], [ 14.20295958, 37.92943549 ], [ 14.20307088, 37.92955675 ], [ 14.20320676, 37.92958361 ], [ 14.20343193, 37.92957867 ], [ 14.20364071, 37.92958029 ], [ 14.20400301, 37.92952138 ], [ 14.20419415, 37.92947324 ], [ 14.20421759, 37.92949412 ], [ 14.20497626, 37.92909972 ], [ 14.20513114, 37.92907134 ], [ 14.20543453, 37.92902913 ], [ 14.20573492, 37.92889851 ], [ 14.20584224, 37.92880981 ], [ 14.20612112, 37.92872193 ], [ 14.20617448, 37.92868958 ], [ 14.20629009, 37.92862631 ], [ 14.20639967, 37.92853261 ], [ 14.20664795, 37.92845909 ], [ 14.20666362, 37.92844591 ], [ 14.20670413, 37.9284152 ], [ 14.20682432, 37.92833596 ], [ 14.20701403, 37.92824961 ], [ 14.20747776, 37.92811579 ], [ 14.20757246, 37.92806052 ], [ 14.20787826, 37.92794225 ], [ 14.20825221, 37.92799215 ], [ 14.20862992, 37.92811904 ], [ 14.20876964, 37.92836507 ], [ 14.20869438, 37.92853877 ], [ 14.20864716, 37.9286725 ], [ 14.20866867, 37.92885468 ], [ 14.20837855, 37.92925041 ], [ 14.20831288, 37.92937648 ], [ 14.20798598, 37.92964425 ], [ 14.20785081, 37.9297341 ], [ 14.20575601, 37.93009577 ], [ 14.20531001, 37.93005438 ] ] ] } },
{ "type": "Feature", "properties": { "gml_id": "CadastralParcel.IT.AGE.PLA.I028_002700.4", "INSPIREID_LOCALID": "IT.AGE.PLA.I028_002700.4", "INSPIREID_NAMESPACE": "IT.AGE.PLA.", "LABEL": "4", "NATIONALCADASTRALREFERENCE": "I028_002700.4", "ADMINISTRATIVEUNIT": "I028" }, "geometry": { "type": "Polygon", "coordinates": [ [ [ 14.20555629, 37.93117767 ], [ 14.20555071, 37.93117896 ], [ 14.20555052, 37.93117718 ], [ 14.20550858, 37.93078393 ], [ 14.20531001, 37.93005438 ], [ 14.20575601, 37.93009577 ], [ 14.20652538, 37.93053747 ], [ 14.20624328, 37.93128764 ], [ 14.20616529, 37.93125561 ], [ 14.20609943, 37.93123083 ], [ 14.20605813, 37.93122409 ], [ 14.20572163, 37.93119172 ], [ 14.20556196, 37.93117636 ], [ 14.20555629, 37.93117767 ] ] ] } },
{ "type": "Feature", "properties": { "gml_id": "CadastralParcel.IT.AGE.PLA.I028_002800.STRADA005", "INSPIREID_LOCALID": "IT.AGE.PLA.I028_002800.STRADA005", "INSPIREID_NAMESPACE": "IT.AGE.PLA.", "LABEL": "STRADA005", "NATIONALCADASTRALREFERENCE": "I028_002800.STRADA005", "ADMINISTRATIVEUNIT": "I028" }, "geometry": { "type": "Polygon", "coordinates": [ [ [ 14.22104931, 37.92252186 ], [ 14.22113406, 37.92251675 ], [ 14.22112253, 37.92253304 ], [ 14.22097845, 37.92277101 ], [ 14.22101838, 37.92278011 ], [ 14.22098954, 37.92289499 ], [ 14.22080844, 37.9230348 ], [ 14.2207544, 37.9229987 ], [ 14.22066077, 37.9231138 ], [ 14.22035346, 37.92332159 ], [ 14.22026628, 37.92341166 ], [ 14.22007343, 37.92363503 ], [ 14.21982266, 37.92373763 ], [ 14.21960779, 37.92393084 ], [ 14.21945366, 37.92406963 ], [ 14.21934381, 37.92416071 ], [ 14.21928445, 37.92422296 ], [ 14.21915957, 37.92435474 ], [ 14.21906013, 37.92445628 ], [ 14.21891815, 37.92455236 ], [ 14.21873933, 37.92469997 ], [ 14.21869974, 37.92472971 ], [ 14.21852589, 37.92488938 ], [ 14.21846791, 37.92494338 ], [ 14.21831944, 37.92512319 ], [ 14.21820402, 37.92518497 ], [ 14.21815021, 37.92525434 ], [ 14.21800117, 37.92539117 ], [ 14.21792214, 37.92546673 ], [ 14.21784845, 37.92549239 ], [ 14.21770643, 37.92564507 ], [ 14.21762313, 37.92567993 ], [ 14.21755064, 37.92589525 ], [ 14.21741744, 37.9260689 ], [ 14.2172235, 37.92629458 ], [ 14.21714785, 37.9263823 ], [ 14.2169187, 37.92667202 ], [ 14.21672455, 37.92676771 ], [ 14.21634839, 37.92699998 ], [ 14.21622252, 37.92716951 ], [ 14.21615159, 37.92717647 ], [ 14.21593771, 37.92749334 ], [ 14.21593241, 37.92760115 ], [ 14.21586437, 37.92765716 ], [ 14.21559661, 37.92787848 ], [ 14.21559081, 37.92788149 ], [ 14.21559001, 37.92787538 ], [ 14.21522934, 37.92807566 ], [ 14.21511122, 37.92819597 ], [ 14.21506021, 37.92835615 ], [ 14.21497894, 37.92848223 ], [ 14.2144945, 37.92919985 ], [ 14.21443031, 37.92928987 ], [ 14.21436929, 37.92934533 ], [ 14.21430278, 37.9294017 ], [ 14.21407104, 37.92954083 ], [ 14.21402625, 37.92955984 ], [ 14.21392296, 37.92959722 ], [ 14.21371309, 37.92971552 ], [ 14.21343291, 37.9298963 ], [ 14.21335697, 37.92994529 ], [ 14.21332244, 37.92996757 ], [ 14.2133089, 37.92997779 ], [ 14.21317151, 37.93008148 ], [ 14.21283595, 37.93033476 ], [ 14.21282334, 37.93034294 ], [ 14.21263256, 37.93040769 ], [ 14.21244936, 37.93046836 ], [ 14.21243088, 37.93047385 ], [ 14.21229663, 37.93051375 ], [ 14.21208067, 37.93045213 ], [ 14.21180678, 37.93049812 ], [ 14.21169795, 37.93043921 ], [ 14.21150031, 37.93033223 ], [ 14.21136397, 37.93025048 ], [ 14.21109225, 37.93027306 ], [ 14.21101691, 37.93027932 ], [ 14.21045053, 37.93051791 ], [ 14.21043567, 37.9305263 ], [ 14.2104338, 37.93052486 ], [ 14.210435, 37.93052372 ], [ 14.21043623, 37.93052256 ], [ 14.21032531, 37.93044136 ], [ 14.21032361, 37.93044005 ], [ 14.2104182, 37.93031677 ], [ 14.2105412, 37.93036601 ], [ 14.21064184, 37.93035312 ], [ 14.21069447, 37.93030734 ], [ 14.21082994, 37.93024419 ], [ 14.21094257, 37.9302137 ], [ 14.21123019, 37.93019246 ], [ 14.21139255, 37.9301828 ], [ 14.21181349, 37.93042096 ], [ 14.2120775, 37.93037437 ], [ 14.21231664, 37.93042932 ], [ 14.21273982, 37.93025887 ], [ 14.21280572, 37.93022985 ], [ 14.21297108, 37.93014746 ], [ 14.2130744, 37.93005522 ], [ 14.21309816, 37.93001195 ], [ 14.21326372, 37.92987822 ], [ 14.21343729, 37.92978303 ], [ 14.21372848, 37.92961873 ], [ 14.21382648, 37.92956622 ], [ 14.21390278, 37.92953749 ], [ 14.21403166, 37.92949332 ], [ 14.21415642, 37.92941131 ], [ 14.21424571, 37.92935419 ], [ 14.21434842, 37.92925387 ], [ 14.2144348, 37.92915078 ], [ 14.21457508, 37.92894523 ], [ 14.2147058, 37.9287515 ], [ 14.2148387, 37.92854077 ], [ 14.21490277, 37.92842135 ], [ 14.21500661, 37.92812975 ], [ 14.2152519, 37.92798435 ], [ 14.21533597, 37.92793506 ], [ 14.21554339, 37.92786432 ], [ 14.21556809, 37.92782457 ], [ 14.21575749, 37.92768543 ], [ 14.21587212, 37.9275905 ], [ 14.2158901, 37.92746456 ], [ 14.21601829, 37.92728942 ], [ 14.21613144, 37.92712473 ], [ 14.21623475, 37.92702363 ], [ 14.21629438, 37.9269587 ], [ 14.21654111, 37.92680869 ], [ 14.21666114, 37.92674007 ], [ 14.21687008, 37.92663315 ], [ 14.21698149, 37.92647599 ], [ 14.21704326, 37.92637745 ], [ 14.21707948, 37.92632376 ], [ 14.21713511, 37.92626143 ], [ 14.2172737, 37.92613173 ], [ 14.21731411, 37.92609881 ], [ 14.21736033, 37.92604638 ], [ 14.21749078, 37.925848 ], [ 14.21755005, 37.92570835 ], [ 14.2176467, 37.92559511 ], [ 14.21781244, 37.92547561 ], [ 14.21794052, 37.92537905 ], [ 14.21806145, 37.92528799 ], [ 14.2181295, 37.92522821 ], [ 14.21823061, 37.92510964 ], [ 14.21841525, 37.92489579 ], [ 14.21848414, 37.92482077 ], [ 14.21863992, 37.92472714 ], [ 14.21867683, 37.92467532 ], [ 14.21884964, 37.92453109 ], [ 14.21899468, 37.9244046 ], [ 14.21920521, 37.92426465 ], [ 14.21929141, 37.92414706 ], [ 14.21936863, 37.92407505 ], [ 14.21947882, 37.9239684 ], [ 14.21964073, 37.92383714 ], [ 14.21978251, 37.9237085 ], [ 14.21989431, 37.92361955 ], [ 14.21988836, 37.9235429 ], [ 14.22002657, 37.92348835 ], [ 14.22008166, 37.92352446 ], [ 14.22019933, 37.92341545 ], [ 14.22031477, 37.9232979 ], [ 14.22039383, 37.92321557 ], [ 14.22058952, 37.92311338 ], [ 14.22062781, 37.92306198 ], [ 14.22066335, 37.9229718 ], [ 14.22076556, 37.92290416 ], [ 14.22086422, 37.92282704 ], [ 14.22093838, 37.92269456 ], [ 14.22103327, 37.92252156 ], [ 14.22104931, 37.92252186 ] ] ] } },
{ "type": "Feature", "properties": { "gml_id": "CadastralParcel.IT.AGE.PLA.I028_002800.104", "INSPIREID_LOCALID": "IT.AGE.PLA.I028_002800.104", "INSPIREID_NAMESPACE": "IT.AGE.PLA.", "LABEL": "104", "NATIONALCADASTRALREFERENCE": "I028_002800.104", "ADMINISTRATIVEUNIT": "I028" }, "geometry": { "type": "Polygon", "coordinates": [ [ [ 14.21614904, 37.92630033 ], [ 14.21610942, 37.92626437 ], [ 14.21569978, 37.92595296 ], [ 14.21605289, 37.92562942 ], [ 14.21688884, 37.92623851 ], [ 14.21668166, 37.92643887 ], [ 14.21651902, 37.92658765 ], [ 14.21614904, 37.92630033 ] ] ] } },
{ "type": "Feature", "properties": { "gml_id": "CadastralParcel.IT.AGE.PLA.I028_002800.110", "INSPIREID_LOCALID": "IT.AGE.PLA.I028_002800.110", "INSPIREID_NAMESPACE": "IT.AGE.PLA.", "LABEL": "110", "NATIONALCADASTRALREFERENCE": "I028_002800.110", "ADMINISTRATIVEUNIT": "I028" }, "geometry": { "type": "Polygon", "coordinates": [ [ [ 14.21688884, 37.92623851 ], [ 14.21605289, 37.92562942 ], [ 14.21617056, 37.92551711 ], [ 14.21634843, 37.92537394 ], [ 14.21721246, 37.92595206 ], [ 14.21692168, 37.92620388 ], [ 14.21688884, 37.92623851 ] ] ] } },
{ "type": "Feature", "properties": { "gml_id": "CadastralParcel.IT.AGE.PLA.I028_002800.111", "INSPIREID_LOCALID": "IT.AGE.PLA.I028_002800.111", "INSPIREID_NAMESPACE": "IT.AGE.PLA.", "LABEL": "111", "NATIONALCADASTRALREFERENCE": "I028_002800.111", "ADMINISTRATIVEUNIT": "I028" }, "geometry": { "type": "Polygon", "coordinates": [ [ [ 14.21721246, 37.92595206 ], [ 14.21634843, 37.92537394 ], [ 14.21663912, 37.92512976 ], [ 14.21668574, 37.92509258 ], [ 14.21755005, 37.92570835 ], [ 14.2174092, 37.9257985 ], [ 14.21731166, 37.92587378 ], [ 14.21721246, 37.92595206 ] ] ] } },
{ "type": "Feature", "properties": { "gml_id": "CadastralParcel.IT.AGE.PLA.I028_002800.112", "INSPIREID_LOCALID": "IT.AGE.PLA.I028_002800.112", "INSPIREID_NAMESPACE": "IT.AGE.PLA.", "LABEL": "112", "NATIONALCADASTRALREFERENCE": "I028_002800.112", "ADMINISTRATIVEUNIT": "I028" }, "geometry": { "type": "Polygon", "coordinates": [ [ [ 14.21770643, 37.92564507 ], [ 14.21784845, 37.92549239 ], [ 14.21792214, 37.92546673 ], [ 14.21870251, 37.92601306 ], [ 14.21846436, 37.92618338 ], [ 14.21770643, 37.92564507 ] ] ] } },
{ "type": "Feature", "properties": { "gml_id": "CadastralParcel.IT.AGE.PLA.I028_002800.113", "INSPIREID_LOCALID": "IT.AGE.PLA.I028_002800.113", "INSPIREID_NAMESPACE": "IT.AGE.PLA.", "LABEL": "113", "NATIONALCADASTRALREFERENCE": "I028_002800.113", "ADMINISTRATIVEUNIT": "I028" }, "geometry": { "type": "Polygon", "coordinates": [ [ [ 14.21870251, 37.92601306 ], [ 14.21792214, 37.92546673 ], [ 14.21800117, 37.92539117 ], [ 14.21815021, 37.92525434 ], [ 14.21820402, 37.92518497 ], [ 14.21831944, 37.92512319 ], [ 14.21846791, 37.92494338 ], [ 14.21863738, 37.92506655 ], [ 14.21880583, 37.925193 ], [ 14.21913186, 37.9254271 ], [ 14.21929103, 37.92554865 ], [ 14.21920493, 37.92560466 ], [ 14.2189657, 37.92580936 ], [ 14.21879067, 37.92595888 ], [ 14.21870251, 37.92601306 ] ] ] } },
{ "type": "Feature", "properties": { "gml_id": "CadastralParcel.IT.AGE.PLA.I028_002800.114", "INSPIREID_LOCALID": "IT.AGE.PLA.I028_002800.114", "INSPIREID_NAMESPACE": "IT.AGE.PLA.", "LABEL": "114", "NATIONALCADASTRALREFERENCE": "I028_002800.114", "ADMINISTRATIVEUNIT": "I028" }, "geometry": { "type": "Polygon", "coordinates": [ [ [ 14.21920493, 37.92560466 ], [ 14.21929103, 37.92554865 ], [ 14.21913186, 37.9254271 ], [ 14.21955118, 37.92506686 ], [ 14.21953897, 37.92517103 ], [ 14.21951727, 37.92526679 ], [ 14.21936977, 37.92570124 ], [ 14.21920493, 37.92560466 ] ] ] } },
{ "type": "Feature", "properties": { "gml_id": "CadastralParcel.IT.AGE.PLA.I028_002800.115", "INSPIREID_LOCALID": "IT.AGE.PLA.I028_002800.115", "INSPIREID_NAMESPACE": "IT.AGE.PLA.", "LABEL": "115", "NATIONALCADASTRALREFERENCE": "I028_002800.115", "ADMINISTRATIVEUNIT": "I028" }, "geometry": { "type": "Polygon", "coordinates": [ [ [ 14.2200379, 37.92619489 ], [ 14.2197253, 37.92596478 ], [ 14.21936977, 37.92570124 ], [ 14.21951727, 37.92526679 ], [ 14.21953897, 37.92517103 ], [ 14.21955118, 37.92506686 ], [ 14.21956072, 37.92503257 ], [ 14.21972427, 37.92491343 ], [ 14.21990062, 37.92478026 ], [ 14.22002177, 37.92468245 ], [ 14.22011014, 37.92456922 ], [ 14.22027143, 37.92472019 ], [ 14.22025461, 37.92473443 ], [ 14.22007158, 37.92486595 ], [ 14.22033096, 37.92507407 ], [ 14.22087984, 37.92550474 ], [ 14.22082446, 37.92556096 ], [ 14.22056427, 37.92580595 ], [ 14.22039638, 37.92593122 ], [ 14.22022849, 37.92606305 ], [ 14.22007345, 37.92617102 ], [ 14.2200379, 37.92619489 ] ] ] } },
{ "type": "Feature", "properties": { "gml_id": "CadastralParcel.IT.AGE.PLA.I028_002800.146", "INSPIREID_LOCALID": "IT.AGE.PLA.I028_002800.146", "INSPIREID_NAMESPACE": "IT.AGE.PLA.", "LABEL": "146", "NATIONALCADASTRALREFERENCE": "I028_002800.146", "ADMINISTRATIVEUNIT": "I028" }, "geometry": { "type": "Polygon", "coordinates": [ [ [ 14.21530761, 37.92474975 ], [ 14.21532085, 37.92472739 ], [ 14.21548343, 37.92459036 ], [ 14.21587898, 37.92424929 ], [ 14.21595733, 37.9241805 ], [ 14.21612667, 37.92430101 ], [ 14.21589004, 37.92449386 ], [ 14.21543723, 37.92486345 ], [ 14.21530761, 37.92474975 ] ] ] } },
{ "type": "Feature", "properties": { "gml_id": "CadastralParcel.IT.AGE.PLA.I028_002800.147", "INSPIREID_LOCALID": "IT.AGE.PLA.I028_002800.147", "INSPIREID_NAMESPACE": "IT.AGE.PLA.", "LABEL": "147", "NATIONALCADASTRALREFERENCE": "I028_002800.147", "ADMINISTRATIVEUNIT": "I028" }, "geometry": { "type": "Polygon", "coordinates": [ [ [ 14.21663912, 37.92512976 ], [ 14.21609571, 37.9246577 ], [ 14.2165702, 37.92453429 ], [ 14.21674115, 37.9244958 ], [ 14.21674714, 37.9245072 ], [ 14.21675672, 37.92451696 ], [ 14.21676943, 37.92452428 ], [ 14.21678435, 37.9245287 ], [ 14.21680045, 37.92452994 ], [ 14.21681667, 37.92452789 ], [ 14.21683183, 37.92452272 ], [ 14.21684497, 37.92451475 ], [ 14.21685516, 37.92450455 ], [ 14.21686171, 37.9244928 ], [ 14.21686418, 37.92448029 ], [ 14.2169181, 37.92447254 ], [ 14.2170093, 37.92428071 ], [ 14.21710189, 37.92422141 ], [ 14.21716795, 37.92420943 ], [ 14.2173195, 37.92405343 ], [ 14.21754238, 37.92380938 ], [ 14.21791005, 37.92404383 ], [ 14.21784199, 37.92408977 ], [ 14.21776879, 37.92416075 ], [ 14.21740218, 37.92451096 ], [ 14.21723034, 37.92464794 ], [ 14.21668574, 37.92509258 ], [ 14.21663912, 37.92512976 ] ] ] } },
{ "type": "Feature", "properties": { "gml_id": "CadastralParcel.IT.AGE.PLA.I028_002800.148", "INSPIREID_LOCALID": "IT.AGE.PLA.I028_002800.148", "INSPIREID_NAMESPACE": "IT.AGE.PLA.", "LABEL": "148", "NATIONALCADASTRALREFERENCE": "I028_002800.148", "ADMINISTRATIVEUNIT": "I028" }, "geometry": { "type": "Polygon", "coordinates": [ [ [ 14.21678435, 37.9245287 ], [ 14.21676943, 37.92452428 ], [ 14.21675672, 37.92451696 ], [ 14.21674714, 37.9245072 ], [ 14.21674115, 37.9244958 ], [ 14.21673935, 37.92448315 ], [ 14.2167418, 37.92447042 ], [ 14.21674833, 37.92445844 ], [ 14.21675851, 37.92444806 ], [ 14.21677164, 37.92443997 ], [ 14.21678683, 37.92443471 ], [ 14.21680303, 37.92443268 ], [ 14.21681914, 37.92443398 ], [ 14.21683361, 37.92443842 ], [ 14.21684595, 37.92444581 ], [ 14.21685556, 37.92445573 ], [ 14.21686178, 37.92446749 ], [ 14.21686418, 37.92448029 ], [ 14.21686171, 37.9244928 ], [ 14.21685516, 37.92450455 ], [ 14.21684497, 37.92451475 ], [ 14.21683183, 37.92452272 ], [ 14.21681667, 37.92452789 ], [ 14.21680045, 37.92452994 ], [ 14.21678435, 37.9245287 ] ] ] } },
{ "type": "Feature", "properties": { "gml_id": "CadastralParcel.IT.AGE.PLA.I028_002800.149", "INSPIREID_LOCALID": "IT.AGE.PLA.I028_002800.149", "INSPIREID_NAMESPACE": "IT.AGE.PLA.", "LABEL": "149", "NATIONALCADASTRALREFERENCE": "I028_002800.149", "ADMINISTRATIVEUNIT": "I028" }, "geometry": { "type": "Polygon", "coordinates": [ [ [ 14.21609571, 37.9246577 ], [ 14.21606667, 37.92465993 ], [ 14.21589004, 37.92449386 ], [ 14.21612667, 37.92430101 ], [ 14.21645183, 37.92401614 ], [ 14.21664502, 37.92385325 ], [ 14.21674409, 37.92375891 ], [ 14.21707909, 37.92348374 ], [ 14.21751271, 37.92378716 ], [ 14.21754238, 37.92380938 ], [ 14.2173195, 37.92405343 ], [ 14.21716795, 37.92420943 ], [ 14.21710189, 37.92422141 ], [ 14.2170093, 37.92428071 ], [ 14.2169181, 37.92447254 ], [ 14.21686418, 37.92448029 ], [ 14.21686178, 37.92446749 ], [ 14.21685556, 37.92445573 ], [ 14.21684595, 37.92444581 ], [ 14.21683361, 37.92443842 ], [ 14.21681914, 37.92443398 ], [ 14.21680303, 37.92443268 ], [ 14.21678683, 37.92443471 ], [ 14.21677164, 37.92443997 ], [ 14.21675851, 37.92444806 ], [ 14.21674833, 37.92445844 ], [ 14.2167418, 37.92447042 ], [ 14.21673935, 37.92448315 ], [ 14.21674115, 37.9244958 ], [ 14.2165702, 37.92453429 ], [ 14.21609571, 37.9246577 ] ] ] } },
{ "type": "Feature", "properties": { "gml_id": "CadastralParcel.IT.AGE.PLA.I028_002800.150", "INSPIREID_LOCALID": "IT.AGE.PLA.I028_002800.150", "INSPIREID_NAMESPACE": "IT.AGE.PLA.", "LABEL": "150", "NATIONALCADASTRALREFERENCE": "I028_002800.150", "ADMINISTRATIVEUNIT": "I028" }, "geometry": { "type": "MultiPolygon", "coordinates": [ [ [ [ 14.21755005, 37.92570835 ], [ 14.21668574, 37.92509258 ], [ 14.21723034, 37.92464794 ], [ 14.21740218, 37.92451096 ], [ 14.21823061, 37.92510964 ], [ 14.2181295, 37.92522821 ], [ 14.21806145, 37.92528799 ], [ 14.21794052, 37.92537905 ], [ 14.21781244, 37.92547561 ], [ 14.2176467, 37.92559511 ], [ 14.21755005, 37.92570835 ] ], [ [ 14.21723792, 37.92507056 ], [ 14.21723824, 37.92502153 ], [ 14.21718387, 37.92502132 ], [ 14.21718369, 37.92507183 ], [ 14.21723792, 37.92507056 ] ] ] ] } },
{ "type": "Feature", "properties": { "gml_id": "CadastralParcel.IT.AGE.PLA.I028_002800.151", "INSPIREID_LOCALID": "IT.AGE.PLA.I028_002800.151", "INSPIREID_NAMESPACE": "IT.AGE.PLA.", "LABEL": "151", "NATIONALCADASTRALREFERENCE": "I028_002800.151", "ADMINISTRATIVEUNIT": "I028" }, "geometry": { "type": "Polygon", "coordinates": [ [ [ 14.21823061, 37.92510964 ], [ 14.21740218, 37.92451096 ], [ 14.21776879, 37.92416075 ], [ 14.21784199, 37.92408977 ], [ 14.21867683, 37.92467532 ], [ 14.21863992, 37.92472714 ], [ 14.21848414, 37.92482077 ], [ 14.21841525, 37.92489579 ], [ 14.21823061, 37.92510964 ] ] ] } },
{ "type": "Feature", "properties": { "gml_id": "CadastralParcel.IT.AGE.PLA.I028_002800.155", "INSPIREID_LOCALID": "IT.AGE.PLA.I028_002800.155", "INSPIREID_NAMESPACE": "IT.AGE.PLA.", "LABEL": "155", "NATIONALCADASTRALREFERENCE": "I028_002800.155", "ADMINISTRATIVEUNIT": "I028" }, "geometry": { "type": "Polygon", "coordinates": [ [ [ 14.21867683, 37.92467532 ], [ 14.21784199, 37.92408977 ], [ 14.21791005, 37.92404383 ], [ 14.21817575, 37.92381448 ], [ 14.21871472, 37.9242023 ], [ 14.21899468, 37.9244046 ], [ 14.21884964, 37.92453109 ], [ 14.21867683, 37.92467532 ] ] ] } },
{ "type": "Feature", "properties": { "gml_id": "CadastralParcel.IT.AGE.PLA.I028_002800.182", "INSPIREID_LOCALID": "IT.AGE.PLA.I028_002800.182", "INSPIREID_NAMESPACE": "IT.AGE.PLA.", "LABEL": "182", "NATIONALCADASTRALREFERENCE": "I028_002800.182", "ADMINISTRATIVEUNIT": "I028" }, "geometry": { "type": "Polygon", "coordinates": [ [ [ 14.2142078, 37.9237995 ], [ 14.21422256, 37.92361822 ], [ 14.21417568, 37.92329852 ], [ 14.21455378, 37.92298445 ], [ 14.21470636, 37.92284948 ], [ 14.21494328, 37.92263876 ], [ 14.2152577, 37.92288869 ], [ 14.21578604, 37.92329786 ], [ 14.21561763, 37.92342191 ], [ 14.21559357, 37.92344116 ], [ 14.21526124, 37.92369223 ], [ 14.21495014, 37.92396631 ], [ 14.21472052, 37.92415136 ], [ 14.21436604, 37.92379447 ], [ 14.21423142, 37.92379493 ], [ 14.21422387, 37.92379985 ], [ 14.2142078, 37.9237995 ] ] ] } },
{ "type": "Feature", "properties": { "gml_id": "CadastralParcel.IT.AGE.PLA.I028_002800.183", "INSPIREID_LOCALID": "IT.AGE.PLA.I028_002800.183", "INSPIREID_NAMESPACE": "IT.AGE.PLA.", "LABEL": "183", "NATIONALCADASTRALREFERENCE": "I028_002800.183", "ADMINISTRATIVEUNIT": "I028" }, "geometry": { "type": "Polygon", "coordinates": [ [ [ 14.21595733, 37.9241805 ], [ 14.21582913, 37.92409054 ], [ 14.21553901, 37.92388898 ], [ 14.21526124, 37.92369223 ], [ 14.21559357, 37.92344116 ], [ 14.21561763, 37.92342191 ], [ 14.21645183, 37.92401614 ], [ 14.21612667, 37.92430101 ], [ 14.21595733, 37.9241805 ] ] ] } },
{ "type": "Feature", "properties": { "gml_id": "CadastralParcel.IT.AGE.PLA.I028_002800.184", "INSPIREID_LOCALID": "IT.AGE.PLA.I028_002800.184", "INSPIREID_NAMESPACE": "IT.AGE.PLA.", "LABEL": "184", "NATIONALCADASTRALREFERENCE": "I028_002800.184", "ADMINISTRATIVEUNIT": "I028" }, "geometry": { "type": "Polygon", "coordinates": [ [ [ 14.21674409, 37.92375891 ], [ 14.21669399, 37.92371824 ], [ 14.21620637, 37.92334578 ], [ 14.21600578, 37.92318663 ], [ 14.21595553, 37.92315638 ], [ 14.21609874, 37.92303703 ], [ 14.21611058, 37.92302571 ], [ 14.2163102, 37.92287875 ], [ 14.21667361, 37.92315523 ], [ 14.21707909, 37.92348374 ], [ 14.21674409, 37.92375891 ] ] ] } },
{ "type": "Feature", "properties": { "gml_id": "CadastralParcel.IT.AGE.PLA.I028_002800.185", "INSPIREID_LOCALID": "IT.AGE.PLA.I028_002800.185", "INSPIREID_NAMESPACE": "IT.AGE.PLA.", "LABEL": "185", "NATIONALCADASTRALREFERENCE": "I028_002800.185", "ADMINISTRATIVEUNIT": "I028" }, "geometry": { "type": "Polygon", "coordinates": [ [ [ 14.21707909, 37.92348374 ], [ 14.21739983, 37.92320845 ], [ 14.2175379, 37.92308585 ], [ 14.21756433, 37.92306865 ], [ 14.21799242, 37.92335755 ], [ 14.21756157, 37.92375157 ], [ 14.21751271, 37.92378716 ], [ 14.21707909, 37.92348374 ] ] ] } },
{ "type": "Feature", "properties": { "gml_id": "CadastralParcel.IT.AGE.PLA.I028_002800.186", "INSPIREID_LOCALID": "IT.AGE.PLA.I028_002800.186", "INSPIREID_NAMESPACE": "IT.AGE.PLA.", "LABEL": "186", "NATIONALCADASTRALREFERENCE": "I028_002800.186", "ADMINISTRATIVEUNIT": "I028" }, "geometry": { "type": "Polygon", "coordinates": [ [ [ 14.21817575, 37.92381448 ], [ 14.21839019, 37.92362378 ], [ 14.21883404, 37.92327928 ], [ 14.21906897, 37.92309898 ], [ 14.21918515, 37.9230024 ], [ 14.21926345, 37.92294602 ], [ 14.21948559, 37.92310275 ], [ 14.21967921, 37.92324287 ], [ 14.21983136, 37.92335013 ], [ 14.22002657, 37.92348835 ], [ 14.21988836, 37.9235429 ], [ 14.21989431, 37.92361955 ], [ 14.21978251, 37.9237085 ], [ 14.21964073, 37.92383714 ], [ 14.21947882, 37.9239684 ], [ 14.21936863, 37.92407505 ], [ 14.21929141, 37.92414706 ], [ 14.21920521, 37.92426465 ], [ 14.21899468, 37.9244046 ], [ 14.21871472, 37.9242023 ], [ 14.21817575, 37.92381448 ] ] ] } },
{ "type": "Feature", "properties": { "gml_id": "CadastralParcel.IT.AGE.PLA.I028_002800.213", "INSPIREID_LOCALID": "IT.AGE.PLA.I028_002800.213", "INSPIREID_NAMESPACE": "IT.AGE.PLA.", "LABEL": "213", "NATIONALCADASTRALREFERENCE": "I028_002800.213", "ADMINISTRATIVEUNIT": "I028" }, "geometry": { "type": "Polygon", "coordinates": [ [ [ 14.21578604, 37.92329786 ], [ 14.2152577, 37.92288869 ], [ 14.21494328, 37.92263876 ], [ 14.21505091, 37.92253077 ], [ 14.21505203, 37.92252964 ], [ 14.21507716, 37.92250424 ], [ 14.21514488, 37.92255752 ], [ 14.21561629, 37.92290357 ], [ 14.21592537, 37.92312823 ], [ 14.21595553, 37.92315638 ], [ 14.21585317, 37.92323989 ], [ 14.21578604, 37.92329786 ] ] ] } },
{ "type": "Feature", "properties": { "gml_id": "CadastralParcel.IT.AGE.PLA.I028_002800.214", "INSPIREID_LOCALID": "IT.AGE.PLA.I028_002800.214", "INSPIREID_NAMESPACE": "IT.AGE.PLA.", "LABEL": "214", "NATIONALCADASTRALREFERENCE": "I028_002800.214", "ADMINISTRATIVEUNIT": "I028" }, "geometry": { "type": "Polygon", "coordinates": [ [ [ 14.21595553, 37.92315638 ], [ 14.21592537, 37.92312823 ], [ 14.21561629, 37.92290357 ], [ 14.21514488, 37.92255752 ], [ 14.21507716, 37.92250424 ], [ 14.21517824, 37.92240179 ], [ 14.21521204, 37.92237277 ], [ 14.21560331, 37.92265183 ], [ 14.21611058, 37.92302571 ], [ 14.21609874, 37.92303703 ], [ 14.21595553, 37.92315638 ] ] ] } },
{ "type": "Feature", "properties": { "gml_id": "CadastralParcel.IT.AGE.PLA.I028_002800.215", "INSPIREID_LOCALID": "IT.AGE.PLA.I028_002800.215", "INSPIREID_NAMESPACE": "IT.AGE.PLA.", "LABEL": "215", "NATIONALCADASTRALREFERENCE": "I028_002800.215", "ADMINISTRATIVEUNIT": "I028" }, "geometry": { "type": "Polygon", "coordinates": [ [ [ 14.21521204, 37.92237277 ], [ 14.21525816, 37.92233591 ], [ 14.21533146, 37.92227791 ], [ 14.21538148, 37.92223833 ], [ 14.21541939, 37.92220856 ], [ 14.21547105, 37.92216799 ], [ 14.21547368, 37.92216593 ], [ 14.21547924, 37.92216183 ], [ 14.21553634, 37.92212807 ], [ 14.21557144, 37.92210666 ], [ 14.21557197, 37.922107 ], [ 14.21561527, 37.92213503 ], [ 14.21594139, 37.92236738 ], [ 14.21628576, 37.92261568 ], [ 14.21645214, 37.9227367 ], [ 14.2163102, 37.92287875 ], [ 14.21611058, 37.92302571 ], [ 14.21560331, 37.92265183 ], [ 14.21521204, 37.92237277 ] ] ] } },
{ "type": "Feature", "properties": { "gml_id": "CadastralParcel.IT.AGE.PLA.I028_002800.216", "INSPIREID_LOCALID": "IT.AGE.PLA.I028_002800.216", "INSPIREID_NAMESPACE": "IT.AGE.PLA.", "LABEL": "216", "NATIONALCADASTRALREFERENCE": "I028_002800.216", "ADMINISTRATIVEUNIT": "I028" }, "geometry": { "type": "Polygon", "coordinates": [ [ [ 14.21565381, 37.92205551 ], [ 14.21573312, 37.92199475 ], [ 14.21573675, 37.92199221 ], [ 14.21591737, 37.92211525 ], [ 14.21650283, 37.92252205 ], [ 14.21661325, 37.92259909 ], [ 14.21659927, 37.92260849 ], [ 14.21645214, 37.9227367 ], [ 14.21628576, 37.92261568 ], [ 14.21594139, 37.92236738 ], [ 14.21561527, 37.92213503 ], [ 14.21557197, 37.922107 ], [ 14.21557144, 37.92210666 ], [ 14.21564847, 37.92205968 ], [ 14.21565381, 37.92205551 ] ] ] } },
{ "type": "Feature", "properties": { "gml_id": "CadastralParcel.IT.AGE.PLA.I028_002800.217", "INSPIREID_LOCALID": "IT.AGE.PLA.I028_002800.217", "INSPIREID_NAMESPACE": "IT.AGE.PLA.", "LABEL": "217", "NATIONALCADASTRALREFERENCE": "I028_002800.217", "ADMINISTRATIVEUNIT": "I028" }, "geometry": { "type": "Polygon", "coordinates": [ [ [ 14.21707909, 37.92348374 ], [ 14.21667361, 37.92315523 ], [ 14.2163102, 37.92287875 ], [ 14.21645214, 37.9227367 ], [ 14.21659927, 37.92260849 ], [ 14.21712502, 37.92300687 ], [ 14.21739983, 37.92320845 ], [ 14.21707909, 37.92348374 ] ] ] } },
{ "type": "Feature", "properties": { "gml_id": "CadastralParcel.IT.AGE.PLA.I028_002800.218", "INSPIREID_LOCALID": "IT.AGE.PLA.I028_002800.218", "INSPIREID_NAMESPACE": "IT.AGE.PLA.", "LABEL": "218", "NATIONALCADASTRALREFERENCE": "I028_002800.218", "ADMINISTRATIVEUNIT": "I028" }, "geometry": { "type": "Polygon", "coordinates": [ [ [ 14.21739983, 37.92320845 ], [ 14.21712502, 37.92300687 ], [ 14.21659927, 37.92260849 ], [ 14.21661325, 37.92259909 ], [ 14.21672742, 37.92249036 ], [ 14.21674317, 37.92247568 ], [ 14.21684108, 37.92254989 ], [ 14.2175379, 37.92308585 ], [ 14.21739983, 37.92320845 ] ] ] } },
{ "type": "Feature", "properties": { "gml_id": "CadastralParcel.IT.AGE.PLA.I028_002800.219", "INSPIREID_LOCALID": "IT.AGE.PLA.I028_002800.219", "INSPIREID_NAMESPACE": "IT.AGE.PLA.", "LABEL": "219", "NATIONALCADASTRALREFERENCE": "I028_002800.219", "ADMINISTRATIVEUNIT": "I028" }, "geometry": { "type": "Polygon", "coordinates": [ [ [ 14.2178339, 37.92284062 ], [ 14.21751852, 37.92259634 ], [ 14.21709776, 37.92225835 ], [ 14.21703644, 37.92220826 ], [ 14.21711443, 37.92215729 ], [ 14.21716682, 37.92210963 ], [ 14.21720447, 37.92205914 ], [ 14.21744551, 37.92224417 ], [ 14.21793605, 37.92261903 ], [ 14.21803267, 37.92268275 ], [ 14.2178339, 37.92284062 ] ] ] } },
{ "type": "Feature", "properties": { "gml_id": "CadastralParcel.IT.AGE.PLA.I028_002800.220", "INSPIREID_LOCALID": "IT.AGE.PLA.I028_002800.220", "INSPIREID_NAMESPACE": "IT.AGE.PLA.", "LABEL": "220", "NATIONALCADASTRALREFERENCE": "I028_002800.220", "ADMINISTRATIVEUNIT": "I028" }, "geometry": { "type": "Polygon", "coordinates": [ [ [ 14.21752152, 37.9218363 ], [ 14.21822082, 37.92237423 ], [ 14.21831148, 37.92244002 ], [ 14.2183135, 37.92244174 ], [ 14.21803267, 37.92268275 ], [ 14.21793605, 37.92261903 ], [ 14.21744551, 37.92224417 ], [ 14.21720447, 37.92205914 ], [ 14.21739088, 37.92193532 ], [ 14.21745878, 37.92188884 ], [ 14.21752152, 37.9218363 ] ] ] } },
{ "type": "Feature", "properties": { "gml_id": "CadastralParcel.IT.AGE.PLA.I028_002800.221", "INSPIREID_LOCALID": "IT.AGE.PLA.I028_002800.221", "INSPIREID_NAMESPACE": "IT.AGE.PLA.", "LABEL": "221", "NATIONALCADASTRALREFERENCE": "I028_002800.221", "ADMINISTRATIVEUNIT": "I028" }, "geometry": { "type": "Polygon", "coordinates": [ [ [ 14.21831148, 37.92244002 ], [ 14.21865891, 37.92213594 ], [ 14.21866869, 37.922134 ], [ 14.21923264, 37.92248497 ], [ 14.21952186, 37.92272316 ], [ 14.21940636, 37.92280025 ], [ 14.21926345, 37.92294602 ], [ 14.21918515, 37.9230024 ], [ 14.21906897, 37.92309898 ], [ 14.21883404, 37.92327928 ], [ 14.21839019, 37.92362378 ], [ 14.21799242, 37.92335755 ], [ 14.21756433, 37.92306865 ], [ 14.21768073, 37.9229671 ], [ 14.2178339, 37.92284062 ], [ 14.21803267, 37.92268275 ], [ 14.2183135, 37.92244174 ], [ 14.21831148, 37.92244002 ] ] ] } },
{ "type": "Feature", "properties": { "gml_id": "CadastralParcel.IT.AGE.PLA.I028_002800.225", "INSPIREID_LOCALID": "IT.AGE.PLA.I028_002800.225", "INSPIREID_NAMESPACE": "IT.AGE.PLA.", "LABEL": "225", "NATIONALCADASTRALREFERENCE": "I028_002800.225", "ADMINISTRATIVEUNIT": "I028" }, "geometry": { "type": "Polygon", "coordinates": [ [ [ 14.21967921, 37.92324287 ], [ 14.21948559, 37.92310275 ], [ 14.21959445, 37.92295771 ], [ 14.21982497, 37.92311956 ], [ 14.21967921, 37.92324287 ] ] ] } },
{ "type": "Feature", "properties": { "gml_id": "CadastralParcel.IT.AGE.PLA.I028_002800.226", "INSPIREID_LOCALID": "IT.AGE.PLA.I028_002800.226", "INSPIREID_NAMESPACE": "IT.AGE.PLA.", "LABEL": "226", "NATIONALCADASTRALREFERENCE": "I028_002800.226", "ADMINISTRATIVEUNIT": "I028" }, "geometry": { "type": "Polygon", "coordinates": [ [ [ 14.21948559, 37.92310275 ], [ 14.21926345, 37.92294602 ], [ 14.21940636, 37.92280025 ], [ 14.21959445, 37.92295771 ], [ 14.21948559, 37.92310275 ] ] ] } },
{ "type": "Feature", "properties": { "gml_id": "CadastralParcel.IT.AGE.PLA.I028_002800.227", "INSPIREID_LOCALID": "IT.AGE.PLA.I028_002800.227", "INSPIREID_NAMESPACE": "IT.AGE.PLA.", "LABEL": "227", "NATIONALCADASTRALREFERENCE": "I028_002800.227", "ADMINISTRATIVEUNIT": "I028" }, "geometry": { "type": "Polygon", "coordinates": [ [ [ 14.22019933, 37.92341545 ], [ 14.21999216, 37.9232232 ], [ 14.21996576, 37.92320614 ], [ 14.21982497, 37.92311956 ], [ 14.21959445, 37.92295771 ], [ 14.21940636, 37.92280025 ], [ 14.21952186, 37.92272316 ], [ 14.21956166, 37.9226944 ], [ 14.21960233, 37.92263602 ], [ 14.22039383, 37.92321557 ], [ 14.22031477, 37.9232979 ], [ 14.22019933, 37.92341545 ] ] ] } },
{ "type": "Feature", "properties": { "gml_id": "CadastralParcel.IT.AGE.PLA.I028_002800.229", "INSPIREID_LOCALID": "IT.AGE.PLA.I028_002800.229", "INSPIREID_NAMESPACE": "IT.AGE.PLA.", "LABEL": "229", "NATIONALCADASTRALREFERENCE": "I028_002800.229", "ADMINISTRATIVEUNIT": "I028" }, "geometry": { "type": "Polygon", "coordinates": [ [ [ 14.21952186, 37.92272316 ], [ 14.21923264, 37.92248497 ], [ 14.21866869, 37.922134 ], [ 14.21866772, 37.9221318 ], [ 14.21877974, 37.92204177 ], [ 14.21879481, 37.92202758 ], [ 14.21883953, 37.9219909 ], [ 14.21884163, 37.92199204 ], [ 14.21884441, 37.92199006 ], [ 14.21971707, 37.92252629 ], [ 14.21971786, 37.92252701 ], [ 14.21960233, 37.92263602 ], [ 14.21956166, 37.9226944 ], [ 14.21952186, 37.92272316 ] ] ] } },
{ "type": "Feature", "properties": { "gml_id": "CadastralParcel.IT.AGE.PLA.I028_002800.257", "INSPIREID_LOCALID": "IT.AGE.PLA.I028_002800.257", "INSPIREID_NAMESPACE": "IT.AGE.PLA.", "LABEL": "257", "NATIONALCADASTRALREFERENCE": "I028_002800.257", "ADMINISTRATIVEUNIT": "I028" }, "geometry": { "type": "Polygon", "coordinates": [ [ [ 14.2151707, 37.92463282 ], [ 14.2153342, 37.92450264 ], [ 14.21582913, 37.92409054 ], [ 14.21595733, 37.9241805 ], [ 14.21587898, 37.92424929 ], [ 14.21548343, 37.92459036 ], [ 14.21532085, 37.92472739 ], [ 14.21530761, 37.92474975 ], [ 14.2151707, 37.92463282 ] ] ] } },
{ "type": "Feature", "properties": { "gml_id": "CadastralParcel.IT.AGE.PLA.I028_002800.261", "INSPIREID_LOCALID": "IT.AGE.PLA.I028_002800.261", "INSPIREID_NAMESPACE": "IT.AGE.PLA.", "LABEL": "261", "NATIONALCADASTRALREFERENCE": "I028_002800.261", "ADMINISTRATIVEUNIT": "I028" }, "geometry": { "type": "Polygon", "coordinates": [ [ [ 14.21645183, 37.92401614 ], [ 14.21561763, 37.92342191 ], [ 14.21578604, 37.92329786 ], [ 14.21585317, 37.92323989 ], [ 14.21606542, 37.92339323 ], [ 14.21632144, 37.92358671 ], [ 14.21664502, 37.92385325 ], [ 14.21645183, 37.92401614 ] ] ] } },
{ "type": "Feature", "properties": { "gml_id": "CadastralParcel.IT.AGE.PLA.I028_002800.262", "INSPIREID_LOCALID": "IT.AGE.PLA.I028_002800.262", "INSPIREID_NAMESPACE": "IT.AGE.PLA.", "LABEL": "262", "NATIONALCADASTRALREFERENCE": "I028_002800.262", "ADMINISTRATIVEUNIT": "I028" }, "geometry": { "type": "Polygon", "coordinates": [ [ [ 14.21791005, 37.92404383 ], [ 14.21754238, 37.92380938 ], [ 14.21751271, 37.92378716 ], [ 14.21756157, 37.92375157 ], [ 14.21799242, 37.92335755 ], [ 14.21839019, 37.92362378 ], [ 14.21817575, 37.92381448 ], [ 14.21791005, 37.92404383 ] ] ] } },
{ "type": "Feature", "properties": { "gml_id": "CadastralParcel.IT.AGE.PLA.I028_002800.264", "INSPIREID_LOCALID": "IT.AGE.PLA.I028_002800.264", "INSPIREID_NAMESPACE": "IT.AGE.PLA.", "LABEL": "264", "NATIONALCADASTRALREFERENCE": "I028_002800.264", "ADMINISTRATIVEUNIT": "I028" }, "geometry": { "type": "Polygon", "coordinates": [ [ [ 14.21768073, 37.9229671 ], [ 14.21738973, 37.92274296 ], [ 14.21698468, 37.92241595 ], [ 14.21688616, 37.92234184 ], [ 14.21697353, 37.92225991 ], [ 14.21703644, 37.92220826 ], [ 14.21709776, 37.92225835 ], [ 14.21751852, 37.92259634 ], [ 14.2178339, 37.92284062 ], [ 14.21768073, 37.9229671 ] ] ] } },
{ "type": "Feature", "properties": { "gml_id": "CadastralParcel.IT.AGE.PLA.I028_002800.277", "INSPIREID_LOCALID": "IT.AGE.PLA.I028_002800.277", "INSPIREID_NAMESPACE": "IT.AGE.PLA.", "LABEL": "277", "NATIONALCADASTRALREFERENCE": "I028_002800.277", "ADMINISTRATIVEUNIT": "I028" }, "geometry": { "type": "Polygon", "coordinates": [ [ [ 14.21664502, 37.92385325 ], [ 14.21632144, 37.92358671 ], [ 14.21606542, 37.92339323 ], [ 14.21585317, 37.92323989 ], [ 14.21595553, 37.92315638 ], [ 14.21600578, 37.92318663 ], [ 14.21620637, 37.92334578 ], [ 14.21669399, 37.92371824 ], [ 14.21674409, 37.92375891 ], [ 14.21664502, 37.92385325 ] ] ] } },
{ "type": "Feature", "properties": { "gml_id": "CadastralParcel.IT.AGE.PLA.I028_002800.287", "INSPIREID_LOCALID": "IT.AGE.PLA.I028_002800.287", "INSPIREID_NAMESPACE": "IT.AGE.PLA.", "LABEL": "287", "NATIONALCADASTRALREFERENCE": "I028_002800.287", "ADMINISTRATIVEUNIT": "I028" }, "geometry": { "type": "Polygon", "coordinates": [ [ [ 14.2175379, 37.92308585 ], [ 14.21684108, 37.92254989 ], [ 14.21674317, 37.92247568 ], [ 14.21688616, 37.92234184 ], [ 14.21698468, 37.92241595 ], [ 14.21738973, 37.92274296 ], [ 14.21768073, 37.9229671 ], [ 14.21756433, 37.92306865 ], [ 14.2175379, 37.92308585 ] ] ] } },
{ "type": "Feature", "properties": { "gml_id": "CadastralParcel.IT.AGE.PLA.I028_003800.29", "INSPIREID_LOCALID": "IT.AGE.PLA.I028_003800.29", "INSPIREID_NAMESPACE": "IT.AGE.PLA.", "LABEL": "29", "NATIONALCADASTRALREFERENCE": "I028_003800.29", "ADMINISTRATIVEUNIT": "I028" }, "geometry": { "type": "Polygon", "coordinates": [ [ [ 14.21690922, 37.92232022 ], [ 14.21688616, 37.92234184 ], [ 14.21675846, 37.92246137 ], [ 14.2167578, 37.92246089 ], [ 14.21667198, 37.92239772 ], [ 14.21647334, 37.92224858 ], [ 14.21619813, 37.92205725 ], [ 14.2158981, 37.92185209 ], [ 14.21595524, 37.92179282 ], [ 14.21610486, 37.92168224 ], [ 14.21636973, 37.92188658 ], [ 14.21663463, 37.92210005 ], [ 14.21685387, 37.92227672 ], [ 14.21690391, 37.92231605 ], [ 14.21690922, 37.92232022 ] ] ] } },
{ "type": "Feature", "properties": { "gml_id": "CadastralParcel.IT.AGE.PLA.I028_003800.30", "INSPIREID_LOCALID": "IT.AGE.PLA.I028_003800.30", "INSPIREID_NAMESPACE": "IT.AGE.PLA.", "LABEL": "30", "NATIONALCADASTRALREFERENCE": "I028_003800.30", "ADMINISTRATIVEUNIT": "I028" }, "geometry": { "type": "Polygon", "coordinates": [ [ [ 14.21711879, 37.92215033 ], [ 14.21712069, 37.9221516 ], [ 14.21711443, 37.92215729 ], [ 14.21703644, 37.92220826 ], [ 14.21697353, 37.92225991 ], [ 14.21690922, 37.92232022 ], [ 14.21690391, 37.92231605 ], [ 14.21685387, 37.92227672 ], [ 14.21663463, 37.92210005 ], [ 14.21636973, 37.92188658 ], [ 14.21610486, 37.92168224 ], [ 14.21611234, 37.92166645 ], [ 14.21622978, 37.92153743 ], [ 14.21625173, 37.921523 ], [ 14.21673326, 37.92187589 ], [ 14.21703729, 37.92209607 ], [ 14.21711879, 37.92215033 ] ] ] } },
{ "type": "Feature", "properties": { "gml_id": "CadastralParcel.IT.AGE.PLA.I028_002800.305", "INSPIREID_LOCALID": "IT.AGE.PLA.I028_002800.305", "INSPIREID_NAMESPACE": "IT.AGE.PLA.", "LABEL": "305", "NATIONALCADASTRALREFERENCE": "I028_002800.305", "ADMINISTRATIVEUNIT": "I028" }, "geometry": { "type": "Polygon", "coordinates": [ [ [ 14.21879067, 37.92595888 ], [ 14.2189657, 37.92580936 ], [ 14.21920493, 37.92560466 ], [ 14.21936977, 37.92570124 ], [ 14.2197253, 37.92596478 ], [ 14.2200379, 37.92619489 ], [ 14.2197965, 37.92614185 ], [ 14.21906579, 37.92601092 ], [ 14.21879067, 37.92595888 ] ] ] } },
{ "type": "Feature", "properties": { "gml_id": "CadastralParcel.IT.AGE.PLA.I028_003800.32", "INSPIREID_LOCALID": "IT.AGE.PLA.I028_003800.32", "INSPIREID_NAMESPACE": "IT.AGE.PLA.", "LABEL": "32", "NATIONALCADASTRALREFERENCE": "I028_003800.32", "ADMINISTRATIVEUNIT": "I028" }, "geometry": { "type": "Polygon", "coordinates": [ [ [ 14.21752152, 37.9218363 ], [ 14.2176284, 37.92174679 ], [ 14.21769477, 37.9216948 ], [ 14.21780651, 37.92156405 ], [ 14.21786529, 37.92150509 ], [ 14.21804119, 37.92162944 ], [ 14.21835395, 37.92140799 ], [ 14.21871033, 37.92114851 ], [ 14.21878528, 37.92120044 ], [ 14.21898794, 37.92133906 ], [ 14.21868942, 37.92161594 ], [ 14.21849155, 37.92180864 ], [ 14.21841318, 37.92190435 ], [ 14.21865891, 37.92213594 ], [ 14.21831148, 37.92244002 ], [ 14.21822082, 37.92237423 ], [ 14.21752152, 37.9218363 ] ] ] } },
{ "type": "Feature", "properties": { "gml_id": "CadastralParcel.IT.AGE.PLA.I028_003800.33", "INSPIREID_LOCALID": "IT.AGE.PLA.I028_003800.33", "INSPIREID_NAMESPACE": "IT.AGE.PLA.", "LABEL": "33", "NATIONALCADASTRALREFERENCE": "I028_003800.33", "ADMINISTRATIVEUNIT": "I028" }, "geometry": { "type": "Polygon", "coordinates": [ [ [ 14.21866869, 37.922134 ], [ 14.21865891, 37.92213594 ], [ 14.21841318, 37.92190435 ], [ 14.21849155, 37.92180864 ], [ 14.21868942, 37.92161594 ], [ 14.21898794, 37.92133906 ], [ 14.21903969, 37.92135928 ], [ 14.21936809, 37.92148593 ], [ 14.21928363, 37.9215632 ], [ 14.21903905, 37.92179758 ], [ 14.21883613, 37.92198867 ], [ 14.21883953, 37.9219909 ], [ 14.21866772, 37.9221318 ], [ 14.21866869, 37.922134 ] ] ] } },
{ "type": "Feature", "properties": { "gml_id": "CadastralParcel.IT.AGE.PLA.I028_003800.498", "INSPIREID_LOCALID": "IT.AGE.PLA.I028_003800.498", "INSPIREID_NAMESPACE": "IT.AGE.PLA.", "LABEL": "498", "NATIONALCADASTRALREFERENCE": "I028_003800.498", "ADMINISTRATIVEUNIT": "I028" }, "geometry": { "type": "Polygon", "coordinates": [ [ [ 14.2167578, 37.92246089 ], [ 14.21675846, 37.92246137 ], [ 14.21674317, 37.92247568 ], [ 14.21672742, 37.92249036 ], [ 14.21661325, 37.92259909 ], [ 14.21650283, 37.92252205 ], [ 14.21591737, 37.92211525 ], [ 14.21573675, 37.92199221 ], [ 14.21573312, 37.92199475 ], [ 14.2158254, 37.9219082 ], [ 14.2158981, 37.92185209 ], [ 14.21619813, 37.92205725 ], [ 14.21647334, 37.92224858 ], [ 14.21667198, 37.92239772 ], [ 14.2167578, 37.92246089 ] ] ] } },
{ "type": "Feature", "properties": { "gml_id": "CadastralParcel.IT.AGE.PLA.I028_003800.52", "INSPIREID_LOCALID": "IT.AGE.PLA.I028_003800.52", "INSPIREID_NAMESPACE": "IT.AGE.PLA.", "LABEL": "52", "NATIONALCADASTRALREFERENCE": "I028_003800.52", "ADMINISTRATIVEUNIT": "I028" }, "geometry": { "type": "Polygon", "coordinates": [ [ [ 14.21691462, 37.92125401 ], [ 14.21722103, 37.92091968 ], [ 14.21732908, 37.92100667 ], [ 14.21727768, 37.92105138 ], [ 14.21732719, 37.92108755 ], [ 14.21737901, 37.92104292 ], [ 14.21740501, 37.9210643 ], [ 14.2170676, 37.92136133 ], [ 14.21691462, 37.92125401 ] ] ] } },
{ "type": "Feature", "properties": { "gml_id": "CadastralParcel.IT.AGE.PLA.I028_003800.53", "INSPIREID_LOCALID": "IT.AGE.PLA.I028_003800.53", "INSPIREID_NAMESPACE": "IT.AGE.PLA.", "LABEL": "53", "NATIONALCADASTRALREFERENCE": "I028_003800.53", "ADMINISTRATIVEUNIT": "I028" }, "geometry": { "type": "Polygon", "coordinates": [ [ [ 14.21727768, 37.92105138 ], [ 14.21732908, 37.92100667 ], [ 14.21737901, 37.92104292 ], [ 14.21732719, 37.92108755 ], [ 14.21727768, 37.92105138 ] ] ] } },
{ "type": "Feature", "properties": { "gml_id": "CadastralParcel.IT.AGE.PLA.I028_003800.54", "INSPIREID_LOCALID": "IT.AGE.PLA.I028_003800.54", "INSPIREID_NAMESPACE": "IT.AGE.PLA.", "LABEL": "54", "NATIONALCADASTRALREFERENCE": "I028_003800.54", "ADMINISTRATIVEUNIT": "I028" }, "geometry": { "type": "Polygon", "coordinates": [ [ [ 14.2170676, 37.92136133 ], [ 14.21740501, 37.9210643 ], [ 14.21765393, 37.92122587 ], [ 14.21733653, 37.92154736 ], [ 14.2170676, 37.92136133 ] ] ] } },
{ "type": "Feature", "properties": { "gml_id": "CadastralParcel.IT.AGE.PLA.I028_003800.55", "INSPIREID_LOCALID": "IT.AGE.PLA.I028_003800.55", "INSPIREID_NAMESPACE": "IT.AGE.PLA.", "LABEL": "55", "NATIONALCADASTRALREFERENCE": "I028_003800.55", "ADMINISTRATIVEUNIT": "I028" }, "geometry": { "type": "Polygon", "coordinates": [ [ [ 14.21733653, 37.92154736 ], [ 14.21765393, 37.92122587 ], [ 14.21740501, 37.9210643 ], [ 14.21737901, 37.92104292 ], [ 14.21732908, 37.92100667 ], [ 14.21722103, 37.92091968 ], [ 14.21691462, 37.92125401 ], [ 14.21673716, 37.92119594 ], [ 14.21664542, 37.92121045 ], [ 14.21705453, 37.9208042 ], [ 14.21723262, 37.92064815 ], [ 14.21740364, 37.92077123 ], [ 14.21764521, 37.92094996 ], [ 14.21783975, 37.92064071 ], [ 14.21798565, 37.92039702 ], [ 14.21813789, 37.92040139 ], [ 14.21804061, 37.9205474 ], [ 14.2178685, 37.92079289 ], [ 14.21773007, 37.92100063 ], [ 14.21789959, 37.92112624 ], [ 14.21800136, 37.92118303 ], [ 14.21809974, 37.92128246 ], [ 14.21786529, 37.92150509 ], [ 14.21780651, 37.92156405 ], [ 14.21769477, 37.9216948 ], [ 14.2176284, 37.92174679 ], [ 14.21733653, 37.92154736 ] ] ] } },
{ "type": "Feature", "properties": { "gml_id": "CadastralParcel.IT.AGE.PLA.I028_003800.57", "INSPIREID_LOCALID": "IT.AGE.PLA.I028_003800.57", "INSPIREID_NAMESPACE": "IT.AGE.PLA.", "LABEL": "57", "NATIONALCADASTRALREFERENCE": "I028_003800.57", "ADMINISTRATIVEUNIT": "I028" }, "geometry": { "type": "Polygon", "coordinates": [ [ [ 14.21809974, 37.92128246 ], [ 14.21829902, 37.9210777 ], [ 14.21839304, 37.92098643 ], [ 14.21852848, 37.92085976 ], [ 14.21854704, 37.9209508 ], [ 14.21852483, 37.92101723 ], [ 14.21860963, 37.92109932 ], [ 14.21871033, 37.92114851 ], [ 14.21835395, 37.92140799 ], [ 14.21804119, 37.92162944 ], [ 14.21786529, 37.92150509 ], [ 14.21809974, 37.92128246 ] ] ] } },
{ "type": "Feature", "properties": { "gml_id": "CadastralParcel.IT.AGE.PLA.I028_003800.688", "INSPIREID_LOCALID": "IT.AGE.PLA.I028_003800.688", "INSPIREID_NAMESPACE": "IT.AGE.PLA.", "LABEL": "688", "NATIONALCADASTRALREFERENCE": "I028_003800.688", "ADMINISTRATIVEUNIT": "I028" }, "geometry": { "type": "MultiPolygon", "coordinates": [ [ [ [ 14.21752152, 37.9218363 ], [ 14.21745878, 37.92188884 ], [ 14.21739088, 37.92193532 ], [ 14.21720447, 37.92205914 ], [ 14.21716682, 37.92210963 ], [ 14.21712069, 37.9221516 ], [ 14.21711879, 37.92215033 ], [ 14.21703729, 37.92209607 ], [ 14.21673326, 37.92187589 ], [ 14.21625173, 37.921523 ], [ 14.21636664, 37.9214265 ], [ 14.21643114, 37.92137205 ], [ 14.21657254, 37.92127167 ], [ 14.21661809, 37.92123425 ], [ 14.21664542, 37.92121045 ], [ 14.21673716, 37.92119594 ], [ 14.21691462, 37.92125401 ], [ 14.2170676, 37.92136133 ], [ 14.21733653, 37.92154736 ], [ 14.2176284, 37.92174679 ], [ 14.21752152, 37.9218363 ] ], [ [ 14.21638807, 37.92146688 ], [ 14.21634298, 37.92152806 ], [ 14.21640708, 37.92155795 ], [ 14.21645319, 37.9214972 ], [ 14.21638807, 37.92146688 ] ] ] ] } },
{ "type": "Feature", "properties": { "gml_id": "CadastralParcel.IT.AGE.PLA.I028_002800.74", "INSPIREID_LOCALID": "IT.AGE.PLA.I028_002800.74", "INSPIREID_NAMESPACE": "IT.AGE.PLA.", "LABEL": "74", "NATIONALCADASTRALREFERENCE": "I028_002800.74", "ADMINISTRATIVEUNIT": "I028" }, "geometry": { "type": "Polygon", "coordinates": [ [ [ 14.21731468, 37.92721763 ], [ 14.21672455, 37.92676771 ], [ 14.2169187, 37.92667202 ], [ 14.21714785, 37.9263823 ], [ 14.21746905, 37.92664126 ], [ 14.21770612, 37.92682526 ], [ 14.21757487, 37.92693192 ], [ 14.21747907, 37.92706663 ], [ 14.21731468, 37.92721763 ] ] ] } },
{ "type": "Feature", "properties": { "gml_id": "CadastralParcel.IT.AGE.PLA.I028_002800.75", "INSPIREID_LOCALID": "IT.AGE.PLA.I028_002800.75", "INSPIREID_NAMESPACE": "IT.AGE.PLA.", "LABEL": "75", "NATIONALCADASTRALREFERENCE": "I028_002800.75", "ADMINISTRATIVEUNIT": "I028" }, "geometry": { "type": "Polygon", "coordinates": [ [ [ 14.21648697, 37.92660877 ], [ 14.21651902, 37.92658765 ], [ 14.21668166, 37.92643887 ], [ 14.21688884, 37.92623851 ], [ 14.21692168, 37.92620388 ], [ 14.21707948, 37.92632376 ], [ 14.21704326, 37.92637745 ], [ 14.21698149, 37.92647599 ], [ 14.21687008, 37.92663315 ], [ 14.21666114, 37.92674007 ], [ 14.21648697, 37.92660877 ] ] ] } },
{ "type": "Feature", "properties": { "gml_id": "CadastralParcel.IT.AGE.PLA.I028_002800.78", "INSPIREID_LOCALID": "IT.AGE.PLA.I028_002800.78", "INSPIREID_NAMESPACE": "IT.AGE.PLA.", "LABEL": "78", "NATIONALCADASTRALREFERENCE": "I028_002800.78", "ADMINISTRATIVEUNIT": "I028" }, "geometry": { "type": "Polygon", "coordinates": [ [ [ 14.21770612, 37.92682526 ], [ 14.21809838, 37.92652638 ], [ 14.21823975, 37.92640109 ], [ 14.21849625, 37.92663269 ], [ 14.21832843, 37.92678394 ], [ 14.21814581, 37.92694917 ], [ 14.21802559, 37.92704296 ], [ 14.21770612, 37.92682526 ] ] ] } },
{ "type": "Feature", "properties": { "gml_id": "CadastralParcel.IT.AGE.PLA.I028_002800.79", "INSPIREID_LOCALID": "IT.AGE.PLA.I028_002800.79", "INSPIREID_NAMESPACE": "IT.AGE.PLA.", "LABEL": "79", "NATIONALCADASTRALREFERENCE": "I028_002800.79", "ADMINISTRATIVEUNIT": "I028" }, "geometry": { "type": "Polygon", "coordinates": [ [ [ 14.21770612, 37.92682526 ], [ 14.21746905, 37.92664126 ], [ 14.21714785, 37.9263823 ], [ 14.2172235, 37.92629458 ], [ 14.21741744, 37.9260689 ], [ 14.21781207, 37.92633241 ], [ 14.21809838, 37.92652638 ], [ 14.21770612, 37.92682526 ] ] ] } },
{ "type": "Feature", "properties": { "gml_id": "CadastralParcel.IT.AGE.PLA.I028_002800.80", "INSPIREID_LOCALID": "IT.AGE.PLA.I028_002800.80", "INSPIREID_NAMESPACE": "IT.AGE.PLA.", "LABEL": "80", "NATIONALCADASTRALREFERENCE": "I028_002800.80", "ADMINISTRATIVEUNIT": "I028" }, "geometry": { "type": "Polygon", "coordinates": [ [ [ 14.21692168, 37.92620388 ], [ 14.21721246, 37.92595206 ], [ 14.21736033, 37.92604638 ], [ 14.21731411, 37.92609881 ], [ 14.2172737, 37.92613173 ], [ 14.21713511, 37.92626143 ], [ 14.21707948, 37.92632376 ], [ 14.21692168, 37.92620388 ] ] ] } },
{ "type": "Feature", "properties": { "gml_id": "CadastralParcel.IT.AGE.PLA.I028_002800.81", "INSPIREID_LOCALID": "IT.AGE.PLA.I028_002800.81", "INSPIREID_NAMESPACE": "IT.AGE.PLA.", "LABEL": "81", "NATIONALCADASTRALREFERENCE": "I028_002800.81", "ADMINISTRATIVEUNIT": "I028" }, "geometry": { "type": "Polygon", "coordinates": [ [ [ 14.21809838, 37.92652638 ], [ 14.21781207, 37.92633241 ], [ 14.21741744, 37.9260689 ], [ 14.21755064, 37.92589525 ], [ 14.21823975, 37.92640109 ], [ 14.21809838, 37.92652638 ] ] ] } },
{ "type": "Feature", "properties": { "gml_id": "CadastralParcel.IT.AGE.PLA.I028_002800.82", "INSPIREID_LOCALID": "IT.AGE.PLA.I028_002800.82", "INSPIREID_NAMESPACE": "IT.AGE.PLA.", "LABEL": "82", "NATIONALCADASTRALREFERENCE": "I028_002800.82", "ADMINISTRATIVEUNIT": "I028" }, "geometry": { "type": "Polygon", "coordinates": [ [ [ 14.21721246, 37.92595206 ], [ 14.21731166, 37.92587378 ], [ 14.2174092, 37.9257985 ], [ 14.21749078, 37.925848 ], [ 14.21736033, 37.92604638 ], [ 14.21721246, 37.92595206 ] ] ] } },
{ "type": "Feature", "properties": { "gml_id": "CadastralParcel.IT.AGE.PLA.I028_002800.83", "INSPIREID_LOCALID": "IT.AGE.PLA.I028_002800.83", "INSPIREID_NAMESPACE": "IT.AGE.PLA.", "LABEL": "83", "NATIONALCADASTRALREFERENCE": "I028_002800.83", "ADMINISTRATIVEUNIT": "I028" }, "geometry": { "type": "Polygon", "coordinates": [ [ [ 14.21903411, 37.92702268 ], [ 14.21875455, 37.92681972 ], [ 14.21849625, 37.92663269 ], [ 14.21823975, 37.92640109 ], [ 14.21840414, 37.92625612 ], [ 14.21922197, 37.92686362 ], [ 14.21903411, 37.92702268 ] ] ] } },
{ "type": "Feature", "properties": { "gml_id": "CadastralParcel.IT.AGE.PLA.I028_002800.84", "INSPIREID_LOCALID": "IT.AGE.PLA.I028_002800.84", "INSPIREID_NAMESPACE": "IT.AGE.PLA.", "LABEL": "84", "NATIONALCADASTRALREFERENCE": "I028_002800.84", "ADMINISTRATIVEUNIT": "I028" }, "geometry": { "type": "Polygon", "coordinates": [ [ [ 14.21922197, 37.92686362 ], [ 14.21840414, 37.92625612 ], [ 14.21823975, 37.92640109 ], [ 14.21755064, 37.92589525 ], [ 14.21762313, 37.92567993 ], [ 14.21770643, 37.92564507 ], [ 14.21846436, 37.92618338 ], [ 14.21870251, 37.92601306 ], [ 14.21879067, 37.92595888 ], [ 14.21959048, 37.92654187 ], [ 14.21951033, 37.92664393 ], [ 14.21922197, 37.92686362 ] ] ] } },
{ "type": "Feature", "properties": { "gml_id": "CadastralParcel.IT.AGE.PLA.I028_002800.85", "INSPIREID_LOCALID": "IT.AGE.PLA.I028_002800.85", "INSPIREID_NAMESPACE": "IT.AGE.PLA.", "LABEL": "85", "NATIONALCADASTRALREFERENCE": "I028_002800.85", "ADMINISTRATIVEUNIT": "I028" }, "geometry": { "type": "Polygon", "coordinates": [ [ [ 14.2174092, 37.9257985 ], [ 14.21755005, 37.92570835 ], [ 14.21749078, 37.925848 ], [ 14.2174092, 37.9257985 ] ] ] } },
{ "type": "Feature", "properties": { "gml_id": "CadastralParcel.IT.AGE.PLA.I028_002800.87", "INSPIREID_LOCALID": "IT.AGE.PLA.I028_002800.87", "INSPIREID_NAMESPACE": "IT.AGE.PLA.", "LABEL": "87", "NATIONALCADASTRALREFERENCE": "I028_002800.87", "ADMINISTRATIVEUNIT": "I028" }, "geometry": { "type": "Polygon", "coordinates": [ [ [ 14.21959048, 37.92654187 ], [ 14.21879067, 37.92595888 ], [ 14.21906579, 37.92601092 ], [ 14.2197965, 37.92614185 ], [ 14.2200379, 37.92619489 ], [ 14.21959048, 37.92654187 ] ] ] } },
{ "type": "Feature", "properties": { "gml_id": "CadastralParcel.IT.AGE.PLA.I028_003900.STRADA001", "INSPIREID_LOCALID": "IT.AGE.PLA.I028_003900.STRADA001", "INSPIREID_NAMESPACE": "IT.AGE.PLA.", "LABEL": "STRADA001", "NATIONALCADASTRALREFERENCE": "I028_003900.STRADA001", "ADMINISTRATIVEUNIT": "I028" }, "geometry": { "type": "Polygon", "coordinates": [ [ [ 14.2240553, 37.91109657 ], [ 14.2240849, 37.91111229 ], [ 14.22424221, 37.91119585 ], [ 14.22410618, 37.91129418 ], [ 14.22409809, 37.91129978 ], [ 14.22410042, 37.91164155 ], [ 14.22409108, 37.9116719 ], [ 14.22403217, 37.91184675 ], [ 14.22403113, 37.9118492 ], [ 14.22393864, 37.91207013 ], [ 14.22390599, 37.91214278 ], [ 14.22390494, 37.91214462 ], [ 14.22375442, 37.91241592 ], [ 14.22370323, 37.91248532 ], [ 14.22361642, 37.91260391 ], [ 14.22361548, 37.91260519 ], [ 14.22340918, 37.9128195 ], [ 14.22340868, 37.91300679 ], [ 14.22341036, 37.91320293 ], [ 14.22341646, 37.91324997 ], [ 14.22345364, 37.91330046 ], [ 14.22348767, 37.91335913 ], [ 14.22350769, 37.91339363 ], [ 14.22354522, 37.91351795 ], [ 14.22355087, 37.91365925 ], [ 14.22363638, 37.91380099 ], [ 14.22362283, 37.91384795 ], [ 14.22354274, 37.91390023 ], [ 14.22352689, 37.91393861 ], [ 14.22350473, 37.91398231 ], [ 14.22350618, 37.91415481 ], [ 14.22351468, 37.91422516 ], [ 14.2235513, 37.91443244 ], [ 14.2236048, 37.91457135 ], [ 14.22360529, 37.9146403 ], [ 14.22361127, 37.91479245 ], [ 14.22369039, 37.91501027 ], [ 14.22371253, 37.91509194 ], [ 14.22371287, 37.91530946 ], [ 14.22371628, 37.91533863 ], [ 14.22374046, 37.91541818 ], [ 14.22382383, 37.91557328 ], [ 14.22393146, 37.91566485 ], [ 14.22399099, 37.915717 ], [ 14.2241369, 37.91578109 ], [ 14.22414593, 37.91579401 ], [ 14.22423973, 37.91591358 ], [ 14.22429069, 37.91597376 ], [ 14.22437699, 37.91604062 ], [ 14.22444646, 37.91608893 ], [ 14.22460827, 37.91618162 ], [ 14.22487486, 37.91629767 ], [ 14.22494669, 37.91638355 ], [ 14.22514363, 37.91660493 ], [ 14.22509082, 37.91673444 ], [ 14.2250557, 37.91682264 ], [ 14.22504841, 37.91683029 ], [ 14.22508372, 37.9169664 ], [ 14.22515366, 37.91718355 ], [ 14.22529294, 37.91727783 ], [ 14.22539972, 37.91731687 ], [ 14.22551869, 37.91736004 ], [ 14.22555764, 37.9173738 ], [ 14.22570539, 37.91748952 ], [ 14.22590253, 37.91763317 ], [ 14.22605288, 37.91764863 ], [ 14.22616705, 37.91765981 ], [ 14.22621293, 37.91783092 ], [ 14.22624466, 37.91798152 ], [ 14.22628852, 37.91821411 ], [ 14.22630203, 37.91827453 ], [ 14.22642372, 37.91833954 ], [ 14.22649462, 37.91840069 ], [ 14.22656119, 37.91846752 ], [ 14.22659685, 37.91854155 ], [ 14.22665848, 37.91868483 ], [ 14.2267272, 37.91883084 ], [ 14.22676598, 37.91887061 ], [ 14.22686687, 37.91897927 ], [ 14.22694636, 37.91903254 ], [ 14.22698048, 37.91903036 ], [ 14.22703749, 37.91913982 ], [ 14.22710422, 37.91921979 ], [ 14.22710106, 37.91932873 ], [ 14.22713995, 37.91947188 ], [ 14.22704092, 37.91946709 ], [ 14.22698681, 37.91953291 ], [ 14.22698454, 37.9195341 ], [ 14.22702532, 37.91946634 ], [ 14.22702545, 37.91946608 ], [ 14.22704154, 37.91943308 ], [ 14.22703228, 37.91933852 ], [ 14.22702123, 37.91923665 ], [ 14.22691595, 37.91908195 ], [ 14.22684939, 37.91903568 ], [ 14.2267954, 37.91899561 ], [ 14.2267128, 37.91894174 ], [ 14.22667685, 37.91891094 ], [ 14.22663161, 37.91884461 ], [ 14.22659359, 37.91879145 ], [ 14.22657575, 37.91869969 ], [ 14.22655186, 37.91863862 ], [ 14.22648717, 37.91849048 ], [ 14.22642625, 37.91844857 ], [ 14.2263165, 37.91836018 ], [ 14.22618546, 37.91829272 ], [ 14.22614917, 37.91817279 ], [ 14.22611312, 37.91803457 ], [ 14.22609505, 37.91798192 ], [ 14.2260709, 37.91793023 ], [ 14.22602102, 37.91787011 ], [ 14.2259171, 37.91773979 ], [ 14.2258616, 37.9176719 ], [ 14.22582854, 37.91764916 ], [ 14.22574291, 37.91758097 ], [ 14.2255472, 37.91743196 ], [ 14.22532198, 37.91738421 ], [ 14.2250742, 37.91726057 ], [ 14.224918, 37.91731272 ], [ 14.22487199, 37.91720878 ], [ 14.2248701, 37.91719199 ], [ 14.2247127, 37.91704733 ], [ 14.22472922, 37.91684894 ], [ 14.22463356, 37.91678579 ], [ 14.2246347, 37.9166688 ], [ 14.22462156, 37.9166116 ], [ 14.22457497, 37.91649108 ], [ 14.2244792, 37.91662455 ], [ 14.22441698, 37.91671046 ], [ 14.22434009, 37.91681495 ], [ 14.22418725, 37.91703651 ], [ 14.22409879, 37.91716312 ], [ 14.22402805, 37.91726926 ], [ 14.22402838, 37.91743997 ], [ 14.22395651, 37.91753502 ], [ 14.22384475, 37.9176749 ], [ 14.22373431, 37.91778358 ], [ 14.22362553, 37.91787004 ], [ 14.22346411, 37.91799018 ], [ 14.22345501, 37.91810983 ], [ 14.22344767, 37.91830797 ], [ 14.22339551, 37.91845195 ], [ 14.2233444, 37.91859952 ], [ 14.22332771, 37.91878353 ], [ 14.22331136, 37.91892795 ], [ 14.22330426, 37.91907412 ], [ 14.22323193, 37.91913317 ], [ 14.22315625, 37.91920091 ], [ 14.2230185, 37.9193186 ], [ 14.2229688, 37.91934962 ], [ 14.22286727, 37.91940349 ], [ 14.22274694, 37.91945071 ], [ 14.2225776, 37.91950301 ], [ 14.22242122, 37.91957301 ], [ 14.22227083, 37.919634 ], [ 14.22222824, 37.91963864 ], [ 14.22214085, 37.9197561 ], [ 14.2221233, 37.91977164 ], [ 14.22197545, 37.91985752 ], [ 14.22188718, 37.91991191 ], [ 14.22175977, 37.91994562 ], [ 14.22167554, 37.91999651 ], [ 14.22152169, 37.92008826 ], [ 14.22140953, 37.92015131 ], [ 14.22129199, 37.92021294 ], [ 14.22124448, 37.92024001 ], [ 14.22117449, 37.92027179 ], [ 14.22114375, 37.9203207 ], [ 14.22131184, 37.9205656 ], [ 14.2212598, 37.92075709 ], [ 14.22120734, 37.92081358 ], [ 14.22115826, 37.92088047 ], [ 14.22105997, 37.92102542 ], [ 14.22107987, 37.92113563 ], [ 14.22112578, 37.92129331 ], [ 14.22115703, 37.9214039 ], [ 14.22116844, 37.92147798 ], [ 14.22111543, 37.92159028 ], [ 14.22111753, 37.92161097 ], [ 14.22113761, 37.9216911 ], [ 14.22111965, 37.92183535 ], [ 14.22110234, 37.9219447 ], [ 14.22111268, 37.92201862 ], [ 14.22114943, 37.92217428 ], [ 14.2211434, 37.922244 ], [ 14.22114261, 37.92226708 ], [ 14.22113336, 37.92251663 ], [ 14.22104931, 37.92252186 ], [ 14.22103327, 37.92252156 ], [ 14.22102169, 37.92251894 ], [ 14.22102228, 37.92251698 ], [ 14.22102989, 37.9224916 ], [ 14.22103242, 37.92248313 ], [ 14.22103456, 37.9224761 ], [ 14.22106211, 37.92238562 ], [ 14.22106331, 37.9223817 ], [ 14.22109827, 37.92230816 ], [ 14.22110175, 37.92230083 ], [ 14.22110316, 37.92229786 ], [ 14.22108589, 37.92221172 ], [ 14.22108052, 37.92218413 ], [ 14.22105789, 37.92206924 ], [ 14.22104743, 37.9220076 ], [ 14.22103703, 37.9219463 ], [ 14.22103672, 37.921932 ], [ 14.22103796, 37.9219251 ], [ 14.22104781, 37.92187031 ], [ 14.22106935, 37.92176455 ], [ 14.22107126, 37.92173981 ], [ 14.22107259, 37.92172254 ], [ 14.22107236, 37.92171084 ], [ 14.22107073, 37.92155675 ], [ 14.22110043, 37.92146769 ], [ 14.22109363, 37.92143024 ], [ 14.22108913, 37.92141256 ], [ 14.22107259, 37.92134757 ], [ 14.22099412, 37.9210983 ], [ 14.22098855, 37.9210982 ], [ 14.22096867, 37.92097149 ], [ 14.22113902, 37.92080424 ], [ 14.22122389, 37.92071674 ], [ 14.2212436, 37.92056569 ], [ 14.22119504, 37.92048697 ], [ 14.22111392, 37.92037717 ], [ 14.22107055, 37.9203236 ], [ 14.22102446, 37.92023645 ], [ 14.2209384, 37.92010207 ], [ 14.22093521, 37.9199648 ], [ 14.22092948, 37.91991756 ], [ 14.22086925, 37.9197757 ], [ 14.2208221, 37.91971394 ], [ 14.22085244, 37.91956227 ], [ 14.22089033, 37.91931235 ], [ 14.22088526, 37.91926675 ], [ 14.22087355, 37.91902352 ], [ 14.22082472, 37.91891089 ], [ 14.22081395, 37.91873698 ], [ 14.22082416, 37.91865863 ], [ 14.2207017, 37.91854662 ], [ 14.22050948, 37.91838536 ], [ 14.22031901, 37.91824177 ], [ 14.22025384, 37.91818951 ], [ 14.22025216, 37.91818816 ], [ 14.22010657, 37.91811445 ], [ 14.21988554, 37.91805585 ], [ 14.21992381, 37.91783355 ], [ 14.21993461, 37.91778673 ], [ 14.22003713, 37.91737853 ], [ 14.22004111, 37.91736082 ], [ 14.22004621, 37.91734056 ], [ 14.22007054, 37.91723723 ], [ 14.22010231, 37.91709633 ], [ 14.22013471, 37.91699752 ], [ 14.22012941, 37.91695702 ], [ 14.22010452, 37.9167754 ], [ 14.22008905, 37.9167017 ], [ 14.22008556, 37.91668083 ], [ 14.22006716, 37.91659389 ], [ 14.22014381, 37.91651477 ], [ 14.22015439, 37.91650247 ], [ 14.22015623, 37.91650033 ], [ 14.22015789, 37.9164984 ], [ 14.22016441, 37.91642638 ], [ 14.22020361, 37.91639407 ], [ 14.22022536, 37.91637615 ], [ 14.2200589, 37.91627307 ], [ 14.22003035, 37.91625898 ], [ 14.22000439, 37.91624641 ], [ 14.21990172, 37.9161967 ], [ 14.21986777, 37.91608558 ], [ 14.2198466, 37.91600745 ], [ 14.2198371, 37.91595209 ], [ 14.21983161, 37.91584667 ], [ 14.21982977, 37.91576662 ], [ 14.21982849, 37.91571128 ], [ 14.21982219, 37.91570613 ], [ 14.21976266, 37.91565877 ], [ 14.21976375, 37.91564173 ], [ 14.21986691, 37.91569017 ], [ 14.21987893, 37.91580854 ], [ 14.2198571, 37.91590276 ], [ 14.21988574, 37.91604183 ], [ 14.21992971, 37.91618924 ], [ 14.22002306, 37.91622693 ], [ 14.22006383, 37.91625446 ], [ 14.22025143, 37.91637368 ], [ 14.22019644, 37.91643407 ], [ 14.22019142, 37.9165239 ], [ 14.2201077, 37.9165941 ], [ 14.22014093, 37.91677336 ], [ 14.22017877, 37.9170419 ], [ 14.22018451, 37.91710902 ], [ 14.22011543, 37.91732105 ], [ 14.22005359, 37.91755467 ], [ 14.21999087, 37.91782209 ], [ 14.21995593, 37.91802907 ], [ 14.22012168, 37.91806965 ], [ 14.22016343, 37.91808912 ], [ 14.22023396, 37.91813563 ], [ 14.22029301, 37.91817133 ], [ 14.22044045, 37.91827855 ], [ 14.22053163, 37.91834825 ], [ 14.22061456, 37.91841564 ], [ 14.22076088, 37.91853977 ], [ 14.22087865, 37.91864708 ], [ 14.22088118, 37.91873063 ], [ 14.22087888, 37.91890869 ], [ 14.22090767, 37.91902118 ], [ 14.22092606, 37.91915763 ], [ 14.22093366, 37.91926881 ], [ 14.22092424, 37.91938186 ], [ 14.22090306, 37.91955485 ], [ 14.22086369, 37.91970364 ], [ 14.22091491, 37.91976663 ], [ 14.22097838, 37.91990352 ], [ 14.22098354, 37.91994672 ], [ 14.22098391, 37.92010888 ], [ 14.22101691, 37.92015646 ], [ 14.22108927, 37.92025288 ], [ 14.22115463, 37.92021019 ], [ 14.22125035, 37.92016807 ], [ 14.22132464, 37.92013506 ], [ 14.22147123, 37.92007188 ], [ 14.22152987, 37.92003374 ], [ 14.22160717, 37.91998791 ], [ 14.22166439, 37.91995014 ], [ 14.22176523, 37.91988943 ], [ 14.22187427, 37.91986276 ], [ 14.22197258, 37.91978086 ], [ 14.22212279, 37.91971572 ], [ 14.22216264, 37.91960942 ], [ 14.22220352, 37.91959114 ], [ 14.22224708, 37.91959063 ], [ 14.22225916, 37.9195919 ], [ 14.22235187, 37.91954967 ], [ 14.22249595, 37.91947796 ], [ 14.22267152, 37.91941707 ], [ 14.22291548, 37.91933135 ], [ 14.22299212, 37.9192975 ], [ 14.22308376, 37.91919476 ], [ 14.22318321, 37.91908954 ], [ 14.22324855, 37.91901847 ], [ 14.22323415, 37.91887718 ], [ 14.2232263, 37.91875643 ], [ 14.22325022, 37.91860307 ], [ 14.22323446, 37.91846328 ], [ 14.22322029, 37.91833746 ], [ 14.22328292, 37.91832607 ], [ 14.2233651, 37.91827435 ], [ 14.22338466, 37.9181689 ], [ 14.22342415, 37.91796321 ], [ 14.22358754, 37.9178368 ], [ 14.22368061, 37.91776721 ], [ 14.22373902, 37.91767629 ], [ 14.22384944, 37.91749428 ], [ 14.22394932, 37.91740876 ], [ 14.22396258, 37.91723973 ], [ 14.22405376, 37.91712271 ], [ 14.22414841, 37.91699982 ], [ 14.2242946, 37.91682676 ], [ 14.22431851, 37.91679762 ], [ 14.2243707, 37.9166739 ], [ 14.22441176, 37.9165504 ], [ 14.22440383, 37.9163313 ], [ 14.22435968, 37.91627946 ], [ 14.2242073, 37.91610636 ], [ 14.22408845, 37.91599042 ], [ 14.22401286, 37.91584629 ], [ 14.22370892, 37.91570608 ], [ 14.22367461, 37.91562063 ], [ 14.22368271, 37.91551497 ], [ 14.22359543, 37.91536987 ], [ 14.22355426, 37.91524241 ], [ 14.22356821, 37.91519521 ], [ 14.22361655, 37.91517484 ], [ 14.22364897, 37.91506527 ], [ 14.22365574, 37.91505686 ], [ 14.22362614, 37.9150137 ], [ 14.2235782, 37.91492675 ], [ 14.2235516, 37.91479656 ], [ 14.2235152, 37.91461539 ], [ 14.22347859, 37.91442744 ], [ 14.22343555, 37.91422684 ], [ 14.22339524, 37.91404687 ], [ 14.22346487, 37.91397113 ], [ 14.22349744, 37.91388915 ], [ 14.22357108, 37.91384079 ], [ 14.22353996, 37.9137707 ], [ 14.22348852, 37.9136998 ], [ 14.22348196, 37.91361933 ], [ 14.22348131, 37.91361119 ], [ 14.22344675, 37.9134775 ], [ 14.22334571, 37.91329607 ], [ 14.22334563, 37.91326841 ], [ 14.22333913, 37.91322432 ], [ 14.22333565, 37.91312025 ], [ 14.22330206, 37.91302174 ], [ 14.2233132, 37.91293257 ], [ 14.22333125, 37.91281734 ], [ 14.22344081, 37.912683 ], [ 14.22349195, 37.91262319 ], [ 14.22355041, 37.91247644 ], [ 14.22357957, 37.91243183 ], [ 14.22371222, 37.91222864 ], [ 14.22375906, 37.91215822 ], [ 14.22379902, 37.91198015 ], [ 14.22383913, 37.91186545 ], [ 14.22385087, 37.91183194 ], [ 14.22387291, 37.91176971 ], [ 14.22391745, 37.9117001 ], [ 14.22389462, 37.9115608 ], [ 14.22387549, 37.9113188 ], [ 14.22402921, 37.9112375 ], [ 14.2239672, 37.91113104 ], [ 14.22386811, 37.91107761 ], [ 14.22374341, 37.91101424 ], [ 14.22363232, 37.91092631 ], [ 14.22341836, 37.91076373 ], [ 14.223171, 37.91056833 ], [ 14.22313898, 37.91054068 ], [ 14.22304741, 37.91047974 ], [ 14.22283692, 37.91035074 ], [ 14.22267587, 37.91023629 ], [ 14.2224034, 37.91003356 ], [ 14.22222836, 37.90990622 ], [ 14.22209762, 37.9098605 ], [ 14.22194424, 37.90981912 ], [ 14.22171676, 37.90966178 ], [ 14.22160382, 37.90954402 ], [ 14.22146198, 37.90942067 ], [ 14.22119713, 37.90918549 ], [ 14.22112722, 37.90915001 ], [ 14.22102256, 37.90909244 ], [ 14.2207574, 37.90894806 ], [ 14.22039511, 37.9089016 ], [ 14.2202335, 37.90882633 ], [ 14.22023079, 37.90882508 ], [ 14.2200914, 37.90859268 ], [ 14.22006404, 37.90854243 ], [ 14.22002583, 37.90847032 ], [ 14.21997792, 37.90838279 ], [ 14.21992997, 37.9083098 ], [ 14.21993135, 37.90830812 ], [ 14.22008967, 37.90811851 ], [ 14.2201072, 37.90809908 ], [ 14.2201044, 37.90809738 ], [ 14.22010859, 37.90809228 ], [ 14.22039877, 37.90825679 ], [ 14.22040682, 37.90826142 ], [ 14.22062328, 37.90838591 ], [ 14.22062071, 37.90839076 ], [ 14.22055216, 37.90853853 ], [ 14.22055601, 37.90854114 ], [ 14.22055133, 37.90854031 ], [ 14.22062128, 37.90858547 ], [ 14.22099696, 37.9088266 ], [ 14.2209992, 37.90882803 ], [ 14.22115765, 37.90892973 ], [ 14.22122977, 37.90897602 ], [ 14.22134634, 37.90905203 ], [ 14.2215492, 37.90918429 ], [ 14.22161184, 37.90925957 ], [ 14.22162319, 37.90927369 ], [ 14.2216253, 37.90927613 ], [ 14.22162685, 37.90927791 ], [ 14.22179855, 37.90946146 ], [ 14.22181417, 37.90947297 ], [ 14.2219104, 37.90954232 ], [ 14.22197961, 37.9095919 ], [ 14.22205456, 37.9096456 ], [ 14.22205765, 37.90964781 ], [ 14.22215727, 37.90967806 ], [ 14.22240721, 37.90975148 ], [ 14.22240779, 37.90975165 ], [ 14.22254445, 37.90979179 ], [ 14.22254479, 37.90979189 ], [ 14.22271376, 37.90984152 ], [ 14.22276311, 37.90989728 ], [ 14.22292509, 37.9100846 ], [ 14.22307477, 37.91025428 ], [ 14.22308203, 37.91025733 ], [ 14.22317489, 37.91038978 ], [ 14.22325457, 37.91049761 ], [ 14.22326128, 37.91050321 ], [ 14.22325692, 37.91050079 ], [ 14.22339466, 37.91061486 ], [ 14.22341684, 37.91063316 ], [ 14.22358175, 37.91076922 ], [ 14.22361669, 37.91079805 ], [ 14.22364058, 37.91081497 ], [ 14.22364369, 37.91081714 ], [ 14.22379561, 37.91092298 ], [ 14.22381495, 37.91093603 ], [ 14.22404808, 37.91109273 ], [ 14.2240553, 37.91109657 ] ] ] } },
{ "type": "Feature", "properties": { "gml_id": "CadastralParcel.IT.AGE.PLA.I028_002800.STRADA004", "INSPIREID_LOCALID": "IT.AGE.PLA.I028_002800.STRADA004", "INSPIREID_NAMESPACE": "IT.AGE.PLA.", "LABEL": "STRADA004", "NATIONALCADASTRALREFERENCE": "I028_002800.STRADA004", "ADMINISTRATIVEUNIT": "I028" }, "geometry": { "type": "Polygon", "coordinates": [ [ [ 14.22104931, 37.92252186 ], [ 14.22113406, 37.92251675 ], [ 14.22112253, 37.92253304 ], [ 14.22097845, 37.92277101 ], [ 14.22101838, 37.92278011 ], [ 14.22098954, 37.92289499 ], [ 14.22080844, 37.9230348 ], [ 14.2207544, 37.9229987 ], [ 14.22066077, 37.9231138 ], [ 14.22035346, 37.92332159 ], [ 14.22026628, 37.92341166 ], [ 14.22007343, 37.92363503 ], [ 14.21982266, 37.92373763 ], [ 14.21960779, 37.92393084 ], [ 14.21945366, 37.92406963 ], [ 14.21934381, 37.92416071 ], [ 14.21928445, 37.92422296 ], [ 14.21915957, 37.92435474 ], [ 14.21906013, 37.92445628 ], [ 14.21891815, 37.92455236 ], [ 14.21873933, 37.92469997 ], [ 14.21869974, 37.92472971 ], [ 14.21852589, 37.92488938 ], [ 14.21846791, 37.92494338 ], [ 14.21831944, 37.92512319 ], [ 14.21820402, 37.92518497 ], [ 14.21815021, 37.92525434 ], [ 14.21800117, 37.92539117 ], [ 14.21792214, 37.92546673 ], [ 14.21784845, 37.92549239 ], [ 14.21770643, 37.92564507 ], [ 14.21762313, 37.92567993 ], [ 14.21755064, 37.92589525 ], [ 14.21741744, 37.9260689 ], [ 14.2172235, 37.92629458 ], [ 14.21714785, 37.9263823 ], [ 14.2169187, 37.92667202 ], [ 14.21672455, 37.92676771 ], [ 14.21634839, 37.92699998 ], [ 14.21622252, 37.92716951 ], [ 14.21615159, 37.92717647 ], [ 14.21593771, 37.92749334 ], [ 14.21593241, 37.92760115 ], [ 14.21586437, 37.92765716 ], [ 14.21559661, 37.92787848 ], [ 14.21559081, 37.92788149 ], [ 14.21559001, 37.92787538 ], [ 14.21522934, 37.92807566 ], [ 14.21511122, 37.92819597 ], [ 14.21506021, 37.92835615 ], [ 14.21497894, 37.92848223 ], [ 14.2144945, 37.92919985 ], [ 14.21443031, 37.92928987 ], [ 14.21436929, 37.92934533 ], [ 14.21430278, 37.9294017 ], [ 14.21407104, 37.92954083 ], [ 14.21402625, 37.92955984 ], [ 14.21392296, 37.92959722 ], [ 14.21371309, 37.92971552 ], [ 14.21343291, 37.9298963 ], [ 14.21335697, 37.92994529 ], [ 14.21332244, 37.92996757 ], [ 14.2133089, 37.92997779 ], [ 14.21317151, 37.93008148 ], [ 14.21283595, 37.93033476 ], [ 14.21282334, 37.93034294 ], [ 14.21263256, 37.93040769 ], [ 14.21244936, 37.93046836 ], [ 14.21243088, 37.93047385 ], [ 14.21229663, 37.93051375 ], [ 14.21208067, 37.93045213 ], [ 14.21180678, 37.93049812 ], [ 14.21169795, 37.93043921 ], [ 14.21150031, 37.93033223 ], [ 14.21136397, 37.93025048 ], [ 14.21109225, 37.93027306 ], [ 14.21101691, 37.93027932 ], [ 14.21045053, 37.93051791 ], [ 14.21043567, 37.9305263 ], [ 14.2104338, 37.93052486 ], [ 14.210435, 37.93052372 ], [ 14.21043623, 37.93052256 ], [ 14.21032531, 37.93044136 ], [ 14.21032361, 37.93044005 ], [ 14.2104182, 37.93031677 ], [ 14.2105412, 37.93036601 ], [ 14.21064184, 37.93035312 ], [ 14.21069447, 37.93030734 ], [ 14.21082994, 37.93024419 ], [ 14.21094257, 37.9302137 ], [ 14.21123019, 37.93019246 ], [ 14.21139255, 37.9301828 ], [ 14.21181349, 37.93042096 ], [ 14.2120775, 37.93037437 ], [ 14.21231664, 37.93042932 ], [ 14.21273982, 37.93025887 ], [ 14.21280572, 37.93022985 ], [ 14.21297108, 37.93014746 ], [ 14.2130744, 37.93005522 ], [ 14.21309816, 37.93001195 ], [ 14.21326372, 37.92987822 ], [ 14.21343729, 37.92978303 ], [ 14.21372848, 37.92961873 ], [ 14.21382648, 37.92956622 ], [ 14.21390278, 37.92953749 ], [ 14.21403166, 37.92949332 ], [ 14.21415642, 37.92941131 ], [ 14.21424571, 37.92935419 ], [ 14.21434842, 37.92925387 ], [ 14.2144348, 37.92915078 ], [ 14.21457508, 37.92894523 ], [ 14.2147058, 37.9287515 ], [ 14.2148387, 37.92854077 ], [ 14.21490277, 37.92842135 ], [ 14.21500661, 37.92812975 ], [ 14.2152519, 37.92798435 ], [ 14.21533597, 37.92793506 ], [ 14.21554339, 37.92786432 ], [ 14.21556809, 37.92782457 ], [ 14.21575749, 37.92768543 ], [ 14.21587212, 37.9275905 ], [ 14.2158901, 37.92746456 ], [ 14.21601829, 37.92728942 ], [ 14.21613144, 37.92712473 ], [ 14.21623475, 37.92702363 ], [ 14.21629438, 37.9269587 ], [ 14.21654111, 37.92680869 ], [ 14.21666114, 37.92674007 ], [ 14.21687008, 37.92663315 ], [ 14.21698149, 37.92647599 ], [ 14.21704326, 37.92637745 ], [ 14.21707948, 37.92632376 ], [ 14.21713511, 37.92626143 ], [ 14.2172737, 37.92613173 ], [ 14.21731411, 37.92609881 ], [ 14.21736033, 37.92604638 ], [ 14.21749078, 37.925848 ], [ 14.21755005, 37.92570835 ], [ 14.2176467, 37.92559511 ], [ 14.21781244, 37.92547561 ], [ 14.21794052, 37.92537905 ], [ 14.21806145, 37.92528799 ], [ 14.2181295, 37.92522821 ], [ 14.21823061, 37.92510964 ], [ 14.21841525, 37.92489579 ], [ 14.21848414, 37.92482077 ], [ 14.21863992, 37.92472714 ], [ 14.21867683, 37.92467532 ], [ 14.21884964, 37.92453109 ], [ 14.21899468, 37.9244046 ], [ 14.21920521, 37.92426465 ], [ 14.21929141, 37.92414706 ], [ 14.21936863, 37.92407505 ], [ 14.21947882, 37.9239684 ], [ 14.21964073, 37.92383714 ], [ 14.21978251, 37.9237085 ], [ 14.21989431, 37.92361955 ], [ 14.21988836, 37.9235429 ], [ 14.22002657, 37.92348835 ], [ 14.22008166, 37.92352446 ], [ 14.22019933, 37.92341545 ], [ 14.22031477, 37.9232979 ], [ 14.22039383, 37.92321557 ], [ 14.22058952, 37.92311338 ], [ 14.22062781, 37.92306198 ], [ 14.22066335, 37.9229718 ], [ 14.22076556, 37.92290416 ], [ 14.22086422, 37.92282704 ], [ 14.22093838, 37.92269456 ], [ 14.22103327, 37.92252156 ], [ 14.22104931, 37.92252186 ] ] ] } },
{ "type": "Feature", "properties": { "gml_id": "CadastralParcel.IT.AGE.PLA.I028_002700.STRADA005", "INSPIREID_LOCALID": "IT.AGE.PLA.I028_002700.STRADA005", "INSPIREID_NAMESPACE": "IT.AGE.PLA.", "LABEL": "STRADA005", "NATIONALCADASTRALREFERENCE": "I028_002700.STRADA005", "ADMINISTRATIVEUNIT": "I028" }, "geometry": { "type": "Polygon", "coordinates": [ [ [ 14.20421759, 37.92949412 ], [ 14.20419415, 37.92947324 ], [ 14.20441233, 37.9293596 ], [ 14.20496665, 37.92906289 ], [ 14.20532948, 37.92900835 ], [ 14.20539549, 37.92898677 ], [ 14.20571567, 37.92887477 ], [ 14.20584297, 37.92876956 ], [ 14.20598363, 37.92873327 ], [ 14.20612025, 37.92869219 ], [ 14.20618265, 37.92866063 ], [ 14.20628233, 37.92860257 ], [ 14.20630806, 37.92858417 ], [ 14.20638436, 37.92850495 ], [ 14.20662271, 37.92844296 ], [ 14.20673401, 37.92835259 ], [ 14.20694025, 37.92824377 ], [ 14.20699606, 37.92822436 ], [ 14.20723252, 37.92815344 ], [ 14.20744841, 37.92808871 ], [ 14.20766668, 37.92798878 ], [ 14.20826131, 37.92775352 ], [ 14.2083153, 37.92774205 ], [ 14.20830153, 37.92764116 ], [ 14.2082692, 37.92749874 ], [ 14.20819796, 37.92742965 ], [ 14.20803115, 37.92732705 ], [ 14.20808206, 37.92723903 ], [ 14.20805227, 37.9271811 ], [ 14.20796371, 37.92700263 ], [ 14.20794156, 37.92686677 ], [ 14.2080122, 37.92666942 ], [ 14.20803671, 37.9265998 ], [ 14.20825988, 37.92640977 ], [ 14.20827387, 37.92634202 ], [ 14.20830215, 37.92627161 ], [ 14.20843669, 37.92623573 ], [ 14.20841268, 37.92622057 ], [ 14.20839517, 37.9260725 ], [ 14.20832193, 37.92598311 ], [ 14.20828062, 37.9258648 ], [ 14.20822135, 37.92572251 ], [ 14.20823441, 37.92567124 ], [ 14.20796223, 37.92540723 ], [ 14.20781445, 37.92515837 ], [ 14.20773764, 37.92507346 ], [ 14.20769981, 37.92502249 ], [ 14.20769973, 37.92499321 ], [ 14.20770699, 37.92495773 ], [ 14.20778419, 37.92478008 ], [ 14.20785198, 37.92475822 ], [ 14.20802196, 37.92462676 ], [ 14.20825047, 37.92432454 ], [ 14.20831502, 37.92428373 ], [ 14.20842433, 37.92425562 ], [ 14.20852273, 37.92420274 ], [ 14.20871581, 37.92416151 ], [ 14.20894597, 37.9242087 ], [ 14.20901183, 37.9242603 ], [ 14.20928636, 37.92443313 ], [ 14.209395, 37.92446157 ], [ 14.20948884, 37.92445413 ], [ 14.20962161, 37.92441876 ], [ 14.20965308, 37.92436854 ], [ 14.20977653, 37.92430152 ], [ 14.20984463, 37.92426206 ], [ 14.20999512, 37.92415477 ], [ 14.21007063, 37.92407919 ], [ 14.21027427, 37.923978 ], [ 14.21046604, 37.92392645 ], [ 14.21071758, 37.92394118 ], [ 14.21088816, 37.92391624 ], [ 14.21111658, 37.92390424 ], [ 14.21135854, 37.92387034 ], [ 14.21159481, 37.92392426 ], [ 14.21157119, 37.92392871 ], [ 14.21155194, 37.92393233 ], [ 14.21144247, 37.9239179 ], [ 14.21139884, 37.92391065 ], [ 14.21135698, 37.92390369 ], [ 14.2113211, 37.92389773 ], [ 14.21119463, 37.92391531 ], [ 14.21118165, 37.92391711 ], [ 14.21111488, 37.92392639 ], [ 14.21111576, 37.92392212 ], [ 14.21085448, 37.92394197 ], [ 14.21066974, 37.9239685 ], [ 14.21047185, 37.92395046 ], [ 14.21028842, 37.92399692 ], [ 14.2101031, 37.92409562 ], [ 14.21005463, 37.92414218 ], [ 14.20987995, 37.92427884 ], [ 14.20984591, 37.92430099 ], [ 14.20967606, 37.9243849 ], [ 14.20964454, 37.92442739 ], [ 14.20952162, 37.92447925 ], [ 14.20937899, 37.92448652 ], [ 14.20927888, 37.92445618 ], [ 14.20921282, 37.9244095 ], [ 14.2090851, 37.92434478 ], [ 14.20894599, 37.9242505 ], [ 14.20884555, 37.92420919 ], [ 14.20870728, 37.92418768 ], [ 14.20855745, 37.92421344 ], [ 14.20843287, 37.92426602 ], [ 14.20837899, 37.92429684 ], [ 14.20829921, 37.92432539 ], [ 14.20824834, 37.92437609 ], [ 14.20810738, 37.92455315 ], [ 14.20804451, 37.92464929 ], [ 14.20787231, 37.92479126 ], [ 14.20784958, 37.92479587 ], [ 14.20773968, 37.9249524 ], [ 14.20773984, 37.92500812 ], [ 14.20782316, 37.9251239 ], [ 14.20798029, 37.92536824 ], [ 14.20826489, 37.92566323 ], [ 14.20825629, 37.92571703 ], [ 14.20835458, 37.92597957 ], [ 14.20842366, 37.92602693 ], [ 14.20847766, 37.92618854 ], [ 14.20846882, 37.92624639 ], [ 14.20832476, 37.9263042 ], [ 14.20829536, 37.92640486 ], [ 14.20814096, 37.92655777 ], [ 14.2080696, 37.9266197 ], [ 14.20797949, 37.92686331 ], [ 14.20799922, 37.92698688 ], [ 14.20810376, 37.92718145 ], [ 14.20813567, 37.92730019 ], [ 14.20823048, 37.92741902 ], [ 14.20830638, 37.92749014 ], [ 14.20831506, 37.92762512 ], [ 14.20836766, 37.92776119 ], [ 14.20828416, 37.92777346 ], [ 14.20787826, 37.92794225 ], [ 14.20757246, 37.92806052 ], [ 14.20747776, 37.92811579 ], [ 14.20701403, 37.92824961 ], [ 14.20682432, 37.92833596 ], [ 14.20670413, 37.9284152 ], [ 14.20666362, 37.92844591 ], [ 14.20664795, 37.92845909 ], [ 14.20639967, 37.92853261 ], [ 14.20629009, 37.92862631 ], [ 14.20617448, 37.92868958 ], [ 14.20612112, 37.92872193 ], [ 14.20584224, 37.92880981 ], [ 14.20573492, 37.92889851 ], [ 14.20543453, 37.92902913 ], [ 14.20513114, 37.92907134 ], [ 14.20497626, 37.92909972 ], [ 14.20421759, 37.92949412 ] ] ] } },
{ "type": "Feature", "properties": { "gml_id": "CadastralParcel.IT.AGE.PLA.I028_001700.9", "INSPIREID_LOCALID": "IT.AGE.PLA.I028_001700.9", "INSPIREID_NAMESPACE": "IT.AGE.PLA.", "LABEL": "9", "NATIONALCADASTRALREFERENCE": "I028_001700.9", "ADMINISTRATIVEUNIT": "I028" }, "geometry": { "type": "Polygon", "coordinates": [ [ [ 14.22910088, 37.93054749 ], [ 14.22907606, 37.93058953 ], [ 14.2290401, 37.93115657 ], [ 14.2288037, 37.93129816 ], [ 14.22872292, 37.93141549 ], [ 14.22867075, 37.93158369 ], [ 14.22868479, 37.93167201 ], [ 14.22729365, 37.93257175 ], [ 14.22703685, 37.93241322 ], [ 14.22694763, 37.93217154 ], [ 14.22653558, 37.93206733 ], [ 14.22615491, 37.932185 ], [ 14.22608808, 37.93279756 ], [ 14.22687312, 37.93297217 ], [ 14.22727321, 37.93259031 ], [ 14.22700681, 37.93342439 ], [ 14.22596154, 37.93542201 ], [ 14.22564083, 37.93578086 ], [ 14.22497872, 37.93632792 ], [ 14.22394738, 37.93688637 ], [ 14.22353664, 37.93634183 ], [ 14.22314969, 37.9362523 ], [ 14.22283447, 37.93589691 ], [ 14.22261332, 37.93547828 ], [ 14.22470575, 37.93244326 ], [ 14.22555023, 37.93187295 ], [ 14.22673751, 37.93109014 ], [ 14.22854745, 37.93069312 ], [ 14.22907432, 37.93055448 ], [ 14.22910088, 37.93054749 ] ] ] } },
{ "type": "Feature", "properties": { "gml_id": "CadastralParcel.IT.AGE.PLA.I028_003900.STRADA002", "INSPIREID_LOCALID": "IT.AGE.PLA.I028_003900.STRADA002", "INSPIREID_NAMESPACE": "IT.AGE.PLA.", "LABEL": "STRADA002", "NATIONALCADASTRALREFERENCE": "I028_003900.STRADA002", "ADMINISTRATIVEUNIT": "I028" }, "geometry": { "type": "Polygon", "coordinates": [ [ [ 14.2240553, 37.91109657 ], [ 14.2240849, 37.91111229 ], [ 14.22424221, 37.91119585 ], [ 14.22410618, 37.91129418 ], [ 14.22409809, 37.91129978 ], [ 14.22410042, 37.91164155 ], [ 14.22409108, 37.9116719 ], [ 14.22403217, 37.91184675 ], [ 14.22403113, 37.9118492 ], [ 14.22393864, 37.91207013 ], [ 14.22390599, 37.91214278 ], [ 14.22390494, 37.91214462 ], [ 14.22375442, 37.91241592 ], [ 14.22370323, 37.91248532 ], [ 14.22361642, 37.91260391 ], [ 14.22361548, 37.91260519 ], [ 14.22340918, 37.9128195 ], [ 14.22340868, 37.91300679 ], [ 14.22341036, 37.91320293 ], [ 14.22341646, 37.91324997 ], [ 14.22345364, 37.91330046 ], [ 14.22348767, 37.91335913 ], [ 14.22350769, 37.91339363 ], [ 14.22354522, 37.91351795 ], [ 14.22355087, 37.91365925 ], [ 14.22363638, 37.91380099 ], [ 14.22362283, 37.91384795 ], [ 14.22354274, 37.91390023 ], [ 14.22352689, 37.91393861 ], [ 14.22350473, 37.91398231 ], [ 14.22350618, 37.91415481 ], [ 14.22351468, 37.91422516 ], [ 14.2235513, 37.91443244 ], [ 14.2236048, 37.91457135 ], [ 14.22360529, 37.9146403 ], [ 14.22361127, 37.91479245 ], [ 14.22369039, 37.91501027 ], [ 14.22371253, 37.91509194 ], [ 14.22371287, 37.91530946 ], [ 14.22371628, 37.91533863 ], [ 14.22374046, 37.91541818 ], [ 14.22382383, 37.91557328 ], [ 14.22393146, 37.91566485 ], [ 14.22399099, 37.915717 ], [ 14.2241369, 37.91578109 ], [ 14.22414593, 37.91579401 ], [ 14.22423973, 37.91591358 ], [ 14.22429069, 37.91597376 ], [ 14.22437699, 37.91604062 ], [ 14.22444646, 37.91608893 ], [ 14.22460827, 37.91618162 ], [ 14.22487486, 37.91629767 ], [ 14.22494669, 37.91638355 ], [ 14.22514363, 37.91660493 ], [ 14.22509082, 37.91673444 ], [ 14.2250557, 37.91682264 ], [ 14.22504841, 37.91683029 ], [ 14.22508372, 37.9169664 ], [ 14.22515366, 37.91718355 ], [ 14.22529294, 37.91727783 ], [ 14.22539972, 37.91731687 ], [ 14.22551869, 37.91736004 ], [ 14.22555764, 37.9173738 ], [ 14.22570539, 37.91748952 ], [ 14.22590253, 37.91763317 ], [ 14.22605288, 37.91764863 ], [ 14.22616705, 37.91765981 ], [ 14.22621293, 37.91783092 ], [ 14.22624466, 37.91798152 ], [ 14.22628852, 37.91821411 ], [ 14.22630203, 37.91827453 ], [ 14.22642372, 37.91833954 ], [ 14.22649462, 37.91840069 ], [ 14.22656119, 37.91846752 ], [ 14.22659685, 37.91854155 ], [ 14.22665848, 37.91868483 ], [ 14.2267272, 37.91883084 ], [ 14.22676598, 37.91887061 ], [ 14.22686687, 37.91897927 ], [ 14.22694636, 37.91903254 ], [ 14.22698048, 37.91903036 ], [ 14.22703749, 37.91913982 ], [ 14.22710422, 37.91921979 ], [ 14.22710106, 37.91932873 ], [ 14.22713995, 37.91947188 ], [ 14.22704092, 37.91946709 ], [ 14.22698681, 37.91953291 ], [ 14.22698454, 37.9195341 ], [ 14.22702532, 37.91946634 ], [ 14.22702545, 37.91946608 ], [ 14.22704154, 37.91943308 ], [ 14.22703228, 37.91933852 ], [ 14.22702123, 37.91923665 ], [ 14.22691595, 37.91908195 ], [ 14.22684939, 37.91903568 ], [ 14.2267954, 37.91899561 ], [ 14.2267128, 37.91894174 ], [ 14.22667685, 37.91891094 ], [ 14.22663161, 37.91884461 ], [ 14.22659359, 37.91879145 ], [ 14.22657575, 37.91869969 ], [ 14.22655186, 37.91863862 ], [ 14.22648717, 37.91849048 ], [ 14.22642625, 37.91844857 ], [ 14.2263165, 37.91836018 ], [ 14.22618546, 37.91829272 ], [ 14.22614917, 37.91817279 ], [ 14.22611312, 37.91803457 ], [ 14.22609505, 37.91798192 ], [ 14.2260709, 37.91793023 ], [ 14.22602102, 37.91787011 ], [ 14.2259171, 37.91773979 ], [ 14.2258616, 37.9176719 ], [ 14.22582854, 37.91764916 ], [ 14.22574291, 37.91758097 ], [ 14.2255472, 37.91743196 ], [ 14.22532198, 37.91738421 ], [ 14.2250742, 37.91726057 ], [ 14.224918, 37.91731272 ], [ 14.22487199, 37.91720878 ], [ 14.2248701, 37.91719199 ], [ 14.2247127, 37.91704733 ], [ 14.22472922, 37.91684894 ], [ 14.22463356, 37.91678579 ], [ 14.2246347, 37.9166688 ], [ 14.22462156, 37.9166116 ], [ 14.22457497, 37.91649108 ], [ 14.2244792, 37.91662455 ], [ 14.22441698, 37.91671046 ], [ 14.22434009, 37.91681495 ], [ 14.22418725, 37.91703651 ], [ 14.22409879, 37.91716312 ], [ 14.22402805, 37.91726926 ], [ 14.22402838, 37.91743997 ], [ 14.22395651, 37.91753502 ], [ 14.22384475, 37.9176749 ], [ 14.22373431, 37.91778358 ], [ 14.22362553, 37.91787004 ], [ 14.22346411, 37.91799018 ], [ 14.22345501, 37.91810983 ], [ 14.22344767, 37.91830797 ], [ 14.22339551, 37.91845195 ], [ 14.2233444, 37.91859952 ], [ 14.22332771, 37.91878353 ], [ 14.22331136, 37.91892795 ], [ 14.22330426, 37.91907412 ], [ 14.22323193, 37.91913317 ], [ 14.22315625, 37.91920091 ], [ 14.2230185, 37.9193186 ], [ 14.2229688, 37.91934962 ], [ 14.22286727, 37.91940349 ], [ 14.22274694, 37.91945071 ], [ 14.2225776, 37.91950301 ], [ 14.22242122, 37.91957301 ], [ 14.22227083, 37.919634 ], [ 14.22222824, 37.91963864 ], [ 14.22214085, 37.9197561 ], [ 14.2221233, 37.91977164 ], [ 14.22197545, 37.91985752 ], [ 14.22188718, 37.91991191 ], [ 14.22175977, 37.91994562 ], [ 14.22167554, 37.91999651 ], [ 14.22152169, 37.92008826 ], [ 14.22140953, 37.92015131 ], [ 14.22129199, 37.92021294 ], [ 14.22124448, 37.92024001 ], [ 14.22117449, 37.92027179 ], [ 14.22114375, 37.9203207 ], [ 14.22131184, 37.9205656 ], [ 14.2212598, 37.92075709 ], [ 14.22120734, 37.92081358 ], [ 14.22115826, 37.92088047 ], [ 14.22105997, 37.92102542 ], [ 14.22107987, 37.92113563 ], [ 14.22112578, 37.92129331 ], [ 14.22115703, 37.9214039 ], [ 14.22116844, 37.92147798 ], [ 14.22111543, 37.92159028 ], [ 14.22111753, 37.92161097 ], [ 14.22113761, 37.9216911 ], [ 14.22111965, 37.92183535 ], [ 14.22110234, 37.9219447 ], [ 14.22111268, 37.92201862 ], [ 14.22114943, 37.92217428 ], [ 14.2211434, 37.922244 ], [ 14.22114261, 37.92226708 ], [ 14.22113336, 37.92251663 ], [ 14.22104931, 37.92252186 ], [ 14.22103327, 37.92252156 ], [ 14.22102169, 37.92251894 ], [ 14.22102228, 37.92251698 ], [ 14.22102989, 37.9224916 ], [ 14.22103242, 37.92248313 ], [ 14.22103456, 37.9224761 ], [ 14.22106211, 37.92238562 ], [ 14.22106331, 37.9223817 ], [ 14.22109827, 37.92230816 ], [ 14.22110175, 37.92230083 ], [ 14.22110316, 37.92229786 ], [ 14.22108589, 37.92221172 ], [ 14.22108052, 37.92218413 ], [ 14.22105789, 37.92206924 ], [ 14.22104743, 37.9220076 ], [ 14.22103703, 37.9219463 ], [ 14.22103672, 37.921932 ], [ 14.22103796, 37.9219251 ], [ 14.22104781, 37.92187031 ], [ 14.22106935, 37.92176455 ], [ 14.22107126, 37.92173981 ], [ 14.22107259, 37.92172254 ], [ 14.22107236, 37.92171084 ], [ 14.22107073, 37.92155675 ], [ 14.22110043, 37.92146769 ], [ 14.22109363, 37.92143024 ], [ 14.22108913, 37.92141256 ], [ 14.22107259, 37.92134757 ], [ 14.22099412, 37.9210983 ], [ 14.22098855, 37.9210982 ], [ 14.22096867, 37.92097149 ], [ 14.22113902, 37.92080424 ], [ 14.22122389, 37.92071674 ], [ 14.2212436, 37.92056569 ], [ 14.22119504, 37.92048697 ], [ 14.22111392, 37.92037717 ], [ 14.22107055, 37.9203236 ], [ 14.22102446, 37.92023645 ], [ 14.2209384, 37.92010207 ], [ 14.22093521, 37.9199648 ], [ 14.22092948, 37.91991756 ], [ 14.22086925, 37.9197757 ], [ 14.2208221, 37.91971394 ], [ 14.22085244, 37.91956227 ], [ 14.22089033, 37.91931235 ], [ 14.22088526, 37.91926675 ], [ 14.22087355, 37.91902352 ], [ 14.22082472, 37.91891089 ], [ 14.22081395, 37.91873698 ], [ 14.22082416, 37.91865863 ], [ 14.2207017, 37.91854662 ], [ 14.22050948, 37.91838536 ], [ 14.22031901, 37.91824177 ], [ 14.22025384, 37.91818951 ], [ 14.22025216, 37.91818816 ], [ 14.22010657, 37.91811445 ], [ 14.21988554, 37.91805585 ], [ 14.21992381, 37.91783355 ], [ 14.21993461, 37.91778673 ], [ 14.22003713, 37.91737853 ], [ 14.22004111, 37.91736082 ], [ 14.22004621, 37.91734056 ], [ 14.22007054, 37.91723723 ], [ 14.22010231, 37.91709633 ], [ 14.22013471, 37.91699752 ], [ 14.22012941, 37.91695702 ], [ 14.22010452, 37.9167754 ], [ 14.22008905, 37.9167017 ], [ 14.22008556, 37.91668083 ], [ 14.22006716, 37.91659389 ], [ 14.22014381, 37.91651477 ], [ 14.22015439, 37.91650247 ], [ 14.22015623, 37.91650033 ], [ 14.22015789, 37.9164984 ], [ 14.22016441, 37.91642638 ], [ 14.22020361, 37.91639407 ], [ 14.22022536, 37.91637615 ], [ 14.2200589, 37.91627307 ], [ 14.22003035, 37.91625898 ], [ 14.22000439, 37.91624641 ], [ 14.21990172, 37.9161967 ], [ 14.21986777, 37.91608558 ], [ 14.2198466, 37.91600745 ], [ 14.2198371, 37.91595209 ], [ 14.21983161, 37.91584667 ], [ 14.21982977, 37.91576662 ], [ 14.21982849, 37.91571128 ], [ 14.21982219, 37.91570613 ], [ 14.21976266, 37.91565877 ], [ 14.21976375, 37.91564173 ], [ 14.21986691, 37.91569017 ], [ 14.21987893, 37.91580854 ], [ 14.2198571, 37.91590276 ], [ 14.21988574, 37.91604183 ], [ 14.21992971, 37.91618924 ], [ 14.22002306, 37.91622693 ], [ 14.22006383, 37.91625446 ], [ 14.22025143, 37.91637368 ], [ 14.22019644, 37.91643407 ], [ 14.22019142, 37.9165239 ], [ 14.2201077, 37.9165941 ], [ 14.22014093, 37.91677336 ], [ 14.22017877, 37.9170419 ], [ 14.22018451, 37.91710902 ], [ 14.22011543, 37.91732105 ], [ 14.22005359, 37.91755467 ], [ 14.21999087, 37.91782209 ], [ 14.21995593, 37.91802907 ], [ 14.22012168, 37.91806965 ], [ 14.22016343, 37.91808912 ], [ 14.22023396, 37.91813563 ], [ 14.22029301, 37.91817133 ], [ 14.22044045, 37.91827855 ], [ 14.22053163, 37.91834825 ], [ 14.22061456, 37.91841564 ], [ 14.22076088, 37.91853977 ], [ 14.22087865, 37.91864708 ], [ 14.22088118, 37.91873063 ], [ 14.22087888, 37.91890869 ], [ 14.22090767, 37.91902118 ], [ 14.22092606, 37.91915763 ], [ 14.22093366, 37.91926881 ], [ 14.22092424, 37.91938186 ], [ 14.22090306, 37.91955485 ], [ 14.22086369, 37.91970364 ], [ 14.22091491, 37.91976663 ], [ 14.22097838, 37.91990352 ], [ 14.22098354, 37.91994672 ], [ 14.22098391, 37.92010888 ], [ 14.22101691, 37.92015646 ], [ 14.22108927, 37.92025288 ], [ 14.22115463, 37.92021019 ], [ 14.22125035, 37.92016807 ], [ 14.22132464, 37.92013506 ], [ 14.22147123, 37.92007188 ], [ 14.22152987, 37.92003374 ], [ 14.22160717, 37.91998791 ], [ 14.22166439, 37.91995014 ], [ 14.22176523, 37.91988943 ], [ 14.22187427, 37.91986276 ], [ 14.22197258, 37.91978086 ], [ 14.22212279, 37.91971572 ], [ 14.22216264, 37.91960942 ], [ 14.22220352, 37.91959114 ], [ 14.22224708, 37.91959063 ], [ 14.22225916, 37.9195919 ], [ 14.22235187, 37.91954967 ], [ 14.22249595, 37.91947796 ], [ 14.22267152, 37.91941707 ], [ 14.22291548, 37.91933135 ], [ 14.22299212, 37.9192975 ], [ 14.22308376, 37.91919476 ], [ 14.22318321, 37.91908954 ], [ 14.22324855, 37.91901847 ], [ 14.22323415, 37.91887718 ], [ 14.2232263, 37.91875643 ], [ 14.22325022, 37.91860307 ], [ 14.22323446, 37.91846328 ], [ 14.22322029, 37.91833746 ], [ 14.22328292, 37.91832607 ], [ 14.2233651, 37.91827435 ], [ 14.22338466, 37.9181689 ], [ 14.22342415, 37.91796321 ], [ 14.22358754, 37.9178368 ], [ 14.22368061, 37.91776721 ], [ 14.22373902, 37.91767629 ], [ 14.22384944, 37.91749428 ], [ 14.22394932, 37.91740876 ], [ 14.22396258, 37.91723973 ], [ 14.22405376, 37.91712271 ], [ 14.22414841, 37.91699982 ], [ 14.2242946, 37.91682676 ], [ 14.22431851, 37.91679762 ], [ 14.2243707, 37.9166739 ], [ 14.22441176, 37.9165504 ], [ 14.22440383, 37.9163313 ], [ 14.22435968, 37.91627946 ], [ 14.2242073, 37.91610636 ], [ 14.22408845, 37.91599042 ], [ 14.22401286, 37.91584629 ], [ 14.22370892, 37.91570608 ], [ 14.22367461, 37.91562063 ], [ 14.22368271, 37.91551497 ], [ 14.22359543, 37.91536987 ], [ 14.22355426, 37.91524241 ], [ 14.22356821, 37.91519521 ], [ 14.22361655, 37.91517484 ], [ 14.22364897, 37.91506527 ], [ 14.22365574, 37.91505686 ], [ 14.22362614, 37.9150137 ], [ 14.2235782, 37.91492675 ], [ 14.2235516, 37.91479656 ], [ 14.2235152, 37.91461539 ], [ 14.22347859, 37.91442744 ], [ 14.22343555, 37.91422684 ], [ 14.22339524, 37.91404687 ], [ 14.22346487, 37.91397113 ], [ 14.22349744, 37.91388915 ], [ 14.22357108, 37.91384079 ], [ 14.22353996, 37.9137707 ], [ 14.22348852, 37.9136998 ], [ 14.22348196, 37.91361933 ], [ 14.22348131, 37.91361119 ], [ 14.22344675, 37.9134775 ], [ 14.22334571, 37.91329607 ], [ 14.22334563, 37.91326841 ], [ 14.22333913, 37.91322432 ], [ 14.22333565, 37.91312025 ], [ 14.22330206, 37.91302174 ], [ 14.2233132, 37.91293257 ], [ 14.22333125, 37.91281734 ], [ 14.22344081, 37.912683 ], [ 14.22349195, 37.91262319 ], [ 14.22355041, 37.91247644 ], [ 14.22357957, 37.91243183 ], [ 14.22371222, 37.91222864 ], [ 14.22375906, 37.91215822 ], [ 14.22379902, 37.91198015 ], [ 14.22383913, 37.91186545 ], [ 14.22385087, 37.91183194 ], [ 14.22387291, 37.91176971 ], [ 14.22391745, 37.9117001 ], [ 14.22389462, 37.9115608 ], [ 14.22387549, 37.9113188 ], [ 14.22402921, 37.9112375 ], [ 14.2239672, 37.91113104 ], [ 14.22386811, 37.91107761 ], [ 14.22374341, 37.91101424 ], [ 14.22363232, 37.91092631 ], [ 14.22341836, 37.91076373 ], [ 14.223171, 37.91056833 ], [ 14.22313898, 37.91054068 ], [ 14.22304741, 37.91047974 ], [ 14.22283692, 37.91035074 ], [ 14.22267587, 37.91023629 ], [ 14.2224034, 37.91003356 ], [ 14.22222836, 37.90990622 ], [ 14.22209762, 37.9098605 ], [ 14.22194424, 37.90981912 ], [ 14.22171676, 37.90966178 ], [ 14.22160382, 37.90954402 ], [ 14.22146198, 37.90942067 ], [ 14.22119713, 37.90918549 ], [ 14.22112722, 37.90915001 ], [ 14.22102256, 37.90909244 ], [ 14.2207574, 37.90894806 ], [ 14.22039511, 37.9089016 ], [ 14.2202335, 37.90882633 ], [ 14.22023079, 37.90882508 ], [ 14.2200914, 37.90859268 ], [ 14.22006404, 37.90854243 ], [ 14.22002583, 37.90847032 ], [ 14.21997792, 37.90838279 ], [ 14.21992997, 37.9083098 ], [ 14.21993135, 37.90830812 ], [ 14.22008967, 37.90811851 ], [ 14.2201072, 37.90809908 ], [ 14.2201044, 37.90809738 ], [ 14.22010859, 37.90809228 ], [ 14.22039877, 37.90825679 ], [ 14.22040682, 37.90826142 ], [ 14.22062328, 37.90838591 ], [ 14.22062071, 37.90839076 ], [ 14.22055216, 37.90853853 ], [ 14.22055601, 37.90854114 ], [ 14.22055133, 37.90854031 ], [ 14.22062128, 37.90858547 ], [ 14.22099696, 37.9088266 ], [ 14.2209992, 37.90882803 ], [ 14.22115765, 37.90892973 ], [ 14.22122977, 37.90897602 ], [ 14.22134634, 37.90905203 ], [ 14.2215492, 37.90918429 ], [ 14.22161184, 37.90925957 ], [ 14.22162319, 37.90927369 ], [ 14.2216253, 37.90927613 ], [ 14.22162685, 37.90927791 ], [ 14.22179855, 37.90946146 ], [ 14.22181417, 37.90947297 ], [ 14.2219104, 37.90954232 ], [ 14.22197961, 37.9095919 ], [ 14.22205456, 37.9096456 ], [ 14.22205765, 37.90964781 ], [ 14.22215727, 37.90967806 ], [ 14.22240721, 37.90975148 ], [ 14.22240779, 37.90975165 ], [ 14.22254445, 37.90979179 ], [ 14.22254479, 37.90979189 ], [ 14.22271376, 37.90984152 ], [ 14.22276311, 37.90989728 ], [ 14.22292509, 37.9100846 ], [ 14.22307477, 37.91025428 ], [ 14.22308203, 37.91025733 ], [ 14.22317489, 37.91038978 ], [ 14.22325457, 37.91049761 ], [ 14.22326128, 37.91050321 ], [ 14.22325692, 37.91050079 ], [ 14.22339466, 37.91061486 ], [ 14.22341684, 37.91063316 ], [ 14.22358175, 37.91076922 ], [ 14.22361669, 37.91079805 ], [ 14.22364058, 37.91081497 ], [ 14.22364369, 37.91081714 ], [ 14.22379561, 37.91092298 ], [ 14.22381495, 37.91093603 ], [ 14.22404808, 37.91109273 ], [ 14.2240553, 37.91109657 ] ] ] } },
{ "type": "Feature", "properties": { "gml_id": "CadastralParcel.IT.AGE.PLA.I028_001600.54", "INSPIREID_LOCALID": "IT.AGE.PLA.I028_001600.54", "INSPIREID_NAMESPACE": "IT.AGE.PLA.", "LABEL": "54", "NATIONALCADASTRALREFERENCE": "I028_001600.54", "ADMINISTRATIVEUNIT": "I028" }, "geometry": { "type": "Polygon", "coordinates": [ [ [ 14.1990734, 37.93932957 ], [ 14.19912887, 37.93924921 ], [ 14.1994266, 37.93809334 ], [ 14.19966367, 37.93761474 ], [ 14.19975004, 37.93727418 ], [ 14.19996687, 37.93677553 ], [ 14.20022435, 37.93655803 ], [ 14.20037555, 37.93611978 ], [ 14.20105496, 37.93512556 ], [ 14.20113533, 37.93500301 ], [ 14.20130893, 37.93454502 ], [ 14.20142049, 37.93428618 ], [ 14.2016327, 37.93399597 ], [ 14.20181844, 37.93378872 ], [ 14.20194742, 37.933633 ], [ 14.20222215, 37.93325613 ], [ 14.20248403, 37.9329126 ], [ 14.20364285, 37.93447565 ], [ 14.20291591, 37.93489116 ], [ 14.20255957, 37.93625554 ], [ 14.20177596, 37.93525701 ], [ 14.20123117, 37.93737615 ], [ 14.20078897, 37.93900844 ], [ 14.1990734, 37.93932957 ] ] ] } },
{ "type": "Feature", "properties": { "gml_id": "CadastralParcel.IT.AGE.PLA.I028_001600.10", "INSPIREID_LOCALID": "IT.AGE.PLA.I028_001600.10", "INSPIREID_NAMESPACE": "IT.AGE.PLA.", "LABEL": "10", "NATIONALCADASTRALREFERENCE": "I028_001600.10", "ADMINISTRATIVEUNIT": "I028" }, "geometry": { "type": "Polygon", "coordinates": [ [ [ 14.21322322, 37.93356953 ], [ 14.21322913, 37.93357659 ], [ 14.21505611, 37.93438684 ], [ 14.21523809, 37.93442087 ], [ 14.21585372, 37.93454925 ], [ 14.21595058, 37.93464458 ], [ 14.21614702, 37.9348518 ], [ 14.21629316, 37.93512813 ], [ 14.21629751, 37.93513635 ], [ 14.21652936, 37.93550217 ], [ 14.21661021, 37.93554806 ], [ 14.21688712, 37.9357058 ], [ 14.2170338, 37.93590541 ], [ 14.21705273, 37.93592539 ], [ 14.21732432, 37.93620799 ], [ 14.21781976, 37.93683626 ], [ 14.21799868, 37.93707584 ], [ 14.21801694, 37.93710029 ], [ 14.2185334, 37.93747226 ], [ 14.21868199, 37.9374704 ], [ 14.21873907, 37.9373928 ], [ 14.21877043, 37.93739723 ], [ 14.21884254, 37.93740741 ], [ 14.21940661, 37.93751043 ], [ 14.21941931, 37.93751275 ], [ 14.21944994, 37.93751834 ], [ 14.21959977, 37.93753145 ], [ 14.21965651, 37.93753127 ], [ 14.21986206, 37.93753062 ], [ 14.22006526, 37.93758111 ], [ 14.22023016, 37.93762208 ], [ 14.22036276, 37.9377208 ], [ 14.22045842, 37.93779201 ], [ 14.2204565, 37.9377975 ], [ 14.21768463, 37.93905769 ], [ 14.21740761, 37.93938725 ], [ 14.21728623, 37.93955731 ], [ 14.21708324, 37.93972735 ], [ 14.21692862, 37.93959754 ], [ 14.216747, 37.93949112 ], [ 14.21664204, 37.93928518 ], [ 14.21642153, 37.93895777 ], [ 14.21638091, 37.93876242 ], [ 14.21621808, 37.9384814 ], [ 14.21615672, 37.93825396 ], [ 14.21623075, 37.93789075 ], [ 14.2161911, 37.93759997 ], [ 14.21564267, 37.9372472 ], [ 14.21516463, 37.93710486 ], [ 14.21494429, 37.93698448 ], [ 14.21478991, 37.93655683 ], [ 14.21489741, 37.93642598 ], [ 14.21490318, 37.93627052 ], [ 14.21482804, 37.93599364 ], [ 14.21454498, 37.93571721 ], [ 14.21426544, 37.93528381 ], [ 14.21392843, 37.93526527 ], [ 14.21336863, 37.93473883 ], [ 14.21314923, 37.9345904 ], [ 14.21292596, 37.93440153 ], [ 14.21247608, 37.93428727 ], [ 14.21212466, 37.93406647 ], [ 14.21171663, 37.93375259 ], [ 14.21155995, 37.93356612 ], [ 14.21112606, 37.93346262 ], [ 14.21080079, 37.93316334 ], [ 14.21061583, 37.93292617 ], [ 14.2103859, 37.93230454 ], [ 14.2103349, 37.93197823 ], [ 14.21024902, 37.93178385 ], [ 14.21033364, 37.93167595 ], [ 14.21033786, 37.9316707 ], [ 14.21070548, 37.93168828 ], [ 14.21132648, 37.93195977 ], [ 14.21151243, 37.9322858 ], [ 14.21176075, 37.93263889 ], [ 14.21199365, 37.93299709 ], [ 14.21243319, 37.933015 ], [ 14.21245769, 37.93302532 ], [ 14.21249776, 37.93302714 ], [ 14.2129376, 37.93322838 ], [ 14.21322322, 37.93356953 ] ] ] } },
{ "type": "Feature", "properties": { "gml_id": "CadastralParcel.IT.AGE.PLA.I028_001600.100", "INSPIREID_LOCALID": "IT.AGE.PLA.I028_001600.100", "INSPIREID_NAMESPACE": "IT.AGE.PLA.", "LABEL": "100", "NATIONALCADASTRALREFERENCE": "I028_001600.100", "ADMINISTRATIVEUNIT": "I028" }, "geometry": { "type": "MultiPolygon", "coordinates": [ [ [ [ 14.21346135, 37.93491884 ], [ 14.20991129, 37.93784571 ], [ 14.20970764, 37.93770337 ], [ 14.20976444, 37.9373977 ], [ 14.20970971, 37.93716475 ], [ 14.20960788, 37.93686412 ], [ 14.20925009, 37.93647414 ], [ 14.20916955, 37.9359738 ], [ 14.20928245, 37.93561118 ], [ 14.20935893, 37.9352593 ], [ 14.20932547, 37.93518426 ], [ 14.20922113, 37.93490235 ], [ 14.20888763, 37.93460515 ], [ 14.20897946, 37.93448873 ], [ 14.20900796, 37.93432983 ], [ 14.20929277, 37.93423467 ], [ 14.20953724, 37.93352213 ], [ 14.20932188, 37.93326846 ], [ 14.20958987, 37.93307283 ], [ 14.2095893, 37.93291197 ], [ 14.20960371, 37.93284025 ], [ 14.20987298, 37.9324687 ], [ 14.20937603, 37.93164953 ], [ 14.20937442, 37.93164687 ], [ 14.20977555, 37.93161167 ], [ 14.21016751, 37.93157728 ], [ 14.21017536, 37.93157659 ], [ 14.21017469, 37.93157878 ], [ 14.21009862, 37.93182692 ], [ 14.21023015, 37.93205299 ], [ 14.21031231, 37.93234015 ], [ 14.21052859, 37.93285527 ], [ 14.21064579, 37.93315948 ], [ 14.21087005, 37.93338749 ], [ 14.21102401, 37.93352567 ], [ 14.21129104, 37.93360909 ], [ 14.2114734, 37.93361531 ], [ 14.21196638, 37.9340283 ], [ 14.21243013, 37.93434515 ], [ 14.21288023, 37.93451262 ], [ 14.21310998, 37.93469013 ], [ 14.21346135, 37.93491884 ] ], [ [ 14.21057088, 37.93643357 ], [ 14.21056353, 37.93647481 ], [ 14.21056032, 37.93648398 ], [ 14.2106836, 37.93649787 ], [ 14.21068469, 37.93648908 ], [ 14.21069165, 37.93644772 ], [ 14.21064785, 37.93644228 ], [ 14.21057088, 37.93643357 ] ] ] ] } },
{ "type": "Feature", "properties": { "gml_id": "CadastralParcel.IT.AGE.PLA.I028_001600.101", "INSPIREID_LOCALID": "IT.AGE.PLA.I028_001600.101", "INSPIREID_NAMESPACE": "IT.AGE.PLA.", "LABEL": "101", "NATIONALCADASTRALREFERENCE": "I028_001600.101", "ADMINISTRATIVEUNIT": "I028" }, "geometry": { "type": "Polygon", "coordinates": [ [ [ 14.21056353, 37.93647481 ], [ 14.21057088, 37.93643357 ], [ 14.21064785, 37.93644228 ], [ 14.21069165, 37.93644772 ], [ 14.21068469, 37.93648908 ], [ 14.2106836, 37.93649787 ], [ 14.21056032, 37.93648398 ], [ 14.21056353, 37.93647481 ] ] ] } },
{ "type": "Feature", "properties": { "gml_id": "CadastralParcel.IT.AGE.PLA.I028_001600.20", "INSPIREID_LOCALID": "IT.AGE.PLA.I028_001600.20", "INSPIREID_NAMESPACE": "IT.AGE.PLA.", "LABEL": "20", "NATIONALCADASTRALREFERENCE": "I028_001600.20", "ADMINISTRATIVEUNIT": "I028" }, "geometry": { "type": "Polygon", "coordinates": [ [ [ 14.20189135, 37.93880426 ], [ 14.20255957, 37.93625554 ], [ 14.20367856, 37.93769741 ], [ 14.20491701, 37.93775764 ], [ 14.20464433, 37.93824999 ], [ 14.20353378, 37.93849559 ], [ 14.20189135, 37.93880426 ] ] ] } },
{ "type": "Feature", "properties": { "gml_id": "CadastralParcel.IT.AGE.PLA.I028_001600.22", "INSPIREID_LOCALID": "IT.AGE.PLA.I028_001600.22", "INSPIREID_NAMESPACE": "IT.AGE.PLA.", "LABEL": "22", "NATIONALCADASTRALREFERENCE": "I028_001600.22", "ADMINISTRATIVEUNIT": "I028" }, "geometry": { "type": "Polygon", "coordinates": [ [ [ 14.2081341, 37.93755799 ], [ 14.20811848, 37.93752746 ], [ 14.20829062, 37.93736272 ], [ 14.20820977, 37.93707282 ], [ 14.20825972, 37.93675847 ], [ 14.20846586, 37.9363907 ], [ 14.20876325, 37.93648567 ], [ 14.20898879, 37.93663207 ], [ 14.20909104, 37.9365736 ], [ 14.20933628, 37.93669591 ], [ 14.20937645, 37.9371631 ], [ 14.20873979, 37.93729578 ], [ 14.20850398, 37.93731781 ], [ 14.2081341, 37.93755799 ] ] ] } },
{ "type": "Feature", "properties": { "gml_id": "CadastralParcel.IT.AGE.PLA.I028_001600.25", "INSPIREID_LOCALID": "IT.AGE.PLA.I028_001600.25", "INSPIREID_NAMESPACE": "IT.AGE.PLA.", "LABEL": "25", "NATIONALCADASTRALREFERENCE": "I028_001600.25", "ADMINISTRATIVEUNIT": "I028" }, "geometry": { "type": "Polygon", "coordinates": [ [ [ 14.20503089, 37.93814236 ], [ 14.20507262, 37.93809734 ], [ 14.20516128, 37.93795482 ], [ 14.20560736, 37.93747335 ], [ 14.20576184, 37.93733672 ], [ 14.20561177, 37.93712135 ], [ 14.20552049, 37.93692647 ], [ 14.20937222, 37.93164989 ], [ 14.2093753, 37.9316496 ], [ 14.20964552, 37.93248244 ], [ 14.20952896, 37.9327171 ], [ 14.20939879, 37.9328527 ], [ 14.20929978, 37.93309566 ], [ 14.20916622, 37.93312288 ], [ 14.20906544, 37.93332795 ], [ 14.20909058, 37.93355525 ], [ 14.20897659, 37.93372375 ], [ 14.20898324, 37.93394736 ], [ 14.20869342, 37.93410991 ], [ 14.20848938, 37.9347491 ], [ 14.20875433, 37.93526618 ], [ 14.20879852, 37.9361975 ], [ 14.20909104, 37.9365736 ], [ 14.20898879, 37.93663207 ], [ 14.20876325, 37.93648567 ], [ 14.20846586, 37.9363907 ], [ 14.20825972, 37.93675847 ], [ 14.20820977, 37.93707282 ], [ 14.20829062, 37.93736272 ], [ 14.20811848, 37.93752746 ], [ 14.2081341, 37.93755799 ], [ 14.20798706, 37.93767234 ], [ 14.20683056, 37.93775393 ], [ 14.20549823, 37.93797612 ], [ 14.20503089, 37.93814236 ] ] ] } },
{ "type": "Feature", "properties": { "gml_id": "CadastralParcel.IT.AGE.PLA.I028_001600.36", "INSPIREID_LOCALID": "IT.AGE.PLA.I028_001600.36", "INSPIREID_NAMESPACE": "IT.AGE.PLA.", "LABEL": "36", "NATIONALCADASTRALREFERENCE": "I028_001600.36", "ADMINISTRATIVEUNIT": "I028" }, "geometry": { "type": "Polygon", "coordinates": [ [ [ 14.20464433, 37.93824999 ], [ 14.20491701, 37.93775764 ], [ 14.20367856, 37.93769741 ], [ 14.20255957, 37.93625554 ], [ 14.20291591, 37.93489116 ], [ 14.20364285, 37.93447565 ], [ 14.20476711, 37.93588232 ], [ 14.2051132, 37.93628103 ], [ 14.20544054, 37.93675719 ], [ 14.20552049, 37.93692647 ], [ 14.20561177, 37.93712135 ], [ 14.20576184, 37.93733672 ], [ 14.20560736, 37.93747335 ], [ 14.20516128, 37.93795482 ], [ 14.20507262, 37.93809734 ], [ 14.20503089, 37.93814236 ], [ 14.20494543, 37.93818911 ], [ 14.20464433, 37.93824999 ] ] ] } },
{ "type": "Feature", "properties": { "gml_id": "CadastralParcel.IT.AGE.PLA.I028_001600.37", "INSPIREID_LOCALID": "IT.AGE.PLA.I028_001600.37", "INSPIREID_NAMESPACE": "IT.AGE.PLA.", "LABEL": "37", "NATIONALCADASTRALREFERENCE": "I028_001600.37", "ADMINISTRATIVEUNIT": "I028" }, "geometry": { "type": "Polygon", "coordinates": [ [ [ 14.20682654, 37.93145236 ], [ 14.20690941, 37.93150092 ], [ 14.20691665, 37.93150516 ], [ 14.20739802, 37.93155006 ], [ 14.2073994, 37.93155143 ], [ 14.2074362, 37.93158793 ], [ 14.20745039, 37.93160288 ], [ 14.20746299, 37.93161616 ], [ 14.20746812, 37.93162156 ], [ 14.20747808, 37.93163209 ], [ 14.20749048, 37.93164253 ], [ 14.20749796, 37.93164652 ], [ 14.20756112, 37.93167552 ], [ 14.20762257, 37.93170372 ], [ 14.20782549, 37.93179799 ], [ 14.20783501, 37.93179571 ], [ 14.20785714, 37.9317904 ], [ 14.20790504, 37.93176831 ], [ 14.2079877, 37.93172959 ], [ 14.20801271, 37.93173128 ], [ 14.20820569, 37.93174837 ], [ 14.20821774, 37.93174842 ], [ 14.20823358, 37.93174618 ], [ 14.20825407, 37.93174756 ], [ 14.20848934, 37.9317208 ], [ 14.20849227, 37.9317207 ], [ 14.2084939, 37.93172072 ], [ 14.20849893, 37.93172077 ], [ 14.20856747, 37.93172255 ], [ 14.20880904, 37.93172893 ], [ 14.20895404, 37.93172794 ], [ 14.20899884, 37.9317276 ], [ 14.20900666, 37.93172587 ], [ 14.20933489, 37.93165322 ], [ 14.20935173, 37.93165183 ], [ 14.20937222, 37.93164989 ], [ 14.20552049, 37.93692647 ], [ 14.20544054, 37.93675719 ], [ 14.2051132, 37.93628103 ], [ 14.20476711, 37.93588232 ], [ 14.20364285, 37.93447565 ], [ 14.20248403, 37.9329126 ], [ 14.20294632, 37.93283716 ], [ 14.20509185, 37.93249424 ], [ 14.20529534, 37.93230563 ], [ 14.20674769, 37.9314047 ], [ 14.20682654, 37.93145236 ] ] ] } },
{ "type": "Feature", "properties": { "gml_id": "CadastralParcel.IT.AGE.PLA.I028_001600.38", "INSPIREID_LOCALID": "IT.AGE.PLA.I028_001600.38", "INSPIREID_NAMESPACE": "IT.AGE.PLA.", "LABEL": "38", "NATIONALCADASTRALREFERENCE": "I028_001600.38", "ADMINISTRATIVEUNIT": "I028" }, "geometry": { "type": "Polygon", "coordinates": [ [ [ 14.20624874, 37.93128701 ], [ 14.20633845, 37.93127663 ], [ 14.20637571, 37.93127232 ], [ 14.20641018, 37.93128115 ], [ 14.20663769, 37.93134479 ], [ 14.20665915, 37.9313559 ], [ 14.20671362, 37.9313841 ], [ 14.20674769, 37.9314047 ], [ 14.20529534, 37.93230563 ], [ 14.20509185, 37.93249424 ], [ 14.20294632, 37.93283716 ], [ 14.20318474, 37.93239626 ], [ 14.20320461, 37.93235394 ], [ 14.20452913, 37.931847 ], [ 14.20478803, 37.93146864 ], [ 14.20491979, 37.93142313 ], [ 14.20493762, 37.93141676 ], [ 14.20494634, 37.93141388 ], [ 14.20501484, 37.93135821 ], [ 14.20512278, 37.93127779 ], [ 14.20555071, 37.93117896 ], [ 14.20555629, 37.93117767 ], [ 14.20556196, 37.93117636 ], [ 14.20605813, 37.93122409 ], [ 14.20608958, 37.93122712 ], [ 14.20624416, 37.93128529 ], [ 14.20624328, 37.93128764 ], [ 14.20624874, 37.93128701 ] ] ] } },
{ "type": "Feature", "properties": { "gml_id": "CadastralParcel.IT.AGE.PLA.I028_001600.55", "INSPIREID_LOCALID": "IT.AGE.PLA.I028_001600.55", "INSPIREID_NAMESPACE": "IT.AGE.PLA.", "LABEL": "55", "NATIONALCADASTRALREFERENCE": "I028_001600.55", "ADMINISTRATIVEUNIT": "I028" }, "geometry": { "type": "Polygon", "coordinates": [ [ [ 14.20078897, 37.93900844 ], [ 14.20123117, 37.93737615 ], [ 14.20177596, 37.93525701 ], [ 14.20255957, 37.93625554 ], [ 14.20189135, 37.93880426 ], [ 14.20078897, 37.93900844 ] ] ] } },
{ "type": "Feature", "properties": { "gml_id": "CadastralParcel.IT.AGE.PLA.I028_001600.8", "INSPIREID_LOCALID": "IT.AGE.PLA.I028_001600.8", "INSPIREID_NAMESPACE": "IT.AGE.PLA.", "LABEL": "8", "NATIONALCADASTRALREFERENCE": "I028_001600.8", "ADMINISTRATIVEUNIT": "I028" }, "geometry": { "type": "Polygon", "coordinates": [ [ [ 14.21015675, 37.93891427 ], [ 14.21004345, 37.93942659 ], [ 14.20970627, 37.94088436 ], [ 14.20962931, 37.9411225 ], [ 14.21002214, 37.94140985 ], [ 14.21079531, 37.94086975 ], [ 14.21093631, 37.94071994 ], [ 14.21112995, 37.94075099 ], [ 14.21342348, 37.93865907 ], [ 14.21513667, 37.93715113 ], [ 14.21531395, 37.93721871 ], [ 14.21565566, 37.937317 ], [ 14.21580444, 37.93755546 ], [ 14.21616292, 37.93767667 ], [ 14.21608074, 37.93805193 ], [ 14.21609136, 37.93833498 ], [ 14.21607948, 37.93858655 ], [ 14.21627776, 37.93886227 ], [ 14.21641577, 37.93911231 ], [ 14.21661635, 37.93938157 ], [ 14.21666106, 37.93951963 ], [ 14.21690836, 37.93963269 ], [ 14.21704728, 37.93975944 ], [ 14.21679464, 37.93978966 ], [ 14.21654286, 37.93977985 ], [ 14.21632947, 37.94011134 ], [ 14.21605391, 37.94039494 ], [ 14.21544039, 37.94076373 ], [ 14.21533032, 37.94084628 ], [ 14.21466279, 37.94109299 ], [ 14.21444128, 37.94121502 ], [ 14.21416759, 37.94121342 ], [ 14.21338627, 37.941554 ], [ 14.21149981, 37.94245241 ], [ 14.2110478, 37.94230983 ], [ 14.21077315, 37.94239611 ], [ 14.21055577, 37.94240875 ], [ 14.20967611, 37.94259687 ], [ 14.20914779, 37.94279983 ], [ 14.20893891, 37.94282613 ], [ 14.20870638, 37.94310556 ], [ 14.20868951, 37.94333524 ], [ 14.20826369, 37.94337471 ], [ 14.20785384, 37.94334091 ], [ 14.20777944, 37.94316098 ], [ 14.20782429, 37.94293569 ], [ 14.2079806, 37.94284802 ], [ 14.20820353, 37.94257114 ], [ 14.20833881, 37.94231435 ], [ 14.20868755, 37.94189355 ], [ 14.20917904, 37.94137956 ], [ 14.20940572, 37.9404505 ], [ 14.2093992, 37.94001193 ], [ 14.20941034, 37.9398432 ], [ 14.20932577, 37.93968381 ], [ 14.2093359, 37.93852864 ], [ 14.20912312, 37.93838424 ], [ 14.20927101, 37.93829411 ], [ 14.20956481, 37.93822756 ], [ 14.2098269, 37.93844015 ], [ 14.21001699, 37.93886498 ], [ 14.21015675, 37.93891427 ] ] ] } },
{ "type": "Feature", "properties": { "gml_id": "CadastralParcel.IT.AGE.PLA.I028_001600.9", "INSPIREID_LOCALID": "IT.AGE.PLA.I028_001600.9", "INSPIREID_NAMESPACE": "IT.AGE.PLA.", "LABEL": "9", "NATIONALCADASTRALREFERENCE": "I028_001600.9", "ADMINISTRATIVEUNIT": "I028" }, "geometry": { "type": "Polygon", "coordinates": [ [ [ 14.20956481, 37.93822756 ], [ 14.20991129, 37.93784571 ], [ 14.21346135, 37.93491884 ], [ 14.21390235, 37.93532763 ], [ 14.21423536, 37.93533058 ], [ 14.21444077, 37.93569412 ], [ 14.21474906, 37.93604405 ], [ 14.21483585, 37.93627504 ], [ 14.21481222, 37.93644411 ], [ 14.21465909, 37.93660221 ], [ 14.21477366, 37.93683497 ], [ 14.21490472, 37.93705218 ], [ 14.21513667, 37.93715113 ], [ 14.21342348, 37.93865907 ], [ 14.21112995, 37.94075099 ], [ 14.21093631, 37.94071994 ], [ 14.21079531, 37.94086975 ], [ 14.21002214, 37.94140985 ], [ 14.20962931, 37.9411225 ], [ 14.20970627, 37.94088436 ], [ 14.21004345, 37.93942659 ], [ 14.21015675, 37.93891427 ], [ 14.21001699, 37.93886498 ], [ 14.2098269, 37.93844015 ], [ 14.20956481, 37.93822756 ] ] ] } },
{ "type": "Feature", "properties": { "gml_id": "CadastralParcel.IT.AGE.PLA.I028_001600.ACQUA001", "INSPIREID_LOCALID": "IT.AGE.PLA.I028_001600.ACQUA001", "INSPIREID_NAMESPACE": "IT.AGE.PLA.", "LABEL": "ACQUA001", "NATIONALCADASTRALREFERENCE": "I028_001600.ACQUA001", "ADMINISTRATIVEUNIT": "I028" }, "geometry": { "type": "Polygon", "coordinates": [ [ [ 14.19630063, 37.94502614 ], [ 14.19672243, 37.94487401 ], [ 14.19718594, 37.94503438 ], [ 14.19756665, 37.94477739 ], [ 14.19766829, 37.94478994 ], [ 14.19825218, 37.94478211 ], [ 14.19874973, 37.94482056 ], [ 14.19888975, 37.94486285 ], [ 14.19925319, 37.94496999 ], [ 14.19956239, 37.9451481 ], [ 14.19986769, 37.94493619 ], [ 14.20039945, 37.94483671 ], [ 14.20090809, 37.94446724 ], [ 14.20118915, 37.94434923 ], [ 14.2017405, 37.94415051 ], [ 14.20323323, 37.94416356 ], [ 14.20367034, 37.94412335 ], [ 14.20382518, 37.94433469 ], [ 14.20434587, 37.94425993 ], [ 14.20459054, 37.94434512 ], [ 14.20467578, 37.94416041 ], [ 14.20487844, 37.94404414 ], [ 14.20532379, 37.94394778 ], [ 14.20589174, 37.94351921 ], [ 14.2066259, 37.94367126 ], [ 14.2073527, 37.94313894 ], [ 14.20758563, 37.94314321 ], [ 14.20754021, 37.94299913 ], [ 14.20769997, 37.94271852 ], [ 14.20798913, 37.94253755 ], [ 14.20818926, 37.94204624 ], [ 14.20854731, 37.94172923 ], [ 14.20863603, 37.94153104 ], [ 14.20889449, 37.94128184 ], [ 14.20905957, 37.94102445 ], [ 14.20923629, 37.9397996 ], [ 14.20915672, 37.93967082 ], [ 14.20914626, 37.93896071 ], [ 14.20924004, 37.93858991 ], [ 14.2092397, 37.93856315 ], [ 14.20904443, 37.93842835 ], [ 14.20910168, 37.9382794 ], [ 14.20904918, 37.93812082 ], [ 14.20937645, 37.9371631 ], [ 14.20933628, 37.93669591 ], [ 14.20909104, 37.9365736 ], [ 14.20879852, 37.9361975 ], [ 14.20875433, 37.93526618 ], [ 14.20848938, 37.9347491 ], [ 14.20869342, 37.93410991 ], [ 14.20898324, 37.93394736 ], [ 14.20897659, 37.93372375 ], [ 14.20909058, 37.93355525 ], [ 14.20906544, 37.93332795 ], [ 14.20916622, 37.93312288 ], [ 14.20929978, 37.93309566 ], [ 14.20939879, 37.9328527 ], [ 14.20952896, 37.9327171 ], [ 14.20964552, 37.93248244 ], [ 14.2093753, 37.9316496 ], [ 14.20937603, 37.93164953 ], [ 14.20987298, 37.9324687 ], [ 14.20960371, 37.93284025 ], [ 14.2095893, 37.93291197 ], [ 14.20958987, 37.93307283 ], [ 14.20932188, 37.93326846 ], [ 14.20953724, 37.93352213 ], [ 14.20929277, 37.93423467 ], [ 14.20900796, 37.93432983 ], [ 14.20897946, 37.93448873 ], [ 14.20888763, 37.93460515 ], [ 14.20922113, 37.93490235 ], [ 14.20932547, 37.93518426 ], [ 14.20935893, 37.9352593 ], [ 14.20928245, 37.93561118 ], [ 14.20916955, 37.9359738 ], [ 14.20925009, 37.93647414 ], [ 14.20960788, 37.93686412 ], [ 14.20970971, 37.93716475 ], [ 14.20976444, 37.9373977 ], [ 14.20970764, 37.93770337 ], [ 14.20991129, 37.93784571 ], [ 14.20956481, 37.93822756 ], [ 14.20927101, 37.93829411 ], [ 14.20912312, 37.93838424 ], [ 14.2093359, 37.93852864 ], [ 14.20932577, 37.93968381 ], [ 14.20941034, 37.9398432 ], [ 14.2093992, 37.94001193 ], [ 14.20940572, 37.9404505 ], [ 14.20917904, 37.94137956 ], [ 14.20868755, 37.94189355 ], [ 14.20833881, 37.94231435 ], [ 14.20820353, 37.94257114 ], [ 14.2079806, 37.94284802 ], [ 14.20782429, 37.94293569 ], [ 14.20777944, 37.94316098 ], [ 14.20785384, 37.94334091 ], [ 14.20826369, 37.94337471 ], [ 14.20868951, 37.94333524 ], [ 14.20870638, 37.94310556 ], [ 14.20893891, 37.94282613 ], [ 14.20914779, 37.94279983 ], [ 14.20967611, 37.94259687 ], [ 14.21055577, 37.94240875 ], [ 14.21077315, 37.94239611 ], [ 14.2110478, 37.94230983 ], [ 14.21149981, 37.94245241 ], [ 14.21338627, 37.941554 ], [ 14.21416759, 37.94121342 ], [ 14.21444128, 37.94121502 ], [ 14.21466279, 37.94109299 ], [ 14.21533032, 37.94084628 ], [ 14.21544039, 37.94076373 ], [ 14.21605391, 37.94039494 ], [ 14.21632947, 37.94011134 ], [ 14.21654286, 37.93977985 ], [ 14.21679464, 37.93978966 ], [ 14.21704728, 37.93975944 ], [ 14.21706683, 37.93975952 ], [ 14.21708324, 37.93972735 ], [ 14.21728623, 37.93955731 ], [ 14.21740761, 37.93938725 ], [ 14.21768463, 37.93905769 ], [ 14.2204565, 37.9377975 ], [ 14.21748635, 37.93937757 ], [ 14.21741273, 37.93956671 ], [ 14.21713426, 37.93980163 ], [ 14.21708339, 37.93981972 ], [ 14.21686345, 37.9398722 ], [ 14.21653771, 37.93997806 ], [ 14.21644725, 37.94023028 ], [ 14.21623092, 37.94042582 ], [ 14.21551277, 37.9408469 ], [ 14.21526576, 37.94105173 ], [ 14.21464607, 37.94114282 ], [ 14.21442425, 37.94128269 ], [ 14.21415719, 37.94127419 ], [ 14.21347223, 37.9416123 ], [ 14.21324363, 37.94173317 ], [ 14.21161982, 37.94260356 ], [ 14.21140691, 37.9426291 ], [ 14.21103979, 37.94267366 ], [ 14.21034292, 37.94251797 ], [ 14.20991282, 37.94268218 ], [ 14.20948118, 37.94294548 ], [ 14.20915853, 37.94303519 ], [ 14.20897265, 37.9432329 ], [ 14.20868257, 37.94348891 ], [ 14.20821203, 37.94349036 ], [ 14.20777828, 37.94344431 ], [ 14.2075357, 37.94371513 ], [ 14.20707784, 37.94387355 ], [ 14.20643928, 37.94416257 ], [ 14.20580283, 37.94401156 ], [ 14.20538759, 37.94403358 ], [ 14.20501683, 37.94414195 ], [ 14.2047625, 37.94436414 ], [ 14.20453028, 37.9445013 ], [ 14.2043181, 37.94454889 ], [ 14.20409057, 37.94463848 ], [ 14.20381191, 37.94462082 ], [ 14.20356682, 37.94451317 ], [ 14.20331868, 37.94448914 ], [ 14.20243449, 37.94456145 ], [ 14.20185533, 37.9445964 ], [ 14.20154073, 37.94484419 ], [ 14.2011561, 37.94496632 ], [ 14.20097644, 37.94512151 ], [ 14.20065628, 37.94532747 ], [ 14.20021809, 37.94526967 ], [ 14.20001953, 37.94539131 ], [ 14.19944399, 37.94543579 ], [ 14.19919762, 37.94536833 ], [ 14.19881279, 37.94505501 ], [ 14.19855821, 37.94502359 ], [ 14.19810003, 37.94504781 ], [ 14.19775471, 37.9450114 ], [ 14.19732289, 37.94525945 ], [ 14.196748, 37.9451308 ], [ 14.19604823, 37.94522176 ], [ 14.19630063, 37.94502614 ] ] ] } },
{ "type": "Feature", "properties": { "gml_id": "CadastralParcel.IT.AGE.PLA.I028_001600.STRADA002", "INSPIREID_LOCALID": "IT.AGE.PLA.I028_001600.STRADA002", "INSPIREID_NAMESPACE": "IT.AGE.PLA.", "LABEL": "STRADA002", "NATIONALCADASTRALREFERENCE": "I028_001600.STRADA002", "ADMINISTRATIVEUNIT": "I028" }, "geometry": { "type": "Polygon", "coordinates": [ [ [ 14.21704728, 37.93975944 ], [ 14.21690836, 37.93963269 ], [ 14.21666106, 37.93951963 ], [ 14.21661635, 37.93938157 ], [ 14.21641577, 37.93911231 ], [ 14.21627776, 37.93886227 ], [ 14.21607948, 37.93858655 ], [ 14.21609136, 37.93833498 ], [ 14.21608074, 37.93805193 ], [ 14.21616292, 37.93767667 ], [ 14.21580444, 37.93755546 ], [ 14.21565566, 37.937317 ], [ 14.21531395, 37.93721871 ], [ 14.21513667, 37.93715113 ], [ 14.21490472, 37.93705218 ], [ 14.21477366, 37.93683497 ], [ 14.21465909, 37.93660221 ], [ 14.21481222, 37.93644411 ], [ 14.21483585, 37.93627504 ], [ 14.21474906, 37.93604405 ], [ 14.21444077, 37.93569412 ], [ 14.21423536, 37.93533058 ], [ 14.21390235, 37.93532763 ], [ 14.21346135, 37.93491884 ], [ 14.21310998, 37.93469013 ], [ 14.21288023, 37.93451262 ], [ 14.21243013, 37.93434515 ], [ 14.21196638, 37.9340283 ], [ 14.2114734, 37.93361531 ], [ 14.21129104, 37.93360909 ], [ 14.21102401, 37.93352567 ], [ 14.21087005, 37.93338749 ], [ 14.21064579, 37.93315948 ], [ 14.21052859, 37.93285527 ], [ 14.21031231, 37.93234015 ], [ 14.21023015, 37.93205299 ], [ 14.21009862, 37.93182692 ], [ 14.21017469, 37.93157878 ], [ 14.2103198, 37.93166951 ], [ 14.21032033, 37.9316753 ], [ 14.21033364, 37.93167595 ], [ 14.21024902, 37.93178385 ], [ 14.2103349, 37.93197823 ], [ 14.2103859, 37.93230454 ], [ 14.21061583, 37.93292617 ], [ 14.21080079, 37.93316334 ], [ 14.21112606, 37.93346262 ], [ 14.21155995, 37.93356612 ], [ 14.21171663, 37.93375259 ], [ 14.21212466, 37.93406647 ], [ 14.21247608, 37.93428727 ], [ 14.21292596, 37.93440153 ], [ 14.21314923, 37.9345904 ], [ 14.21336863, 37.93473883 ], [ 14.21392843, 37.93526527 ], [ 14.21426544, 37.93528381 ], [ 14.21454498, 37.93571721 ], [ 14.21482804, 37.93599364 ], [ 14.21490318, 37.93627052 ], [ 14.21489741, 37.93642598 ], [ 14.21478991, 37.93655683 ], [ 14.21494429, 37.93698448 ], [ 14.21516463, 37.93710486 ], [ 14.21564267, 37.9372472 ], [ 14.2161911, 37.93759997 ], [ 14.21623075, 37.93789075 ], [ 14.21615672, 37.93825396 ], [ 14.21621808, 37.9384814 ], [ 14.21638091, 37.93876242 ], [ 14.21642153, 37.93895777 ], [ 14.21664204, 37.93928518 ], [ 14.216747, 37.93949112 ], [ 14.21692862, 37.93959754 ], [ 14.21708324, 37.93972735 ], [ 14.21706683, 37.93975952 ], [ 14.21704728, 37.93975944 ] ] ] } },
{ "type": "Feature", "properties": { "gml_id": "CadastralParcel.IT.AGE.PLA.I028_001600.13", "INSPIREID_LOCALID": "IT.AGE.PLA.I028_001600.13", "INSPIREID_NAMESPACE": "IT.AGE.PLA.", "LABEL": "13", "NATIONALCADASTRALREFERENCE": "I028_001600.13", "ADMINISTRATIVEUNIT": "I028" }, "geometry": { "type": "Polygon", "coordinates": [ [ [ 14.21986813, 37.94721239 ], [ 14.21974858, 37.94724971 ], [ 14.21899743, 37.94787263 ], [ 14.21889858, 37.94800793 ], [ 14.21931183, 37.94174782 ], [ 14.21945741, 37.94129481 ], [ 14.22216486, 37.94176791 ], [ 14.22200685, 37.94205968 ], [ 14.22200111, 37.94206484 ], [ 14.22199714, 37.94207218 ], [ 14.22178306, 37.94227187 ], [ 14.22166529, 37.94258443 ], [ 14.2216567, 37.94285265 ], [ 14.22165429, 37.94292788 ], [ 14.22164324, 37.94323995 ], [ 14.22164264, 37.94325679 ], [ 14.22143384, 37.94355834 ], [ 14.22142883, 37.94356626 ], [ 14.22135621, 37.94368106 ], [ 14.221169, 37.94403385 ], [ 14.22115364, 37.94410007 ], [ 14.22112553, 37.94424521 ], [ 14.22112193, 37.94427701 ], [ 14.22121488, 37.94461359 ], [ 14.22126975, 37.94492782 ], [ 14.22128445, 37.94501198 ], [ 14.22124665, 37.94525353 ], [ 14.22125217, 37.94535328 ], [ 14.221268, 37.94559984 ], [ 14.22126626, 37.94560819 ], [ 14.22126674, 37.94561682 ], [ 14.22113799, 37.94625308 ], [ 14.2211471, 37.94655792 ], [ 14.22109881, 37.94660521 ], [ 14.2208659, 37.94684472 ], [ 14.22085603, 37.94685487 ], [ 14.22085463, 37.94685635 ], [ 14.2205803, 37.94705301 ], [ 14.2202842, 37.94708773 ], [ 14.21986813, 37.94721239 ] ] ] } },
{ "type": "Feature", "properties": { "gml_id": "CadastralParcel.IT.AGE.PLA.I028_001700.161", "INSPIREID_LOCALID": "IT.AGE.PLA.I028_001700.161", "INSPIREID_NAMESPACE": "IT.AGE.PLA.", "LABEL": "161", "NATIONALCADASTRALREFERENCE": "I028_001700.161", "ADMINISTRATIVEUNIT": "I028" }, "geometry": { "type": "Polygon", "coordinates": [ [ [ 14.22460852, 37.94002975 ], [ 14.22512466, 37.94061098 ], [ 14.22495986, 37.94083146 ], [ 14.22478385, 37.94106831 ], [ 14.2246033, 37.94130883 ], [ 14.22443298, 37.94155382 ], [ 14.22425882, 37.94179492 ], [ 14.22409155, 37.94202499 ], [ 14.22390853, 37.94227169 ], [ 14.22379998, 37.94241662 ], [ 14.2237888, 37.9424293 ], [ 14.22288248, 37.94201995 ], [ 14.22268953, 37.94097373 ], [ 14.22317043, 37.94040104 ], [ 14.22460852, 37.94002975 ] ] ] } },
{ "type": "Feature", "properties": { "gml_id": "CadastralParcel.IT.AGE.PLA.I028_001700.164", "INSPIREID_LOCALID": "IT.AGE.PLA.I028_001700.164", "INSPIREID_NAMESPACE": "IT.AGE.PLA.", "LABEL": "164", "NATIONALCADASTRALREFERENCE": "I028_001700.164", "ADMINISTRATIVEUNIT": "I028" }, "geometry": { "type": "Polygon", "coordinates": [ [ [ 14.22524706, 37.93807828 ], [ 14.2260908, 37.93901843 ], [ 14.22626972, 37.93904708 ], [ 14.22621198, 37.93912626 ], [ 14.22601684, 37.93939328 ], [ 14.22584043, 37.93963466 ], [ 14.22566438, 37.93987543 ], [ 14.22548806, 37.94011487 ], [ 14.22531093, 37.94035575 ], [ 14.22513536, 37.94059644 ], [ 14.22512466, 37.94061098 ], [ 14.22460852, 37.94002975 ], [ 14.22317043, 37.94040104 ], [ 14.22268953, 37.94097373 ], [ 14.22288248, 37.94201995 ], [ 14.22231841, 37.94176724 ], [ 14.22253834, 37.94136094 ], [ 14.22246642, 37.94118993 ], [ 14.22270643, 37.94036136 ], [ 14.22283101, 37.93943765 ], [ 14.22281523, 37.93896623 ], [ 14.22284437, 37.938751 ], [ 14.2228999, 37.93846934 ], [ 14.22289092, 37.93835899 ], [ 14.22286734, 37.93823525 ], [ 14.22302867, 37.93782469 ], [ 14.22357379, 37.93758962 ], [ 14.22407473, 37.93693907 ], [ 14.22496163, 37.93649899 ], [ 14.22507042, 37.93641578 ], [ 14.22581186, 37.93697375 ], [ 14.22524706, 37.93807828 ] ] ] } },
{ "type": "Feature", "properties": { "gml_id": "CadastralParcel.IT.AGE.PLA.I028_001600.2", "INSPIREID_LOCALID": "IT.AGE.PLA.I028_001600.2", "INSPIREID_NAMESPACE": "IT.AGE.PLA.", "LABEL": "2", "NATIONALCADASTRALREFERENCE": "I028_001600.2", "ADMINISTRATIVEUNIT": "I028" }, "geometry": { "type": "Polygon", "coordinates": [ [ [ 14.21353873, 37.95108127 ], [ 14.21352569, 37.95107944 ], [ 14.21285054, 37.95109042 ], [ 14.21277621, 37.95109112 ], [ 14.21276317, 37.95108157 ], [ 14.21264033, 37.95096835 ], [ 14.21256696, 37.9509625 ], [ 14.21214785, 37.95098507 ], [ 14.21189049, 37.95100227 ], [ 14.21158971, 37.95111744 ], [ 14.21088782, 37.95125504 ], [ 14.21018371, 37.95129438 ], [ 14.20959886, 37.95139498 ], [ 14.2092886, 37.95142504 ], [ 14.20930887, 37.95140682 ], [ 14.20963941, 37.95118468 ], [ 14.20966242, 37.95117028 ], [ 14.21043562, 37.95071223 ], [ 14.21107188, 37.94997721 ], [ 14.21130844, 37.94966935 ], [ 14.2115574, 37.94927723 ], [ 14.21171428, 37.94913279 ], [ 14.21210049, 37.94877182 ], [ 14.21263719, 37.94820054 ], [ 14.21247583, 37.947632 ], [ 14.21276109, 37.94751358 ], [ 14.21333273, 37.94745395 ], [ 14.21379553, 37.94729032 ], [ 14.21422958, 37.94705731 ], [ 14.21450305, 37.9465951 ], [ 14.21490693, 37.94651456 ], [ 14.21506226, 37.94607062 ], [ 14.2131945, 37.94444975 ], [ 14.21320811, 37.94432926 ], [ 14.21366526, 37.94401162 ], [ 14.21412214, 37.94368284 ], [ 14.2142995, 37.94344357 ], [ 14.21458872, 37.94320308 ], [ 14.21588358, 37.94268581 ], [ 14.21617153, 37.9423366 ], [ 14.21654152, 37.94191486 ], [ 14.21638777, 37.94170344 ], [ 14.21649205, 37.94123258 ], [ 14.21660549, 37.94078611 ], [ 14.21667305, 37.94062638 ], [ 14.21706194, 37.94005614 ], [ 14.21713426, 37.93980163 ], [ 14.21741273, 37.93956671 ], [ 14.21748635, 37.93937757 ], [ 14.2204565, 37.9377975 ], [ 14.21638695, 37.94941345 ], [ 14.21630914, 37.94944273 ], [ 14.2162721, 37.94945571 ], [ 14.21587684, 37.94960501 ], [ 14.21585637, 37.94961276 ], [ 14.21583328, 37.94961854 ], [ 14.21579055, 37.94962245 ], [ 14.21548876, 37.9496167 ], [ 14.21515115, 37.94960835 ], [ 14.21514706, 37.94960945 ], [ 14.21452202, 37.94977747 ], [ 14.21451765, 37.94978351 ], [ 14.21450791, 37.94979811 ], [ 14.21448291, 37.94992555 ], [ 14.21443519, 37.9501688 ], [ 14.21466319, 37.95047618 ], [ 14.21470571, 37.95053887 ], [ 14.21475121, 37.95060596 ], [ 14.21479981, 37.9506867 ], [ 14.21470346, 37.95081973 ], [ 14.21470007, 37.95082441 ], [ 14.21463649, 37.95091165 ], [ 14.21459773, 37.95096408 ], [ 14.21434442, 37.95118452 ], [ 14.2143307, 37.95118572 ], [ 14.2139266, 37.95113242 ], [ 14.21353873, 37.95108127 ] ] ] } },
{ "type": "Feature", "properties": { "gml_id": "CadastralParcel.IT.AGE.PLA.I028_001700.3", "INSPIREID_LOCALID": "IT.AGE.PLA.I028_001700.3", "INSPIREID_NAMESPACE": "IT.AGE.PLA.", "LABEL": "3", "NATIONALCADASTRALREFERENCE": "I028_001700.3", "ADMINISTRATIVEUNIT": "I028" }, "geometry": { "type": "Polygon", "coordinates": [ [ [ 14.22475799, 37.94318257 ], [ 14.224126, 37.94286816 ], [ 14.22290749, 37.94222111 ], [ 14.22288248, 37.94201995 ], [ 14.2237888, 37.9424293 ], [ 14.2249172, 37.94293793 ], [ 14.22475799, 37.94318257 ] ] ] } },
{ "type": "Feature", "properties": { "gml_id": "CadastralParcel.IT.AGE.PLA.I028_001700.4", "INSPIREID_LOCALID": "IT.AGE.PLA.I028_001700.4", "INSPIREID_NAMESPACE": "IT.AGE.PLA.", "LABEL": "4", "NATIONALCADASTRALREFERENCE": "I028_001700.4", "ADMINISTRATIVEUNIT": "I028" }, "geometry": { "type": "Polygon", "coordinates": [ [ [ 14.22126707, 37.94657367 ], [ 14.22128604, 37.94625247 ], [ 14.22141045, 37.94557965 ], [ 14.22139854, 37.94517939 ], [ 14.22140507, 37.94498801 ], [ 14.22134296, 37.94462839 ], [ 14.22123354, 37.94427767 ], [ 14.22128786, 37.94408295 ], [ 14.22148004, 37.94369817 ], [ 14.22179824, 37.9432582 ], [ 14.2217971, 37.94269156 ], [ 14.22181111, 37.94255761 ], [ 14.22191134, 37.94231128 ], [ 14.2221472, 37.94207344 ], [ 14.22231841, 37.94176724 ], [ 14.22288248, 37.94201995 ], [ 14.22290749, 37.94222111 ], [ 14.224126, 37.94286816 ], [ 14.22126707, 37.94657367 ] ] ] } },
{ "type": "Feature", "properties": { "gml_id": "CadastralParcel.IT.AGE.PLA.I028_001600.56", "INSPIREID_LOCALID": "IT.AGE.PLA.I028_001600.56", "INSPIREID_NAMESPACE": "IT.AGE.PLA.", "LABEL": "56", "NATIONALCADASTRALREFERENCE": "I028_001600.56", "ADMINISTRATIVEUNIT": "I028" }, "geometry": { "type": "Polygon", "coordinates": [ [ [ 14.22268079, 37.93886882 ], [ 14.22266573, 37.93937691 ], [ 14.22266411, 37.93939116 ], [ 14.22266401, 37.93940702 ], [ 14.22262731, 37.93988971 ], [ 14.22263893, 37.93995702 ], [ 14.22233355, 37.94113924 ], [ 14.22233209, 37.94114489 ], [ 14.2223976, 37.94133259 ], [ 14.22240049, 37.9413415 ], [ 14.22216486, 37.94176791 ], [ 14.21945741, 37.94129481 ], [ 14.22053114, 37.93778866 ], [ 14.22053201, 37.93778582 ], [ 14.22057058, 37.9377772 ], [ 14.22074439, 37.93773837 ], [ 14.22079375, 37.93771739 ], [ 14.22083632, 37.93770584 ], [ 14.22130993, 37.93750305 ], [ 14.22289002, 37.93779788 ], [ 14.22289255, 37.93779835 ], [ 14.22277698, 37.93823729 ], [ 14.22277696, 37.93834205 ], [ 14.22278418, 37.93844108 ], [ 14.22273551, 37.93860398 ], [ 14.22269185, 37.93879431 ], [ 14.22268079, 37.93886882 ] ] ] } },
{ "type": "Feature", "properties": { "gml_id": "CadastralParcel.IT.AGE.PLA.I028_001600.57", "INSPIREID_LOCALID": "IT.AGE.PLA.I028_001600.57", "INSPIREID_NAMESPACE": "IT.AGE.PLA.", "LABEL": "57", "NATIONALCADASTRALREFERENCE": "I028_001600.57", "ADMINISTRATIVEUNIT": "I028" }, "geometry": { "type": "Polygon", "coordinates": [ [ [ 14.22051575, 37.93778945 ], [ 14.22053201, 37.93778582 ], [ 14.22053114, 37.93778866 ], [ 14.21945741, 37.94129481 ], [ 14.21931183, 37.94174782 ], [ 14.21889858, 37.94800793 ], [ 14.21852271, 37.9485127 ], [ 14.21852189, 37.94851715 ], [ 14.21851869, 37.94852113 ], [ 14.21847968, 37.94873627 ], [ 14.21847836, 37.94874354 ], [ 14.21845918, 37.94876361 ], [ 14.2182448, 37.94889739 ], [ 14.2182349, 37.94890281 ], [ 14.21817208, 37.9489257 ], [ 14.21779663, 37.94903093 ], [ 14.2174088, 37.94913383 ], [ 14.2173969, 37.94913701 ], [ 14.21648457, 37.94938125 ], [ 14.21630914, 37.94944273 ], [ 14.21638695, 37.94941345 ], [ 14.2204565, 37.9377975 ], [ 14.22045842, 37.93779201 ], [ 14.22046094, 37.93779388 ], [ 14.22046901, 37.93779989 ], [ 14.22051575, 37.93778945 ] ] ] } },
{ "type": "Feature", "properties": { "gml_id": "CadastralParcel.IT.AGE.PLA.I028_001700.7", "INSPIREID_LOCALID": "IT.AGE.PLA.I028_001700.7", "INSPIREID_NAMESPACE": "IT.AGE.PLA.", "LABEL": "7", "NATIONALCADASTRALREFERENCE": "I028_001700.7", "ADMINISTRATIVEUNIT": "I028" }, "geometry": { "type": "Polygon", "coordinates": [ [ [ 14.21688712, 37.9357058 ], [ 14.21661021, 37.93554806 ], [ 14.21994227, 37.93640069 ], [ 14.22289154, 37.93779323 ], [ 14.22289002, 37.93779788 ], [ 14.22130993, 37.93750305 ], [ 14.22083632, 37.93770584 ], [ 14.22079378, 37.93771738 ], [ 14.22074439, 37.93773837 ], [ 14.22046901, 37.93779989 ], [ 14.22023016, 37.93762208 ], [ 14.21986206, 37.93753062 ], [ 14.21959977, 37.93753145 ], [ 14.21944994, 37.93751834 ], [ 14.21884241, 37.93740739 ], [ 14.21873907, 37.9373928 ], [ 14.21868199, 37.9374704 ], [ 14.2185334, 37.93747226 ], [ 14.21801694, 37.93710029 ], [ 14.21799868, 37.93707584 ], [ 14.21781976, 37.93683626 ], [ 14.21732432, 37.93620799 ], [ 14.21705273, 37.93592539 ], [ 14.2170338, 37.93590541 ], [ 14.21688712, 37.9357058 ] ] ] } },
{ "type": "Feature", "properties": { "gml_id": "CadastralParcel.IT.AGE.PLA.I028_001700.8", "INSPIREID_LOCALID": "IT.AGE.PLA.I028_001700.8", "INSPIREID_NAMESPACE": "IT.AGE.PLA.", "LABEL": "8", "NATIONALCADASTRALREFERENCE": "I028_001700.8", "ADMINISTRATIVEUNIT": "I028" }, "geometry": { "type": "Polygon", "coordinates": [ [ [ 14.21614702, 37.9348518 ], [ 14.21595058, 37.93464458 ], [ 14.21585372, 37.93454925 ], [ 14.21523822, 37.93442089 ], [ 14.21505611, 37.93438684 ], [ 14.2136827, 37.93377774 ], [ 14.21322913, 37.93357659 ], [ 14.21321092, 37.93356829 ], [ 14.21322322, 37.93356953 ], [ 14.2204325, 37.9342966 ], [ 14.21994227, 37.93640069 ], [ 14.21661021, 37.93554806 ], [ 14.21652936, 37.93550217 ], [ 14.21629751, 37.93513635 ], [ 14.21614702, 37.9348518 ] ] ] } },
{ "type": "Feature", "properties": { "gml_id": "CadastralParcel.IT.AGE.PLA.I028_001600.96", "INSPIREID_LOCALID": "IT.AGE.PLA.I028_001600.96", "INSPIREID_NAMESPACE": "IT.AGE.PLA.", "LABEL": "96", "NATIONALCADASTRALREFERENCE": "I028_001600.96", "ADMINISTRATIVEUNIT": "I028" }, "geometry": { "type": "MultiPolygon", "coordinates": [ [ [ [ 14.20978817, 37.94882853 ], [ 14.20994635, 37.94875279 ], [ 14.21049405, 37.94809996 ], [ 14.21050263, 37.94808951 ], [ 14.21040076, 37.94736217 ], [ 14.20837838, 37.94684477 ], [ 14.20853633, 37.94664112 ], [ 14.20866766, 37.94648831 ], [ 14.20865909, 37.94648285 ], [ 14.20851761, 37.94639246 ], [ 14.208239, 37.94621517 ], [ 14.20820472, 37.94620343 ], [ 14.20732475, 37.94590656 ], [ 14.20701009, 37.94570048 ], [ 14.20699418, 37.94569006 ], [ 14.20678859, 37.94576829 ], [ 14.20678589, 37.94576911 ], [ 14.20663788, 37.94582556 ], [ 14.20654353, 37.94586155 ], [ 14.20652767, 37.94587213 ], [ 14.20602561, 37.94621476 ], [ 14.20550862, 37.94656759 ], [ 14.20528185, 37.94644853 ], [ 14.20513079, 37.94636922 ], [ 14.20499246, 37.94628917 ], [ 14.20420187, 37.94629601 ], [ 14.20357375, 37.94589549 ], [ 14.20356442, 37.94589427 ], [ 14.20272545, 37.94578419 ], [ 14.20268733, 37.94612323 ], [ 14.20268882, 37.94614003 ], [ 14.20270426, 37.94631406 ], [ 14.20242581, 37.94654472 ], [ 14.20235154, 37.94657197 ], [ 14.20230229, 37.94658596 ], [ 14.20203935, 37.9465014 ], [ 14.20187763, 37.94644727 ], [ 14.20164972, 37.94637098 ], [ 14.20134391, 37.94625202 ], [ 14.20122085, 37.94620415 ], [ 14.20113031, 37.94621807 ], [ 14.20097746, 37.9462395 ], [ 14.20082413, 37.94626099 ], [ 14.20042537, 37.94630739 ], [ 14.20035246, 37.94631384 ], [ 14.20024548, 37.94632331 ], [ 14.20022956, 37.94632472 ], [ 14.19987482, 37.94623217 ], [ 14.19981007, 37.9462144 ], [ 14.19942755, 37.94594932 ], [ 14.19941208, 37.94593859 ], [ 14.19895014, 37.94561822 ], [ 14.19894085, 37.94561484 ], [ 14.19831868, 37.94540239 ], [ 14.19802323, 37.94548594 ], [ 14.19781818, 37.94554181 ], [ 14.19742066, 37.94560198 ], [ 14.19708046, 37.94564774 ], [ 14.19694935, 37.94563682 ], [ 14.19584638, 37.9455359 ], [ 14.19601318, 37.94527386 ], [ 14.19604823, 37.94522176 ], [ 14.196748, 37.9451308 ], [ 14.19732289, 37.94525945 ], [ 14.19775471, 37.9450114 ], [ 14.19810003, 37.94504781 ], [ 14.19855821, 37.94502359 ], [ 14.19881279, 37.94505501 ], [ 14.19919762, 37.94536833 ], [ 14.19944399, 37.94543579 ], [ 14.20001953, 37.94539131 ], [ 14.20021809, 37.94526967 ], [ 14.20065628, 37.94532747 ], [ 14.20097644, 37.94512151 ], [ 14.2011561, 37.94496632 ], [ 14.20154073, 37.94484419 ], [ 14.20185533, 37.9445964 ], [ 14.20243449, 37.94456145 ], [ 14.20331868, 37.94448914 ], [ 14.20356682, 37.94451317 ], [ 14.20381191, 37.94462082 ], [ 14.20409057, 37.94463848 ], [ 14.2043181, 37.94454889 ], [ 14.20453028, 37.9445013 ], [ 14.2047625, 37.94436414 ], [ 14.20501683, 37.94414195 ], [ 14.20538759, 37.94403358 ], [ 14.20580283, 37.94401156 ], [ 14.20643928, 37.94416257 ], [ 14.20992764, 37.94513101 ], [ 14.21140691, 37.9426291 ], [ 14.21161982, 37.94260356 ], [ 14.21324363, 37.94173317 ], [ 14.21347223, 37.9416123 ], [ 14.21415719, 37.94127419 ], [ 14.21442425, 37.94128269 ], [ 14.21464607, 37.94114282 ], [ 14.21526576, 37.94105173 ], [ 14.21551277, 37.9408469 ], [ 14.21623092, 37.94042582 ], [ 14.21644725, 37.94023028 ], [ 14.21653771, 37.93997806 ], [ 14.21686345, 37.9398722 ], [ 14.21708339, 37.93981972 ], [ 14.21698386, 37.94003234 ], [ 14.21679931, 37.94028603 ], [ 14.21665429, 37.94056716 ], [ 14.21654988, 37.94079054 ], [ 14.2164619, 37.94108385 ], [ 14.21635446, 37.94160204 ], [ 14.21634182, 37.94169152 ], [ 14.21647905, 37.94191037 ], [ 14.21618965, 37.94221636 ], [ 14.21601481, 37.94242807 ], [ 14.21583223, 37.94265443 ], [ 14.21454114, 37.94314521 ], [ 14.2142907, 37.94335224 ], [ 14.21419245, 37.94348184 ], [ 14.2140889, 37.94364497 ], [ 14.21400775, 37.94370719 ], [ 14.21308742, 37.94430428 ], [ 14.21308977, 37.94447652 ], [ 14.21405335, 37.94526437 ], [ 14.21439411, 37.94557863 ], [ 14.21498598, 37.94604959 ], [ 14.21483062, 37.94648297 ], [ 14.21444957, 37.94654084 ], [ 14.21413229, 37.94701669 ], [ 14.21373887, 37.94726945 ], [ 14.21331741, 37.94741624 ], [ 14.21273817, 37.94748796 ], [ 14.2124429, 37.9475608 ], [ 14.21241397, 37.94759514 ], [ 14.21240788, 37.94763773 ], [ 14.21242992, 37.94773438 ], [ 14.21256803, 37.94819472 ], [ 14.21225691, 37.94853792 ], [ 14.21212631, 37.94869435 ], [ 14.21161423, 37.94913522 ], [ 14.21149437, 37.9492742 ], [ 14.21141831, 37.94940849 ], [ 14.21132066, 37.94957236 ], [ 14.21112616, 37.94981751 ], [ 14.21087198, 37.95012524 ], [ 14.21038552, 37.95069821 ], [ 14.20961705, 37.95113914 ], [ 14.20960607, 37.95113599 ], [ 14.2096083, 37.95113507 ], [ 14.2088147, 37.9509038 ], [ 14.20883807, 37.95011002 ], [ 14.20883588, 37.95010889 ], [ 14.20883605, 37.95010306 ], [ 14.20850951, 37.94993466 ], [ 14.20859688, 37.94971364 ], [ 14.20878192, 37.94925353 ], [ 14.2092025, 37.94908493 ], [ 14.20943336, 37.94899839 ], [ 14.20978817, 37.94882853 ] ], [ [ 14.2070872, 37.94444177 ], [ 14.2070263, 37.94441998 ], [ 14.2069763, 37.94451239 ], [ 14.20703771, 37.94453393 ], [ 14.2070872, 37.94444177 ] ], [ [ 14.20676869, 37.94459371 ], [ 14.2068092, 37.94462324 ], [ 14.20684059, 37.94459627 ], [ 14.20686594, 37.94456698 ], [ 14.20683447, 37.94454254 ], [ 14.20680608, 37.94457021 ], [ 14.2068005, 37.94456567 ], [ 14.20676869, 37.94459371 ] ], [ [ 14.20656732, 37.94459141 ], [ 14.20672356, 37.94453981 ], [ 14.20672214, 37.94453725 ], [ 14.20672641, 37.94453567 ], [ 14.20671357, 37.94451237 ], [ 14.2067093, 37.94451396 ], [ 14.20670297, 37.94450244 ], [ 14.20669842, 37.9444942 ], [ 14.20654447, 37.94454467 ], [ 14.20653608, 37.94452577 ], [ 14.20650043, 37.94453076 ], [ 14.20650336, 37.94456788 ], [ 14.20655334, 37.94456509 ], [ 14.20656732, 37.94459141 ] ] ] ] } },
{ "type": "Feature", "properties": { "gml_id": "CadastralParcel.IT.AGE.PLA.I028_001600.STRADA003", "INSPIREID_LOCALID": "IT.AGE.PLA.I028_001600.STRADA003", "INSPIREID_NAMESPACE": "IT.AGE.PLA.", "LABEL": "STRADA003", "NATIONALCADASTRALREFERENCE": "I028_001600.STRADA003", "ADMINISTRATIVEUNIT": "I028" }, "geometry": { "type": "Polygon", "coordinates": [ [ [ 14.20961705, 37.95113914 ], [ 14.21038552, 37.95069821 ], [ 14.21087198, 37.95012524 ], [ 14.21112616, 37.94981751 ], [ 14.21132066, 37.94957236 ], [ 14.21141831, 37.94940849 ], [ 14.21149437, 37.9492742 ], [ 14.21161423, 37.94913522 ], [ 14.21212631, 37.94869435 ], [ 14.21225691, 37.94853792 ], [ 14.21256803, 37.94819472 ], [ 14.21242992, 37.94773438 ], [ 14.21240788, 37.94763773 ], [ 14.21241397, 37.94759514 ], [ 14.2124429, 37.9475608 ], [ 14.21273817, 37.94748796 ], [ 14.21331741, 37.94741624 ], [ 14.21373887, 37.94726945 ], [ 14.21413229, 37.94701669 ], [ 14.21444957, 37.94654084 ], [ 14.21483062, 37.94648297 ], [ 14.21498598, 37.94604959 ], [ 14.21439411, 37.94557863 ], [ 14.21405335, 37.94526437 ], [ 14.21308977, 37.94447652 ], [ 14.21308742, 37.94430428 ], [ 14.21400775, 37.94370719 ], [ 14.2140889, 37.94364497 ], [ 14.21419245, 37.94348184 ], [ 14.2142907, 37.94335224 ], [ 14.21454114, 37.94314521 ], [ 14.21583223, 37.94265443 ], [ 14.21601481, 37.94242807 ], [ 14.21618965, 37.94221636 ], [ 14.21647905, 37.94191037 ], [ 14.21634182, 37.94169152 ], [ 14.21635446, 37.94160204 ], [ 14.2164619, 37.94108385 ], [ 14.21654988, 37.94079054 ], [ 14.21665429, 37.94056716 ], [ 14.21679931, 37.94028603 ], [ 14.21698386, 37.94003234 ], [ 14.21708339, 37.93981972 ], [ 14.21713426, 37.93980163 ], [ 14.21706194, 37.94005614 ], [ 14.21667305, 37.94062638 ], [ 14.21660549, 37.94078611 ], [ 14.21649205, 37.94123258 ], [ 14.21638777, 37.94170344 ], [ 14.21654152, 37.94191486 ], [ 14.21617153, 37.9423366 ], [ 14.21588358, 37.94268581 ], [ 14.21458872, 37.94320308 ], [ 14.2142995, 37.94344357 ], [ 14.21412214, 37.94368284 ], [ 14.21366526, 37.94401162 ], [ 14.21320811, 37.94432926 ], [ 14.2131945, 37.94444975 ], [ 14.21506226, 37.94607062 ], [ 14.21490693, 37.94651456 ], [ 14.21450305, 37.9465951 ], [ 14.21422958, 37.94705731 ], [ 14.21379553, 37.94729032 ], [ 14.21333273, 37.94745395 ], [ 14.21276109, 37.94751358 ], [ 14.21247583, 37.947632 ], [ 14.21263719, 37.94820054 ], [ 14.21210049, 37.94877182 ], [ 14.21171428, 37.94913279 ], [ 14.2115574, 37.94927723 ], [ 14.21130844, 37.94966935 ], [ 14.21107188, 37.94997721 ], [ 14.21043562, 37.95071223 ], [ 14.20966242, 37.95117028 ], [ 14.20961705, 37.95113914 ] ] ] } },
{ "type": "Feature", "properties": { "gml_id": "CadastralParcel.IT.AGE.PLA.I028_001700.STRADA004", "INSPIREID_LOCALID": "IT.AGE.PLA.I028_001700.STRADA004", "INSPIREID_NAMESPACE": "IT.AGE.PLA.", "LABEL": "STRADA004", "NATIONALCADASTRALREFERENCE": "I028_001700.STRADA004", "ADMINISTRATIVEUNIT": "I028" }, "geometry": { "type": "Polygon", "coordinates": [ [ [ 14.22142883, 37.94356626 ], [ 14.22143384, 37.94355834 ], [ 14.22164264, 37.94325679 ], [ 14.22164324, 37.94323995 ], [ 14.22165429, 37.94292788 ], [ 14.2216567, 37.94285265 ], [ 14.22166529, 37.94258443 ], [ 14.22178306, 37.94227187 ], [ 14.22199714, 37.94207218 ], [ 14.22200112, 37.94206483 ], [ 14.22200685, 37.94205968 ], [ 14.22216486, 37.94176791 ], [ 14.22240049, 37.9413415 ], [ 14.2223976, 37.94133259 ], [ 14.22233209, 37.94114489 ], [ 14.22233355, 37.94113924 ], [ 14.22263893, 37.93995702 ], [ 14.22263252, 37.93991988 ], [ 14.22262731, 37.93988971 ], [ 14.22262781, 37.93988315 ], [ 14.22266401, 37.93940702 ], [ 14.22266411, 37.93939116 ], [ 14.22266432, 37.93938931 ], [ 14.22266573, 37.93937691 ], [ 14.2226808, 37.93886878 ], [ 14.22269185, 37.93879433 ], [ 14.22273551, 37.93860398 ], [ 14.22278418, 37.93844108 ], [ 14.22277696, 37.93834209 ], [ 14.22277698, 37.93823729 ], [ 14.22289255, 37.93779835 ], [ 14.22289002, 37.93779788 ], [ 14.22289154, 37.93779323 ], [ 14.22290959, 37.93776205 ], [ 14.22345971, 37.9375313 ], [ 14.22394738, 37.93688637 ], [ 14.22497872, 37.93632792 ], [ 14.22564083, 37.93578086 ], [ 14.22596154, 37.93542201 ], [ 14.22700681, 37.93342439 ], [ 14.22727321, 37.93259031 ], [ 14.22729365, 37.93257175 ], [ 14.22868479, 37.93167201 ], [ 14.22902035, 37.9314576 ], [ 14.22902132, 37.93145698 ], [ 14.22901943, 37.93148694 ], [ 14.22903959, 37.93147347 ], [ 14.22904846, 37.93148079 ], [ 14.22912865, 37.93144348 ], [ 14.22912605, 37.93154385 ], [ 14.22913827, 37.93185974 ], [ 14.22909065, 37.93232235 ], [ 14.22908497, 37.93237756 ], [ 14.2290877, 37.93239618 ], [ 14.22911725, 37.93259763 ], [ 14.22914195, 37.93276605 ], [ 14.22934525, 37.93299762 ], [ 14.22945963, 37.9331295 ], [ 14.22947122, 37.93314285 ], [ 14.22954947, 37.93318523 ], [ 14.22969126, 37.9332732 ], [ 14.22978122, 37.9337471 ], [ 14.22956453, 37.93382102 ], [ 14.22931976, 37.93394711 ], [ 14.22907107, 37.93411309 ], [ 14.22909252, 37.93412873 ], [ 14.22907806, 37.93413839 ], [ 14.2290347, 37.934175 ], [ 14.2290349, 37.93417824 ], [ 14.22903727, 37.9341877 ], [ 14.22912504, 37.93462049 ], [ 14.22912706, 37.93462357 ], [ 14.22912761, 37.93462698 ], [ 14.22927895, 37.93486536 ], [ 14.22934284, 37.93495179 ], [ 14.22945992, 37.93512988 ], [ 14.22956199, 37.93528513 ], [ 14.2297286, 37.93555801 ], [ 14.22974456, 37.93557143 ], [ 14.23007144, 37.93585545 ], [ 14.2300904, 37.93587636 ], [ 14.23039083, 37.93620281 ], [ 14.2310952, 37.93698318 ], [ 14.23110087, 37.93698974 ], [ 14.23116065, 37.93706863 ], [ 14.23116682, 37.93707772 ], [ 14.23166024, 37.93780516 ], [ 14.23168287, 37.93786376 ], [ 14.23173165, 37.93803168 ], [ 14.23179607, 37.9382636 ], [ 14.23179798, 37.93833693 ], [ 14.23179456, 37.93848227 ], [ 14.23179436, 37.93849094 ], [ 14.23178256, 37.93849366 ], [ 14.2312753, 37.9389753 ], [ 14.23106758, 37.93916629 ], [ 14.23089185, 37.93920131 ], [ 14.2308366, 37.93921099 ], [ 14.23068983, 37.93924157 ], [ 14.23024105, 37.93933508 ], [ 14.2302332, 37.93933672 ], [ 14.23022544, 37.93935105 ], [ 14.23020344, 37.93939304 ], [ 14.2301694, 37.93945801 ], [ 14.2301295, 37.93960269 ], [ 14.23009883, 37.93971389 ], [ 14.23009474, 37.93972873 ], [ 14.2300968, 37.93980458 ], [ 14.23009698, 37.93988183 ], [ 14.23000649, 37.94009819 ], [ 14.2299642, 37.94018655 ], [ 14.22981724, 37.94039446 ], [ 14.22960451, 37.94065067 ], [ 14.2293579, 37.94096536 ], [ 14.22934124, 37.94098562 ], [ 14.22923549, 37.94108067 ], [ 14.22922294, 37.94108894 ], [ 14.22910899, 37.94118183 ], [ 14.22903262, 37.94126301 ], [ 14.22900965, 37.94128743 ], [ 14.22899034, 37.94130796 ], [ 14.22898941, 37.94133255 ], [ 14.22898485, 37.94145359 ], [ 14.22897986, 37.94158594 ], [ 14.22892857, 37.94160892 ], [ 14.22865615, 37.94173234 ], [ 14.22865398, 37.9417372 ], [ 14.22862473, 37.94180272 ], [ 14.22858218, 37.94189913 ], [ 14.22846344, 37.9420484 ], [ 14.22841342, 37.94211127 ], [ 14.22838358, 37.942139 ], [ 14.22817686, 37.9423311 ], [ 14.22816554, 37.94234162 ], [ 14.22796833, 37.9426575 ], [ 14.22799449, 37.94281977 ], [ 14.22802388, 37.94299952 ], [ 14.22801311, 37.94301537 ], [ 14.22791624, 37.94315787 ], [ 14.22788196, 37.94320423 ], [ 14.22788078, 37.9432096 ], [ 14.22787012, 37.94325792 ], [ 14.22783497, 37.94342107 ], [ 14.22776108, 37.94387495 ], [ 14.22782569, 37.94396333 ], [ 14.22781412, 37.9443085 ], [ 14.22780797, 37.94446112 ], [ 14.22780754, 37.94447157 ], [ 14.22780733, 37.94447685 ], [ 14.22778164, 37.94470011 ], [ 14.22774944, 37.94493849 ], [ 14.22774268, 37.94524571 ], [ 14.22773962, 37.94525142 ], [ 14.22773726, 37.94525581 ], [ 14.22761228, 37.94547611 ], [ 14.22723652, 37.94587767 ], [ 14.22722963, 37.94589002 ], [ 14.22721897, 37.94590134 ], [ 14.22705309, 37.94620127 ], [ 14.22673266, 37.94677645 ], [ 14.22673541, 37.94682299 ], [ 14.22675153, 37.9470743 ], [ 14.22673249, 37.94713045 ], [ 14.22671781, 37.94717375 ], [ 14.22664122, 37.94737798 ], [ 14.22633287, 37.94785646 ], [ 14.22629748, 37.94791013 ], [ 14.22628453, 37.94793122 ], [ 14.22623298, 37.94801709 ], [ 14.22621972, 37.94806936 ], [ 14.22619886, 37.94815363 ], [ 14.22619554, 37.94816705 ], [ 14.22620883, 37.94819763 ], [ 14.22633428, 37.94831412 ], [ 14.22634534, 37.94832371 ], [ 14.2265882, 37.94854201 ], [ 14.22675172, 37.94870141 ], [ 14.22682244, 37.94877151 ], [ 14.22685408, 37.94880151 ], [ 14.22691402, 37.94886012 ], [ 14.22690019, 37.94910017 ], [ 14.22689494, 37.94919135 ], [ 14.22689196, 37.94924309 ], [ 14.2271443, 37.94987589 ], [ 14.22713408, 37.94987068 ], [ 14.22712605, 37.94986799 ], [ 14.2270441, 37.94985367 ], [ 14.22662282, 37.95030647 ], [ 14.22652239, 37.95023339 ], [ 14.22652097, 37.95023071 ], [ 14.22685677, 37.94997239 ], [ 14.22697037, 37.94982225 ], [ 14.22678897, 37.94930049 ], [ 14.22678858, 37.94888406 ], [ 14.22668843, 37.94881004 ], [ 14.22650436, 37.94862458 ], [ 14.22618261, 37.94827978 ], [ 14.22603635, 37.94807103 ], [ 14.22602859, 37.94801974 ], [ 14.22640304, 37.94738961 ], [ 14.22652649, 37.94701735 ], [ 14.22654506, 37.94670265 ], [ 14.22685592, 37.94625205 ], [ 14.22704293, 37.94582412 ], [ 14.22741825, 37.94541864 ], [ 14.22754283, 37.94521853 ], [ 14.2276058, 37.94491636 ], [ 14.22763958, 37.94413753 ], [ 14.22764902, 37.94348362 ], [ 14.22771895, 37.94314304 ], [ 14.22779123, 37.94301669 ], [ 14.22789815, 37.9426507 ], [ 14.22801946, 37.94227543 ], [ 14.22812847, 37.94213193 ], [ 14.22848026, 37.94178475 ], [ 14.22858324, 37.94164338 ], [ 14.22874343, 37.94153222 ], [ 14.22881723, 37.9414203 ], [ 14.22882986, 37.94138119 ], [ 14.22888568, 37.94121701 ], [ 14.22892849, 37.94115539 ], [ 14.22911506, 37.94098063 ], [ 14.22932071, 37.9406748 ], [ 14.22954081, 37.94051774 ], [ 14.22978803, 37.9401913 ], [ 14.22983948, 37.94006646 ], [ 14.22992228, 37.93976923 ], [ 14.23010338, 37.93922623 ], [ 14.2309675, 37.93907899 ], [ 14.23168062, 37.93839974 ], [ 14.23148677, 37.93788876 ], [ 14.23029212, 37.93634757 ], [ 14.23012436, 37.93615028 ], [ 14.2296204, 37.93567567 ], [ 14.22941338, 37.93535734 ], [ 14.22926242, 37.9350297 ], [ 14.22923081, 37.93488648 ], [ 14.2290591, 37.9346149 ], [ 14.22893856, 37.93422268 ], [ 14.22892333, 37.93416736 ], [ 14.2290367, 37.93407729 ], [ 14.22914134, 37.93398248 ], [ 14.22963877, 37.93373289 ], [ 14.22955914, 37.93331622 ], [ 14.22930851, 37.93314454 ], [ 14.22908769, 37.93297602 ], [ 14.22899254, 37.93284715 ], [ 14.22895394, 37.93250412 ], [ 14.22894189, 37.93191834 ], [ 14.22902279, 37.93160833 ], [ 14.22867918, 37.93182977 ], [ 14.22739326, 37.93265499 ], [ 14.22716978, 37.93338958 ], [ 14.22651718, 37.93467074 ], [ 14.22606323, 37.93550071 ], [ 14.22575947, 37.93581466 ], [ 14.22507042, 37.93641578 ], [ 14.22496163, 37.93649899 ], [ 14.22407473, 37.93693907 ], [ 14.22357379, 37.93758962 ], [ 14.22302867, 37.93782469 ], [ 14.22286734, 37.93823525 ], [ 14.22289092, 37.93835899 ], [ 14.2228999, 37.93846934 ], [ 14.22284437, 37.938751 ], [ 14.22281523, 37.93896623 ], [ 14.22283101, 37.93943765 ], [ 14.22270643, 37.94036136 ], [ 14.22246642, 37.94118993 ], [ 14.22253834, 37.94136094 ], [ 14.22231841, 37.94176724 ], [ 14.2221472, 37.94207344 ], [ 14.22191134, 37.94231128 ], [ 14.22181111, 37.94255761 ], [ 14.2217971, 37.94269156 ], [ 14.22179824, 37.9432582 ], [ 14.22148004, 37.94369817 ], [ 14.22128786, 37.94408295 ], [ 14.22123354, 37.94427767 ], [ 14.22134296, 37.94462839 ], [ 14.22140507, 37.94498801 ], [ 14.22139854, 37.94517939 ], [ 14.22141045, 37.94557965 ], [ 14.22128604, 37.94625247 ], [ 14.22126707, 37.94657367 ], [ 14.22095541, 37.94690287 ], [ 14.22063728, 37.94714411 ], [ 14.22033244, 37.94718243 ], [ 14.21988143, 37.94730727 ], [ 14.21913113, 37.94790941 ], [ 14.2189354, 37.94818108 ], [ 14.21880729, 37.9481692 ], [ 14.21876412, 37.9481885 ], [ 14.21889858, 37.94800793 ], [ 14.21899743, 37.94787263 ], [ 14.21974858, 37.94724971 ], [ 14.21986813, 37.94721239 ], [ 14.22024428, 37.94709969 ], [ 14.2202842, 37.94708773 ], [ 14.2205803, 37.94705301 ], [ 14.22085463, 37.94685635 ], [ 14.22085603, 37.94685487 ], [ 14.2208659, 37.94684472 ], [ 14.22109887, 37.94660516 ], [ 14.2211471, 37.94655792 ], [ 14.22113799, 37.94625308 ], [ 14.22126674, 37.94561682 ], [ 14.22126626, 37.94560818 ], [ 14.221268, 37.94559984 ], [ 14.22125217, 37.94535328 ], [ 14.22124665, 37.94525353 ], [ 14.22128445, 37.94501198 ], [ 14.22123107, 37.94470633 ], [ 14.22121844, 37.94463397 ], [ 14.22121488, 37.94461359 ], [ 14.22112193, 37.94427701 ], [ 14.22112553, 37.94424521 ], [ 14.22115364, 37.94410007 ], [ 14.2211652, 37.94405022 ], [ 14.221169, 37.94403384 ], [ 14.22135621, 37.94368106 ], [ 14.22142883, 37.94356626 ] ] ] } },
{ "type": "Feature", "properties": { "gml_id": "CadastralParcel.IT.AGE.PLA.I028_001700.160", "INSPIREID_LOCALID": "IT.AGE.PLA.I028_001700.160", "INSPIREID_NAMESPACE": "IT.AGE.PLA.", "LABEL": "160", "NATIONALCADASTRALREFERENCE": "I028_001700.160", "ADMINISTRATIVEUNIT": "I028" }, "geometry": { "type": "Polygon", "coordinates": [ [ [ 14.22707553, 37.93794866 ], [ 14.22964954, 37.93988797 ], [ 14.2295808, 37.94003739 ], [ 14.22906088, 37.9406763 ], [ 14.22892878, 37.94083373 ], [ 14.22863876, 37.94108541 ], [ 14.22862156, 37.94113214 ], [ 14.22859903, 37.94144172 ], [ 14.22830855, 37.9415312 ], [ 14.22826594, 37.94159616 ], [ 14.22822079, 37.94172298 ], [ 14.22797702, 37.94199889 ], [ 14.22779929, 37.94213116 ], [ 14.22753763, 37.9425748 ], [ 14.22543832, 37.94212309 ], [ 14.2249172, 37.94293793 ], [ 14.2237888, 37.9424293 ], [ 14.22379998, 37.94241662 ], [ 14.22390853, 37.94227169 ], [ 14.22409155, 37.94202499 ], [ 14.22425882, 37.94179492 ], [ 14.22443298, 37.94155382 ], [ 14.2246033, 37.94130883 ], [ 14.22478385, 37.94106831 ], [ 14.22495986, 37.94083146 ], [ 14.22512466, 37.94061098 ], [ 14.22567498, 37.9412307 ], [ 14.22623251, 37.94128394 ], [ 14.2266484, 37.93910771 ], [ 14.22626972, 37.93904708 ], [ 14.22654037, 37.93867367 ], [ 14.22689686, 37.93819066 ], [ 14.22707553, 37.93794866 ] ] ] } },
{ "type": "Feature", "properties": { "gml_id": "CadastralParcel.IT.AGE.PLA.I028_001700.162", "INSPIREID_LOCALID": "IT.AGE.PLA.I028_001700.162", "INSPIREID_NAMESPACE": "IT.AGE.PLA.", "LABEL": "162", "NATIONALCADASTRALREFERENCE": "I028_001700.162", "ADMINISTRATIVEUNIT": "I028" }, "geometry": { "type": "Polygon", "coordinates": [ [ [ 14.22581186, 37.93697375 ], [ 14.22707553, 37.93794866 ], [ 14.22689686, 37.93819066 ], [ 14.22654037, 37.93867367 ], [ 14.22626972, 37.93904708 ], [ 14.2260908, 37.93901843 ], [ 14.22524706, 37.93807828 ], [ 14.22581186, 37.93697375 ] ] ] } },
{ "type": "Feature", "properties": { "gml_id": "CadastralParcel.IT.AGE.PLA.I028_001700.163", "INSPIREID_LOCALID": "IT.AGE.PLA.I028_001700.163", "INSPIREID_NAMESPACE": "IT.AGE.PLA.", "LABEL": "163", "NATIONALCADASTRALREFERENCE": "I028_001700.163", "ADMINISTRATIVEUNIT": "I028" }, "geometry": { "type": "Polygon", "coordinates": [ [ [ 14.22567498, 37.9412307 ], [ 14.22512466, 37.94061098 ], [ 14.22513536, 37.94059644 ], [ 14.22531093, 37.94035575 ], [ 14.22548806, 37.94011487 ], [ 14.22566438, 37.93987543 ], [ 14.22584043, 37.93963466 ], [ 14.22601684, 37.93939328 ], [ 14.22621198, 37.93912626 ], [ 14.22626972, 37.93904708 ], [ 14.2266484, 37.93910771 ], [ 14.22623251, 37.94128394 ], [ 14.22567498, 37.9412307 ] ] ] } },
{ "type": "Feature", "properties": { "gml_id": "CadastralParcel.IT.AGE.PLA.I028_001700.21", "INSPIREID_LOCALID": "IT.AGE.PLA.I028_001700.21", "INSPIREID_NAMESPACE": "IT.AGE.PLA.", "LABEL": "21", "NATIONALCADASTRALREFERENCE": "I028_001700.21", "ADMINISTRATIVEUNIT": "I028" }, "geometry": { "type": "Polygon", "coordinates": [ [ [ 14.22753763, 37.9425748 ], [ 14.22779929, 37.94213116 ], [ 14.22797702, 37.94199889 ], [ 14.22822079, 37.94172298 ], [ 14.22826594, 37.94159616 ], [ 14.22830855, 37.9415312 ], [ 14.22859903, 37.94144172 ], [ 14.22862156, 37.94113214 ], [ 14.22863876, 37.94108541 ], [ 14.22892878, 37.94083373 ], [ 14.22906088, 37.9406763 ], [ 14.2295808, 37.94003739 ], [ 14.22964954, 37.93988797 ], [ 14.22983948, 37.94006646 ], [ 14.22978803, 37.9401913 ], [ 14.22954081, 37.94051774 ], [ 14.22932071, 37.9406748 ], [ 14.22911506, 37.94098063 ], [ 14.22892849, 37.94115539 ], [ 14.22888568, 37.94121701 ], [ 14.22882986, 37.94138119 ], [ 14.22881723, 37.9414203 ], [ 14.22874343, 37.94153222 ], [ 14.22858324, 37.94164338 ], [ 14.22848026, 37.94178475 ], [ 14.22812847, 37.94213193 ], [ 14.22801946, 37.94227543 ], [ 14.22789815, 37.9426507 ], [ 14.22753763, 37.9425748 ] ] ] } },
{ "type": "Feature", "properties": { "gml_id": "CadastralParcel.IT.AGE.PLA.I028_001700.26", "INSPIREID_LOCALID": "IT.AGE.PLA.I028_001700.26", "INSPIREID_NAMESPACE": "IT.AGE.PLA.", "LABEL": "26", "NATIONALCADASTRALREFERENCE": "I028_001700.26", "ADMINISTRATIVEUNIT": "I028" }, "geometry": { "type": "Polygon", "coordinates": [ [ [ 14.2249172, 37.94293793 ], [ 14.22543832, 37.94212309 ], [ 14.22753763, 37.9425748 ], [ 14.22761041, 37.94295106 ], [ 14.22746521, 37.9431155 ], [ 14.22739741, 37.94343289 ], [ 14.22734174, 37.94385433 ], [ 14.22739278, 37.94392646 ], [ 14.22740259, 37.94403326 ], [ 14.2249172, 37.94293793 ] ] ] } },
{ "type": "Feature", "properties": { "gml_id": "CadastralParcel.IT.AGE.PLA.I028_001700.31", "INSPIREID_LOCALID": "IT.AGE.PLA.I028_001700.31", "INSPIREID_NAMESPACE": "IT.AGE.PLA.", "LABEL": "31", "NATIONALCADASTRALREFERENCE": "I028_001700.31", "ADMINISTRATIVEUNIT": "I028" }, "geometry": { "type": "Polygon", "coordinates": [ [ [ 14.22740259, 37.94403326 ], [ 14.22739278, 37.94392646 ], [ 14.22734174, 37.94385433 ], [ 14.22739741, 37.94343289 ], [ 14.22746521, 37.9431155 ], [ 14.22761041, 37.94295106 ], [ 14.22753763, 37.9425748 ], [ 14.22789815, 37.9426507 ], [ 14.22779123, 37.94301669 ], [ 14.22771895, 37.94314304 ], [ 14.22764902, 37.94348362 ], [ 14.22763958, 37.94413753 ], [ 14.22740259, 37.94403326 ] ] ] } },
{ "type": "Feature", "properties": { "gml_id": "CadastralParcel.IT.AGE.PLA.I028_001800.36", "INSPIREID_LOCALID": "IT.AGE.PLA.I028_001800.36", "INSPIREID_NAMESPACE": "IT.AGE.PLA.", "LABEL": "36", "NATIONALCADASTRALREFERENCE": "I028_001800.36", "ADMINISTRATIVEUNIT": "I028" }, "geometry": { "type": "Polygon", "coordinates": [ [ [ 14.22992484, 37.94274593 ], [ 14.22984904, 37.94277864 ], [ 14.22978653, 37.94268557 ], [ 14.22976226, 37.94269466 ], [ 14.22974026, 37.94266361 ], [ 14.2297714, 37.94264985 ], [ 14.22973316, 37.94259323 ], [ 14.22980352, 37.94256844 ], [ 14.22985914, 37.94265612 ], [ 14.22992484, 37.94274593 ] ] ] } },
{ "type": "Feature", "properties": { "gml_id": "CadastralParcel.IT.AGE.PLA.I028_001800.37", "INSPIREID_LOCALID": "IT.AGE.PLA.I028_001800.37", "INSPIREID_NAMESPACE": "IT.AGE.PLA.", "LABEL": "37", "NATIONALCADASTRALREFERENCE": "I028_001800.37", "ADMINISTRATIVEUNIT": "I028" }, "geometry": { "type": "Polygon", "coordinates": [ [ [ 14.22791624, 37.94315787 ], [ 14.22801311, 37.94301537 ], [ 14.22802618, 37.94301356 ], [ 14.2282713, 37.94297965 ], [ 14.22843145, 37.9429537 ], [ 14.22869175, 37.94290977 ], [ 14.22902452, 37.94285452 ], [ 14.22935699, 37.94279889 ], [ 14.2296777, 37.94273908 ], [ 14.2297862, 37.94269172 ], [ 14.22978653, 37.94268557 ], [ 14.22984904, 37.94277864 ], [ 14.22992484, 37.94274593 ], [ 14.22985914, 37.94265612 ], [ 14.22996065, 37.94260814 ], [ 14.23012566, 37.9423143 ], [ 14.23025777, 37.94206339 ], [ 14.23038926, 37.94181183 ], [ 14.23052085, 37.94156095 ], [ 14.2306524, 37.94130952 ], [ 14.23085144, 37.94094746 ], [ 14.23206315, 37.94215091 ], [ 14.23276311, 37.94284486 ], [ 14.23371856, 37.94378583 ], [ 14.23266891, 37.94500431 ], [ 14.23196538, 37.9458114 ], [ 14.2313131, 37.94659623 ], [ 14.23052649, 37.94598493 ], [ 14.22943747, 37.94572308 ], [ 14.22939893, 37.94536765 ], [ 14.22780907, 37.94446175 ], [ 14.22780797, 37.94446112 ], [ 14.22781412, 37.9443085 ], [ 14.22782569, 37.94396333 ], [ 14.2277653, 37.94388072 ], [ 14.22776108, 37.94387495 ], [ 14.22783497, 37.94342107 ], [ 14.22787012, 37.94325792 ], [ 14.22788077, 37.94320961 ], [ 14.22788196, 37.94320423 ], [ 14.22791624, 37.94315787 ] ] ] } },
{ "type": "Feature", "properties": { "gml_id": "CadastralParcel.IT.AGE.PLA.I028_001800.38", "INSPIREID_LOCALID": "IT.AGE.PLA.I028_001800.38", "INSPIREID_NAMESPACE": "IT.AGE.PLA.", "LABEL": "38", "NATIONALCADASTRALREFERENCE": "I028_001800.38", "ADMINISTRATIVEUNIT": "I028" }, "geometry": { "type": "Polygon", "coordinates": [ [ [ 14.22981728, 37.94039442 ], [ 14.2299603, 37.94019207 ], [ 14.22996121, 37.94019278 ], [ 14.23055867, 37.9406546 ], [ 14.23085144, 37.94094746 ], [ 14.2306524, 37.94130952 ], [ 14.23052085, 37.94156095 ], [ 14.23038926, 37.94181183 ], [ 14.23025777, 37.94206339 ], [ 14.23012566, 37.9423143 ], [ 14.22996065, 37.94260814 ], [ 14.22985914, 37.94265612 ], [ 14.22980352, 37.94256844 ], [ 14.22973316, 37.94259323 ], [ 14.2297714, 37.94264985 ], [ 14.22974026, 37.94266361 ], [ 14.22976226, 37.94269466 ], [ 14.22978653, 37.94268557 ], [ 14.2297862, 37.94269172 ], [ 14.2296777, 37.94273908 ], [ 14.22935699, 37.94279889 ], [ 14.22902452, 37.94285452 ], [ 14.22869175, 37.94290977 ], [ 14.22843145, 37.9429537 ], [ 14.2282713, 37.94297965 ], [ 14.22802618, 37.94301356 ], [ 14.22801311, 37.94301537 ], [ 14.22802388, 37.94299952 ], [ 14.22799449, 37.94281977 ], [ 14.22796913, 37.94266245 ], [ 14.22796833, 37.9426575 ], [ 14.22816554, 37.94234162 ], [ 14.22838358, 37.942139 ], [ 14.22841343, 37.94211126 ], [ 14.22858218, 37.94189913 ], [ 14.22862473, 37.94180272 ], [ 14.22865398, 37.9417372 ], [ 14.22865615, 37.94173234 ], [ 14.22892857, 37.94160892 ], [ 14.22897986, 37.94158594 ], [ 14.22898941, 37.94133255 ], [ 14.22899034, 37.94130796 ], [ 14.22910899, 37.94118183 ], [ 14.22922294, 37.94108894 ], [ 14.22923552, 37.94108065 ], [ 14.22934124, 37.94098562 ], [ 14.22935786, 37.94096541 ], [ 14.22960451, 37.94065067 ], [ 14.22981728, 37.94039442 ] ] ] } },
{ "type": "Feature", "properties": { "gml_id": "CadastralParcel.IT.AGE.PLA.I028_001800.4", "INSPIREID_LOCALID": "IT.AGE.PLA.I028_001800.4", "INSPIREID_NAMESPACE": "IT.AGE.PLA.", "LABEL": "4", "NATIONALCADASTRALREFERENCE": "I028_001800.4", "ADMINISTRATIVEUNIT": "I028" }, "geometry": { "type": "Polygon", "coordinates": [ [ [ 14.2425113, 37.94525261 ], [ 14.24195368, 37.94574208 ], [ 14.2407936, 37.94637284 ], [ 14.24028116, 37.9466276 ], [ 14.23955653, 37.94698913 ], [ 14.23935189, 37.94712459 ], [ 14.23877229, 37.94736889 ], [ 14.23836569, 37.94757321 ], [ 14.23738684, 37.94811763 ], [ 14.23680567, 37.94843105 ], [ 14.2366815, 37.94840346 ], [ 14.23651788, 37.94822545 ], [ 14.2363622, 37.94809764 ], [ 14.23624998, 37.94808263 ], [ 14.23590733, 37.94802075 ], [ 14.23579037, 37.94802693 ], [ 14.23566137, 37.94798081 ], [ 14.23546601, 37.94803515 ], [ 14.2351716, 37.94809726 ], [ 14.23488932, 37.94815426 ], [ 14.23478138, 37.94824767 ], [ 14.23431345, 37.94836301 ], [ 14.23405784, 37.94842154 ], [ 14.23393878, 37.94845432 ], [ 14.23387811, 37.94844927 ], [ 14.23379855, 37.94840069 ], [ 14.23360927, 37.94842658 ], [ 14.23355632, 37.94849431 ], [ 14.23341569, 37.94858412 ], [ 14.23318919, 37.94857097 ], [ 14.23264053, 37.94886688 ], [ 14.23224536, 37.94876159 ], [ 14.23209769, 37.94877627 ], [ 14.23199367, 37.94801437 ], [ 14.23328329, 37.94777249 ], [ 14.23369097, 37.94743942 ], [ 14.23466373, 37.94664551 ], [ 14.23390127, 37.9466285 ], [ 14.23300346, 37.94662458 ], [ 14.23370302, 37.94628666 ], [ 14.23443563, 37.94528607 ], [ 14.23495129, 37.94459002 ], [ 14.23418759, 37.94409883 ], [ 14.23371856, 37.94378583 ], [ 14.2345728, 37.94276616 ], [ 14.23495483, 37.94231612 ], [ 14.23440126, 37.94182878 ], [ 14.23364137, 37.94115587 ], [ 14.23325934, 37.94082714 ], [ 14.23266305, 37.94028797 ], [ 14.23178824, 37.93994667 ], [ 14.23076418, 37.93954139 ], [ 14.23131828, 37.93912635 ], [ 14.23272283, 37.93947746 ], [ 14.23395998, 37.93999013 ], [ 14.23529657, 37.94053646 ], [ 14.23591248, 37.94079466 ], [ 14.23667293, 37.94085591 ], [ 14.23798399, 37.94096303 ], [ 14.23943185, 37.94107333 ], [ 14.24045858, 37.9411493 ], [ 14.24142215, 37.94158615 ], [ 14.24173952, 37.94174129 ], [ 14.24173743, 37.94180293 ], [ 14.24176771, 37.94184049 ], [ 14.2417813, 37.94175267 ], [ 14.24272985, 37.94217783 ], [ 14.24266541, 37.94228054 ], [ 14.24252024, 37.94255181 ], [ 14.24252702, 37.94294377 ], [ 14.24247122, 37.94330988 ], [ 14.24243761, 37.94365563 ], [ 14.24246574, 37.9437122 ], [ 14.24254002, 37.94394437 ], [ 14.24263525, 37.94428152 ], [ 14.242576, 37.94439874 ], [ 14.24268973, 37.94446162 ], [ 14.24283814, 37.94459194 ], [ 14.2425113, 37.94525261 ] ] ] } },
{ "type": "Feature", "properties": { "gml_id": "CadastralParcel.IT.AGE.PLA.I028_001700.STRADA003", "INSPIREID_LOCALID": "IT.AGE.PLA.I028_001700.STRADA003", "INSPIREID_NAMESPACE": "IT.AGE.PLA.", "LABEL": "STRADA003", "NATIONALCADASTRALREFERENCE": "I028_001700.STRADA003", "ADMINISTRATIVEUNIT": "I028" }, "geometry": { "type": "Polygon", "coordinates": [ [ [ 14.22142883, 37.94356626 ], [ 14.22143384, 37.94355834 ], [ 14.22164264, 37.94325679 ], [ 14.22164324, 37.94323995 ], [ 14.22165429, 37.94292788 ], [ 14.2216567, 37.94285265 ], [ 14.22166529, 37.94258443 ], [ 14.22178306, 37.94227187 ], [ 14.22199714, 37.94207218 ], [ 14.22200112, 37.94206483 ], [ 14.22200685, 37.94205968 ], [ 14.22216486, 37.94176791 ], [ 14.22240049, 37.9413415 ], [ 14.2223976, 37.94133259 ], [ 14.22233209, 37.94114489 ], [ 14.22233355, 37.94113924 ], [ 14.22263893, 37.93995702 ], [ 14.22263252, 37.93991988 ], [ 14.22262731, 37.93988971 ], [ 14.22262781, 37.93988315 ], [ 14.22266401, 37.93940702 ], [ 14.22266411, 37.93939116 ], [ 14.22266432, 37.93938931 ], [ 14.22266573, 37.93937691 ], [ 14.2226808, 37.93886878 ], [ 14.22269185, 37.93879433 ], [ 14.22273551, 37.93860398 ], [ 14.22278418, 37.93844108 ], [ 14.22277696, 37.93834209 ], [ 14.22277698, 37.93823729 ], [ 14.22289255, 37.93779835 ], [ 14.22289002, 37.93779788 ], [ 14.22289154, 37.93779323 ], [ 14.22290959, 37.93776205 ], [ 14.22345971, 37.9375313 ], [ 14.22394738, 37.93688637 ], [ 14.22497872, 37.93632792 ], [ 14.22564083, 37.93578086 ], [ 14.22596154, 37.93542201 ], [ 14.22700681, 37.93342439 ], [ 14.22727321, 37.93259031 ], [ 14.22729365, 37.93257175 ], [ 14.22868479, 37.93167201 ], [ 14.22902035, 37.9314576 ], [ 14.22902132, 37.93145698 ], [ 14.22901943, 37.93148694 ], [ 14.22903959, 37.93147347 ], [ 14.22904846, 37.93148079 ], [ 14.22912865, 37.93144348 ], [ 14.22912605, 37.93154385 ], [ 14.22913827, 37.93185974 ], [ 14.22909065, 37.93232235 ], [ 14.22908497, 37.93237756 ], [ 14.2290877, 37.93239618 ], [ 14.22911725, 37.93259763 ], [ 14.22914195, 37.93276605 ], [ 14.22934525, 37.93299762 ], [ 14.22945963, 37.9331295 ], [ 14.22947122, 37.93314285 ], [ 14.22954947, 37.93318523 ], [ 14.22969126, 37.9332732 ], [ 14.22978122, 37.9337471 ], [ 14.22956453, 37.93382102 ], [ 14.22931976, 37.93394711 ], [ 14.22907107, 37.93411309 ], [ 14.22909252, 37.93412873 ], [ 14.22907806, 37.93413839 ], [ 14.2290347, 37.934175 ], [ 14.2290349, 37.93417824 ], [ 14.22903727, 37.9341877 ], [ 14.22912504, 37.93462049 ], [ 14.22912706, 37.93462357 ], [ 14.22912761, 37.93462698 ], [ 14.22927895, 37.93486536 ], [ 14.22934284, 37.93495179 ], [ 14.22945992, 37.93512988 ], [ 14.22956199, 37.93528513 ], [ 14.2297286, 37.93555801 ], [ 14.22974456, 37.93557143 ], [ 14.23007144, 37.93585545 ], [ 14.2300904, 37.93587636 ], [ 14.23039083, 37.93620281 ], [ 14.2310952, 37.93698318 ], [ 14.23110087, 37.93698974 ], [ 14.23116065, 37.93706863 ], [ 14.23116682, 37.93707772 ], [ 14.23166024, 37.93780516 ], [ 14.23168287, 37.93786376 ], [ 14.23173165, 37.93803168 ], [ 14.23179607, 37.9382636 ], [ 14.23179798, 37.93833693 ], [ 14.23179456, 37.93848227 ], [ 14.23179436, 37.93849094 ], [ 14.23178256, 37.93849366 ], [ 14.2312753, 37.9389753 ], [ 14.23106758, 37.93916629 ], [ 14.23089185, 37.93920131 ], [ 14.2308366, 37.93921099 ], [ 14.23068983, 37.93924157 ], [ 14.23024105, 37.93933508 ], [ 14.2302332, 37.93933672 ], [ 14.23022544, 37.93935105 ], [ 14.23020344, 37.93939304 ], [ 14.2301694, 37.93945801 ], [ 14.2301295, 37.93960269 ], [ 14.23009883, 37.93971389 ], [ 14.23009474, 37.93972873 ], [ 14.2300968, 37.93980458 ], [ 14.23009698, 37.93988183 ], [ 14.23000649, 37.94009819 ], [ 14.2299642, 37.94018655 ], [ 14.22981724, 37.94039446 ], [ 14.22960451, 37.94065067 ], [ 14.2293579, 37.94096536 ], [ 14.22934124, 37.94098562 ], [ 14.22923549, 37.94108067 ], [ 14.22922294, 37.94108894 ], [ 14.22910899, 37.94118183 ], [ 14.22903262, 37.94126301 ], [ 14.22900965, 37.94128743 ], [ 14.22899034, 37.94130796 ], [ 14.22898941, 37.94133255 ], [ 14.22898485, 37.94145359 ], [ 14.22897986, 37.94158594 ], [ 14.22892857, 37.94160892 ], [ 14.22865615, 37.94173234 ], [ 14.22865398, 37.9417372 ], [ 14.22862473, 37.94180272 ], [ 14.22858218, 37.94189913 ], [ 14.22846344, 37.9420484 ], [ 14.22841342, 37.94211127 ], [ 14.22838358, 37.942139 ], [ 14.22817686, 37.9423311 ], [ 14.22816554, 37.94234162 ], [ 14.22796833, 37.9426575 ], [ 14.22799449, 37.94281977 ], [ 14.22802388, 37.94299952 ], [ 14.22801311, 37.94301537 ], [ 14.22791624, 37.94315787 ], [ 14.22788196, 37.94320423 ], [ 14.22788078, 37.9432096 ], [ 14.22787012, 37.94325792 ], [ 14.22783497, 37.94342107 ], [ 14.22776108, 37.94387495 ], [ 14.22782569, 37.94396333 ], [ 14.22781412, 37.9443085 ], [ 14.22780797, 37.94446112 ], [ 14.22780754, 37.94447157 ], [ 14.22780733, 37.94447685 ], [ 14.22778164, 37.94470011 ], [ 14.22774944, 37.94493849 ], [ 14.22774268, 37.94524571 ], [ 14.22773962, 37.94525142 ], [ 14.22773726, 37.94525581 ], [ 14.22761228, 37.94547611 ], [ 14.22723652, 37.94587767 ], [ 14.22722963, 37.94589002 ], [ 14.22721897, 37.94590134 ], [ 14.22705309, 37.94620127 ], [ 14.22673266, 37.94677645 ], [ 14.22673541, 37.94682299 ], [ 14.22675153, 37.9470743 ], [ 14.22673249, 37.94713045 ], [ 14.22671781, 37.94717375 ], [ 14.22664122, 37.94737798 ], [ 14.22633287, 37.94785646 ], [ 14.22629748, 37.94791013 ], [ 14.22628453, 37.94793122 ], [ 14.22623298, 37.94801709 ], [ 14.22621972, 37.94806936 ], [ 14.22619886, 37.94815363 ], [ 14.22619554, 37.94816705 ], [ 14.22620883, 37.94819763 ], [ 14.22633428, 37.94831412 ], [ 14.22634534, 37.94832371 ], [ 14.2265882, 37.94854201 ], [ 14.22675172, 37.94870141 ], [ 14.22682244, 37.94877151 ], [ 14.22685408, 37.94880151 ], [ 14.22691402, 37.94886012 ], [ 14.22690019, 37.94910017 ], [ 14.22689494, 37.94919135 ], [ 14.22689196, 37.94924309 ], [ 14.2271443, 37.94987589 ], [ 14.22713408, 37.94987068 ], [ 14.22712605, 37.94986799 ], [ 14.2270441, 37.94985367 ], [ 14.22662282, 37.95030647 ], [ 14.22652239, 37.95023339 ], [ 14.22652097, 37.95023071 ], [ 14.22685677, 37.94997239 ], [ 14.22697037, 37.94982225 ], [ 14.22678897, 37.94930049 ], [ 14.22678858, 37.94888406 ], [ 14.22668843, 37.94881004 ], [ 14.22650436, 37.94862458 ], [ 14.22618261, 37.94827978 ], [ 14.22603635, 37.94807103 ], [ 14.22602859, 37.94801974 ], [ 14.22640304, 37.94738961 ], [ 14.22652649, 37.94701735 ], [ 14.22654506, 37.94670265 ], [ 14.22685592, 37.94625205 ], [ 14.22704293, 37.94582412 ], [ 14.22741825, 37.94541864 ], [ 14.22754283, 37.94521853 ], [ 14.2276058, 37.94491636 ], [ 14.22763958, 37.94413753 ], [ 14.22764902, 37.94348362 ], [ 14.22771895, 37.94314304 ], [ 14.22779123, 37.94301669 ], [ 14.22789815, 37.9426507 ], [ 14.22801946, 37.94227543 ], [ 14.22812847, 37.94213193 ], [ 14.22848026, 37.94178475 ], [ 14.22858324, 37.94164338 ], [ 14.22874343, 37.94153222 ], [ 14.22881723, 37.9414203 ], [ 14.22882986, 37.94138119 ], [ 14.22888568, 37.94121701 ], [ 14.22892849, 37.94115539 ], [ 14.22911506, 37.94098063 ], [ 14.22932071, 37.9406748 ], [ 14.22954081, 37.94051774 ], [ 14.22978803, 37.9401913 ], [ 14.22983948, 37.94006646 ], [ 14.22992228, 37.93976923 ], [ 14.23010338, 37.93922623 ], [ 14.2309675, 37.93907899 ], [ 14.23168062, 37.93839974 ], [ 14.23148677, 37.93788876 ], [ 14.23029212, 37.93634757 ], [ 14.23012436, 37.93615028 ], [ 14.2296204, 37.93567567 ], [ 14.22941338, 37.93535734 ], [ 14.22926242, 37.9350297 ], [ 14.22923081, 37.93488648 ], [ 14.2290591, 37.9346149 ], [ 14.22893856, 37.93422268 ], [ 14.22892333, 37.93416736 ], [ 14.2290367, 37.93407729 ], [ 14.22914134, 37.93398248 ], [ 14.22963877, 37.93373289 ], [ 14.22955914, 37.93331622 ], [ 14.22930851, 37.93314454 ], [ 14.22908769, 37.93297602 ], [ 14.22899254, 37.93284715 ], [ 14.22895394, 37.93250412 ], [ 14.22894189, 37.93191834 ], [ 14.22902279, 37.93160833 ], [ 14.22867918, 37.93182977 ], [ 14.22739326, 37.93265499 ], [ 14.22716978, 37.93338958 ], [ 14.22651718, 37.93467074 ], [ 14.22606323, 37.93550071 ], [ 14.22575947, 37.93581466 ], [ 14.22507042, 37.93641578 ], [ 14.22496163, 37.93649899 ], [ 14.22407473, 37.93693907 ], [ 14.22357379, 37.93758962 ], [ 14.22302867, 37.93782469 ], [ 14.22286734, 37.93823525 ], [ 14.22289092, 37.93835899 ], [ 14.2228999, 37.93846934 ], [ 14.22284437, 37.938751 ], [ 14.22281523, 37.93896623 ], [ 14.22283101, 37.93943765 ], [ 14.22270643, 37.94036136 ], [ 14.22246642, 37.94118993 ], [ 14.22253834, 37.94136094 ], [ 14.22231841, 37.94176724 ], [ 14.2221472, 37.94207344 ], [ 14.22191134, 37.94231128 ], [ 14.22181111, 37.94255761 ], [ 14.2217971, 37.94269156 ], [ 14.22179824, 37.9432582 ], [ 14.22148004, 37.94369817 ], [ 14.22128786, 37.94408295 ], [ 14.22123354, 37.94427767 ], [ 14.22134296, 37.94462839 ], [ 14.22140507, 37.94498801 ], [ 14.22139854, 37.94517939 ], [ 14.22141045, 37.94557965 ], [ 14.22128604, 37.94625247 ], [ 14.22126707, 37.94657367 ], [ 14.22095541, 37.94690287 ], [ 14.22063728, 37.94714411 ], [ 14.22033244, 37.94718243 ], [ 14.21988143, 37.94730727 ], [ 14.21913113, 37.94790941 ], [ 14.2189354, 37.94818108 ], [ 14.21880729, 37.9481692 ], [ 14.21876412, 37.9481885 ], [ 14.21889858, 37.94800793 ], [ 14.21899743, 37.94787263 ], [ 14.21974858, 37.94724971 ], [ 14.21986813, 37.94721239 ], [ 14.22024428, 37.94709969 ], [ 14.2202842, 37.94708773 ], [ 14.2205803, 37.94705301 ], [ 14.22085463, 37.94685635 ], [ 14.22085603, 37.94685487 ], [ 14.2208659, 37.94684472 ], [ 14.22109887, 37.94660516 ], [ 14.2211471, 37.94655792 ], [ 14.22113799, 37.94625308 ], [ 14.22126674, 37.94561682 ], [ 14.22126626, 37.94560818 ], [ 14.221268, 37.94559984 ], [ 14.22125217, 37.94535328 ], [ 14.22124665, 37.94525353 ], [ 14.22128445, 37.94501198 ], [ 14.22123107, 37.94470633 ], [ 14.22121844, 37.94463397 ], [ 14.22121488, 37.94461359 ], [ 14.22112193, 37.94427701 ], [ 14.22112553, 37.94424521 ], [ 14.22115364, 37.94410007 ], [ 14.2211652, 37.94405022 ], [ 14.221169, 37.94403384 ], [ 14.22135621, 37.94368106 ], [ 14.22142883, 37.94356626 ] ] ] } },
{ "type": "Feature", "properties": { "gml_id": "CadastralParcel.IT.AGE.PLA.G522_001500.78", "INSPIREID_LOCALID": "IT.AGE.PLA.G522_001500.78", "INSPIREID_NAMESPACE": "IT.AGE.PLA.", "LABEL": "78", "NATIONALCADASTRALREFERENCE": "G522_001500.78", "ADMINISTRATIVEUNIT": "G522" }, "geometry": { "type": "Polygon", "coordinates": [ [ [ 14.24246164, 37.9437068 ], [ 14.24250816, 37.94321904 ], [ 14.24254819, 37.94298466 ], [ 14.24255612, 37.94277707 ], [ 14.24254707, 37.94255859 ], [ 14.24275993, 37.94219043 ], [ 14.24418493, 37.94262114 ], [ 14.24427087, 37.94499062 ], [ 14.2428621, 37.94461025 ], [ 14.24271758, 37.94447842 ], [ 14.24260796, 37.94443732 ], [ 14.24265796, 37.9442961 ], [ 14.24264525, 37.94422158 ], [ 14.24254011, 37.94386246 ], [ 14.24246164, 37.9437068 ] ] ] } },
{ "type": "Feature", "properties": { "gml_id": "CadastralParcel.IT.AGE.PLA.G522_001500.ACQUA004", "INSPIREID_LOCALID": "IT.AGE.PLA.G522_001500.ACQUA004", "INSPIREID_NAMESPACE": "IT.AGE.PLA.", "LABEL": "ACQUA004", "NATIONALCADASTRALREFERENCE": "G522_001500.ACQUA004", "ADMINISTRATIVEUNIT": "G522" }, "geometry": { "type": "Polygon", "coordinates": [ [ [ 14.24453899, 37.93894774 ], [ 14.2444975, 37.93873717 ], [ 14.24459993, 37.93867955 ], [ 14.24458616, 37.93891828 ], [ 14.24533683, 37.93949074 ], [ 14.24605359, 37.94002235 ], [ 14.24606293, 37.94010482 ], [ 14.24616741, 37.94023138 ], [ 14.24621691, 37.94033818 ], [ 14.2463881, 37.94073588 ], [ 14.24692708, 37.9411593 ], [ 14.24732036, 37.9414691 ], [ 14.24746159, 37.94168921 ], [ 14.24758245, 37.94186952 ], [ 14.24754349, 37.94235134 ], [ 14.24786538, 37.94261448 ], [ 14.2483033, 37.94264525 ], [ 14.24846957, 37.94295025 ], [ 14.24864974, 37.94323659 ], [ 14.24956181, 37.94340784 ], [ 14.24966623, 37.94341886 ], [ 14.25005168, 37.94362749 ], [ 14.25080615, 37.94391066 ], [ 14.25159296, 37.94419654 ], [ 14.25186691, 37.94462608 ], [ 14.25162429, 37.9450164 ], [ 14.25251471, 37.94496535 ], [ 14.25275244, 37.94485739 ], [ 14.25301382, 37.94480205 ], [ 14.25332612, 37.94490987 ], [ 14.25356542, 37.94487104 ], [ 14.25392826, 37.94497969 ], [ 14.25437637, 37.94509854 ], [ 14.25454585, 37.94523277 ], [ 14.25467668, 37.94522457 ], [ 14.25448825, 37.94499279 ], [ 14.25404469, 37.94474087 ], [ 14.25345647, 37.94439629 ], [ 14.25269676, 37.94395296 ], [ 14.25199381, 37.94336538 ], [ 14.25132449, 37.94279875 ], [ 14.25060744, 37.94218863 ], [ 14.2502493, 37.94188859 ], [ 14.24983378, 37.94154807 ], [ 14.24958436, 37.94134607 ], [ 14.24884124, 37.94113361 ], [ 14.24935763, 37.94125487 ], [ 14.24962471, 37.94130636 ], [ 14.25040304, 37.94196825 ], [ 14.25112102, 37.94257305 ], [ 14.25194286, 37.94325823 ], [ 14.2525568, 37.9437752 ], [ 14.25271089, 37.94390203 ], [ 14.25290833, 37.94401874 ], [ 14.25359751, 37.94442665 ], [ 14.25398066, 37.9446545 ], [ 14.25450478, 37.94495443 ], [ 14.25472857, 37.94521851 ], [ 14.25475174, 37.94522472 ], [ 14.2548601, 37.9452212 ], [ 14.25509333, 37.94522122 ], [ 14.25536551, 37.94536084 ], [ 14.25552179, 37.9454642 ], [ 14.25553762, 37.94561745 ], [ 14.2557908, 37.94585326 ], [ 14.25585724, 37.94605631 ], [ 14.25614006, 37.94623825 ], [ 14.25645814, 37.94626053 ], [ 14.2567818, 37.94643059 ], [ 14.25746153, 37.94683139 ], [ 14.25770901, 37.94704125 ], [ 14.25784795, 37.94723023 ], [ 14.25801037, 37.94750667 ], [ 14.25817781, 37.94792958 ], [ 14.2583773, 37.9484223 ], [ 14.25854584, 37.94861492 ], [ 14.25863611, 37.9487584 ], [ 14.25873628, 37.94884512 ], [ 14.25941307, 37.94907449 ], [ 14.25970637, 37.94917025 ], [ 14.25980637, 37.94941412 ], [ 14.25985407, 37.94954489 ], [ 14.25982813, 37.94990619 ], [ 14.26007445, 37.95003068 ], [ 14.26071682, 37.95031893 ], [ 14.26099192, 37.95034036 ], [ 14.26110013, 37.95031843 ], [ 14.2612499, 37.95020323 ], [ 14.26137562, 37.95005604 ], [ 14.2615293, 37.95002558 ], [ 14.26164214, 37.9500428 ], [ 14.26201574, 37.95031612 ], [ 14.26227782, 37.95042692 ], [ 14.26247529, 37.95051879 ], [ 14.26259845, 37.95057607 ], [ 14.2629536, 37.95070979 ], [ 14.26315994, 37.95082673 ], [ 14.263185, 37.95084091 ], [ 14.2632304, 37.95086659 ], [ 14.26349482, 37.95101901 ], [ 14.26370088, 37.95115768 ], [ 14.26382077, 37.95123624 ], [ 14.26392402, 37.95123699 ], [ 14.26407526, 37.95117022 ], [ 14.26413552, 37.95114361 ], [ 14.26438954, 37.95078465 ], [ 14.26458639, 37.95100665 ], [ 14.26534434, 37.95088074 ], [ 14.26571988, 37.95087387 ], [ 14.26597208, 37.95104429 ], [ 14.26614883, 37.95122342 ], [ 14.26634651, 37.95128046 ], [ 14.2665831, 37.95131612 ], [ 14.26695138, 37.95148655 ], [ 14.26707659, 37.95153017 ], [ 14.26750077, 37.95153887 ], [ 14.26769863, 37.9515708 ], [ 14.26777731, 37.95164027 ], [ 14.26795109, 37.95190826 ], [ 14.26805596, 37.95200189 ], [ 14.26821195, 37.9520759 ], [ 14.26843977, 37.95212536 ], [ 14.2686069, 37.95215943 ], [ 14.26880137, 37.95215161 ], [ 14.26880225, 37.95187732 ], [ 14.26882911, 37.95097623 ], [ 14.26851803, 37.95046046 ], [ 14.26846783, 37.95040631 ], [ 14.26839608, 37.9503521 ], [ 14.26830283, 37.95026372 ], [ 14.26816178, 37.95001011 ], [ 14.26808108, 37.94991395 ], [ 14.26790639, 37.94981457 ], [ 14.26775184, 37.94969939 ], [ 14.26757686, 37.94952496 ], [ 14.26743534, 37.94936194 ], [ 14.26736231, 37.94927583 ], [ 14.26728009, 37.94921043 ], [ 14.26716649, 37.94915948 ], [ 14.26704111, 37.94908805 ], [ 14.26701911, 37.94887774 ], [ 14.26693551, 37.94855165 ], [ 14.26684929, 37.94838627 ], [ 14.26655147, 37.94791346 ], [ 14.2663821, 37.94764934 ], [ 14.26638935, 37.94736882 ], [ 14.26645698, 37.94718353 ], [ 14.2664341, 37.94703321 ], [ 14.26638016, 37.94672924 ], [ 14.26630212, 37.94667675 ], [ 14.26618228, 37.94660014 ], [ 14.26613858, 37.9465218 ], [ 14.26610228, 37.94642607 ], [ 14.26610054, 37.94629662 ], [ 14.26614793, 37.9461678 ], [ 14.26610737, 37.94612854 ], [ 14.26585475, 37.94590741 ], [ 14.26563864, 37.94575366 ], [ 14.26511986, 37.94544406 ], [ 14.26448871, 37.9450843 ], [ 14.26421627, 37.94457567 ], [ 14.2642005, 37.94454625 ], [ 14.26411225, 37.94439464 ], [ 14.26362683, 37.94375191 ], [ 14.26338632, 37.94344959 ], [ 14.26337695, 37.94320614 ], [ 14.26316829, 37.943015 ], [ 14.26295313, 37.94254164 ], [ 14.26294304, 37.94251489 ], [ 14.26292922, 37.94247822 ], [ 14.26306266, 37.94193784 ], [ 14.26322478, 37.94134059 ], [ 14.26343575, 37.94068879 ], [ 14.26320982, 37.94019797 ], [ 14.26318528, 37.9401374 ], [ 14.263332, 37.93976036 ], [ 14.2633351, 37.93953297 ], [ 14.2632975, 37.93913378 ], [ 14.26311933, 37.93904627 ], [ 14.26275407, 37.93883675 ], [ 14.26260216, 37.93874351 ], [ 14.26240865, 37.93848757 ], [ 14.26222229, 37.93823334 ], [ 14.26206297, 37.93800891 ], [ 14.26199252, 37.93787705 ], [ 14.26196704, 37.93779586 ], [ 14.26197594, 37.93772612 ], [ 14.2620692, 37.93737373 ], [ 14.26138178, 37.93691692 ], [ 14.26088185, 37.93668066 ], [ 14.26073702, 37.93660716 ], [ 14.26040605, 37.93644913 ], [ 14.26025475, 37.9362274 ], [ 14.26058296, 37.93604255 ], [ 14.26100556, 37.93579028 ], [ 14.2610379, 37.9357372 ], [ 14.2610563, 37.93567377 ], [ 14.26085344, 37.93554329 ], [ 14.26048153, 37.9353049 ], [ 14.25987619, 37.93499204 ], [ 14.25903709, 37.93455304 ], [ 14.25914698, 37.93428393 ], [ 14.25917968, 37.9342074 ], [ 14.25913975, 37.9339186 ], [ 14.25836679, 37.93310336 ], [ 14.25792987, 37.9326418 ], [ 14.25687221, 37.93202625 ], [ 14.25661427, 37.93181629 ], [ 14.25630983, 37.9318208 ], [ 14.25576297, 37.93184088 ], [ 14.25541339, 37.93176495 ], [ 14.25529754, 37.93195786 ], [ 14.25465104, 37.93190142 ], [ 14.25423751, 37.93177616 ], [ 14.25407065, 37.93171044 ], [ 14.25364682, 37.93151074 ], [ 14.25368427, 37.93148395 ], [ 14.25416241, 37.93169203 ], [ 14.25465884, 37.93184145 ], [ 14.25524621, 37.93189487 ], [ 14.25538386, 37.93170805 ], [ 14.2557838, 37.93176534 ], [ 14.25593912, 37.9317679 ], [ 14.25651755, 37.93173952 ], [ 14.256651, 37.93171711 ], [ 14.25687162, 37.93185204 ], [ 14.25740027, 37.93215549 ], [ 14.25803774, 37.93253612 ], [ 14.25851542, 37.93308376 ], [ 14.25902992, 37.93366719 ], [ 14.2592304, 37.93389394 ], [ 14.25926584, 37.93420187 ], [ 14.25912812, 37.9345228 ], [ 14.25944115, 37.93468589 ], [ 14.26050022, 37.93522575 ], [ 14.26060669, 37.93528488 ], [ 14.26095854, 37.93550704 ], [ 14.26115085, 37.9356343 ], [ 14.26119246, 37.93572866 ], [ 14.2609994, 37.93590685 ], [ 14.26083632, 37.93598304 ], [ 14.26063265, 37.93608401 ], [ 14.26035713, 37.93622803 ], [ 14.26045222, 37.93638178 ], [ 14.26096426, 37.93664122 ], [ 14.26146707, 37.93688059 ], [ 14.26207549, 37.93730184 ], [ 14.26215459, 37.93735623 ], [ 14.26209542, 37.93754693 ], [ 14.26203736, 37.93777365 ], [ 14.26205066, 37.93783286 ], [ 14.26219453, 37.93806129 ], [ 14.26264848, 37.93869693 ], [ 14.26302198, 37.93892004 ], [ 14.26336033, 37.93909813 ], [ 14.26339612, 37.93942254 ], [ 14.26387086, 37.93907879 ], [ 14.26405109, 37.93872765 ], [ 14.26420382, 37.93839292 ], [ 14.26422135, 37.93831321 ], [ 14.26410173, 37.93796164 ], [ 14.26408101, 37.93784609 ], [ 14.2641289, 37.93792985 ], [ 14.26425519, 37.93831065 ], [ 14.26417129, 37.93855963 ], [ 14.26391452, 37.93909753 ], [ 14.26344145, 37.93947685 ], [ 14.2634128, 37.93971638 ], [ 14.26325382, 37.94012881 ], [ 14.26349795, 37.94069691 ], [ 14.26336271, 37.94130671 ], [ 14.26313149, 37.94196153 ], [ 14.26298012, 37.94247853 ], [ 14.26300257, 37.94252829 ], [ 14.2631781, 37.94287584 ], [ 14.26325188, 37.9430354 ], [ 14.26343379, 37.94321121 ], [ 14.26349942, 37.94343606 ], [ 14.26368149, 37.94365833 ], [ 14.26423841, 37.94431129 ], [ 14.26454234, 37.94502427 ], [ 14.26493999, 37.94525241 ], [ 14.26576436, 37.94573004 ], [ 14.26600281, 37.9458741 ], [ 14.2662382, 37.94612033 ], [ 14.26619185, 37.94620585 ], [ 14.26617858, 37.94639047 ], [ 14.26618923, 37.94647844 ], [ 14.26622835, 37.94657531 ], [ 14.26642045, 37.94667115 ], [ 14.26650723, 37.94708486 ], [ 14.26651392, 37.94720315 ], [ 14.26644386, 37.9473686 ], [ 14.26644235, 37.94750279 ], [ 14.26656442, 37.94772942 ], [ 14.26668243, 37.94793829 ], [ 14.26683202, 37.94819222 ], [ 14.26704614, 37.94841803 ], [ 14.26709685, 37.94876684 ], [ 14.26717711, 37.94902703 ], [ 14.26725561, 37.94910342 ], [ 14.26734636, 37.94917221 ], [ 14.26740552, 37.94923102 ], [ 14.26744614, 37.94927419 ], [ 14.2674924, 37.94932335 ], [ 14.2677344, 37.94959836 ], [ 14.26788933, 37.94973879 ], [ 14.26809577, 37.94982852 ], [ 14.26820765, 37.94991765 ], [ 14.26832314, 37.95017152 ], [ 14.26839054, 37.9502732 ], [ 14.26855873, 37.95038561 ], [ 14.26859641, 37.95043752 ], [ 14.26865934, 37.95052448 ], [ 14.26890664, 37.95095233 ], [ 14.26890659, 37.95155089 ], [ 14.2688851, 37.95202371 ], [ 14.26889625, 37.95216105 ], [ 14.26880467, 37.95220014 ], [ 14.26857402, 37.95218728 ], [ 14.26838747, 37.95213502 ], [ 14.26812878, 37.95208228 ], [ 14.26797144, 37.95201319 ], [ 14.26788903, 37.95196905 ], [ 14.26765279, 37.95163073 ], [ 14.26756663, 37.95159831 ], [ 14.26736764, 37.95156945 ], [ 14.26707515, 37.95156388 ], [ 14.26663066, 37.95139254 ], [ 14.26647804, 37.95133095 ], [ 14.26620876, 37.95127063 ], [ 14.26611711, 37.9512325 ], [ 14.26596468, 37.95108461 ], [ 14.26571137, 37.95090605 ], [ 14.26533108, 37.95099687 ], [ 14.26473067, 37.9511256 ], [ 14.26443159, 37.95098956 ], [ 14.26429682, 37.95110877 ], [ 14.26396211, 37.95130921 ], [ 14.26386464, 37.95133217 ], [ 14.26374889, 37.95128991 ], [ 14.2635423, 37.95113813 ], [ 14.26328752, 37.95097153 ], [ 14.26295391, 37.95076118 ], [ 14.26269777, 37.95065286 ], [ 14.26238074, 37.95054785 ], [ 14.2621313, 37.95041084 ], [ 14.2619324, 37.95029921 ], [ 14.26174492, 37.95017708 ], [ 14.26156576, 37.95007536 ], [ 14.26148065, 37.95011663 ], [ 14.26128986, 37.95024478 ], [ 14.26113267, 37.95034496 ], [ 14.26102564, 37.95036262 ], [ 14.26077137, 37.95035543 ], [ 14.26046213, 37.95027003 ], [ 14.26029878, 37.9502457 ], [ 14.26006899, 37.95019146 ], [ 14.2599776, 37.95018527 ], [ 14.25966423, 37.95035385 ], [ 14.25960463, 37.95069905 ], [ 14.25946387, 37.95079228 ], [ 14.25930501, 37.95086136 ], [ 14.25906481, 37.95085561 ], [ 14.25889486, 37.95077223 ], [ 14.2585754, 37.9506006 ], [ 14.25829695, 37.9505113 ], [ 14.25818019, 37.95050166 ], [ 14.25782571, 37.95053434 ], [ 14.25768426, 37.95057891 ], [ 14.25741758, 37.95056789 ], [ 14.25715786, 37.95054519 ], [ 14.25690837, 37.9505652 ], [ 14.25669346, 37.9506508 ], [ 14.25666563, 37.95065281 ], [ 14.25670579, 37.95061749 ], [ 14.25673907, 37.95058824 ], [ 14.25674295, 37.95058718 ], [ 14.25684919, 37.95049926 ], [ 14.2570149, 37.95048017 ], [ 14.25704572, 37.95048184 ], [ 14.25746197, 37.95050422 ], [ 14.25747123, 37.95050472 ], [ 14.257489, 37.95050241 ], [ 14.25769926, 37.95048831 ], [ 14.25813715, 37.95045101 ], [ 14.25837665, 37.9504632 ], [ 14.2586195, 37.95054186 ], [ 14.25864422, 37.95055058 ], [ 14.25886587, 37.95069277 ], [ 14.25887856, 37.95069928 ], [ 14.25901354, 37.95078764 ], [ 14.25906105, 37.95079257 ], [ 14.25929191, 37.95081656 ], [ 14.25933573, 37.95082111 ], [ 14.25933729, 37.95081022 ], [ 14.25954208, 37.9506757 ], [ 14.25957901, 37.95066847 ], [ 14.2595481, 37.95059044 ], [ 14.25955568, 37.95050251 ], [ 14.25960499, 37.95031418 ], [ 14.25983829, 37.95017347 ], [ 14.25984452, 37.95012719 ], [ 14.25983418, 37.95008615 ], [ 14.25972176, 37.95002931 ], [ 14.25971113, 37.95002352 ], [ 14.25958809, 37.94995641 ], [ 14.25959657, 37.94985074 ], [ 14.25964421, 37.94974521 ], [ 14.25961453, 37.94947395 ], [ 14.25960788, 37.94932265 ], [ 14.25939078, 37.94919237 ], [ 14.25898075, 37.949011 ], [ 14.25866095, 37.94887712 ], [ 14.25865694, 37.94887533 ], [ 14.25844303, 37.94861697 ], [ 14.25829395, 37.94842116 ], [ 14.25820872, 37.94821409 ], [ 14.25811403, 37.94794419 ], [ 14.25801223, 37.9476902 ], [ 14.25784477, 37.94734857 ], [ 14.2576501, 37.94710791 ], [ 14.25741165, 37.9468614 ], [ 14.25682125, 37.94653343 ], [ 14.25648171, 37.94633354 ], [ 14.25610245, 37.94629657 ], [ 14.25578891, 37.94608291 ], [ 14.2557003, 37.94583912 ], [ 14.25549713, 37.94567569 ], [ 14.25545895, 37.94548183 ], [ 14.25522281, 37.94535186 ], [ 14.25507627, 37.94531559 ], [ 14.25496632, 37.94527703 ], [ 14.2545332, 37.94526734 ], [ 14.25433055, 37.94514592 ], [ 14.25384045, 37.94507416 ], [ 14.25355276, 37.94496306 ], [ 14.25348912, 37.94494217 ], [ 14.25340219, 37.9449839 ], [ 14.25333302, 37.94499092 ], [ 14.25295616, 37.94492116 ], [ 14.25270026, 37.94501122 ], [ 14.25248772, 37.94506848 ], [ 14.25156605, 37.94513345 ], [ 14.25149278, 37.9451203 ], [ 14.25030764, 37.94468843 ], [ 14.24965359, 37.94445621 ], [ 14.24900947, 37.94422986 ], [ 14.2489875, 37.94422225 ], [ 14.24892482, 37.9441938 ], [ 14.24877232, 37.94405277 ], [ 14.24898161, 37.94418006 ], [ 14.25008377, 37.94457301 ], [ 14.25084123, 37.94483191 ], [ 14.25149901, 37.94501103 ], [ 14.2518092, 37.94460925 ], [ 14.25155054, 37.94423382 ], [ 14.25088828, 37.94398472 ], [ 14.25015835, 37.94371027 ], [ 14.24991246, 37.94360559 ], [ 14.24967657, 37.94348094 ], [ 14.2486045, 37.94327018 ], [ 14.24834425, 37.94288013 ], [ 14.24826272, 37.94268018 ], [ 14.24784786, 37.94265041 ], [ 14.2474809, 37.9423749 ], [ 14.24753122, 37.94188279 ], [ 14.24729803, 37.94150435 ], [ 14.24679592, 37.94111108 ], [ 14.24639206, 37.94079021 ], [ 14.24634761, 37.94074278 ], [ 14.24622579, 37.94043707 ], [ 14.24614902, 37.94026464 ], [ 14.24602463, 37.94010295 ], [ 14.24601814, 37.94006071 ], [ 14.24601508, 37.94004084 ], [ 14.24533067, 37.93955074 ], [ 14.2448283, 37.93917303 ], [ 14.24453899, 37.93894774 ] ] ] } },
{ "type": "Feature", "properties": { "gml_id": "CadastralParcel.IT.AGE.PLA.G522_001500.ACQUA002", "INSPIREID_LOCALID": "IT.AGE.PLA.G522_001500.ACQUA002", "INSPIREID_NAMESPACE": "IT.AGE.PLA.", "LABEL": "ACQUA002", "NATIONALCADASTRALREFERENCE": "G522_001500.ACQUA002", "ADMINISTRATIVEUNIT": "G522" }, "geometry": { "type": "Polygon", "coordinates": [ [ [ 14.24453899, 37.93894774 ], [ 14.2444975, 37.93873717 ], [ 14.24459993, 37.93867955 ], [ 14.24458616, 37.93891828 ], [ 14.24533683, 37.93949074 ], [ 14.24605359, 37.94002235 ], [ 14.24606293, 37.94010482 ], [ 14.24616741, 37.94023138 ], [ 14.24621691, 37.94033818 ], [ 14.2463881, 37.94073588 ], [ 14.24692708, 37.9411593 ], [ 14.24732036, 37.9414691 ], [ 14.24746159, 37.94168921 ], [ 14.24758245, 37.94186952 ], [ 14.24754349, 37.94235134 ], [ 14.24786538, 37.94261448 ], [ 14.2483033, 37.94264525 ], [ 14.24846957, 37.94295025 ], [ 14.24864974, 37.94323659 ], [ 14.24956181, 37.94340784 ], [ 14.24966623, 37.94341886 ], [ 14.25005168, 37.94362749 ], [ 14.25080615, 37.94391066 ], [ 14.25159296, 37.94419654 ], [ 14.25186691, 37.94462608 ], [ 14.25162429, 37.9450164 ], [ 14.25251471, 37.94496535 ], [ 14.25275244, 37.94485739 ], [ 14.25301382, 37.94480205 ], [ 14.25332612, 37.94490987 ], [ 14.25356542, 37.94487104 ], [ 14.25392826, 37.94497969 ], [ 14.25437637, 37.94509854 ], [ 14.25454585, 37.94523277 ], [ 14.25467668, 37.94522457 ], [ 14.25448825, 37.94499279 ], [ 14.25404469, 37.94474087 ], [ 14.25345647, 37.94439629 ], [ 14.25269676, 37.94395296 ], [ 14.25199381, 37.94336538 ], [ 14.25132449, 37.94279875 ], [ 14.25060744, 37.94218863 ], [ 14.2502493, 37.94188859 ], [ 14.24983378, 37.94154807 ], [ 14.24958436, 37.94134607 ], [ 14.24884124, 37.94113361 ], [ 14.24935763, 37.94125487 ], [ 14.24962471, 37.94130636 ], [ 14.25040304, 37.94196825 ], [ 14.25112102, 37.94257305 ], [ 14.25194286, 37.94325823 ], [ 14.2525568, 37.9437752 ], [ 14.25271089, 37.94390203 ], [ 14.25290833, 37.94401874 ], [ 14.25359751, 37.94442665 ], [ 14.25398066, 37.9446545 ], [ 14.25450478, 37.94495443 ], [ 14.25472857, 37.94521851 ], [ 14.25475174, 37.94522472 ], [ 14.2548601, 37.9452212 ], [ 14.25509333, 37.94522122 ], [ 14.25536551, 37.94536084 ], [ 14.25552179, 37.9454642 ], [ 14.25553762, 37.94561745 ], [ 14.2557908, 37.94585326 ], [ 14.25585724, 37.94605631 ], [ 14.25614006, 37.94623825 ], [ 14.25645814, 37.94626053 ], [ 14.2567818, 37.94643059 ], [ 14.25746153, 37.94683139 ], [ 14.25770901, 37.94704125 ], [ 14.25784795, 37.94723023 ], [ 14.25801037, 37.94750667 ], [ 14.25817781, 37.94792958 ], [ 14.2583773, 37.9484223 ], [ 14.25854584, 37.94861492 ], [ 14.25863611, 37.9487584 ], [ 14.25873628, 37.94884512 ], [ 14.25941307, 37.94907449 ], [ 14.25970637, 37.94917025 ], [ 14.25980637, 37.94941412 ], [ 14.25985407, 37.94954489 ], [ 14.25982813, 37.94990619 ], [ 14.26007445, 37.95003068 ], [ 14.26071682, 37.95031893 ], [ 14.26099192, 37.95034036 ], [ 14.26110013, 37.95031843 ], [ 14.2612499, 37.95020323 ], [ 14.26137562, 37.95005604 ], [ 14.2615293, 37.95002558 ], [ 14.26164214, 37.9500428 ], [ 14.26201574, 37.95031612 ], [ 14.26227782, 37.95042692 ], [ 14.26247529, 37.95051879 ], [ 14.26259845, 37.95057607 ], [ 14.2629536, 37.95070979 ], [ 14.26315994, 37.95082673 ], [ 14.263185, 37.95084091 ], [ 14.2632304, 37.95086659 ], [ 14.26349482, 37.95101901 ], [ 14.26370088, 37.95115768 ], [ 14.26382077, 37.95123624 ], [ 14.26392402, 37.95123699 ], [ 14.26407526, 37.95117022 ], [ 14.26413552, 37.95114361 ], [ 14.26438954, 37.95078465 ], [ 14.26458639, 37.95100665 ], [ 14.26534434, 37.95088074 ], [ 14.26571988, 37.95087387 ], [ 14.26597208, 37.95104429 ], [ 14.26614883, 37.95122342 ], [ 14.26634651, 37.95128046 ], [ 14.2665831, 37.95131612 ], [ 14.26695138, 37.95148655 ], [ 14.26707659, 37.95153017 ], [ 14.26750077, 37.95153887 ], [ 14.26769863, 37.9515708 ], [ 14.26777731, 37.95164027 ], [ 14.26795109, 37.95190826 ], [ 14.26805596, 37.95200189 ], [ 14.26821195, 37.9520759 ], [ 14.26843977, 37.95212536 ], [ 14.2686069, 37.95215943 ], [ 14.26880137, 37.95215161 ], [ 14.26880225, 37.95187732 ], [ 14.26882911, 37.95097623 ], [ 14.26851803, 37.95046046 ], [ 14.26846783, 37.95040631 ], [ 14.26839608, 37.9503521 ], [ 14.26830283, 37.95026372 ], [ 14.26816178, 37.95001011 ], [ 14.26808108, 37.94991395 ], [ 14.26790639, 37.94981457 ], [ 14.26775184, 37.94969939 ], [ 14.26757686, 37.94952496 ], [ 14.26743534, 37.94936194 ], [ 14.26736231, 37.94927583 ], [ 14.26728009, 37.94921043 ], [ 14.26716649, 37.94915948 ], [ 14.26704111, 37.94908805 ], [ 14.26701911, 37.94887774 ], [ 14.26693551, 37.94855165 ], [ 14.26684929, 37.94838627 ], [ 14.26655147, 37.94791346 ], [ 14.2663821, 37.94764934 ], [ 14.26638935, 37.94736882 ], [ 14.26645698, 37.94718353 ], [ 14.2664341, 37.94703321 ], [ 14.26638016, 37.94672924 ], [ 14.26630212, 37.94667675 ], [ 14.26618228, 37.94660014 ], [ 14.26613858, 37.9465218 ], [ 14.26610228, 37.94642607 ], [ 14.26610054, 37.94629662 ], [ 14.26614793, 37.9461678 ], [ 14.26610737, 37.94612854 ], [ 14.26585475, 37.94590741 ], [ 14.26563864, 37.94575366 ], [ 14.26511986, 37.94544406 ], [ 14.26448871, 37.9450843 ], [ 14.26421627, 37.94457567 ], [ 14.2642005, 37.94454625 ], [ 14.26411225, 37.94439464 ], [ 14.26362683, 37.94375191 ], [ 14.26338632, 37.94344959 ], [ 14.26337695, 37.94320614 ], [ 14.26316829, 37.943015 ], [ 14.26295313, 37.94254164 ], [ 14.26294304, 37.94251489 ], [ 14.26292922, 37.94247822 ], [ 14.26306266, 37.94193784 ], [ 14.26322478, 37.94134059 ], [ 14.26343575, 37.94068879 ], [ 14.26320982, 37.94019797 ], [ 14.26318528, 37.9401374 ], [ 14.263332, 37.93976036 ], [ 14.2633351, 37.93953297 ], [ 14.2632975, 37.93913378 ], [ 14.26311933, 37.93904627 ], [ 14.26275407, 37.93883675 ], [ 14.26260216, 37.93874351 ], [ 14.26240865, 37.93848757 ], [ 14.26222229, 37.93823334 ], [ 14.26206297, 37.93800891 ], [ 14.26199252, 37.93787705 ], [ 14.26196704, 37.93779586 ], [ 14.26197594, 37.93772612 ], [ 14.2620692, 37.93737373 ], [ 14.26138178, 37.93691692 ], [ 14.26088185, 37.93668066 ], [ 14.26073702, 37.93660716 ], [ 14.26040605, 37.93644913 ], [ 14.26025475, 37.9362274 ], [ 14.26058296, 37.93604255 ], [ 14.26100556, 37.93579028 ], [ 14.2610379, 37.9357372 ], [ 14.2610563, 37.93567377 ], [ 14.26085344, 37.93554329 ], [ 14.26048153, 37.9353049 ], [ 14.25987619, 37.93499204 ], [ 14.25903709, 37.93455304 ], [ 14.25914698, 37.93428393 ], [ 14.25917968, 37.9342074 ], [ 14.25913975, 37.9339186 ], [ 14.25836679, 37.93310336 ], [ 14.25792987, 37.9326418 ], [ 14.25687221, 37.93202625 ], [ 14.25661427, 37.93181629 ], [ 14.25630983, 37.9318208 ], [ 14.25576297, 37.93184088 ], [ 14.25541339, 37.93176495 ], [ 14.25529754, 37.93195786 ], [ 14.25465104, 37.93190142 ], [ 14.25423751, 37.93177616 ], [ 14.25407065, 37.93171044 ], [ 14.25364682, 37.93151074 ], [ 14.25368427, 37.93148395 ], [ 14.25416241, 37.93169203 ], [ 14.25465884, 37.93184145 ], [ 14.25524621, 37.93189487 ], [ 14.25538386, 37.93170805 ], [ 14.2557838, 37.93176534 ], [ 14.25593912, 37.9317679 ], [ 14.25651755, 37.93173952 ], [ 14.256651, 37.93171711 ], [ 14.25687162, 37.93185204 ], [ 14.25740027, 37.93215549 ], [ 14.25803774, 37.93253612 ], [ 14.25851542, 37.93308376 ], [ 14.25902992, 37.93366719 ], [ 14.2592304, 37.93389394 ], [ 14.25926584, 37.93420187 ], [ 14.25912812, 37.9345228 ], [ 14.25944115, 37.93468589 ], [ 14.26050022, 37.93522575 ], [ 14.26060669, 37.93528488 ], [ 14.26095854, 37.93550704 ], [ 14.26115085, 37.9356343 ], [ 14.26119246, 37.93572866 ], [ 14.2609994, 37.93590685 ], [ 14.26083632, 37.93598304 ], [ 14.26063265, 37.93608401 ], [ 14.26035713, 37.93622803 ], [ 14.26045222, 37.93638178 ], [ 14.26096426, 37.93664122 ], [ 14.26146707, 37.93688059 ], [ 14.26207549, 37.93730184 ], [ 14.26215459, 37.93735623 ], [ 14.26209542, 37.93754693 ], [ 14.26203736, 37.93777365 ], [ 14.26205066, 37.93783286 ], [ 14.26219453, 37.93806129 ], [ 14.26264848, 37.93869693 ], [ 14.26302198, 37.93892004 ], [ 14.26336033, 37.93909813 ], [ 14.26339612, 37.93942254 ], [ 14.26387086, 37.93907879 ], [ 14.26405109, 37.93872765 ], [ 14.26420382, 37.93839292 ], [ 14.26422135, 37.93831321 ], [ 14.26410173, 37.93796164 ], [ 14.26408101, 37.93784609 ], [ 14.2641289, 37.93792985 ], [ 14.26425519, 37.93831065 ], [ 14.26417129, 37.93855963 ], [ 14.26391452, 37.93909753 ], [ 14.26344145, 37.93947685 ], [ 14.2634128, 37.93971638 ], [ 14.26325382, 37.94012881 ], [ 14.26349795, 37.94069691 ], [ 14.26336271, 37.94130671 ], [ 14.26313149, 37.94196153 ], [ 14.26298012, 37.94247853 ], [ 14.26300257, 37.94252829 ], [ 14.2631781, 37.94287584 ], [ 14.26325188, 37.9430354 ], [ 14.26343379, 37.94321121 ], [ 14.26349942, 37.94343606 ], [ 14.26368149, 37.94365833 ], [ 14.26423841, 37.94431129 ], [ 14.26454234, 37.94502427 ], [ 14.26493999, 37.94525241 ], [ 14.26576436, 37.94573004 ], [ 14.26600281, 37.9458741 ], [ 14.2662382, 37.94612033 ], [ 14.26619185, 37.94620585 ], [ 14.26617858, 37.94639047 ], [ 14.26618923, 37.94647844 ], [ 14.26622835, 37.94657531 ], [ 14.26642045, 37.94667115 ], [ 14.26650723, 37.94708486 ], [ 14.26651392, 37.94720315 ], [ 14.26644386, 37.9473686 ], [ 14.26644235, 37.94750279 ], [ 14.26656442, 37.94772942 ], [ 14.26668243, 37.94793829 ], [ 14.26683202, 37.94819222 ], [ 14.26704614, 37.94841803 ], [ 14.26709685, 37.94876684 ], [ 14.26717711, 37.94902703 ], [ 14.26725561, 37.94910342 ], [ 14.26734636, 37.94917221 ], [ 14.26740552, 37.94923102 ], [ 14.26744614, 37.94927419 ], [ 14.2674924, 37.94932335 ], [ 14.2677344, 37.94959836 ], [ 14.26788933, 37.94973879 ], [ 14.26809577, 37.94982852 ], [ 14.26820765, 37.94991765 ], [ 14.26832314, 37.95017152 ], [ 14.26839054, 37.9502732 ], [ 14.26855873, 37.95038561 ], [ 14.26859641, 37.95043752 ], [ 14.26865934, 37.95052448 ], [ 14.26890664, 37.95095233 ], [ 14.26890659, 37.95155089 ], [ 14.2688851, 37.95202371 ], [ 14.26889625, 37.95216105 ], [ 14.26880467, 37.95220014 ], [ 14.26857402, 37.95218728 ], [ 14.26838747, 37.95213502 ], [ 14.26812878, 37.95208228 ], [ 14.26797144, 37.95201319 ], [ 14.26788903, 37.95196905 ], [ 14.26765279, 37.95163073 ], [ 14.26756663, 37.95159831 ], [ 14.26736764, 37.95156945 ], [ 14.26707515, 37.95156388 ], [ 14.26663066, 37.95139254 ], [ 14.26647804, 37.95133095 ], [ 14.26620876, 37.95127063 ], [ 14.26611711, 37.9512325 ], [ 14.26596468, 37.95108461 ], [ 14.26571137, 37.95090605 ], [ 14.26533108, 37.95099687 ], [ 14.26473067, 37.9511256 ], [ 14.26443159, 37.95098956 ], [ 14.26429682, 37.95110877 ], [ 14.26396211, 37.95130921 ], [ 14.26386464, 37.95133217 ], [ 14.26374889, 37.95128991 ], [ 14.2635423, 37.95113813 ], [ 14.26328752, 37.95097153 ], [ 14.26295391, 37.95076118 ], [ 14.26269777, 37.95065286 ], [ 14.26238074, 37.95054785 ], [ 14.2621313, 37.95041084 ], [ 14.2619324, 37.95029921 ], [ 14.26174492, 37.95017708 ], [ 14.26156576, 37.95007536 ], [ 14.26148065, 37.95011663 ], [ 14.26128986, 37.95024478 ], [ 14.26113267, 37.95034496 ], [ 14.26102564, 37.95036262 ], [ 14.26077137, 37.95035543 ], [ 14.26046213, 37.95027003 ], [ 14.26029878, 37.9502457 ], [ 14.26006899, 37.95019146 ], [ 14.2599776, 37.95018527 ], [ 14.25966423, 37.95035385 ], [ 14.25960463, 37.95069905 ], [ 14.25946387, 37.95079228 ], [ 14.25930501, 37.95086136 ], [ 14.25906481, 37.95085561 ], [ 14.25889486, 37.95077223 ], [ 14.2585754, 37.9506006 ], [ 14.25829695, 37.9505113 ], [ 14.25818019, 37.95050166 ], [ 14.25782571, 37.95053434 ], [ 14.25768426, 37.95057891 ], [ 14.25741758, 37.95056789 ], [ 14.25715786, 37.95054519 ], [ 14.25690837, 37.9505652 ], [ 14.25669346, 37.9506508 ], [ 14.25666563, 37.95065281 ], [ 14.25670579, 37.95061749 ], [ 14.25673907, 37.95058824 ], [ 14.25674295, 37.95058718 ], [ 14.25684919, 37.95049926 ], [ 14.2570149, 37.95048017 ], [ 14.25704572, 37.95048184 ], [ 14.25746197, 37.95050422 ], [ 14.25747123, 37.95050472 ], [ 14.257489, 37.95050241 ], [ 14.25769926, 37.95048831 ], [ 14.25813715, 37.95045101 ], [ 14.25837665, 37.9504632 ], [ 14.2586195, 37.95054186 ], [ 14.25864422, 37.95055058 ], [ 14.25886587, 37.95069277 ], [ 14.25887856, 37.95069928 ], [ 14.25901354, 37.95078764 ], [ 14.25906105, 37.95079257 ], [ 14.25929191, 37.95081656 ], [ 14.25933573, 37.95082111 ], [ 14.25933729, 37.95081022 ], [ 14.25954208, 37.9506757 ], [ 14.25957901, 37.95066847 ], [ 14.2595481, 37.95059044 ], [ 14.25955568, 37.95050251 ], [ 14.25960499, 37.95031418 ], [ 14.25983829, 37.95017347 ], [ 14.25984452, 37.95012719 ], [ 14.25983418, 37.95008615 ], [ 14.25972176, 37.95002931 ], [ 14.25971113, 37.95002352 ], [ 14.25958809, 37.94995641 ], [ 14.25959657, 37.94985074 ], [ 14.25964421, 37.94974521 ], [ 14.25961453, 37.94947395 ], [ 14.25960788, 37.94932265 ], [ 14.25939078, 37.94919237 ], [ 14.25898075, 37.949011 ], [ 14.25866095, 37.94887712 ], [ 14.25865694, 37.94887533 ], [ 14.25844303, 37.94861697 ], [ 14.25829395, 37.94842116 ], [ 14.25820872, 37.94821409 ], [ 14.25811403, 37.94794419 ], [ 14.25801223, 37.9476902 ], [ 14.25784477, 37.94734857 ], [ 14.2576501, 37.94710791 ], [ 14.25741165, 37.9468614 ], [ 14.25682125, 37.94653343 ], [ 14.25648171, 37.94633354 ], [ 14.25610245, 37.94629657 ], [ 14.25578891, 37.94608291 ], [ 14.2557003, 37.94583912 ], [ 14.25549713, 37.94567569 ], [ 14.25545895, 37.94548183 ], [ 14.25522281, 37.94535186 ], [ 14.25507627, 37.94531559 ], [ 14.25496632, 37.94527703 ], [ 14.2545332, 37.94526734 ], [ 14.25433055, 37.94514592 ], [ 14.25384045, 37.94507416 ], [ 14.25355276, 37.94496306 ], [ 14.25348912, 37.94494217 ], [ 14.25340219, 37.9449839 ], [ 14.25333302, 37.94499092 ], [ 14.25295616, 37.94492116 ], [ 14.25270026, 37.94501122 ], [ 14.25248772, 37.94506848 ], [ 14.25156605, 37.94513345 ], [ 14.25149278, 37.9451203 ], [ 14.25030764, 37.94468843 ], [ 14.24965359, 37.94445621 ], [ 14.24900947, 37.94422986 ], [ 14.2489875, 37.94422225 ], [ 14.24892482, 37.9441938 ], [ 14.24877232, 37.94405277 ], [ 14.24898161, 37.94418006 ], [ 14.25008377, 37.94457301 ], [ 14.25084123, 37.94483191 ], [ 14.25149901, 37.94501103 ], [ 14.2518092, 37.94460925 ], [ 14.25155054, 37.94423382 ], [ 14.25088828, 37.94398472 ], [ 14.25015835, 37.94371027 ], [ 14.24991246, 37.94360559 ], [ 14.24967657, 37.94348094 ], [ 14.2486045, 37.94327018 ], [ 14.24834425, 37.94288013 ], [ 14.24826272, 37.94268018 ], [ 14.24784786, 37.94265041 ], [ 14.2474809, 37.9423749 ], [ 14.24753122, 37.94188279 ], [ 14.24729803, 37.94150435 ], [ 14.24679592, 37.94111108 ], [ 14.24639206, 37.94079021 ], [ 14.24634761, 37.94074278 ], [ 14.24622579, 37.94043707 ], [ 14.24614902, 37.94026464 ], [ 14.24602463, 37.94010295 ], [ 14.24601814, 37.94006071 ], [ 14.24601508, 37.94004084 ], [ 14.24533067, 37.93955074 ], [ 14.2448283, 37.93917303 ], [ 14.24453899, 37.93894774 ] ] ] } },
{ "type": "Feature", "properties": { "gml_id": "CadastralParcel.IT.AGE.PLA.G522_001500.ACQUA001", "INSPIREID_LOCALID": "IT.AGE.PLA.G522_001500.ACQUA001", "INSPIREID_NAMESPACE": "IT.AGE.PLA.", "LABEL": "ACQUA001", "NATIONALCADASTRALREFERENCE": "G522_001500.ACQUA001", "ADMINISTRATIVEUNIT": "G522" }, "geometry": { "type": "Polygon", "coordinates": [ [ [ 14.24453899, 37.93894774 ], [ 14.2444975, 37.93873717 ], [ 14.24459993, 37.93867955 ], [ 14.24458616, 37.93891828 ], [ 14.24533683, 37.93949074 ], [ 14.24605359, 37.94002235 ], [ 14.24606293, 37.94010482 ], [ 14.24616741, 37.94023138 ], [ 14.24621691, 37.94033818 ], [ 14.2463881, 37.94073588 ], [ 14.24692708, 37.9411593 ], [ 14.24732036, 37.9414691 ], [ 14.24746159, 37.94168921 ], [ 14.24758245, 37.94186952 ], [ 14.24754349, 37.94235134 ], [ 14.24786538, 37.94261448 ], [ 14.2483033, 37.94264525 ], [ 14.24846957, 37.94295025 ], [ 14.24864974, 37.94323659 ], [ 14.24956181, 37.94340784 ], [ 14.24966623, 37.94341886 ], [ 14.25005168, 37.94362749 ], [ 14.25080615, 37.94391066 ], [ 14.25159296, 37.94419654 ], [ 14.25186691, 37.94462608 ], [ 14.25162429, 37.9450164 ], [ 14.25251471, 37.94496535 ], [ 14.25275244, 37.94485739 ], [ 14.25301382, 37.94480205 ], [ 14.25332612, 37.94490987 ], [ 14.25356542, 37.94487104 ], [ 14.25392826, 37.94497969 ], [ 14.25437637, 37.94509854 ], [ 14.25454585, 37.94523277 ], [ 14.25467668, 37.94522457 ], [ 14.25448825, 37.94499279 ], [ 14.25404469, 37.94474087 ], [ 14.25345647, 37.94439629 ], [ 14.25269676, 37.94395296 ], [ 14.25199381, 37.94336538 ], [ 14.25132449, 37.94279875 ], [ 14.25060744, 37.94218863 ], [ 14.2502493, 37.94188859 ], [ 14.24983378, 37.94154807 ], [ 14.24958436, 37.94134607 ], [ 14.24884124, 37.94113361 ], [ 14.24935763, 37.94125487 ], [ 14.24962471, 37.94130636 ], [ 14.25040304, 37.94196825 ], [ 14.25112102, 37.94257305 ], [ 14.25194286, 37.94325823 ], [ 14.2525568, 37.9437752 ], [ 14.25271089, 37.94390203 ], [ 14.25290833, 37.94401874 ], [ 14.25359751, 37.94442665 ], [ 14.25398066, 37.9446545 ], [ 14.25450478, 37.94495443 ], [ 14.25472857, 37.94521851 ], [ 14.25475174, 37.94522472 ], [ 14.2548601, 37.9452212 ], [ 14.25509333, 37.94522122 ], [ 14.25536551, 37.94536084 ], [ 14.25552179, 37.9454642 ], [ 14.25553762, 37.94561745 ], [ 14.2557908, 37.94585326 ], [ 14.25585724, 37.94605631 ], [ 14.25614006, 37.94623825 ], [ 14.25645814, 37.94626053 ], [ 14.2567818, 37.94643059 ], [ 14.25746153, 37.94683139 ], [ 14.25770901, 37.94704125 ], [ 14.25784795, 37.94723023 ], [ 14.25801037, 37.94750667 ], [ 14.25817781, 37.94792958 ], [ 14.2583773, 37.9484223 ], [ 14.25854584, 37.94861492 ], [ 14.25863611, 37.9487584 ], [ 14.25873628, 37.94884512 ], [ 14.25941307, 37.94907449 ], [ 14.25970637, 37.94917025 ], [ 14.25980637, 37.94941412 ], [ 14.25985407, 37.94954489 ], [ 14.25982813, 37.94990619 ], [ 14.26007445, 37.95003068 ], [ 14.26071682, 37.95031893 ], [ 14.26099192, 37.95034036 ], [ 14.26110013, 37.95031843 ], [ 14.2612499, 37.95020323 ], [ 14.26137562, 37.95005604 ], [ 14.2615293, 37.95002558 ], [ 14.26164214, 37.9500428 ], [ 14.26201574, 37.95031612 ], [ 14.26227782, 37.95042692 ], [ 14.26247529, 37.95051879 ], [ 14.26259845, 37.95057607 ], [ 14.2629536, 37.95070979 ], [ 14.26315994, 37.95082673 ], [ 14.263185, 37.95084091 ], [ 14.2632304, 37.95086659 ], [ 14.26349482, 37.95101901 ], [ 14.26370088, 37.95115768 ], [ 14.26382077, 37.95123624 ], [ 14.26392402, 37.95123699 ], [ 14.26407526, 37.95117022 ], [ 14.26413552, 37.95114361 ], [ 14.26438954, 37.95078465 ], [ 14.26458639, 37.95100665 ], [ 14.26534434, 37.95088074 ], [ 14.26571988, 37.95087387 ], [ 14.26597208, 37.95104429 ], [ 14.26614883, 37.95122342 ], [ 14.26634651, 37.95128046 ], [ 14.2665831, 37.95131612 ], [ 14.26695138, 37.95148655 ], [ 14.26707659, 37.95153017 ], [ 14.26750077, 37.95153887 ], [ 14.26769863, 37.9515708 ], [ 14.26777731, 37.95164027 ], [ 14.26795109, 37.95190826 ], [ 14.26805596, 37.95200189 ], [ 14.26821195, 37.9520759 ], [ 14.26843977, 37.95212536 ], [ 14.2686069, 37.95215943 ], [ 14.26880137, 37.95215161 ], [ 14.26880225, 37.95187732 ], [ 14.26882911, 37.95097623 ], [ 14.26851803, 37.95046046 ], [ 14.26846783, 37.95040631 ], [ 14.26839608, 37.9503521 ], [ 14.26830283, 37.95026372 ], [ 14.26816178, 37.95001011 ], [ 14.26808108, 37.94991395 ], [ 14.26790639, 37.94981457 ], [ 14.26775184, 37.94969939 ], [ 14.26757686, 37.94952496 ], [ 14.26743534, 37.94936194 ], [ 14.26736231, 37.94927583 ], [ 14.26728009, 37.94921043 ], [ 14.26716649, 37.94915948 ], [ 14.26704111, 37.94908805 ], [ 14.26701911, 37.94887774 ], [ 14.26693551, 37.94855165 ], [ 14.26684929, 37.94838627 ], [ 14.26655147, 37.94791346 ], [ 14.2663821, 37.94764934 ], [ 14.26638935, 37.94736882 ], [ 14.26645698, 37.94718353 ], [ 14.2664341, 37.94703321 ], [ 14.26638016, 37.94672924 ], [ 14.26630212, 37.94667675 ], [ 14.26618228, 37.94660014 ], [ 14.26613858, 37.9465218 ], [ 14.26610228, 37.94642607 ], [ 14.26610054, 37.94629662 ], [ 14.26614793, 37.9461678 ], [ 14.26610737, 37.94612854 ], [ 14.26585475, 37.94590741 ], [ 14.26563864, 37.94575366 ], [ 14.26511986, 37.94544406 ], [ 14.26448871, 37.9450843 ], [ 14.26421627, 37.94457567 ], [ 14.2642005, 37.94454625 ], [ 14.26411225, 37.94439464 ], [ 14.26362683, 37.94375191 ], [ 14.26338632, 37.94344959 ], [ 14.26337695, 37.94320614 ], [ 14.26316829, 37.943015 ], [ 14.26295313, 37.94254164 ], [ 14.26294304, 37.94251489 ], [ 14.26292922, 37.94247822 ], [ 14.26306266, 37.94193784 ], [ 14.26322478, 37.94134059 ], [ 14.26343575, 37.94068879 ], [ 14.26320982, 37.94019797 ], [ 14.26318528, 37.9401374 ], [ 14.263332, 37.93976036 ], [ 14.2633351, 37.93953297 ], [ 14.2632975, 37.93913378 ], [ 14.26311933, 37.93904627 ], [ 14.26275407, 37.93883675 ], [ 14.26260216, 37.93874351 ], [ 14.26240865, 37.93848757 ], [ 14.26222229, 37.93823334 ], [ 14.26206297, 37.93800891 ], [ 14.26199252, 37.93787705 ], [ 14.26196704, 37.93779586 ], [ 14.26197594, 37.93772612 ], [ 14.2620692, 37.93737373 ], [ 14.26138178, 37.93691692 ], [ 14.26088185, 37.93668066 ], [ 14.26073702, 37.93660716 ], [ 14.26040605, 37.93644913 ], [ 14.26025475, 37.9362274 ], [ 14.26058296, 37.93604255 ], [ 14.26100556, 37.93579028 ], [ 14.2610379, 37.9357372 ], [ 14.2610563, 37.93567377 ], [ 14.26085344, 37.93554329 ], [ 14.26048153, 37.9353049 ], [ 14.25987619, 37.93499204 ], [ 14.25903709, 37.93455304 ], [ 14.25914698, 37.93428393 ], [ 14.25917968, 37.9342074 ], [ 14.25913975, 37.9339186 ], [ 14.25836679, 37.93310336 ], [ 14.25792987, 37.9326418 ], [ 14.25687221, 37.93202625 ], [ 14.25661427, 37.93181629 ], [ 14.25630983, 37.9318208 ], [ 14.25576297, 37.93184088 ], [ 14.25541339, 37.93176495 ], [ 14.25529754, 37.93195786 ], [ 14.25465104, 37.93190142 ], [ 14.25423751, 37.93177616 ], [ 14.25407065, 37.93171044 ], [ 14.25364682, 37.93151074 ], [ 14.25368427, 37.93148395 ], [ 14.25416241, 37.93169203 ], [ 14.25465884, 37.93184145 ], [ 14.25524621, 37.93189487 ], [ 14.25538386, 37.93170805 ], [ 14.2557838, 37.93176534 ], [ 14.25593912, 37.9317679 ], [ 14.25651755, 37.93173952 ], [ 14.256651, 37.93171711 ], [ 14.25687162, 37.93185204 ], [ 14.25740027, 37.93215549 ], [ 14.25803774, 37.93253612 ], [ 14.25851542, 37.93308376 ], [ 14.25902992, 37.93366719 ], [ 14.2592304, 37.93389394 ], [ 14.25926584, 37.93420187 ], [ 14.25912812, 37.9345228 ], [ 14.25944115, 37.93468589 ], [ 14.26050022, 37.93522575 ], [ 14.26060669, 37.93528488 ], [ 14.26095854, 37.93550704 ], [ 14.26115085, 37.9356343 ], [ 14.26119246, 37.93572866 ], [ 14.2609994, 37.93590685 ], [ 14.26083632, 37.93598304 ], [ 14.26063265, 37.93608401 ], [ 14.26035713, 37.93622803 ], [ 14.26045222, 37.93638178 ], [ 14.26096426, 37.93664122 ], [ 14.26146707, 37.93688059 ], [ 14.26207549, 37.93730184 ], [ 14.26215459, 37.93735623 ], [ 14.26209542, 37.93754693 ], [ 14.26203736, 37.93777365 ], [ 14.26205066, 37.93783286 ], [ 14.26219453, 37.93806129 ], [ 14.26264848, 37.93869693 ], [ 14.26302198, 37.93892004 ], [ 14.26336033, 37.93909813 ], [ 14.26339612, 37.93942254 ], [ 14.26387086, 37.93907879 ], [ 14.26405109, 37.93872765 ], [ 14.26420382, 37.93839292 ], [ 14.26422135, 37.93831321 ], [ 14.26410173, 37.93796164 ], [ 14.26408101, 37.93784609 ], [ 14.2641289, 37.93792985 ], [ 14.26425519, 37.93831065 ], [ 14.26417129, 37.93855963 ], [ 14.26391452, 37.93909753 ], [ 14.26344145, 37.93947685 ], [ 14.2634128, 37.93971638 ], [ 14.26325382, 37.94012881 ], [ 14.26349795, 37.94069691 ], [ 14.26336271, 37.94130671 ], [ 14.26313149, 37.94196153 ], [ 14.26298012, 37.94247853 ], [ 14.26300257, 37.94252829 ], [ 14.2631781, 37.94287584 ], [ 14.26325188, 37.9430354 ], [ 14.26343379, 37.94321121 ], [ 14.26349942, 37.94343606 ], [ 14.26368149, 37.94365833 ], [ 14.26423841, 37.94431129 ], [ 14.26454234, 37.94502427 ], [ 14.26493999, 37.94525241 ], [ 14.26576436, 37.94573004 ], [ 14.26600281, 37.9458741 ], [ 14.2662382, 37.94612033 ], [ 14.26619185, 37.94620585 ], [ 14.26617858, 37.94639047 ], [ 14.26618923, 37.94647844 ], [ 14.26622835, 37.94657531 ], [ 14.26642045, 37.94667115 ], [ 14.26650723, 37.94708486 ], [ 14.26651392, 37.94720315 ], [ 14.26644386, 37.9473686 ], [ 14.26644235, 37.94750279 ], [ 14.26656442, 37.94772942 ], [ 14.26668243, 37.94793829 ], [ 14.26683202, 37.94819222 ], [ 14.26704614, 37.94841803 ], [ 14.26709685, 37.94876684 ], [ 14.26717711, 37.94902703 ], [ 14.26725561, 37.94910342 ], [ 14.26734636, 37.94917221 ], [ 14.26740552, 37.94923102 ], [ 14.26744614, 37.94927419 ], [ 14.2674924, 37.94932335 ], [ 14.2677344, 37.94959836 ], [ 14.26788933, 37.94973879 ], [ 14.26809577, 37.94982852 ], [ 14.26820765, 37.94991765 ], [ 14.26832314, 37.95017152 ], [ 14.26839054, 37.9502732 ], [ 14.26855873, 37.95038561 ], [ 14.26859641, 37.95043752 ], [ 14.26865934, 37.95052448 ], [ 14.26890664, 37.95095233 ], [ 14.26890659, 37.95155089 ], [ 14.2688851, 37.95202371 ], [ 14.26889625, 37.95216105 ], [ 14.26880467, 37.95220014 ], [ 14.26857402, 37.95218728 ], [ 14.26838747, 37.95213502 ], [ 14.26812878, 37.95208228 ], [ 14.26797144, 37.95201319 ], [ 14.26788903, 37.95196905 ], [ 14.26765279, 37.95163073 ], [ 14.26756663, 37.95159831 ], [ 14.26736764, 37.95156945 ], [ 14.26707515, 37.95156388 ], [ 14.26663066, 37.95139254 ], [ 14.26647804, 37.95133095 ], [ 14.26620876, 37.95127063 ], [ 14.26611711, 37.9512325 ], [ 14.26596468, 37.95108461 ], [ 14.26571137, 37.95090605 ], [ 14.26533108, 37.95099687 ], [ 14.26473067, 37.9511256 ], [ 14.26443159, 37.95098956 ], [ 14.26429682, 37.95110877 ], [ 14.26396211, 37.95130921 ], [ 14.26386464, 37.95133217 ], [ 14.26374889, 37.95128991 ], [ 14.2635423, 37.95113813 ], [ 14.26328752, 37.95097153 ], [ 14.26295391, 37.95076118 ], [ 14.26269777, 37.95065286 ], [ 14.26238074, 37.95054785 ], [ 14.2621313, 37.95041084 ], [ 14.2619324, 37.95029921 ], [ 14.26174492, 37.95017708 ], [ 14.26156576, 37.95007536 ], [ 14.26148065, 37.95011663 ], [ 14.26128986, 37.95024478 ], [ 14.26113267, 37.95034496 ], [ 14.26102564, 37.95036262 ], [ 14.26077137, 37.95035543 ], [ 14.26046213, 37.95027003 ], [ 14.26029878, 37.9502457 ], [ 14.26006899, 37.95019146 ], [ 14.2599776, 37.95018527 ], [ 14.25966423, 37.95035385 ], [ 14.25960463, 37.95069905 ], [ 14.25946387, 37.95079228 ], [ 14.25930501, 37.95086136 ], [ 14.25906481, 37.95085561 ], [ 14.25889486, 37.95077223 ], [ 14.2585754, 37.9506006 ], [ 14.25829695, 37.9505113 ], [ 14.25818019, 37.95050166 ], [ 14.25782571, 37.95053434 ], [ 14.25768426, 37.95057891 ], [ 14.25741758, 37.95056789 ], [ 14.25715786, 37.95054519 ], [ 14.25690837, 37.9505652 ], [ 14.25669346, 37.9506508 ], [ 14.25666563, 37.95065281 ], [ 14.25670579, 37.95061749 ], [ 14.25673907, 37.95058824 ], [ 14.25674295, 37.95058718 ], [ 14.25684919, 37.95049926 ], [ 14.2570149, 37.95048017 ], [ 14.25704572, 37.95048184 ], [ 14.25746197, 37.95050422 ], [ 14.25747123, 37.95050472 ], [ 14.257489, 37.95050241 ], [ 14.25769926, 37.95048831 ], [ 14.25813715, 37.95045101 ], [ 14.25837665, 37.9504632 ], [ 14.2586195, 37.95054186 ], [ 14.25864422, 37.95055058 ], [ 14.25886587, 37.95069277 ], [ 14.25887856, 37.95069928 ], [ 14.25901354, 37.95078764 ], [ 14.25906105, 37.95079257 ], [ 14.25929191, 37.95081656 ], [ 14.25933573, 37.95082111 ], [ 14.25933729, 37.95081022 ], [ 14.25954208, 37.9506757 ], [ 14.25957901, 37.95066847 ], [ 14.2595481, 37.95059044 ], [ 14.25955568, 37.95050251 ], [ 14.25960499, 37.95031418 ], [ 14.25983829, 37.95017347 ], [ 14.25984452, 37.95012719 ], [ 14.25983418, 37.95008615 ], [ 14.25972176, 37.95002931 ], [ 14.25971113, 37.95002352 ], [ 14.25958809, 37.94995641 ], [ 14.25959657, 37.94985074 ], [ 14.25964421, 37.94974521 ], [ 14.25961453, 37.94947395 ], [ 14.25960788, 37.94932265 ], [ 14.25939078, 37.94919237 ], [ 14.25898075, 37.949011 ], [ 14.25866095, 37.94887712 ], [ 14.25865694, 37.94887533 ], [ 14.25844303, 37.94861697 ], [ 14.25829395, 37.94842116 ], [ 14.25820872, 37.94821409 ], [ 14.25811403, 37.94794419 ], [ 14.25801223, 37.9476902 ], [ 14.25784477, 37.94734857 ], [ 14.2576501, 37.94710791 ], [ 14.25741165, 37.9468614 ], [ 14.25682125, 37.94653343 ], [ 14.25648171, 37.94633354 ], [ 14.25610245, 37.94629657 ], [ 14.25578891, 37.94608291 ], [ 14.2557003, 37.94583912 ], [ 14.25549713, 37.94567569 ], [ 14.25545895, 37.94548183 ], [ 14.25522281, 37.94535186 ], [ 14.25507627, 37.94531559 ], [ 14.25496632, 37.94527703 ], [ 14.2545332, 37.94526734 ], [ 14.25433055, 37.94514592 ], [ 14.25384045, 37.94507416 ], [ 14.25355276, 37.94496306 ], [ 14.25348912, 37.94494217 ], [ 14.25340219, 37.9449839 ], [ 14.25333302, 37.94499092 ], [ 14.25295616, 37.94492116 ], [ 14.25270026, 37.94501122 ], [ 14.25248772, 37.94506848 ], [ 14.25156605, 37.94513345 ], [ 14.25149278, 37.9451203 ], [ 14.25030764, 37.94468843 ], [ 14.24965359, 37.94445621 ], [ 14.24900947, 37.94422986 ], [ 14.2489875, 37.94422225 ], [ 14.24892482, 37.9441938 ], [ 14.24877232, 37.94405277 ], [ 14.24898161, 37.94418006 ], [ 14.25008377, 37.94457301 ], [ 14.25084123, 37.94483191 ], [ 14.25149901, 37.94501103 ], [ 14.2518092, 37.94460925 ], [ 14.25155054, 37.94423382 ], [ 14.25088828, 37.94398472 ], [ 14.25015835, 37.94371027 ], [ 14.24991246, 37.94360559 ], [ 14.24967657, 37.94348094 ], [ 14.2486045, 37.94327018 ], [ 14.24834425, 37.94288013 ], [ 14.24826272, 37.94268018 ], [ 14.24784786, 37.94265041 ], [ 14.2474809, 37.9423749 ], [ 14.24753122, 37.94188279 ], [ 14.24729803, 37.94150435 ], [ 14.24679592, 37.94111108 ], [ 14.24639206, 37.94079021 ], [ 14.24634761, 37.94074278 ], [ 14.24622579, 37.94043707 ], [ 14.24614902, 37.94026464 ], [ 14.24602463, 37.94010295 ], [ 14.24601814, 37.94006071 ], [ 14.24601508, 37.94004084 ], [ 14.24533067, 37.93955074 ], [ 14.2448283, 37.93917303 ], [ 14.24453899, 37.93894774 ] ] ] } },
{ "type": "Feature", "properties": { "gml_id": "CadastralParcel.IT.AGE.PLA.I028_000900.STRADA001", "INSPIREID_LOCALID": "IT.AGE.PLA.I028_000900.STRADA001", "INSPIREID_NAMESPACE": "IT.AGE.PLA.", "LABEL": "STRADA001", "NATIONALCADASTRALREFERENCE": "I028_000900.STRADA001", "ADMINISTRATIVEUNIT": "I028" }, "geometry": { "type": "Polygon", "coordinates": [ [ [ 14.21121352, 37.95119119 ], [ 14.21157004, 37.9511213 ], [ 14.21157006, 37.95112129 ], [ 14.21158971, 37.95111744 ], [ 14.21189049, 37.95100227 ], [ 14.21214785, 37.95098507 ], [ 14.21256696, 37.9509625 ], [ 14.21264033, 37.95096835 ], [ 14.21276317, 37.95108157 ], [ 14.21277593, 37.95109113 ], [ 14.21285054, 37.95109042 ], [ 14.21352684, 37.9510796 ], [ 14.21353873, 37.95108127 ], [ 14.2143307, 37.95118572 ], [ 14.21434442, 37.95118452 ], [ 14.2145779, 37.95098134 ], [ 14.21459773, 37.95096408 ], [ 14.21463649, 37.95091165 ], [ 14.21470007, 37.95082441 ], [ 14.21470346, 37.95081973 ], [ 14.21479981, 37.9506867 ], [ 14.21480306, 37.9506921 ], [ 14.21481053, 37.95068438 ], [ 14.21502283, 37.95046246 ], [ 14.21531556, 37.95016497 ], [ 14.21576946, 37.94969033 ], [ 14.2158428, 37.9496179 ], [ 14.21628483, 37.9497101 ], [ 14.21695717, 37.94956687 ], [ 14.21711744, 37.94940806 ], [ 14.2174088, 37.94913383 ], [ 14.21779663, 37.94903093 ], [ 14.21785921, 37.94901339 ], [ 14.21785951, 37.94901331 ], [ 14.21799026, 37.94897666 ], [ 14.21817208, 37.9489257 ], [ 14.2182349, 37.94890281 ], [ 14.21824621, 37.94889662 ], [ 14.21845918, 37.94876361 ], [ 14.21847836, 37.94874354 ], [ 14.21847968, 37.94873627 ], [ 14.21851869, 37.94852113 ], [ 14.21852189, 37.94851715 ], [ 14.21857277, 37.94844846 ], [ 14.21871633, 37.94826426 ], [ 14.21878725, 37.94817117 ], [ 14.2189354, 37.94818108 ], [ 14.21889092, 37.94824395 ], [ 14.21889844, 37.94824431 ], [ 14.21887596, 37.94829149 ], [ 14.2186485, 37.94859337 ], [ 14.21860261, 37.94882915 ], [ 14.21834502, 37.94897395 ], [ 14.21804266, 37.94911797 ], [ 14.21767429, 37.9492047 ], [ 14.2174797, 37.94926016 ], [ 14.21721171, 37.94949979 ], [ 14.21745613, 37.94946262 ], [ 14.21749651, 37.94946525 ], [ 14.21823579, 37.94955368 ], [ 14.21944952, 37.9497111 ], [ 14.22041374, 37.94985498 ], [ 14.22146562, 37.95001393 ], [ 14.22200902, 37.95002929 ], [ 14.22288572, 37.95005617 ], [ 14.22420067, 37.95009057 ], [ 14.22537565, 37.95010822 ], [ 14.22599031, 37.95016331 ], [ 14.226253, 37.95018948 ], [ 14.22650507, 37.95021894 ], [ 14.22652097, 37.95023071 ], [ 14.22660875, 37.95039668 ], [ 14.22618696, 37.95115798 ], [ 14.22619788, 37.95173284 ], [ 14.22632118, 37.95202217 ], [ 14.22651796, 37.95248852 ], [ 14.22668038, 37.95290045 ], [ 14.22691771, 37.95308127 ], [ 14.22740377, 37.95347877 ], [ 14.22762298, 37.95365002 ], [ 14.22787878, 37.95399563 ], [ 14.2280628, 37.95453062 ], [ 14.2281756, 37.95484176 ], [ 14.22822672, 37.95522507 ], [ 14.22829685, 37.95568053 ], [ 14.22833762, 37.95597834 ], [ 14.22842651, 37.95640188 ], [ 14.22858747, 37.95692388 ], [ 14.22859704, 37.95702956 ], [ 14.22852851, 37.95776241 ], [ 14.22853465, 37.95794971 ], [ 14.2286048, 37.95854189 ], [ 14.22830425, 37.95875892 ], [ 14.22837919, 37.95817998 ], [ 14.22839633, 37.95793264 ], [ 14.22842486, 37.95755534 ], [ 14.22847681, 37.95694646 ], [ 14.22839514, 37.95672492 ], [ 14.22828374, 37.95619644 ], [ 14.22819654, 37.95577392 ], [ 14.22811536, 37.95521476 ], [ 14.22804535, 37.95480619 ], [ 14.22784755, 37.95422374 ], [ 14.22778862, 37.95406096 ], [ 14.22755619, 37.95372912 ], [ 14.22725868, 37.95348229 ], [ 14.22666228, 37.95299555 ], [ 14.22658006, 37.95293012 ], [ 14.22638352, 37.95244571 ], [ 14.22610196, 37.95177822 ], [ 14.22608718, 37.95113149 ], [ 14.22611089, 37.9510383 ], [ 14.2262087, 37.9507165 ], [ 14.22631577, 37.95031565 ], [ 14.22617821, 37.95029005 ], [ 14.22539181, 37.95020496 ], [ 14.22521648, 37.95019574 ], [ 14.22385279, 37.95016684 ], [ 14.22268079, 37.95013874 ], [ 14.22168976, 37.95012328 ], [ 14.22144724, 37.95010545 ], [ 14.22053792, 37.94996143 ], [ 14.21940435, 37.94979831 ], [ 14.21842922, 37.94966648 ], [ 14.21747984, 37.94954694 ], [ 14.21677561, 37.94969778 ], [ 14.21633048, 37.94979999 ], [ 14.21586147, 37.94971333 ], [ 14.2156112, 37.94997821 ], [ 14.21559656, 37.95001073 ], [ 14.21551995, 37.95008497 ], [ 14.21507084, 37.95055073 ], [ 14.21491503, 37.95071011 ], [ 14.2148603, 37.95077754 ], [ 14.21476945, 37.95091092 ], [ 14.21470673, 37.95100031 ], [ 14.21443484, 37.95124252 ], [ 14.21441432, 37.9512701 ], [ 14.21439774, 37.95127833 ], [ 14.21436326, 37.95127702 ], [ 14.21384938, 37.95121204 ], [ 14.2135403, 37.95118103 ], [ 14.21348641, 37.95117606 ], [ 14.21290268, 37.95119019 ], [ 14.21272065, 37.95120727 ], [ 14.21269862, 37.95120315 ], [ 14.21259441, 37.95104099 ], [ 14.21231638, 37.95104848 ], [ 14.21191649, 37.95109343 ], [ 14.21161453, 37.95120958 ], [ 14.21131611, 37.95125729 ], [ 14.21088569, 37.95133729 ], [ 14.21042676, 37.95136231 ], [ 14.20994197, 37.95144211 ], [ 14.20962702, 37.95150031 ], [ 14.20920857, 37.95152437 ], [ 14.2089921, 37.95154778 ], [ 14.20876299, 37.95157237 ], [ 14.20848529, 37.95168582 ], [ 14.20825844, 37.95180203 ], [ 14.20772207, 37.95215977 ], [ 14.2060602, 37.95179392 ], [ 14.20533211, 37.95187572 ], [ 14.20499004, 37.95192678 ], [ 14.20442203, 37.95201377 ], [ 14.20374387, 37.9521732 ], [ 14.20289056, 37.95232336 ], [ 14.20281948, 37.95235726 ], [ 14.20244756, 37.95260753 ], [ 14.20206118, 37.95295271 ], [ 14.20187222, 37.95313885 ], [ 14.20133245, 37.95367481 ], [ 14.20115007, 37.9537866 ], [ 14.20076276, 37.9540042 ], [ 14.20043209, 37.95419149 ], [ 14.20028296, 37.95435133 ], [ 14.20027199, 37.95438511 ], [ 14.20000612, 37.95470947 ], [ 14.19977624, 37.95481305 ], [ 14.19975653, 37.95484427 ], [ 14.19967762, 37.95478357 ], [ 14.19971913, 37.95473884 ], [ 14.19989526, 37.95467541 ], [ 14.20011061, 37.9544533 ], [ 14.20035311, 37.95410953 ], [ 14.20067041, 37.95388554 ], [ 14.20128126, 37.95361063 ], [ 14.20159823, 37.95322229 ], [ 14.20224569, 37.95263822 ], [ 14.20282534, 37.95224366 ], [ 14.20285719, 37.95223888 ], [ 14.20309291, 37.95220352 ], [ 14.20351742, 37.95213259 ], [ 14.20425588, 37.95195829 ], [ 14.2050701, 37.95182077 ], [ 14.20510836, 37.95181475 ], [ 14.20570705, 37.95173323 ], [ 14.20604922, 37.95170777 ], [ 14.20609195, 37.95171514 ], [ 14.20677777, 37.9518546 ], [ 14.20729764, 37.95196031 ], [ 14.20744207, 37.95198968 ], [ 14.20771802, 37.95204579 ], [ 14.2083186, 37.95165611 ], [ 14.20869366, 37.95150636 ], [ 14.20913906, 37.9513304 ], [ 14.20939082, 37.95122451 ], [ 14.20958514, 37.95114643 ], [ 14.2096354, 37.95118737 ], [ 14.20930887, 37.95140682 ], [ 14.2092886, 37.95142504 ], [ 14.20959886, 37.95139498 ], [ 14.21018371, 37.95129438 ], [ 14.21088782, 37.95125504 ], [ 14.21121352, 37.95119119 ] ] ] } },
{ "type": "Feature", "properties": { "gml_id": "CadastralParcel.IT.AGE.PLA.I028_001700.1", "INSPIREID_LOCALID": "IT.AGE.PLA.I028_001700.1", "INSPIREID_NAMESPACE": "IT.AGE.PLA.", "LABEL": "1", "NATIONALCADASTRALREFERENCE": "I028_001700.1", "ADMINISTRATIVEUNIT": "I028" }, "geometry": { "type": "Polygon", "coordinates": [ [ [ 14.21889844, 37.94824431 ], [ 14.21889092, 37.94824395 ], [ 14.2189354, 37.94818108 ], [ 14.21913113, 37.94790941 ], [ 14.21988143, 37.94730727 ], [ 14.22033244, 37.94718243 ], [ 14.22063728, 37.94714411 ], [ 14.22095541, 37.94690287 ], [ 14.22126707, 37.94657367 ], [ 14.224126, 37.94286816 ], [ 14.22475799, 37.94318257 ], [ 14.22534802, 37.94480575 ], [ 14.22478764, 37.9485744 ], [ 14.22513491, 37.94873591 ], [ 14.2256466, 37.94870372 ], [ 14.22573163, 37.94859994 ], [ 14.22607157, 37.94860417 ], [ 14.22627518, 37.94879899 ], [ 14.22649315, 37.94902985 ], [ 14.226467, 37.94928229 ], [ 14.22667837, 37.94983764 ], [ 14.22638865, 37.95010289 ], [ 14.22636899, 37.9500847 ], [ 14.225802, 37.94954918 ], [ 14.22549995, 37.94924892 ], [ 14.22475636, 37.94899385 ], [ 14.22415931, 37.94879097 ], [ 14.22380726, 37.94864353 ], [ 14.22374142, 37.94862251 ], [ 14.22367876, 37.94859355 ], [ 14.22339015, 37.94843549 ], [ 14.22331192, 37.94839265 ], [ 14.22330224, 37.94838735 ], [ 14.22241099, 37.94847936 ], [ 14.22195284, 37.94853222 ], [ 14.22193032, 37.94853431 ], [ 14.22143957, 37.94857894 ], [ 14.22135874, 37.94857125 ], [ 14.22129126, 37.94856483 ], [ 14.22107465, 37.9485432 ], [ 14.22051629, 37.94843424 ], [ 14.22008694, 37.94834158 ], [ 14.21994565, 37.94831118 ], [ 14.2199071, 37.94830853 ], [ 14.21889844, 37.94824431 ] ] ] } },
{ "type": "Feature", "properties": { "gml_id": "CadastralParcel.IT.AGE.PLA.I028_000900.15", "INSPIREID_LOCALID": "IT.AGE.PLA.I028_000900.15", "INSPIREID_NAMESPACE": "IT.AGE.PLA.", "LABEL": "15", "NATIONALCADASTRALREFERENCE": "I028_000900.15", "ADMINISTRATIVEUNIT": "I028" }, "geometry": { "type": "Polygon", "coordinates": [ [ [ 14.22051637, 37.94843426 ], [ 14.2210746, 37.9485432 ], [ 14.22129184, 37.94856489 ], [ 14.22143957, 37.94857894 ], [ 14.22193032, 37.94853431 ], [ 14.22195284, 37.94853222 ], [ 14.22241099, 37.94847936 ], [ 14.22330224, 37.94838735 ], [ 14.22367876, 37.94859355 ], [ 14.22374142, 37.94862251 ], [ 14.22380726, 37.94864353 ], [ 14.22415931, 37.94879097 ], [ 14.22475636, 37.94899385 ], [ 14.22549995, 37.94924892 ], [ 14.225802, 37.94954918 ], [ 14.22636899, 37.9500847 ], [ 14.226253, 37.95018948 ], [ 14.22599031, 37.95016331 ], [ 14.22537565, 37.95010822 ], [ 14.22420067, 37.95009057 ], [ 14.22288572, 37.95005617 ], [ 14.22200902, 37.95002929 ], [ 14.22146562, 37.95001393 ], [ 14.22041374, 37.94985498 ], [ 14.21944952, 37.9497111 ], [ 14.21823579, 37.94955368 ], [ 14.21749651, 37.94946525 ], [ 14.21745613, 37.94946262 ], [ 14.21721171, 37.94949979 ], [ 14.2174797, 37.94926016 ], [ 14.21767429, 37.9492047 ], [ 14.21804266, 37.94911797 ], [ 14.21834502, 37.94897395 ], [ 14.21860261, 37.94882915 ], [ 14.2186485, 37.94859337 ], [ 14.21887596, 37.94829149 ], [ 14.21889844, 37.94824431 ], [ 14.21990567, 37.94830844 ], [ 14.21994565, 37.94831118 ], [ 14.22008694, 37.94834158 ], [ 14.22047851, 37.94842687 ], [ 14.22051637, 37.94843426 ] ] ] } },
{ "type": "Feature", "properties": { "gml_id": "CadastralParcel.IT.AGE.PLA.I028_000900.16", "INSPIREID_LOCALID": "IT.AGE.PLA.I028_000900.16", "INSPIREID_NAMESPACE": "IT.AGE.PLA.", "LABEL": "16", "NATIONALCADASTRALREFERENCE": "I028_000900.16", "ADMINISTRATIVEUNIT": "I028" }, "geometry": { "type": "Polygon", "coordinates": [ [ [ 14.2158428, 37.9496179 ], [ 14.2158333, 37.94961854 ], [ 14.21585637, 37.94961276 ], [ 14.21587684, 37.94960501 ], [ 14.2162721, 37.94945571 ], [ 14.21648457, 37.94938125 ], [ 14.2174088, 37.94913383 ], [ 14.21711744, 37.94940806 ], [ 14.21695717, 37.94956687 ], [ 14.21628483, 37.9497101 ], [ 14.2158428, 37.9496179 ] ] ] } },
{ "type": "Feature", "properties": { "gml_id": "CadastralParcel.IT.AGE.PLA.I028_000900.22", "INSPIREID_LOCALID": "IT.AGE.PLA.I028_000900.22", "INSPIREID_NAMESPACE": "IT.AGE.PLA.", "LABEL": "22", "NATIONALCADASTRALREFERENCE": "I028_000900.22", "ADMINISTRATIVEUNIT": "I028" }, "geometry": { "type": "MultiPolygon", "coordinates": [ [ [ [ 14.2078843, 37.96091386 ], [ 14.20771002, 37.96083509 ], [ 14.20771261, 37.96082582 ], [ 14.20782554, 37.96042242 ], [ 14.20878654, 37.95975647 ], [ 14.20962023, 37.959695 ], [ 14.21123398, 37.95955968 ], [ 14.21308295, 37.95941407 ], [ 14.21289553, 37.95891416 ], [ 14.21296335, 37.95853279 ], [ 14.21308739, 37.95849899 ], [ 14.21339751, 37.9584458 ], [ 14.21377358, 37.95839389 ], [ 14.21394867, 37.95837591 ], [ 14.21442146, 37.95830976 ], [ 14.21493213, 37.95815413 ], [ 14.21516669, 37.95809658 ], [ 14.21602627, 37.95801516 ], [ 14.21623138, 37.95799639 ], [ 14.21676983, 37.95766929 ], [ 14.21730139, 37.95736204 ], [ 14.21745976, 37.95726451 ], [ 14.21800034, 37.95713341 ], [ 14.21836085, 37.95654561 ], [ 14.21848697, 37.95635624 ], [ 14.21846551, 37.95587727 ], [ 14.21882901, 37.95567271 ], [ 14.21939373, 37.95536577 ], [ 14.21984908, 37.95512415 ], [ 14.22035387, 37.95485976 ], [ 14.22065703, 37.954647 ], [ 14.22087566, 37.95453304 ], [ 14.22135425, 37.95429527 ], [ 14.22139612, 37.9542245 ], [ 14.22188979, 37.95363456 ], [ 14.22214177, 37.95331983 ], [ 14.22248841, 37.95290854 ], [ 14.2226911, 37.95261393 ], [ 14.22285183, 37.95237882 ], [ 14.22320141, 37.95188865 ], [ 14.22332693, 37.9517047 ], [ 14.22428142, 37.95153319 ], [ 14.22437606, 37.95152247 ], [ 14.2248439, 37.95130318 ], [ 14.22550989, 37.95101767 ], [ 14.22586907, 37.950863 ], [ 14.22586455, 37.95087156 ], [ 14.22580004, 37.95100991 ], [ 14.22578265, 37.95174144 ], [ 14.22610049, 37.95256459 ], [ 14.22628789, 37.95303186 ], [ 14.22608047, 37.95363111 ], [ 14.22579734, 37.95446244 ], [ 14.22549499, 37.95532028 ], [ 14.22516086, 37.95627484 ], [ 14.22486475, 37.95710394 ], [ 14.22441893, 37.9583463 ], [ 14.22420246, 37.95895829 ], [ 14.22375535, 37.95924039 ], [ 14.22268816, 37.95992051 ], [ 14.22162855, 37.9605876 ], [ 14.22078722, 37.96112986 ], [ 14.21994602, 37.96168043 ], [ 14.21991701, 37.96169901 ], [ 14.21880887, 37.96123973 ], [ 14.21808554, 37.96094734 ], [ 14.21765223, 37.96077393 ], [ 14.2174915, 37.96057208 ], [ 14.21730007, 37.9603028 ], [ 14.21705597, 37.95996186 ], [ 14.21675077, 37.95952749 ], [ 14.21596775, 37.95950161 ], [ 14.21509932, 37.9594809 ], [ 14.21453687, 37.95946182 ], [ 14.21362707, 37.95943708 ], [ 14.21320885, 37.95984936 ], [ 14.21287483, 37.96020256 ], [ 14.21270755, 37.96036611 ], [ 14.21264182, 37.96075504 ], [ 14.21257953, 37.96104733 ], [ 14.21248838, 37.96152858 ], [ 14.21381158, 37.9615195 ], [ 14.21479345, 37.96151014 ], [ 14.21553734, 37.96149743 ], [ 14.21499184, 37.96173712 ], [ 14.21496251, 37.96178049 ], [ 14.21483569, 37.96219211 ], [ 14.21466409, 37.96270126 ], [ 14.2147192, 37.96273359 ], [ 14.21449851, 37.96286097 ], [ 14.21435694, 37.96289347 ], [ 14.21410812, 37.96292905 ], [ 14.21375149, 37.96298113 ], [ 14.21305509, 37.9629335 ], [ 14.21242768, 37.96294008 ], [ 14.21205335, 37.96301659 ], [ 14.21131284, 37.96316955 ], [ 14.21046615, 37.96334406 ], [ 14.21042432, 37.96333422 ], [ 14.21046134, 37.96320742 ], [ 14.21046284, 37.96318943 ], [ 14.21046524, 37.96311413 ], [ 14.21047032, 37.96284871 ], [ 14.21024487, 37.96266905 ], [ 14.21011972, 37.96258097 ], [ 14.2100838, 37.96255922 ], [ 14.20977075, 37.96241013 ], [ 14.20973946, 37.96239625 ], [ 14.20973202, 37.96239395 ], [ 14.20936221, 37.96227956 ], [ 14.20930614, 37.96226345 ], [ 14.20912457, 37.96220423 ], [ 14.20882767, 37.96205805 ], [ 14.20849939, 37.96187036 ], [ 14.20821384, 37.96169543 ], [ 14.20815354, 37.9616513 ], [ 14.20814152, 37.96164244 ], [ 14.20811114, 37.96134568 ], [ 14.20807984, 37.96126274 ], [ 14.20804624, 37.96118291 ], [ 14.20793531, 37.96094002 ], [ 14.2078843, 37.96091386 ] ], [ [ 14.21495503, 37.96173572 ], [ 14.21497407, 37.96171345 ], [ 14.21491027, 37.96168238 ], [ 14.21489129, 37.96170612 ], [ 14.21495503, 37.96173572 ] ], [ [ 14.22003946, 37.95972541 ], [ 14.220193, 37.95965312 ], [ 14.22009032, 37.95953185 ], [ 14.21994303, 37.95960714 ], [ 14.21992839, 37.95961462 ], [ 14.21985907, 37.95965005 ], [ 14.21985186, 37.95965374 ], [ 14.21983045, 37.95966468 ], [ 14.21993271, 37.95978055 ], [ 14.21995371, 37.9597697 ], [ 14.22003946, 37.95972541 ] ] ] ] } },
{ "type": "Feature", "properties": { "gml_id": "CadastralParcel.IT.AGE.PLA.I028_000900.23", "INSPIREID_LOCALID": "IT.AGE.PLA.I028_000900.23", "INSPIREID_NAMESPACE": "IT.AGE.PLA.", "LABEL": "23", "NATIONALCADASTRALREFERENCE": "I028_000900.23", "ADMINISTRATIVEUNIT": "I028" }, "geometry": { "type": "Polygon", "coordinates": [ [ [ 14.22188979, 37.95363456 ], [ 14.22139612, 37.9542245 ], [ 14.22135425, 37.95429527 ], [ 14.22087566, 37.95453304 ], [ 14.22065703, 37.954647 ], [ 14.22035387, 37.95485976 ], [ 14.21984908, 37.95512415 ], [ 14.21939373, 37.95536577 ], [ 14.21882901, 37.95567271 ], [ 14.21846551, 37.95587727 ], [ 14.21848697, 37.95635624 ], [ 14.21836085, 37.95654561 ], [ 14.21800034, 37.95713341 ], [ 14.21745976, 37.95726451 ], [ 14.21730139, 37.95736204 ], [ 14.21676983, 37.95766929 ], [ 14.21623138, 37.95799639 ], [ 14.21602627, 37.95801516 ], [ 14.21516669, 37.95809658 ], [ 14.21510483, 37.9579104 ], [ 14.21496994, 37.95748439 ], [ 14.21471095, 37.95664359 ], [ 14.21455452, 37.95618382 ], [ 14.21447612, 37.95573748 ], [ 14.21435635, 37.95502273 ], [ 14.21419698, 37.9542376 ], [ 14.21400331, 37.953189 ], [ 14.21406646, 37.95289623 ], [ 14.21436326, 37.95127702 ], [ 14.21439774, 37.95127833 ], [ 14.21441432, 37.9512701 ], [ 14.21502035, 37.95105674 ], [ 14.2148603, 37.95077754 ], [ 14.21491503, 37.95071011 ], [ 14.21507084, 37.95055073 ], [ 14.21551995, 37.95008497 ], [ 14.21559656, 37.95001073 ], [ 14.2156112, 37.94997821 ], [ 14.21586147, 37.94971333 ], [ 14.21633048, 37.94979999 ], [ 14.21677561, 37.94969778 ], [ 14.21747984, 37.94954694 ], [ 14.21842922, 37.94966648 ], [ 14.21940435, 37.94979831 ], [ 14.22053792, 37.94996143 ], [ 14.22144724, 37.95010545 ], [ 14.22168976, 37.95012328 ], [ 14.22268079, 37.95013874 ], [ 14.22385279, 37.95016684 ], [ 14.22521648, 37.95019574 ], [ 14.22539181, 37.95020496 ], [ 14.22617821, 37.95029005 ], [ 14.22587441, 37.95085288 ], [ 14.22586907, 37.950863 ], [ 14.22550989, 37.95101767 ], [ 14.2248439, 37.95130318 ], [ 14.22437606, 37.95152247 ], [ 14.22428142, 37.95153319 ], [ 14.22332693, 37.9517047 ], [ 14.22320141, 37.95188865 ], [ 14.22285183, 37.95237882 ], [ 14.2226911, 37.95261393 ], [ 14.22248841, 37.95290854 ], [ 14.22214177, 37.95331983 ], [ 14.22188979, 37.95363456 ] ] ] } },
{ "type": "Feature", "properties": { "gml_id": "CadastralParcel.IT.AGE.PLA.I028_001800.1", "INSPIREID_LOCALID": "IT.AGE.PLA.I028_001800.1", "INSPIREID_NAMESPACE": "IT.AGE.PLA.", "LABEL": "1", "NATIONALCADASTRALREFERENCE": "I028_001800.1", "ADMINISTRATIVEUNIT": "I028" }, "geometry": { "type": "Polygon", "coordinates": [ [ [ 14.23108355, 37.94733226 ], [ 14.23118742, 37.94750365 ], [ 14.23140152, 37.94785683 ], [ 14.23179952, 37.94850239 ], [ 14.23196382, 37.94879659 ], [ 14.23112696, 37.94878017 ], [ 14.23052767, 37.94877333 ], [ 14.2297827, 37.94891415 ], [ 14.22964058, 37.94899072 ], [ 14.22931471, 37.94825689 ], [ 14.22946692, 37.94762602 ], [ 14.2294306, 37.94710549 ], [ 14.22935769, 37.94626955 ], [ 14.22930293, 37.94569389 ], [ 14.22943747, 37.94572308 ], [ 14.22943518, 37.94575121 ], [ 14.22982784, 37.94627233 ], [ 14.2301432, 37.94670144 ], [ 14.23108355, 37.94733226 ] ] ] } },
{ "type": "Feature", "properties": { "gml_id": "CadastralParcel.IT.AGE.PLA.I028_001800.10", "INSPIREID_LOCALID": "IT.AGE.PLA.I028_001800.10", "INSPIREID_NAMESPACE": "IT.AGE.PLA.", "LABEL": "10", "NATIONALCADASTRALREFERENCE": "I028_001800.10", "ADMINISTRATIVEUNIT": "I028" }, "geometry": { "type": "Polygon", "coordinates": [ [ [ 14.23118742, 37.94750365 ], [ 14.23108355, 37.94733226 ], [ 14.2301432, 37.94670144 ], [ 14.22982784, 37.94627233 ], [ 14.22943518, 37.94575121 ], [ 14.22943747, 37.94572308 ], [ 14.23052649, 37.94598493 ], [ 14.2313131, 37.94659623 ], [ 14.2319423, 37.94660615 ], [ 14.23300346, 37.94662458 ], [ 14.23217386, 37.94702381 ], [ 14.23118742, 37.94750365 ] ] ] } },
{ "type": "Feature", "properties": { "gml_id": "CadastralParcel.IT.AGE.PLA.I028_001800.11", "INSPIREID_LOCALID": "IT.AGE.PLA.I028_001800.11", "INSPIREID_NAMESPACE": "IT.AGE.PLA.", "LABEL": "11", "NATIONALCADASTRALREFERENCE": "I028_001800.11", "ADMINISTRATIVEUNIT": "I028" }, "geometry": { "type": "Polygon", "coordinates": [ [ [ 14.23370302, 37.94628666 ], [ 14.23300346, 37.94662458 ], [ 14.2319423, 37.94660615 ], [ 14.2313131, 37.94659623 ], [ 14.23196538, 37.9458114 ], [ 14.23266891, 37.94500431 ], [ 14.23371856, 37.94378583 ], [ 14.23418759, 37.94409883 ], [ 14.23495129, 37.94459002 ], [ 14.23443563, 37.94528607 ], [ 14.23370302, 37.94628666 ] ] ] } },
{ "type": "Feature", "properties": { "gml_id": "CadastralParcel.IT.AGE.PLA.I028_000900.12", "INSPIREID_LOCALID": "IT.AGE.PLA.I028_000900.12", "INSPIREID_NAMESPACE": "IT.AGE.PLA.", "LABEL": "12", "NATIONALCADASTRALREFERENCE": "I028_000900.12", "ADMINISTRATIVEUNIT": "I028" }, "geometry": { "type": "Polygon", "coordinates": [ [ [ 14.2289162, 37.95465147 ], [ 14.22917721, 37.95533783 ], [ 14.2292621, 37.9556046 ], [ 14.22931751, 37.9558528 ], [ 14.22948064, 37.95603009 ], [ 14.22953789, 37.95609904 ], [ 14.2299093, 37.95627183 ], [ 14.23021135, 37.95641304 ], [ 14.23064253, 37.95676996 ], [ 14.23036804, 37.9574251 ], [ 14.23030948, 37.95757982 ], [ 14.22959636, 37.95808606 ], [ 14.22928559, 37.95810125 ], [ 14.2286048, 37.95854189 ], [ 14.22853465, 37.95794971 ], [ 14.22852851, 37.95776241 ], [ 14.22859704, 37.95702956 ], [ 14.22858747, 37.95692388 ], [ 14.22842651, 37.95640188 ], [ 14.22833762, 37.95597834 ], [ 14.22829685, 37.95568053 ], [ 14.22822672, 37.95522507 ], [ 14.2281756, 37.95484176 ], [ 14.2280628, 37.95453062 ], [ 14.22787878, 37.95399563 ], [ 14.22762298, 37.95365002 ], [ 14.22740377, 37.95347877 ], [ 14.22691771, 37.95308127 ], [ 14.22668038, 37.95290045 ], [ 14.22651796, 37.95248852 ], [ 14.22632118, 37.95202217 ], [ 14.22619788, 37.95173284 ], [ 14.22618696, 37.95115798 ], [ 14.22660875, 37.95039668 ], [ 14.22725855, 37.95128048 ], [ 14.2273335, 37.95137996 ], [ 14.22795574, 37.9516756 ], [ 14.22772622, 37.95235635 ], [ 14.22808512, 37.95289855 ], [ 14.22811007, 37.9529384 ], [ 14.22806508, 37.95300787 ], [ 14.22808646, 37.95306358 ], [ 14.2282706, 37.95343137 ], [ 14.22845936, 37.95380686 ], [ 14.22855612, 37.95399253 ], [ 14.2287692, 37.9542383 ], [ 14.2289162, 37.95465147 ] ] ] } },
{ "type": "Feature", "properties": { "gml_id": "CadastralParcel.IT.AGE.PLA.I028_001800.13", "INSPIREID_LOCALID": "IT.AGE.PLA.I028_001800.13", "INSPIREID_NAMESPACE": "IT.AGE.PLA.", "LABEL": "13", "NATIONALCADASTRALREFERENCE": "I028_001800.13", "ADMINISTRATIVEUNIT": "I028" }, "geometry": { "type": "Polygon", "coordinates": [ [ [ 14.22780733, 37.94447685 ], [ 14.22780797, 37.94446112 ], [ 14.22780907, 37.94446175 ], [ 14.22939893, 37.94536765 ], [ 14.22943747, 37.94572308 ], [ 14.22930293, 37.94569389 ], [ 14.22774331, 37.94524589 ], [ 14.22774268, 37.94524571 ], [ 14.22774944, 37.94493849 ], [ 14.22778164, 37.94470011 ], [ 14.22780733, 37.94447685 ] ] ] } },
{ "type": "Feature", "properties": { "gml_id": "CadastralParcel.IT.AGE.PLA.L478_003000.15", "INSPIREID_LOCALID": "IT.AGE.PLA.L478_003000.15", "INSPIREID_NAMESPACE": "IT.AGE.PLA.", "LABEL": "15", "NATIONALCADASTRALREFERENCE": "L478_003000.15", "ADMINISTRATIVEUNIT": "L478" }, "geometry": { "type": "Polygon", "coordinates": [ [ [ 14.23053096, 37.94877611 ], [ 14.23183332, 37.94878021 ], [ 14.23206344, 37.94880574 ], [ 14.23227681, 37.94879448 ], [ 14.23267045, 37.94887437 ], [ 14.23300391, 37.9487405 ], [ 14.23325927, 37.94860342 ], [ 14.23342958, 37.94859993 ], [ 14.23360517, 37.94850757 ], [ 14.2336647, 37.9484437 ], [ 14.23378989, 37.94842205 ], [ 14.23395162, 37.94845889 ], [ 14.23480981, 37.94825281 ], [ 14.23490757, 37.9481589 ], [ 14.23565797, 37.94801377 ], [ 14.23586387, 37.9480197 ], [ 14.2363589, 37.94811867 ], [ 14.23657505, 37.94831215 ], [ 14.23673644, 37.94846342 ], [ 14.23689386, 37.94857022 ], [ 14.23701038, 37.94867817 ], [ 14.23729459, 37.94898746 ], [ 14.23692132, 37.94917411 ], [ 14.23646808, 37.94939483 ], [ 14.23636758, 37.94948354 ], [ 14.23584835, 37.94940796 ], [ 14.23522369, 37.94951687 ], [ 14.23475937, 37.94982014 ], [ 14.23462858, 37.94990904 ], [ 14.234451, 37.94995634 ], [ 14.23423985, 37.950042 ], [ 14.23377695, 37.95004256 ], [ 14.23326901, 37.94993525 ], [ 14.23233645, 37.94981819 ], [ 14.23142031, 37.94965567 ], [ 14.23101968, 37.94920522 ], [ 14.23061563, 37.94897833 ], [ 14.23032008, 37.94882087 ], [ 14.23053096, 37.94877611 ] ] ] } },
{ "type": "Feature", "properties": { "gml_id": "CadastralParcel.IT.AGE.PLA.I028_000900.18", "INSPIREID_LOCALID": "IT.AGE.PLA.I028_000900.18", "INSPIREID_NAMESPACE": "IT.AGE.PLA.", "LABEL": "18", "NATIONALCADASTRALREFERENCE": "I028_000900.18", "ADMINISTRATIVEUNIT": "I028" }, "geometry": { "type": "Polygon", "coordinates": [ [ [ 14.22651538, 37.95022014 ], [ 14.22650507, 37.95021894 ], [ 14.226253, 37.95018948 ], [ 14.22636899, 37.9500847 ], [ 14.22651538, 37.95022014 ] ] ] } },
{ "type": "Feature", "properties": { "gml_id": "CadastralParcel.IT.AGE.PLA.I028_001700.18", "INSPIREID_LOCALID": "IT.AGE.PLA.I028_001700.18", "INSPIREID_NAMESPACE": "IT.AGE.PLA.", "LABEL": "18", "NATIONALCADASTRALREFERENCE": "I028_001700.18", "ADMINISTRATIVEUNIT": "I028" }, "geometry": { "type": "Polygon", "coordinates": [ [ [ 14.22638865, 37.95010289 ], [ 14.22667837, 37.94983764 ], [ 14.226467, 37.94928229 ], [ 14.22649315, 37.94902985 ], [ 14.22627518, 37.94879899 ], [ 14.22607157, 37.94860417 ], [ 14.22650436, 37.94862458 ], [ 14.22668843, 37.94881004 ], [ 14.22678858, 37.94888406 ], [ 14.22678897, 37.94930049 ], [ 14.22697037, 37.94982225 ], [ 14.22685677, 37.94997239 ], [ 14.22652097, 37.95023071 ], [ 14.22650507, 37.95021894 ], [ 14.22651538, 37.95022014 ], [ 14.22638865, 37.95010289 ] ] ] } },
{ "type": "Feature", "properties": { "gml_id": "CadastralParcel.IT.AGE.PLA.I028_001800.2", "INSPIREID_LOCALID": "IT.AGE.PLA.I028_001800.2", "INSPIREID_NAMESPACE": "IT.AGE.PLA.", "LABEL": "2", "NATIONALCADASTRALREFERENCE": "I028_001800.2", "ADMINISTRATIVEUNIT": "I028" }, "geometry": { "type": "Polygon", "coordinates": [ [ [ 14.22773733, 37.94525569 ], [ 14.22774268, 37.94524571 ], [ 14.22774331, 37.94524589 ], [ 14.22930293, 37.94569389 ], [ 14.22935769, 37.94626955 ], [ 14.2294306, 37.94710549 ], [ 14.22946692, 37.94762602 ], [ 14.22931471, 37.94825689 ], [ 14.22964058, 37.94899072 ], [ 14.22843039, 37.94957825 ], [ 14.22745313, 37.94999839 ], [ 14.22720799, 37.94989064 ], [ 14.22714622, 37.94988071 ], [ 14.22689196, 37.94924309 ], [ 14.22691402, 37.94886012 ], [ 14.22685408, 37.94880151 ], [ 14.22682244, 37.94877151 ], [ 14.22675172, 37.94870141 ], [ 14.22658822, 37.94854203 ], [ 14.22634534, 37.94832371 ], [ 14.22633428, 37.94831412 ], [ 14.22620883, 37.94819763 ], [ 14.22619554, 37.94816705 ], [ 14.22621972, 37.94806936 ], [ 14.22623298, 37.94801709 ], [ 14.22628453, 37.94793122 ], [ 14.22629748, 37.94791013 ], [ 14.22633287, 37.94785646 ], [ 14.22664122, 37.94737798 ], [ 14.22671781, 37.94717375 ], [ 14.22675153, 37.94707431 ], [ 14.22673541, 37.94682299 ], [ 14.22673266, 37.94677645 ], [ 14.22705309, 37.94620127 ], [ 14.22721897, 37.94590134 ], [ 14.22722964, 37.94589001 ], [ 14.22723652, 37.94587767 ], [ 14.22761228, 37.94547611 ], [ 14.22773733, 37.94525569 ] ] ] } },
{ "type": "Feature", "properties": { "gml_id": "CadastralParcel.IT.AGE.PLA.I028_001700.2", "INSPIREID_LOCALID": "IT.AGE.PLA.I028_001700.2", "INSPIREID_NAMESPACE": "IT.AGE.PLA.", "LABEL": "2", "NATIONALCADASTRALREFERENCE": "I028_001700.2", "ADMINISTRATIVEUNIT": "I028" }, "geometry": { "type": "Polygon", "coordinates": [ [ [ 14.22607157, 37.94860417 ], [ 14.22573163, 37.94859994 ], [ 14.2256466, 37.94870372 ], [ 14.22513491, 37.94873591 ], [ 14.22478764, 37.9485744 ], [ 14.22534802, 37.94480575 ], [ 14.22475799, 37.94318257 ], [ 14.2249172, 37.94293793 ], [ 14.22740259, 37.94403326 ], [ 14.22739762, 37.94431925 ], [ 14.22733046, 37.94486969 ], [ 14.22731639, 37.94519517 ], [ 14.22722772, 37.94535457 ], [ 14.22685476, 37.94571691 ], [ 14.22631347, 37.94668546 ], [ 14.22632217, 37.94703118 ], [ 14.22623067, 37.9473169 ], [ 14.22582321, 37.94791917 ], [ 14.22576981, 37.94808223 ], [ 14.2257637, 37.94816726 ], [ 14.22582658, 37.94837 ], [ 14.22607157, 37.94860417 ] ] ] } },
{ "type": "Feature", "properties": { "gml_id": "CadastralParcel.IT.AGE.PLA.I028_000900.20", "INSPIREID_LOCALID": "IT.AGE.PLA.I028_000900.20", "INSPIREID_NAMESPACE": "IT.AGE.PLA.", "LABEL": "20", "NATIONALCADASTRALREFERENCE": "I028_000900.20", "ADMINISTRATIVEUNIT": "I028" }, "geometry": { "type": "Polygon", "coordinates": [ [ [ 14.2262087, 37.9507165 ], [ 14.22586907, 37.950863 ], [ 14.22587441, 37.95085288 ], [ 14.22617821, 37.95029005 ], [ 14.22631577, 37.95031565 ], [ 14.2262087, 37.9507165 ] ] ] } },
{ "type": "Feature", "properties": { "gml_id": "CadastralParcel.IT.AGE.PLA.I028_001700.20", "INSPIREID_LOCALID": "IT.AGE.PLA.I028_001700.20", "INSPIREID_NAMESPACE": "IT.AGE.PLA.", "LABEL": "20", "NATIONALCADASTRALREFERENCE": "I028_001700.20", "ADMINISTRATIVEUNIT": "I028" }, "geometry": { "type": "Polygon", "coordinates": [ [ [ 14.22607157, 37.94860417 ], [ 14.22582658, 37.94837 ], [ 14.2257637, 37.94816726 ], [ 14.22576981, 37.94808223 ], [ 14.22582321, 37.94791917 ], [ 14.22623067, 37.9473169 ], [ 14.22632217, 37.94703118 ], [ 14.22631347, 37.94668546 ], [ 14.22685476, 37.94571691 ], [ 14.22722772, 37.94535457 ], [ 14.22731639, 37.94519517 ], [ 14.22733046, 37.94486969 ], [ 14.22739762, 37.94431925 ], [ 14.22740259, 37.94403326 ], [ 14.22763958, 37.94413753 ], [ 14.2276058, 37.94491636 ], [ 14.22754283, 37.94521853 ], [ 14.22741825, 37.94541864 ], [ 14.22704293, 37.94582412 ], [ 14.22685592, 37.94625205 ], [ 14.22654506, 37.94670265 ], [ 14.22652649, 37.94701735 ], [ 14.22640304, 37.94738961 ], [ 14.22602859, 37.94801974 ], [ 14.22603635, 37.94807103 ], [ 14.22618261, 37.94827978 ], [ 14.22650436, 37.94862458 ], [ 14.22607157, 37.94860417 ] ] ] } },
{ "type": "Feature", "properties": { "gml_id": "CadastralParcel.IT.AGE.PLA.I028_000900.3", "INSPIREID_LOCALID": "IT.AGE.PLA.I028_000900.3", "INSPIREID_NAMESPACE": "IT.AGE.PLA.", "LABEL": "3", "NATIONALCADASTRALREFERENCE": "I028_000900.3", "ADMINISTRATIVEUNIT": "I028" }, "geometry": { "type": "Polygon", "coordinates": [ [ [ 14.22815539, 37.95691964 ], [ 14.22813239, 37.95725734 ], [ 14.22810489, 37.95767741 ], [ 14.22809713, 37.9580068 ], [ 14.22684796, 37.95830944 ], [ 14.22537545, 37.95867534 ], [ 14.22420246, 37.95895829 ], [ 14.22441893, 37.9583463 ], [ 14.22486475, 37.95710394 ], [ 14.22516086, 37.95627484 ], [ 14.22549499, 37.95532028 ], [ 14.22579734, 37.95446244 ], [ 14.22608047, 37.95363111 ], [ 14.22628789, 37.95303186 ], [ 14.22702228, 37.953624 ], [ 14.22725417, 37.95382828 ], [ 14.22749395, 37.95413922 ], [ 14.22771011, 37.95475661 ], [ 14.2277534, 37.95491179 ], [ 14.22788318, 37.95577673 ], [ 14.22796753, 37.95628529 ], [ 14.22800359, 37.95652126 ], [ 14.22815539, 37.95691964 ] ] ] } },
{ "type": "Feature", "properties": { "gml_id": "CadastralParcel.IT.AGE.PLA.I028_000900.6", "INSPIREID_LOCALID": "IT.AGE.PLA.I028_000900.6", "INSPIREID_NAMESPACE": "IT.AGE.PLA.", "LABEL": "6", "NATIONALCADASTRALREFERENCE": "I028_000900.6", "ADMINISTRATIVEUNIT": "I028" }, "geometry": { "type": "Polygon", "coordinates": [ [ [ 14.22610196, 37.95177822 ], [ 14.22638352, 37.95244571 ], [ 14.22658006, 37.95293012 ], [ 14.22666228, 37.95299555 ], [ 14.22725868, 37.95348229 ], [ 14.22755619, 37.95372912 ], [ 14.22778862, 37.95406096 ], [ 14.22784755, 37.95422374 ], [ 14.22804535, 37.95480619 ], [ 14.22811536, 37.95521476 ], [ 14.22819654, 37.95577392 ], [ 14.22828374, 37.95619644 ], [ 14.22839514, 37.95672492 ], [ 14.22847681, 37.95694646 ], [ 14.22842486, 37.95755534 ], [ 14.22839633, 37.95793264 ], [ 14.22809713, 37.9580068 ], [ 14.22810489, 37.95767741 ], [ 14.22813239, 37.95725734 ], [ 14.22815539, 37.95691964 ], [ 14.22800359, 37.95652126 ], [ 14.22796753, 37.95628529 ], [ 14.22788318, 37.95577673 ], [ 14.2277534, 37.95491179 ], [ 14.22771011, 37.95475661 ], [ 14.22749395, 37.95413922 ], [ 14.22725417, 37.95382828 ], [ 14.22702228, 37.953624 ], [ 14.22628789, 37.95303186 ], [ 14.22610049, 37.95256459 ], [ 14.22578265, 37.95174144 ], [ 14.22580004, 37.95100991 ], [ 14.22586455, 37.95087156 ], [ 14.22586907, 37.950863 ], [ 14.2262087, 37.9507165 ], [ 14.22611089, 37.9510383 ], [ 14.22608718, 37.95113149 ], [ 14.22610196, 37.95177822 ] ] ] } },
{ "type": "Feature", "properties": { "gml_id": "CadastralParcel.IT.AGE.PLA.L478_003000.65", "INSPIREID_LOCALID": "IT.AGE.PLA.L478_003000.65", "INSPIREID_NAMESPACE": "IT.AGE.PLA.", "LABEL": "65", "NATIONALCADASTRALREFERENCE": "L478_003000.65", "ADMINISTRATIVEUNIT": "L478" }, "geometry": { "type": "Polygon", "coordinates": [ [ [ 14.22923036, 37.95541018 ], [ 14.22883683, 37.95435323 ], [ 14.22936659, 37.95427672 ], [ 14.23006771, 37.95470022 ], [ 14.23095611, 37.95426719 ], [ 14.23168636, 37.95415339 ], [ 14.23033421, 37.95519028 ], [ 14.2294037, 37.95591243 ], [ 14.22932963, 37.95582264 ], [ 14.22923036, 37.95541018 ] ] ] } },
{ "type": "Feature", "properties": { "gml_id": "CadastralParcel.IT.AGE.PLA.L478_003000.66", "INSPIREID_LOCALID": "IT.AGE.PLA.L478_003000.66", "INSPIREID_NAMESPACE": "IT.AGE.PLA.", "LABEL": "66", "NATIONALCADASTRALREFERENCE": "L478_003000.66", "ADMINISTRATIVEUNIT": "L478" }, "geometry": { "type": "Polygon", "coordinates": [ [ [ 14.22956375, 37.95611142 ], [ 14.2294037, 37.95591243 ], [ 14.23033421, 37.95519028 ], [ 14.23168636, 37.95415339 ], [ 14.23175852, 37.95448603 ], [ 14.23120371, 37.95684667 ], [ 14.23065472, 37.95681198 ], [ 14.23064935, 37.95677163 ], [ 14.23057603, 37.95671206 ], [ 14.23023867, 37.95641634 ], [ 14.22984938, 37.95624047 ], [ 14.22956375, 37.95611142 ] ] ] } },
{ "type": "Feature", "properties": { "gml_id": "CadastralParcel.IT.AGE.PLA.I028_001800.9", "INSPIREID_LOCALID": "IT.AGE.PLA.I028_001800.9", "INSPIREID_NAMESPACE": "IT.AGE.PLA.", "LABEL": "9", "NATIONALCADASTRALREFERENCE": "I028_001800.9", "ADMINISTRATIVEUNIT": "I028" }, "geometry": { "type": "Polygon", "coordinates": [ [ [ 14.23328329, 37.94777249 ], [ 14.23199367, 37.94801437 ], [ 14.23209769, 37.94877627 ], [ 14.23196382, 37.94879659 ], [ 14.23179952, 37.94850239 ], [ 14.23140152, 37.94785683 ], [ 14.23118742, 37.94750365 ], [ 14.23217386, 37.94702381 ], [ 14.23300346, 37.94662458 ], [ 14.23390127, 37.9466285 ], [ 14.23466373, 37.94664551 ], [ 14.23369097, 37.94743942 ], [ 14.23328329, 37.94777249 ] ] ] } },
{ "type": "Feature", "properties": { "gml_id": "CadastralParcel.IT.AGE.PLA.L478_003000.95", "INSPIREID_LOCALID": "IT.AGE.PLA.L478_003000.95", "INSPIREID_NAMESPACE": "IT.AGE.PLA.", "LABEL": "95", "NATIONALCADASTRALREFERENCE": "L478_003000.95", "ADMINISTRATIVEUNIT": "L478" }, "geometry": { "type": "Polygon", "coordinates": [ [ [ 14.22828607, 37.94964871 ], [ 14.22889124, 37.94935857 ], [ 14.22925763, 37.95081532 ], [ 14.22716474, 37.95114451 ], [ 14.22664694, 37.95042131 ], [ 14.22715322, 37.9499544 ], [ 14.22720433, 37.94988893 ], [ 14.22748774, 37.94998971 ], [ 14.22828607, 37.94964871 ] ] ] } },
{ "type": "Feature", "properties": { "gml_id": "CadastralParcel.IT.AGE.PLA.L478_003000.ACQUA001", "INSPIREID_LOCALID": "IT.AGE.PLA.L478_003000.ACQUA001", "INSPIREID_NAMESPACE": "IT.AGE.PLA.", "LABEL": "ACQUA001", "NATIONALCADASTRALREFERENCE": "L478_003000.ACQUA001", "ADMINISTRATIVEUNIT": "L478" }, "geometry": { "type": "Polygon", "coordinates": [ [ [ 14.24805289, 37.95009664 ], [ 14.24808936, 37.95014145 ], [ 14.24800627, 37.95013376 ], [ 14.24785172, 37.95010913 ], [ 14.24701381, 37.9501195 ], [ 14.24656155, 37.95004856 ], [ 14.24598886, 37.94990946 ], [ 14.24570371, 37.94997959 ], [ 14.24535766, 37.94987389 ], [ 14.24511295, 37.94957073 ], [ 14.24486965, 37.9494395 ], [ 14.24424346, 37.94923609 ], [ 14.24422716, 37.94915047 ], [ 14.24408681, 37.94914175 ], [ 14.24384608, 37.94915266 ], [ 14.24370793, 37.9493138 ], [ 14.24342767, 37.94938664 ], [ 14.24323997, 37.94947215 ], [ 14.24313148, 37.94950837 ], [ 14.24301929, 37.94947342 ], [ 14.24205663, 37.94946555 ], [ 14.24191865, 37.94960882 ], [ 14.24124884, 37.94963126 ], [ 14.24066985, 37.94946242 ], [ 14.2403955, 37.94946421 ], [ 14.23949948, 37.94945951 ], [ 14.23933282, 37.94947635 ], [ 14.23857422, 37.94954719 ], [ 14.23821376, 37.94976951 ], [ 14.23812782, 37.94981005 ], [ 14.23784411, 37.94992861 ], [ 14.23811378, 37.94978237 ], [ 14.23820241, 37.94973845 ], [ 14.23857458, 37.94951115 ], [ 14.23912542, 37.94945119 ], [ 14.23942849, 37.94943534 ], [ 14.23882894, 37.94911178 ], [ 14.23812443, 37.94907196 ], [ 14.2380838, 37.94909347 ], [ 14.23791429, 37.94899787 ], [ 14.23772763, 37.94871249 ], [ 14.23752658, 37.94851349 ], [ 14.23710455, 37.94845032 ], [ 14.23682172, 37.94845939 ], [ 14.23673644, 37.94846342 ], [ 14.23657505, 37.94831215 ], [ 14.2363589, 37.94811867 ], [ 14.23586387, 37.9480197 ], [ 14.23565797, 37.94801377 ], [ 14.23490757, 37.9481589 ], [ 14.23480981, 37.94825281 ], [ 14.23395162, 37.94845889 ], [ 14.23378989, 37.94842205 ], [ 14.2336647, 37.9484437 ], [ 14.23360517, 37.94850757 ], [ 14.23342958, 37.94859993 ], [ 14.23325927, 37.94860342 ], [ 14.23300391, 37.9487405 ], [ 14.23267045, 37.94887437 ], [ 14.23227681, 37.94879448 ], [ 14.23206344, 37.94880574 ], [ 14.23183332, 37.94878021 ], [ 14.23228898, 37.94875122 ], [ 14.23268687, 37.94883879 ], [ 14.2329035, 37.94874581 ], [ 14.23322804, 37.94856202 ], [ 14.23344837, 37.9485492 ], [ 14.23357314, 37.94848963 ], [ 14.2336328, 37.94841522 ], [ 14.233805, 37.94837822 ], [ 14.23395876, 37.94842879 ], [ 14.23477987, 37.948222 ], [ 14.23490673, 37.94812548 ], [ 14.23559537, 37.94798516 ], [ 14.23571911, 37.94797652 ], [ 14.23635229, 37.94807533 ], [ 14.23642541, 37.94810707 ], [ 14.23665811, 37.94833744 ], [ 14.23673419, 37.94839747 ], [ 14.23682897, 37.94841813 ], [ 14.23681577, 37.94843976 ], [ 14.2371161, 37.94843879 ], [ 14.23756702, 37.9484991 ], [ 14.23776214, 37.94870336 ], [ 14.23796306, 37.94898924 ], [ 14.23812634, 37.94903948 ], [ 14.2388332, 37.94909577 ], [ 14.23954831, 37.94941966 ], [ 14.24077342, 37.949438 ], [ 14.24124219, 37.94960158 ], [ 14.24188685, 37.94958302 ], [ 14.2420411, 37.94945008 ], [ 14.24301776, 37.9494455 ], [ 14.24314558, 37.94947102 ], [ 14.24331529, 37.94940097 ], [ 14.24367239, 37.94928743 ], [ 14.24381648, 37.94913575 ], [ 14.24389495, 37.94911324 ], [ 14.24428712, 37.94911435 ], [ 14.24428814, 37.94921022 ], [ 14.24488422, 37.949399 ], [ 14.24514339, 37.94953172 ], [ 14.24537734, 37.94984517 ], [ 14.24570978, 37.94993578 ], [ 14.24599549, 37.94987519 ], [ 14.24703516, 37.95008182 ], [ 14.2478986, 37.95007526 ], [ 14.24805289, 37.95009664 ] ] ] } },
{ "type": "Feature", "properties": { "gml_id": "CadastralParcel.IT.AGE.PLA.I028_000900.STRADA002", "INSPIREID_LOCALID": "IT.AGE.PLA.I028_000900.STRADA002", "INSPIREID_NAMESPACE": "IT.AGE.PLA.", "LABEL": "STRADA002", "NATIONALCADASTRALREFERENCE": "I028_000900.STRADA002", "ADMINISTRATIVEUNIT": "I028" }, "geometry": { "type": "Polygon", "coordinates": [ [ [ 14.21121352, 37.95119119 ], [ 14.21157004, 37.9511213 ], [ 14.21157006, 37.95112129 ], [ 14.21158971, 37.95111744 ], [ 14.21189049, 37.95100227 ], [ 14.21214785, 37.95098507 ], [ 14.21256696, 37.9509625 ], [ 14.21264033, 37.95096835 ], [ 14.21276317, 37.95108157 ], [ 14.21277593, 37.95109113 ], [ 14.21285054, 37.95109042 ], [ 14.21352684, 37.9510796 ], [ 14.21353873, 37.95108127 ], [ 14.2143307, 37.95118572 ], [ 14.21434442, 37.95118452 ], [ 14.2145779, 37.95098134 ], [ 14.21459773, 37.95096408 ], [ 14.21463649, 37.95091165 ], [ 14.21470007, 37.95082441 ], [ 14.21470346, 37.95081973 ], [ 14.21479981, 37.9506867 ], [ 14.21480306, 37.9506921 ], [ 14.21481053, 37.95068438 ], [ 14.21502283, 37.95046246 ], [ 14.21531556, 37.95016497 ], [ 14.21576946, 37.94969033 ], [ 14.2158428, 37.9496179 ], [ 14.21628483, 37.9497101 ], [ 14.21695717, 37.94956687 ], [ 14.21711744, 37.94940806 ], [ 14.2174088, 37.94913383 ], [ 14.21779663, 37.94903093 ], [ 14.21785921, 37.94901339 ], [ 14.21785951, 37.94901331 ], [ 14.21799026, 37.94897666 ], [ 14.21817208, 37.9489257 ], [ 14.2182349, 37.94890281 ], [ 14.21824621, 37.94889662 ], [ 14.21845918, 37.94876361 ], [ 14.21847836, 37.94874354 ], [ 14.21847968, 37.94873627 ], [ 14.21851869, 37.94852113 ], [ 14.21852189, 37.94851715 ], [ 14.21857277, 37.94844846 ], [ 14.21871633, 37.94826426 ], [ 14.21878725, 37.94817117 ], [ 14.2189354, 37.94818108 ], [ 14.21889092, 37.94824395 ], [ 14.21889844, 37.94824431 ], [ 14.21887596, 37.94829149 ], [ 14.2186485, 37.94859337 ], [ 14.21860261, 37.94882915 ], [ 14.21834502, 37.94897395 ], [ 14.21804266, 37.94911797 ], [ 14.21767429, 37.9492047 ], [ 14.2174797, 37.94926016 ], [ 14.21721171, 37.94949979 ], [ 14.21745613, 37.94946262 ], [ 14.21749651, 37.94946525 ], [ 14.21823579, 37.94955368 ], [ 14.21944952, 37.9497111 ], [ 14.22041374, 37.94985498 ], [ 14.22146562, 37.95001393 ], [ 14.22200902, 37.95002929 ], [ 14.22288572, 37.95005617 ], [ 14.22420067, 37.95009057 ], [ 14.22537565, 37.95010822 ], [ 14.22599031, 37.95016331 ], [ 14.226253, 37.95018948 ], [ 14.22650507, 37.95021894 ], [ 14.22652097, 37.95023071 ], [ 14.22660875, 37.95039668 ], [ 14.22618696, 37.95115798 ], [ 14.22619788, 37.95173284 ], [ 14.22632118, 37.95202217 ], [ 14.22651796, 37.95248852 ], [ 14.22668038, 37.95290045 ], [ 14.22691771, 37.95308127 ], [ 14.22740377, 37.95347877 ], [ 14.22762298, 37.95365002 ], [ 14.22787878, 37.95399563 ], [ 14.2280628, 37.95453062 ], [ 14.2281756, 37.95484176 ], [ 14.22822672, 37.95522507 ], [ 14.22829685, 37.95568053 ], [ 14.22833762, 37.95597834 ], [ 14.22842651, 37.95640188 ], [ 14.22858747, 37.95692388 ], [ 14.22859704, 37.95702956 ], [ 14.22852851, 37.95776241 ], [ 14.22853465, 37.95794971 ], [ 14.2286048, 37.95854189 ], [ 14.22830425, 37.95875892 ], [ 14.22837919, 37.95817998 ], [ 14.22839633, 37.95793264 ], [ 14.22842486, 37.95755534 ], [ 14.22847681, 37.95694646 ], [ 14.22839514, 37.95672492 ], [ 14.22828374, 37.95619644 ], [ 14.22819654, 37.95577392 ], [ 14.22811536, 37.95521476 ], [ 14.22804535, 37.95480619 ], [ 14.22784755, 37.95422374 ], [ 14.22778862, 37.95406096 ], [ 14.22755619, 37.95372912 ], [ 14.22725868, 37.95348229 ], [ 14.22666228, 37.95299555 ], [ 14.22658006, 37.95293012 ], [ 14.22638352, 37.95244571 ], [ 14.22610196, 37.95177822 ], [ 14.22608718, 37.95113149 ], [ 14.22611089, 37.9510383 ], [ 14.2262087, 37.9507165 ], [ 14.22631577, 37.95031565 ], [ 14.22617821, 37.95029005 ], [ 14.22539181, 37.95020496 ], [ 14.22521648, 37.95019574 ], [ 14.22385279, 37.95016684 ], [ 14.22268079, 37.95013874 ], [ 14.22168976, 37.95012328 ], [ 14.22144724, 37.95010545 ], [ 14.22053792, 37.94996143 ], [ 14.21940435, 37.94979831 ], [ 14.21842922, 37.94966648 ], [ 14.21747984, 37.94954694 ], [ 14.21677561, 37.94969778 ], [ 14.21633048, 37.94979999 ], [ 14.21586147, 37.94971333 ], [ 14.2156112, 37.94997821 ], [ 14.21559656, 37.95001073 ], [ 14.21551995, 37.95008497 ], [ 14.21507084, 37.95055073 ], [ 14.21491503, 37.95071011 ], [ 14.2148603, 37.95077754 ], [ 14.21476945, 37.95091092 ], [ 14.21470673, 37.95100031 ], [ 14.21443484, 37.95124252 ], [ 14.21441432, 37.9512701 ], [ 14.21439774, 37.95127833 ], [ 14.21436326, 37.95127702 ], [ 14.21384938, 37.95121204 ], [ 14.2135403, 37.95118103 ], [ 14.21348641, 37.95117606 ], [ 14.21290268, 37.95119019 ], [ 14.21272065, 37.95120727 ], [ 14.21269862, 37.95120315 ], [ 14.21259441, 37.95104099 ], [ 14.21231638, 37.95104848 ], [ 14.21191649, 37.95109343 ], [ 14.21161453, 37.95120958 ], [ 14.21131611, 37.95125729 ], [ 14.21088569, 37.95133729 ], [ 14.21042676, 37.95136231 ], [ 14.20994197, 37.95144211 ], [ 14.20962702, 37.95150031 ], [ 14.20920857, 37.95152437 ], [ 14.2089921, 37.95154778 ], [ 14.20876299, 37.95157237 ], [ 14.20848529, 37.95168582 ], [ 14.20825844, 37.95180203 ], [ 14.20772207, 37.95215977 ], [ 14.2060602, 37.95179392 ], [ 14.20533211, 37.95187572 ], [ 14.20499004, 37.95192678 ], [ 14.20442203, 37.95201377 ], [ 14.20374387, 37.9521732 ], [ 14.20289056, 37.95232336 ], [ 14.20281948, 37.95235726 ], [ 14.20244756, 37.95260753 ], [ 14.20206118, 37.95295271 ], [ 14.20187222, 37.95313885 ], [ 14.20133245, 37.95367481 ], [ 14.20115007, 37.9537866 ], [ 14.20076276, 37.9540042 ], [ 14.20043209, 37.95419149 ], [ 14.20028296, 37.95435133 ], [ 14.20027199, 37.95438511 ], [ 14.20000612, 37.95470947 ], [ 14.19977624, 37.95481305 ], [ 14.19975653, 37.95484427 ], [ 14.19967762, 37.95478357 ], [ 14.19971913, 37.95473884 ], [ 14.19989526, 37.95467541 ], [ 14.20011061, 37.9544533 ], [ 14.20035311, 37.95410953 ], [ 14.20067041, 37.95388554 ], [ 14.20128126, 37.95361063 ], [ 14.20159823, 37.95322229 ], [ 14.20224569, 37.95263822 ], [ 14.20282534, 37.95224366 ], [ 14.20285719, 37.95223888 ], [ 14.20309291, 37.95220352 ], [ 14.20351742, 37.95213259 ], [ 14.20425588, 37.95195829 ], [ 14.2050701, 37.95182077 ], [ 14.20510836, 37.95181475 ], [ 14.20570705, 37.95173323 ], [ 14.20604922, 37.95170777 ], [ 14.20609195, 37.95171514 ], [ 14.20677777, 37.9518546 ], [ 14.20729764, 37.95196031 ], [ 14.20744207, 37.95198968 ], [ 14.20771802, 37.95204579 ], [ 14.2083186, 37.95165611 ], [ 14.20869366, 37.95150636 ], [ 14.20913906, 37.9513304 ], [ 14.20939082, 37.95122451 ], [ 14.20958514, 37.95114643 ], [ 14.2096354, 37.95118737 ], [ 14.20930887, 37.95140682 ], [ 14.2092886, 37.95142504 ], [ 14.20959886, 37.95139498 ], [ 14.21018371, 37.95129438 ], [ 14.21088782, 37.95125504 ], [ 14.21121352, 37.95119119 ] ] ] } },
{ "type": "Feature", "properties": { "gml_id": "CadastralParcel.IT.AGE.PLA.L478_003000.ACQUA003", "INSPIREID_LOCALID": "IT.AGE.PLA.L478_003000.ACQUA003", "INSPIREID_NAMESPACE": "IT.AGE.PLA.", "LABEL": "ACQUA003", "NATIONALCADASTRALREFERENCE": "L478_003000.ACQUA003", "ADMINISTRATIVEUNIT": "L478" }, "geometry": { "type": "Polygon", "coordinates": [ [ [ 14.24805289, 37.95009664 ], [ 14.24808936, 37.95014145 ], [ 14.24800627, 37.95013376 ], [ 14.24785172, 37.95010913 ], [ 14.24701381, 37.9501195 ], [ 14.24656155, 37.95004856 ], [ 14.24598886, 37.94990946 ], [ 14.24570371, 37.94997959 ], [ 14.24535766, 37.94987389 ], [ 14.24511295, 37.94957073 ], [ 14.24486965, 37.9494395 ], [ 14.24424346, 37.94923609 ], [ 14.24422716, 37.94915047 ], [ 14.24408681, 37.94914175 ], [ 14.24384608, 37.94915266 ], [ 14.24370793, 37.9493138 ], [ 14.24342767, 37.94938664 ], [ 14.24323997, 37.94947215 ], [ 14.24313148, 37.94950837 ], [ 14.24301929, 37.94947342 ], [ 14.24205663, 37.94946555 ], [ 14.24191865, 37.94960882 ], [ 14.24124884, 37.94963126 ], [ 14.24066985, 37.94946242 ], [ 14.2403955, 37.94946421 ], [ 14.23949948, 37.94945951 ], [ 14.23933282, 37.94947635 ], [ 14.23857422, 37.94954719 ], [ 14.23821376, 37.94976951 ], [ 14.23812782, 37.94981005 ], [ 14.23784411, 37.94992861 ], [ 14.23811378, 37.94978237 ], [ 14.23820241, 37.94973845 ], [ 14.23857458, 37.94951115 ], [ 14.23912542, 37.94945119 ], [ 14.23942849, 37.94943534 ], [ 14.23882894, 37.94911178 ], [ 14.23812443, 37.94907196 ], [ 14.2380838, 37.94909347 ], [ 14.23791429, 37.94899787 ], [ 14.23772763, 37.94871249 ], [ 14.23752658, 37.94851349 ], [ 14.23710455, 37.94845032 ], [ 14.23682172, 37.94845939 ], [ 14.23673644, 37.94846342 ], [ 14.23657505, 37.94831215 ], [ 14.2363589, 37.94811867 ], [ 14.23586387, 37.9480197 ], [ 14.23565797, 37.94801377 ], [ 14.23490757, 37.9481589 ], [ 14.23480981, 37.94825281 ], [ 14.23395162, 37.94845889 ], [ 14.23378989, 37.94842205 ], [ 14.2336647, 37.9484437 ], [ 14.23360517, 37.94850757 ], [ 14.23342958, 37.94859993 ], [ 14.23325927, 37.94860342 ], [ 14.23300391, 37.9487405 ], [ 14.23267045, 37.94887437 ], [ 14.23227681, 37.94879448 ], [ 14.23206344, 37.94880574 ], [ 14.23183332, 37.94878021 ], [ 14.23228898, 37.94875122 ], [ 14.23268687, 37.94883879 ], [ 14.2329035, 37.94874581 ], [ 14.23322804, 37.94856202 ], [ 14.23344837, 37.9485492 ], [ 14.23357314, 37.94848963 ], [ 14.2336328, 37.94841522 ], [ 14.233805, 37.94837822 ], [ 14.23395876, 37.94842879 ], [ 14.23477987, 37.948222 ], [ 14.23490673, 37.94812548 ], [ 14.23559537, 37.94798516 ], [ 14.23571911, 37.94797652 ], [ 14.23635229, 37.94807533 ], [ 14.23642541, 37.94810707 ], [ 14.23665811, 37.94833744 ], [ 14.23673419, 37.94839747 ], [ 14.23682897, 37.94841813 ], [ 14.23681577, 37.94843976 ], [ 14.2371161, 37.94843879 ], [ 14.23756702, 37.9484991 ], [ 14.23776214, 37.94870336 ], [ 14.23796306, 37.94898924 ], [ 14.23812634, 37.94903948 ], [ 14.2388332, 37.94909577 ], [ 14.23954831, 37.94941966 ], [ 14.24077342, 37.949438 ], [ 14.24124219, 37.94960158 ], [ 14.24188685, 37.94958302 ], [ 14.2420411, 37.94945008 ], [ 14.24301776, 37.9494455 ], [ 14.24314558, 37.94947102 ], [ 14.24331529, 37.94940097 ], [ 14.24367239, 37.94928743 ], [ 14.24381648, 37.94913575 ], [ 14.24389495, 37.94911324 ], [ 14.24428712, 37.94911435 ], [ 14.24428814, 37.94921022 ], [ 14.24488422, 37.949399 ], [ 14.24514339, 37.94953172 ], [ 14.24537734, 37.94984517 ], [ 14.24570978, 37.94993578 ], [ 14.24599549, 37.94987519 ], [ 14.24703516, 37.95008182 ], [ 14.2478986, 37.95007526 ], [ 14.24805289, 37.95009664 ] ] ] } },
{ "type": "Feature", "properties": { "gml_id": "CadastralParcel.IT.AGE.PLA.L478_003000.ACQUA004", "INSPIREID_LOCALID": "IT.AGE.PLA.L478_003000.ACQUA004", "INSPIREID_NAMESPACE": "IT.AGE.PLA.", "LABEL": "ACQUA004", "NATIONALCADASTRALREFERENCE": "L478_003000.ACQUA004", "ADMINISTRATIVEUNIT": "L478" }, "geometry": { "type": "Polygon", "coordinates": [ [ [ 14.24805289, 37.95009664 ], [ 14.24808936, 37.95014145 ], [ 14.24800627, 37.95013376 ], [ 14.24785172, 37.95010913 ], [ 14.24701381, 37.9501195 ], [ 14.24656155, 37.95004856 ], [ 14.24598886, 37.94990946 ], [ 14.24570371, 37.94997959 ], [ 14.24535766, 37.94987389 ], [ 14.24511295, 37.94957073 ], [ 14.24486965, 37.9494395 ], [ 14.24424346, 37.94923609 ], [ 14.24422716, 37.94915047 ], [ 14.24408681, 37.94914175 ], [ 14.24384608, 37.94915266 ], [ 14.24370793, 37.9493138 ], [ 14.24342767, 37.94938664 ], [ 14.24323997, 37.94947215 ], [ 14.24313148, 37.94950837 ], [ 14.24301929, 37.94947342 ], [ 14.24205663, 37.94946555 ], [ 14.24191865, 37.94960882 ], [ 14.24124884, 37.94963126 ], [ 14.24066985, 37.94946242 ], [ 14.2403955, 37.94946421 ], [ 14.23949948, 37.94945951 ], [ 14.23933282, 37.94947635 ], [ 14.23857422, 37.94954719 ], [ 14.23821376, 37.94976951 ], [ 14.23812782, 37.94981005 ], [ 14.23784411, 37.94992861 ], [ 14.23811378, 37.94978237 ], [ 14.23820241, 37.94973845 ], [ 14.23857458, 37.94951115 ], [ 14.23912542, 37.94945119 ], [ 14.23942849, 37.94943534 ], [ 14.23882894, 37.94911178 ], [ 14.23812443, 37.94907196 ], [ 14.2380838, 37.94909347 ], [ 14.23791429, 37.94899787 ], [ 14.23772763, 37.94871249 ], [ 14.23752658, 37.94851349 ], [ 14.23710455, 37.94845032 ], [ 14.23682172, 37.94845939 ], [ 14.23673644, 37.94846342 ], [ 14.23657505, 37.94831215 ], [ 14.2363589, 37.94811867 ], [ 14.23586387, 37.9480197 ], [ 14.23565797, 37.94801377 ], [ 14.23490757, 37.9481589 ], [ 14.23480981, 37.94825281 ], [ 14.23395162, 37.94845889 ], [ 14.23378989, 37.94842205 ], [ 14.2336647, 37.9484437 ], [ 14.23360517, 37.94850757 ], [ 14.23342958, 37.94859993 ], [ 14.23325927, 37.94860342 ], [ 14.23300391, 37.9487405 ], [ 14.23267045, 37.94887437 ], [ 14.23227681, 37.94879448 ], [ 14.23206344, 37.94880574 ], [ 14.23183332, 37.94878021 ], [ 14.23228898, 37.94875122 ], [ 14.23268687, 37.94883879 ], [ 14.2329035, 37.94874581 ], [ 14.23322804, 37.94856202 ], [ 14.23344837, 37.9485492 ], [ 14.23357314, 37.94848963 ], [ 14.2336328, 37.94841522 ], [ 14.233805, 37.94837822 ], [ 14.23395876, 37.94842879 ], [ 14.23477987, 37.948222 ], [ 14.23490673, 37.94812548 ], [ 14.23559537, 37.94798516 ], [ 14.23571911, 37.94797652 ], [ 14.23635229, 37.94807533 ], [ 14.23642541, 37.94810707 ], [ 14.23665811, 37.94833744 ], [ 14.23673419, 37.94839747 ], [ 14.23682897, 37.94841813 ], [ 14.23681577, 37.94843976 ], [ 14.2371161, 37.94843879 ], [ 14.23756702, 37.9484991 ], [ 14.23776214, 37.94870336 ], [ 14.23796306, 37.94898924 ], [ 14.23812634, 37.94903948 ], [ 14.2388332, 37.94909577 ], [ 14.23954831, 37.94941966 ], [ 14.24077342, 37.949438 ], [ 14.24124219, 37.94960158 ], [ 14.24188685, 37.94958302 ], [ 14.2420411, 37.94945008 ], [ 14.24301776, 37.9494455 ], [ 14.24314558, 37.94947102 ], [ 14.24331529, 37.94940097 ], [ 14.24367239, 37.94928743 ], [ 14.24381648, 37.94913575 ], [ 14.24389495, 37.94911324 ], [ 14.24428712, 37.94911435 ], [ 14.24428814, 37.94921022 ], [ 14.24488422, 37.949399 ], [ 14.24514339, 37.94953172 ], [ 14.24537734, 37.94984517 ], [ 14.24570978, 37.94993578 ], [ 14.24599549, 37.94987519 ], [ 14.24703516, 37.95008182 ], [ 14.2478986, 37.95007526 ], [ 14.24805289, 37.95009664 ] ] ] } },
{ "type": "Feature", "properties": { "gml_id": "CadastralParcel.IT.AGE.PLA.G522_001500.ACQUA005", "INSPIREID_LOCALID": "IT.AGE.PLA.G522_001500.ACQUA005", "INSPIREID_NAMESPACE": "IT.AGE.PLA.", "LABEL": "ACQUA005", "NATIONALCADASTRALREFERENCE": "G522_001500.ACQUA005", "ADMINISTRATIVEUNIT": "G522" }, "geometry": { "type": "Polygon", "coordinates": [ [ [ 14.24453899, 37.93894774 ], [ 14.2444975, 37.93873717 ], [ 14.24459993, 37.93867955 ], [ 14.24458616, 37.93891828 ], [ 14.24533683, 37.93949074 ], [ 14.24605359, 37.94002235 ], [ 14.24606293, 37.94010482 ], [ 14.24616741, 37.94023138 ], [ 14.24621691, 37.94033818 ], [ 14.2463881, 37.94073588 ], [ 14.24692708, 37.9411593 ], [ 14.24732036, 37.9414691 ], [ 14.24746159, 37.94168921 ], [ 14.24758245, 37.94186952 ], [ 14.24754349, 37.94235134 ], [ 14.24786538, 37.94261448 ], [ 14.2483033, 37.94264525 ], [ 14.24846957, 37.94295025 ], [ 14.24864974, 37.94323659 ], [ 14.24956181, 37.94340784 ], [ 14.24966623, 37.94341886 ], [ 14.25005168, 37.94362749 ], [ 14.25080615, 37.94391066 ], [ 14.25159296, 37.94419654 ], [ 14.25186691, 37.94462608 ], [ 14.25162429, 37.9450164 ], [ 14.25251471, 37.94496535 ], [ 14.25275244, 37.94485739 ], [ 14.25301382, 37.94480205 ], [ 14.25332612, 37.94490987 ], [ 14.25356542, 37.94487104 ], [ 14.25392826, 37.94497969 ], [ 14.25437637, 37.94509854 ], [ 14.25454585, 37.94523277 ], [ 14.25467668, 37.94522457 ], [ 14.25448825, 37.94499279 ], [ 14.25404469, 37.94474087 ], [ 14.25345647, 37.94439629 ], [ 14.25269676, 37.94395296 ], [ 14.25199381, 37.94336538 ], [ 14.25132449, 37.94279875 ], [ 14.25060744, 37.94218863 ], [ 14.2502493, 37.94188859 ], [ 14.24983378, 37.94154807 ], [ 14.24958436, 37.94134607 ], [ 14.24884124, 37.94113361 ], [ 14.24935763, 37.94125487 ], [ 14.24962471, 37.94130636 ], [ 14.25040304, 37.94196825 ], [ 14.25112102, 37.94257305 ], [ 14.25194286, 37.94325823 ], [ 14.2525568, 37.9437752 ], [ 14.25271089, 37.94390203 ], [ 14.25290833, 37.94401874 ], [ 14.25359751, 37.94442665 ], [ 14.25398066, 37.9446545 ], [ 14.25450478, 37.94495443 ], [ 14.25472857, 37.94521851 ], [ 14.25475174, 37.94522472 ], [ 14.2548601, 37.9452212 ], [ 14.25509333, 37.94522122 ], [ 14.25536551, 37.94536084 ], [ 14.25552179, 37.9454642 ], [ 14.25553762, 37.94561745 ], [ 14.2557908, 37.94585326 ], [ 14.25585724, 37.94605631 ], [ 14.25614006, 37.94623825 ], [ 14.25645814, 37.94626053 ], [ 14.2567818, 37.94643059 ], [ 14.25746153, 37.94683139 ], [ 14.25770901, 37.94704125 ], [ 14.25784795, 37.94723023 ], [ 14.25801037, 37.94750667 ], [ 14.25817781, 37.94792958 ], [ 14.2583773, 37.9484223 ], [ 14.25854584, 37.94861492 ], [ 14.25863611, 37.9487584 ], [ 14.25873628, 37.94884512 ], [ 14.25941307, 37.94907449 ], [ 14.25970637, 37.94917025 ], [ 14.25980637, 37.94941412 ], [ 14.25985407, 37.94954489 ], [ 14.25982813, 37.94990619 ], [ 14.26007445, 37.95003068 ], [ 14.26071682, 37.95031893 ], [ 14.26099192, 37.95034036 ], [ 14.26110013, 37.95031843 ], [ 14.2612499, 37.95020323 ], [ 14.26137562, 37.95005604 ], [ 14.2615293, 37.95002558 ], [ 14.26164214, 37.9500428 ], [ 14.26201574, 37.95031612 ], [ 14.26227782, 37.95042692 ], [ 14.26247529, 37.95051879 ], [ 14.26259845, 37.95057607 ], [ 14.2629536, 37.95070979 ], [ 14.26315994, 37.95082673 ], [ 14.263185, 37.95084091 ], [ 14.2632304, 37.95086659 ], [ 14.26349482, 37.95101901 ], [ 14.26370088, 37.95115768 ], [ 14.26382077, 37.95123624 ], [ 14.26392402, 37.95123699 ], [ 14.26407526, 37.95117022 ], [ 14.26413552, 37.95114361 ], [ 14.26438954, 37.95078465 ], [ 14.26458639, 37.95100665 ], [ 14.26534434, 37.95088074 ], [ 14.26571988, 37.95087387 ], [ 14.26597208, 37.95104429 ], [ 14.26614883, 37.95122342 ], [ 14.26634651, 37.95128046 ], [ 14.2665831, 37.95131612 ], [ 14.26695138, 37.95148655 ], [ 14.26707659, 37.95153017 ], [ 14.26750077, 37.95153887 ], [ 14.26769863, 37.9515708 ], [ 14.26777731, 37.95164027 ], [ 14.26795109, 37.95190826 ], [ 14.26805596, 37.95200189 ], [ 14.26821195, 37.9520759 ], [ 14.26843977, 37.95212536 ], [ 14.2686069, 37.95215943 ], [ 14.26880137, 37.95215161 ], [ 14.26880225, 37.95187732 ], [ 14.26882911, 37.95097623 ], [ 14.26851803, 37.95046046 ], [ 14.26846783, 37.95040631 ], [ 14.26839608, 37.9503521 ], [ 14.26830283, 37.95026372 ], [ 14.26816178, 37.95001011 ], [ 14.26808108, 37.94991395 ], [ 14.26790639, 37.94981457 ], [ 14.26775184, 37.94969939 ], [ 14.26757686, 37.94952496 ], [ 14.26743534, 37.94936194 ], [ 14.26736231, 37.94927583 ], [ 14.26728009, 37.94921043 ], [ 14.26716649, 37.94915948 ], [ 14.26704111, 37.94908805 ], [ 14.26701911, 37.94887774 ], [ 14.26693551, 37.94855165 ], [ 14.26684929, 37.94838627 ], [ 14.26655147, 37.94791346 ], [ 14.2663821, 37.94764934 ], [ 14.26638935, 37.94736882 ], [ 14.26645698, 37.94718353 ], [ 14.2664341, 37.94703321 ], [ 14.26638016, 37.94672924 ], [ 14.26630212, 37.94667675 ], [ 14.26618228, 37.94660014 ], [ 14.26613858, 37.9465218 ], [ 14.26610228, 37.94642607 ], [ 14.26610054, 37.94629662 ], [ 14.26614793, 37.9461678 ], [ 14.26610737, 37.94612854 ], [ 14.26585475, 37.94590741 ], [ 14.26563864, 37.94575366 ], [ 14.26511986, 37.94544406 ], [ 14.26448871, 37.9450843 ], [ 14.26421627, 37.94457567 ], [ 14.2642005, 37.94454625 ], [ 14.26411225, 37.94439464 ], [ 14.26362683, 37.94375191 ], [ 14.26338632, 37.94344959 ], [ 14.26337695, 37.94320614 ], [ 14.26316829, 37.943015 ], [ 14.26295313, 37.94254164 ], [ 14.26294304, 37.94251489 ], [ 14.26292922, 37.94247822 ], [ 14.26306266, 37.94193784 ], [ 14.26322478, 37.94134059 ], [ 14.26343575, 37.94068879 ], [ 14.26320982, 37.94019797 ], [ 14.26318528, 37.9401374 ], [ 14.263332, 37.93976036 ], [ 14.2633351, 37.93953297 ], [ 14.2632975, 37.93913378 ], [ 14.26311933, 37.93904627 ], [ 14.26275407, 37.93883675 ], [ 14.26260216, 37.93874351 ], [ 14.26240865, 37.93848757 ], [ 14.26222229, 37.93823334 ], [ 14.26206297, 37.93800891 ], [ 14.26199252, 37.93787705 ], [ 14.26196704, 37.93779586 ], [ 14.26197594, 37.93772612 ], [ 14.2620692, 37.93737373 ], [ 14.26138178, 37.93691692 ], [ 14.26088185, 37.93668066 ], [ 14.26073702, 37.93660716 ], [ 14.26040605, 37.93644913 ], [ 14.26025475, 37.9362274 ], [ 14.26058296, 37.93604255 ], [ 14.26100556, 37.93579028 ], [ 14.2610379, 37.9357372 ], [ 14.2610563, 37.93567377 ], [ 14.26085344, 37.93554329 ], [ 14.26048153, 37.9353049 ], [ 14.25987619, 37.93499204 ], [ 14.25903709, 37.93455304 ], [ 14.25914698, 37.93428393 ], [ 14.25917968, 37.9342074 ], [ 14.25913975, 37.9339186 ], [ 14.25836679, 37.93310336 ], [ 14.25792987, 37.9326418 ], [ 14.25687221, 37.93202625 ], [ 14.25661427, 37.93181629 ], [ 14.25630983, 37.9318208 ], [ 14.25576297, 37.93184088 ], [ 14.25541339, 37.93176495 ], [ 14.25529754, 37.93195786 ], [ 14.25465104, 37.93190142 ], [ 14.25423751, 37.93177616 ], [ 14.25407065, 37.93171044 ], [ 14.25364682, 37.93151074 ], [ 14.25368427, 37.93148395 ], [ 14.25416241, 37.93169203 ], [ 14.25465884, 37.93184145 ], [ 14.25524621, 37.93189487 ], [ 14.25538386, 37.93170805 ], [ 14.2557838, 37.93176534 ], [ 14.25593912, 37.9317679 ], [ 14.25651755, 37.93173952 ], [ 14.256651, 37.93171711 ], [ 14.25687162, 37.93185204 ], [ 14.25740027, 37.93215549 ], [ 14.25803774, 37.93253612 ], [ 14.25851542, 37.93308376 ], [ 14.25902992, 37.93366719 ], [ 14.2592304, 37.93389394 ], [ 14.25926584, 37.93420187 ], [ 14.25912812, 37.9345228 ], [ 14.25944115, 37.93468589 ], [ 14.26050022, 37.93522575 ], [ 14.26060669, 37.93528488 ], [ 14.26095854, 37.93550704 ], [ 14.26115085, 37.9356343 ], [ 14.26119246, 37.93572866 ], [ 14.2609994, 37.93590685 ], [ 14.26083632, 37.93598304 ], [ 14.26063265, 37.93608401 ], [ 14.26035713, 37.93622803 ], [ 14.26045222, 37.93638178 ], [ 14.26096426, 37.93664122 ], [ 14.26146707, 37.93688059 ], [ 14.26207549, 37.93730184 ], [ 14.26215459, 37.93735623 ], [ 14.26209542, 37.93754693 ], [ 14.26203736, 37.93777365 ], [ 14.26205066, 37.93783286 ], [ 14.26219453, 37.93806129 ], [ 14.26264848, 37.93869693 ], [ 14.26302198, 37.93892004 ], [ 14.26336033, 37.93909813 ], [ 14.26339612, 37.93942254 ], [ 14.26387086, 37.93907879 ], [ 14.26405109, 37.93872765 ], [ 14.26420382, 37.93839292 ], [ 14.26422135, 37.93831321 ], [ 14.26410173, 37.93796164 ], [ 14.26408101, 37.93784609 ], [ 14.2641289, 37.93792985 ], [ 14.26425519, 37.93831065 ], [ 14.26417129, 37.93855963 ], [ 14.26391452, 37.93909753 ], [ 14.26344145, 37.93947685 ], [ 14.2634128, 37.93971638 ], [ 14.26325382, 37.94012881 ], [ 14.26349795, 37.94069691 ], [ 14.26336271, 37.94130671 ], [ 14.26313149, 37.94196153 ], [ 14.26298012, 37.94247853 ], [ 14.26300257, 37.94252829 ], [ 14.2631781, 37.94287584 ], [ 14.26325188, 37.9430354 ], [ 14.26343379, 37.94321121 ], [ 14.26349942, 37.94343606 ], [ 14.26368149, 37.94365833 ], [ 14.26423841, 37.94431129 ], [ 14.26454234, 37.94502427 ], [ 14.26493999, 37.94525241 ], [ 14.26576436, 37.94573004 ], [ 14.26600281, 37.9458741 ], [ 14.2662382, 37.94612033 ], [ 14.26619185, 37.94620585 ], [ 14.26617858, 37.94639047 ], [ 14.26618923, 37.94647844 ], [ 14.26622835, 37.94657531 ], [ 14.26642045, 37.94667115 ], [ 14.26650723, 37.94708486 ], [ 14.26651392, 37.94720315 ], [ 14.26644386, 37.9473686 ], [ 14.26644235, 37.94750279 ], [ 14.26656442, 37.94772942 ], [ 14.26668243, 37.94793829 ], [ 14.26683202, 37.94819222 ], [ 14.26704614, 37.94841803 ], [ 14.26709685, 37.94876684 ], [ 14.26717711, 37.94902703 ], [ 14.26725561, 37.94910342 ], [ 14.26734636, 37.94917221 ], [ 14.26740552, 37.94923102 ], [ 14.26744614, 37.94927419 ], [ 14.2674924, 37.94932335 ], [ 14.2677344, 37.94959836 ], [ 14.26788933, 37.94973879 ], [ 14.26809577, 37.94982852 ], [ 14.26820765, 37.94991765 ], [ 14.26832314, 37.95017152 ], [ 14.26839054, 37.9502732 ], [ 14.26855873, 37.95038561 ], [ 14.26859641, 37.95043752 ], [ 14.26865934, 37.95052448 ], [ 14.26890664, 37.95095233 ], [ 14.26890659, 37.95155089 ], [ 14.2688851, 37.95202371 ], [ 14.26889625, 37.95216105 ], [ 14.26880467, 37.95220014 ], [ 14.26857402, 37.95218728 ], [ 14.26838747, 37.95213502 ], [ 14.26812878, 37.95208228 ], [ 14.26797144, 37.95201319 ], [ 14.26788903, 37.95196905 ], [ 14.26765279, 37.95163073 ], [ 14.26756663, 37.95159831 ], [ 14.26736764, 37.95156945 ], [ 14.26707515, 37.95156388 ], [ 14.26663066, 37.95139254 ], [ 14.26647804, 37.95133095 ], [ 14.26620876, 37.95127063 ], [ 14.26611711, 37.9512325 ], [ 14.26596468, 37.95108461 ], [ 14.26571137, 37.95090605 ], [ 14.26533108, 37.95099687 ], [ 14.26473067, 37.9511256 ], [ 14.26443159, 37.95098956 ], [ 14.26429682, 37.95110877 ], [ 14.26396211, 37.95130921 ], [ 14.26386464, 37.95133217 ], [ 14.26374889, 37.95128991 ], [ 14.2635423, 37.95113813 ], [ 14.26328752, 37.95097153 ], [ 14.26295391, 37.95076118 ], [ 14.26269777, 37.95065286 ], [ 14.26238074, 37.95054785 ], [ 14.2621313, 37.95041084 ], [ 14.2619324, 37.95029921 ], [ 14.26174492, 37.95017708 ], [ 14.26156576, 37.95007536 ], [ 14.26148065, 37.95011663 ], [ 14.26128986, 37.95024478 ], [ 14.26113267, 37.95034496 ], [ 14.26102564, 37.95036262 ], [ 14.26077137, 37.95035543 ], [ 14.26046213, 37.95027003 ], [ 14.26029878, 37.9502457 ], [ 14.26006899, 37.95019146 ], [ 14.2599776, 37.95018527 ], [ 14.25966423, 37.95035385 ], [ 14.25960463, 37.95069905 ], [ 14.25946387, 37.95079228 ], [ 14.25930501, 37.95086136 ], [ 14.25906481, 37.95085561 ], [ 14.25889486, 37.95077223 ], [ 14.2585754, 37.9506006 ], [ 14.25829695, 37.9505113 ], [ 14.25818019, 37.95050166 ], [ 14.25782571, 37.95053434 ], [ 14.25768426, 37.95057891 ], [ 14.25741758, 37.95056789 ], [ 14.25715786, 37.95054519 ], [ 14.25690837, 37.9505652 ], [ 14.25669346, 37.9506508 ], [ 14.25666563, 37.95065281 ], [ 14.25670579, 37.95061749 ], [ 14.25673907, 37.95058824 ], [ 14.25674295, 37.95058718 ], [ 14.25684919, 37.95049926 ], [ 14.2570149, 37.95048017 ], [ 14.25704572, 37.95048184 ], [ 14.25746197, 37.95050422 ], [ 14.25747123, 37.95050472 ], [ 14.257489, 37.95050241 ], [ 14.25769926, 37.95048831 ], [ 14.25813715, 37.95045101 ], [ 14.25837665, 37.9504632 ], [ 14.2586195, 37.95054186 ], [ 14.25864422, 37.95055058 ], [ 14.25886587, 37.95069277 ], [ 14.25887856, 37.95069928 ], [ 14.25901354, 37.95078764 ], [ 14.25906105, 37.95079257 ], [ 14.25929191, 37.95081656 ], [ 14.25933573, 37.95082111 ], [ 14.25933729, 37.95081022 ], [ 14.25954208, 37.9506757 ], [ 14.25957901, 37.95066847 ], [ 14.2595481, 37.95059044 ], [ 14.25955568, 37.95050251 ], [ 14.25960499, 37.95031418 ], [ 14.25983829, 37.95017347 ], [ 14.25984452, 37.95012719 ], [ 14.25983418, 37.95008615 ], [ 14.25972176, 37.95002931 ], [ 14.25971113, 37.95002352 ], [ 14.25958809, 37.94995641 ], [ 14.25959657, 37.94985074 ], [ 14.25964421, 37.94974521 ], [ 14.25961453, 37.94947395 ], [ 14.25960788, 37.94932265 ], [ 14.25939078, 37.94919237 ], [ 14.25898075, 37.949011 ], [ 14.25866095, 37.94887712 ], [ 14.25865694, 37.94887533 ], [ 14.25844303, 37.94861697 ], [ 14.25829395, 37.94842116 ], [ 14.25820872, 37.94821409 ], [ 14.25811403, 37.94794419 ], [ 14.25801223, 37.9476902 ], [ 14.25784477, 37.94734857 ], [ 14.2576501, 37.94710791 ], [ 14.25741165, 37.9468614 ], [ 14.25682125, 37.94653343 ], [ 14.25648171, 37.94633354 ], [ 14.25610245, 37.94629657 ], [ 14.25578891, 37.94608291 ], [ 14.2557003, 37.94583912 ], [ 14.25549713, 37.94567569 ], [ 14.25545895, 37.94548183 ], [ 14.25522281, 37.94535186 ], [ 14.25507627, 37.94531559 ], [ 14.25496632, 37.94527703 ], [ 14.2545332, 37.94526734 ], [ 14.25433055, 37.94514592 ], [ 14.25384045, 37.94507416 ], [ 14.25355276, 37.94496306 ], [ 14.25348912, 37.94494217 ], [ 14.25340219, 37.9449839 ], [ 14.25333302, 37.94499092 ], [ 14.25295616, 37.94492116 ], [ 14.25270026, 37.94501122 ], [ 14.25248772, 37.94506848 ], [ 14.25156605, 37.94513345 ], [ 14.25149278, 37.9451203 ], [ 14.25030764, 37.94468843 ], [ 14.24965359, 37.94445621 ], [ 14.24900947, 37.94422986 ], [ 14.2489875, 37.94422225 ], [ 14.24892482, 37.9441938 ], [ 14.24877232, 37.94405277 ], [ 14.24898161, 37.94418006 ], [ 14.25008377, 37.94457301 ], [ 14.25084123, 37.94483191 ], [ 14.25149901, 37.94501103 ], [ 14.2518092, 37.94460925 ], [ 14.25155054, 37.94423382 ], [ 14.25088828, 37.94398472 ], [ 14.25015835, 37.94371027 ], [ 14.24991246, 37.94360559 ], [ 14.24967657, 37.94348094 ], [ 14.2486045, 37.94327018 ], [ 14.24834425, 37.94288013 ], [ 14.24826272, 37.94268018 ], [ 14.24784786, 37.94265041 ], [ 14.2474809, 37.9423749 ], [ 14.24753122, 37.94188279 ], [ 14.24729803, 37.94150435 ], [ 14.24679592, 37.94111108 ], [ 14.24639206, 37.94079021 ], [ 14.24634761, 37.94074278 ], [ 14.24622579, 37.94043707 ], [ 14.24614902, 37.94026464 ], [ 14.24602463, 37.94010295 ], [ 14.24601814, 37.94006071 ], [ 14.24601508, 37.94004084 ], [ 14.24533067, 37.93955074 ], [ 14.2448283, 37.93917303 ], [ 14.24453899, 37.93894774 ] ] ] } },
{ "type": "Feature", "properties": { "gml_id": "CadastralParcel.IT.AGE.PLA.I028_000800.12", "INSPIREID_LOCALID": "IT.AGE.PLA.I028_000800.12", "INSPIREID_NAMESPACE": "IT.AGE.PLA.", "LABEL": "12", "NATIONALCADASTRALREFERENCE": "I028_000800.12", "ADMINISTRATIVEUNIT": "I028" }, "geometry": { "type": "Polygon", "coordinates": [ [ [ 14.19613476, 37.96657193 ], [ 14.19621117, 37.96614283 ], [ 14.19627917, 37.9657613 ], [ 14.19639628, 37.965177 ], [ 14.196529, 37.9644409 ], [ 14.1966663, 37.96407048 ], [ 14.19666999, 37.96402074 ], [ 14.1966757, 37.96369293 ], [ 14.19673422, 37.96344493 ], [ 14.19680527, 37.96306218 ], [ 14.19686141, 37.96301954 ], [ 14.19712347, 37.96284558 ], [ 14.1974021, 37.96291259 ], [ 14.19755002, 37.96279987 ], [ 14.19767638, 37.96273794 ], [ 14.19808731, 37.9625518 ], [ 14.19811929, 37.9624376 ], [ 14.19823497, 37.96212861 ], [ 14.19836735, 37.96179002 ], [ 14.19842501, 37.96193434 ], [ 14.19862996, 37.96252176 ], [ 14.19883206, 37.96307299 ], [ 14.1988363, 37.96320812 ], [ 14.19883602, 37.96329697 ], [ 14.19883578, 37.96336912 ], [ 14.19918958, 37.96399088 ], [ 14.1994899, 37.96451977 ], [ 14.19989727, 37.9652486 ], [ 14.20017444, 37.96573107 ], [ 14.2002722, 37.96588217 ], [ 14.20045814, 37.96621978 ], [ 14.20125753, 37.96624813 ], [ 14.20109122, 37.96660445 ], [ 14.20006894, 37.96714584 ], [ 14.19982621, 37.96714128 ], [ 14.1994683, 37.96731282 ], [ 14.19928806, 37.96741354 ], [ 14.19908978, 37.96766789 ], [ 14.19895209, 37.96786232 ], [ 14.19843959, 37.96819012 ], [ 14.19794604, 37.96783169 ], [ 14.19722647, 37.96733841 ], [ 14.19646184, 37.96680248 ], [ 14.19613476, 37.96657193 ] ] ] } },
{ "type": "Feature", "properties": { "gml_id": "CadastralParcel.IT.AGE.PLA.I028_000800.20", "INSPIREID_LOCALID": "IT.AGE.PLA.I028_000800.20", "INSPIREID_NAMESPACE": "IT.AGE.PLA.", "LABEL": "20", "NATIONALCADASTRALREFERENCE": "I028_000800.20", "ADMINISTRATIVEUNIT": "I028" }, "geometry": { "type": "Polygon", "coordinates": [ [ [ 14.19883206, 37.96307299 ], [ 14.20014791, 37.96262341 ], [ 14.20106659, 37.96231152 ], [ 14.20216883, 37.96193192 ], [ 14.20242923, 37.96185122 ], [ 14.20309067, 37.96166905 ], [ 14.20333629, 37.96159498 ], [ 14.20384297, 37.96144295 ], [ 14.20457244, 37.96124199 ], [ 14.2050235, 37.96111231 ], [ 14.20512083, 37.96112325 ], [ 14.20650504, 37.9612682 ], [ 14.20680468, 37.9617703 ], [ 14.20513203, 37.96306089 ], [ 14.20517183, 37.96318726 ], [ 14.2050828, 37.96345761 ], [ 14.20503372, 37.96348334 ], [ 14.20399667, 37.96392703 ], [ 14.2036492, 37.96386119 ], [ 14.20303887, 37.96388591 ], [ 14.20241456, 37.96435035 ], [ 14.20207789, 37.96461104 ], [ 14.20179986, 37.96516839 ], [ 14.20151438, 37.96573917 ], [ 14.20125753, 37.96624813 ], [ 14.20045814, 37.96621978 ], [ 14.2002722, 37.96588217 ], [ 14.20017444, 37.96573107 ], [ 14.19989727, 37.9652486 ], [ 14.1994899, 37.96451977 ], [ 14.19918958, 37.96399088 ], [ 14.19883578, 37.96336912 ], [ 14.19883602, 37.96329697 ], [ 14.1988363, 37.96320812 ], [ 14.19883206, 37.96307299 ] ] ] } },
{ "type": "Feature", "properties": { "gml_id": "CadastralParcel.IT.AGE.PLA.I028_000800.94", "INSPIREID_LOCALID": "IT.AGE.PLA.I028_000800.94", "INSPIREID_NAMESPACE": "IT.AGE.PLA.", "LABEL": "94", "NATIONALCADASTRALREFERENCE": "I028_000800.94", "ADMINISTRATIVEUNIT": "I028" }, "geometry": { "type": "Polygon", "coordinates": [ [ [ 14.20231921, 37.96057288 ], [ 14.20333629, 37.96159498 ], [ 14.20309067, 37.96166905 ], [ 14.20242923, 37.96185122 ], [ 14.20216883, 37.96193192 ], [ 14.20106659, 37.96231152 ], [ 14.20014791, 37.96262341 ], [ 14.19883206, 37.96307299 ], [ 14.19862996, 37.96252176 ], [ 14.19842501, 37.96193434 ], [ 14.19845798, 37.96192083 ], [ 14.19859171, 37.96186614 ], [ 14.19881463, 37.96173141 ], [ 14.1989266, 37.96163612 ], [ 14.19899446, 37.96153059 ], [ 14.19904321, 37.9614283 ], [ 14.19907934, 37.96132499 ], [ 14.199148, 37.96110207 ], [ 14.199189, 37.96093934 ], [ 14.19919423, 37.96082863 ], [ 14.19917163, 37.96069867 ], [ 14.19913072, 37.96056475 ], [ 14.19908703, 37.96047103 ], [ 14.19905359, 37.96028476 ], [ 14.19907149, 37.96001662 ], [ 14.19911271, 37.95983058 ], [ 14.19929842, 37.95975842 ], [ 14.19938885, 37.95977818 ], [ 14.19957369, 37.9597835 ], [ 14.20014987, 37.95981505 ], [ 14.2004364, 37.95964017 ], [ 14.20061296, 37.95965419 ], [ 14.20089619, 37.95969302 ], [ 14.20142908, 37.95987364 ], [ 14.20163669, 37.95988403 ], [ 14.20231921, 37.96057288 ] ] ] } },
{ "type": "Feature", "properties": { "gml_id": "CadastralParcel.IT.AGE.PLA.I028_000800.95", "INSPIREID_LOCALID": "IT.AGE.PLA.I028_000800.95", "INSPIREID_NAMESPACE": "IT.AGE.PLA.", "LABEL": "95", "NATIONALCADASTRALREFERENCE": "I028_000800.95", "ADMINISTRATIVEUNIT": "I028" }, "geometry": { "type": "Polygon", "coordinates": [ [ [ 14.19902082, 37.95987697 ], [ 14.19911271, 37.95983058 ], [ 14.19907149, 37.96001662 ], [ 14.19905359, 37.96028476 ], [ 14.19908703, 37.96047103 ], [ 14.19913072, 37.96056475 ], [ 14.19917163, 37.96069867 ], [ 14.19919423, 37.96082863 ], [ 14.199189, 37.96093934 ], [ 14.199148, 37.96110207 ], [ 14.19907934, 37.96132499 ], [ 14.19904321, 37.9614283 ], [ 14.19899446, 37.96153059 ], [ 14.1989266, 37.96163612 ], [ 14.19881463, 37.96173141 ], [ 14.19859171, 37.96186614 ], [ 14.19845798, 37.96192083 ], [ 14.19842501, 37.96193434 ], [ 14.19836735, 37.96179002 ], [ 14.19836691, 37.96178967 ], [ 14.19834559, 37.96175907 ], [ 14.19834016, 37.96175135 ], [ 14.19832481, 37.96172952 ], [ 14.19874584, 37.96168382 ], [ 14.19886419, 37.96158291 ], [ 14.19892839, 37.96148142 ], [ 14.19900424, 37.96130573 ], [ 14.19908874, 37.96109575 ], [ 14.19914061, 37.96089552 ], [ 14.19900257, 37.96046781 ], [ 14.19897777, 37.96028595 ], [ 14.19898954, 37.96000994 ], [ 14.19902082, 37.95987697 ] ] ] } },
{ "type": "Feature", "properties": { "gml_id": "CadastralParcel.IT.AGE.PLA.I028_000800.98", "INSPIREID_LOCALID": "IT.AGE.PLA.I028_000800.98", "INSPIREID_NAMESPACE": "IT.AGE.PLA.", "LABEL": "98", "NATIONALCADASTRALREFERENCE": "I028_000800.98", "ADMINISTRATIVEUNIT": "I028" }, "geometry": { "type": "Polygon", "coordinates": [ [ [ 14.19894768, 37.95991345 ], [ 14.1989521, 37.95990932 ], [ 14.19902082, 37.95987697 ], [ 14.19898954, 37.96000994 ], [ 14.19897777, 37.96028595 ], [ 14.19900257, 37.96046781 ], [ 14.19914061, 37.96089552 ], [ 14.19897854, 37.96086796 ], [ 14.19896858, 37.96066838 ], [ 14.19889785, 37.96062382 ], [ 14.19892552, 37.9605219 ], [ 14.19893914, 37.96047531 ], [ 14.19894645, 37.96044043 ], [ 14.19886522, 37.96043367 ], [ 14.19853413, 37.96039088 ], [ 14.1986028, 37.96033775 ], [ 14.19857697, 37.96026877 ], [ 14.19862468, 37.96017276 ], [ 14.19892214, 37.95993441 ], [ 14.19894768, 37.95991345 ] ] ] } },
{ "type": "Feature", "properties": { "gml_id": "CadastralParcel.IT.AGE.PLA.I028_000800.99", "INSPIREID_LOCALID": "IT.AGE.PLA.I028_000800.99", "INSPIREID_NAMESPACE": "IT.AGE.PLA.", "LABEL": "99", "NATIONALCADASTRALREFERENCE": "I028_000800.99", "ADMINISTRATIVEUNIT": "I028" }, "geometry": { "type": "Polygon", "coordinates": [ [ [ 14.19831918, 37.96051079 ], [ 14.19841504, 37.96052962 ], [ 14.1984246, 37.96050544 ], [ 14.19851721, 37.96051538 ], [ 14.1985433, 37.96051817 ], [ 14.19883447, 37.96054955 ], [ 14.19884838, 37.96050999 ], [ 14.19885807, 37.96046608 ], [ 14.19886522, 37.96043367 ], [ 14.19894645, 37.96044043 ], [ 14.19893914, 37.96047531 ], [ 14.19892552, 37.9605219 ], [ 14.19889785, 37.96062382 ], [ 14.19896858, 37.96066838 ], [ 14.19897854, 37.96086796 ], [ 14.19914061, 37.96089552 ], [ 14.19908874, 37.96109575 ], [ 14.19895821, 37.96107231 ], [ 14.19895789, 37.96107493 ], [ 14.198931, 37.96107091 ], [ 14.19894261, 37.96101972 ], [ 14.19851484, 37.9609566 ], [ 14.1984334, 37.96094086 ], [ 14.19833732, 37.9609206 ], [ 14.19837801, 37.9607197 ], [ 14.1983418, 37.96071624 ], [ 14.19834707, 37.96067813 ], [ 14.19835345, 37.96067831 ], [ 14.19836215, 37.96063991 ], [ 14.19832766, 37.96063559 ], [ 14.1983172, 37.9605237 ], [ 14.19831918, 37.96051079 ] ] ] } },
{ "type": "Feature", "properties": { "gml_id": "CadastralParcel.IT.AGE.PLA.I028_000800.102", "INSPIREID_LOCALID": "IT.AGE.PLA.I028_000800.102", "INSPIREID_NAMESPACE": "IT.AGE.PLA.", "LABEL": "102", "NATIONALCADASTRALREFERENCE": "I028_000800.102", "ADMINISTRATIVEUNIT": "I028" }, "geometry": { "type": "MultiPolygon", "coordinates": [ [ [ [ 14.20867545, 37.97149629 ], [ 14.2081816, 37.9713028 ], [ 14.2078483, 37.97101983 ], [ 14.20757109, 37.97077195 ], [ 14.20756922, 37.97076673 ], [ 14.20756254, 37.9707605 ], [ 14.20756718, 37.97076399 ], [ 14.20810899, 37.97012941 ], [ 14.2084376, 37.9697346 ], [ 14.20863703, 37.96923303 ], [ 14.20885565, 37.96870514 ], [ 14.20903865, 37.96824678 ], [ 14.20924543, 37.96774376 ], [ 14.20943562, 37.96726706 ], [ 14.20970464, 37.96662565 ], [ 14.20987081, 37.96620737 ], [ 14.20916939, 37.9662493 ], [ 14.2087015, 37.96651187 ], [ 14.20808939, 37.96674967 ], [ 14.20800165, 37.96678566 ], [ 14.20705091, 37.96688823 ], [ 14.20662578, 37.9669329 ], [ 14.20586844, 37.96717843 ], [ 14.20558306, 37.96726904 ], [ 14.20526034, 37.96709656 ], [ 14.20481541, 37.96692433 ], [ 14.20405231, 37.96660907 ], [ 14.20353656, 37.96641111 ], [ 14.20295895, 37.96628681 ], [ 14.20213104, 37.96627266 ], [ 14.20125753, 37.96624813 ], [ 14.20151438, 37.96573917 ], [ 14.20179986, 37.96516839 ], [ 14.20207789, 37.96461104 ], [ 14.20241456, 37.96435035 ], [ 14.20303887, 37.96388591 ], [ 14.2036492, 37.96386119 ], [ 14.20399667, 37.96392703 ], [ 14.20503372, 37.96348334 ], [ 14.2050828, 37.96345761 ], [ 14.20517183, 37.96318726 ], [ 14.20513203, 37.96306089 ], [ 14.20528885, 37.96303389 ], [ 14.20619217, 37.96340797 ], [ 14.20661476, 37.96358892 ], [ 14.2073858, 37.96356441 ], [ 14.20791393, 37.96370113 ], [ 14.20852917, 37.96386469 ], [ 14.20890441, 37.96375959 ], [ 14.20899938, 37.96387099 ], [ 14.20935797, 37.96389769 ], [ 14.21033611, 37.96337078 ], [ 14.21083091, 37.96347219 ], [ 14.21158137, 37.96403672 ], [ 14.21233623, 37.96432258 ], [ 14.21243761, 37.96444709 ], [ 14.21289255, 37.96502754 ], [ 14.2131115, 37.96515109 ], [ 14.21319366, 37.96551719 ], [ 14.21344209, 37.96667184 ], [ 14.21363861, 37.96756311 ], [ 14.2135575, 37.96778268 ], [ 14.21334047, 37.96833443 ], [ 14.21316491, 37.96856956 ], [ 14.21269834, 37.9691939 ], [ 14.21222251, 37.96982038 ], [ 14.21171934, 37.97048845 ], [ 14.21114949, 37.97126314 ], [ 14.21064828, 37.97193195 ], [ 14.21007951, 37.97267231 ], [ 14.20954621, 37.9725588 ], [ 14.20953237, 37.97255565 ], [ 14.20937873, 37.97240851 ], [ 14.20934771, 37.9723774 ], [ 14.20934623, 37.97237474 ], [ 14.20934436, 37.97237302 ], [ 14.20892424, 37.97161613 ], [ 14.20878367, 37.97154778 ], [ 14.20867545, 37.97149629 ] ], [ [ 14.21232026, 37.96762679 ], [ 14.21225502, 37.96770896 ], [ 14.21251599, 37.96784183 ], [ 14.21247708, 37.96788859 ], [ 14.21252783, 37.96791465 ], [ 14.21269143, 37.96771181 ], [ 14.21273388, 37.96773349 ], [ 14.21293204, 37.96748769 ], [ 14.21283569, 37.96743899 ], [ 14.21257769, 37.9677577 ], [ 14.21232026, 37.96762679 ] ], [ [ 14.21235961, 37.96786273 ], [ 14.21220614, 37.96805348 ], [ 14.212354, 37.96812873 ], [ 14.21250866, 37.96793739 ], [ 14.21235961, 37.96786273 ] ], [ [ 14.20838158, 37.97069387 ], [ 14.20842538, 37.9706578 ], [ 14.20844015, 37.97067062 ], [ 14.20850782, 37.97061331 ], [ 14.2084212, 37.97055188 ], [ 14.2083594, 37.970605 ], [ 14.20831322, 37.97064422 ], [ 14.20838158, 37.97069387 ] ], [ [ 14.21244157, 37.96810161 ], [ 14.21251092, 37.96813653 ], [ 14.21257897, 37.96805027 ], [ 14.21250919, 37.96801562 ], [ 14.21244157, 37.96810161 ] ] ] ] } },
{ "type": "Feature", "properties": { "gml_id": "CadastralParcel.IT.AGE.PLA.I028_000800.49", "INSPIREID_LOCALID": "IT.AGE.PLA.I028_000800.49", "INSPIREID_NAMESPACE": "IT.AGE.PLA.", "LABEL": "49", "NATIONALCADASTRALREFERENCE": "I028_000800.49", "ADMINISTRATIVEUNIT": "I028" }, "geometry": { "type": "MultiPolygon", "coordinates": [ [ [ [ 14.20513203, 37.96306089 ], [ 14.20680468, 37.9617703 ], [ 14.20701585, 37.9621394 ], [ 14.20786439, 37.96097271 ], [ 14.20788621, 37.96098611 ], [ 14.20805672, 37.96136255 ], [ 14.20809354, 37.96167425 ], [ 14.20852965, 37.96193888 ], [ 14.20870129, 37.96204624 ], [ 14.20898991, 37.9621946 ], [ 14.20923904, 37.96230576 ], [ 14.20968589, 37.96243824 ], [ 14.20992005, 37.96255547 ], [ 14.2101659, 37.96267691 ], [ 14.21037924, 37.96284236 ], [ 14.21040593, 37.96287305 ], [ 14.20869624, 37.96352695 ], [ 14.20890441, 37.96375959 ], [ 14.20852917, 37.96386469 ], [ 14.20791393, 37.96370113 ], [ 14.2073858, 37.96356441 ], [ 14.20661476, 37.96358892 ], [ 14.20619217, 37.96340797 ], [ 14.20528885, 37.96303389 ], [ 14.20513203, 37.96306089 ] ], [ [ 14.20911881, 37.96291177 ], [ 14.20908972, 37.96289004 ], [ 14.20911137, 37.96287173 ], [ 14.20908428, 37.96285296 ], [ 14.20906065, 37.96286676 ], [ 14.20903752, 37.96284187 ], [ 14.20898627, 37.96288779 ], [ 14.20896072, 37.96290608 ], [ 14.20904791, 37.96297746 ], [ 14.20906766, 37.96295451 ], [ 14.20911881, 37.96291177 ] ] ] ] } },
{ "type": "Feature", "properties": { "gml_id": "CadastralParcel.IT.AGE.PLA.I028_000900.1", "INSPIREID_LOCALID": "IT.AGE.PLA.I028_000900.1", "INSPIREID_NAMESPACE": "IT.AGE.PLA.", "LABEL": "1", "NATIONALCADASTRALREFERENCE": "I028_000900.1", "ADMINISTRATIVEUNIT": "I028" }, "geometry": { "type": "Polygon", "coordinates": [ [ [ 14.22331196, 37.96600089 ], [ 14.22303672, 37.96635466 ], [ 14.22297889, 37.96643638 ], [ 14.22272338, 37.96665918 ], [ 14.22221897, 37.96692321 ], [ 14.22189188, 37.96707973 ], [ 14.22168434, 37.96719163 ], [ 14.22120768, 37.96740101 ], [ 14.22105361, 37.96746556 ], [ 14.22034495, 37.96770212 ], [ 14.2198756, 37.96785332 ], [ 14.22036941, 37.96725625 ], [ 14.22100998, 37.96649561 ], [ 14.22119588, 37.96628814 ], [ 14.22138844, 37.96555017 ], [ 14.22153642, 37.96500363 ], [ 14.2217669, 37.96461373 ], [ 14.22202583, 37.96422442 ], [ 14.22240415, 37.96371766 ], [ 14.22332258, 37.96379491 ], [ 14.22331814, 37.96380551 ], [ 14.22340196, 37.96438305 ], [ 14.22332539, 37.96503815 ], [ 14.22331196, 37.96600089 ] ] ] } },
{ "type": "Feature", "properties": { "gml_id": "CadastralParcel.IT.AGE.PLA.I028_000900.19", "INSPIREID_LOCALID": "IT.AGE.PLA.I028_000900.19", "INSPIREID_NAMESPACE": "IT.AGE.PLA.", "LABEL": "19", "NATIONALCADASTRALREFERENCE": "I028_000900.19", "ADMINISTRATIVEUNIT": "I028" }, "geometry": { "type": "Polygon", "coordinates": [ [ [ 14.22341304, 37.96357753 ], [ 14.22246368, 37.96363054 ], [ 14.22201965, 37.96341395 ], [ 14.22068051, 37.96276994 ], [ 14.21928744, 37.9621002 ], [ 14.21991701, 37.96169901 ], [ 14.21994602, 37.96168043 ], [ 14.22078722, 37.96112986 ], [ 14.22162855, 37.9605876 ], [ 14.22268816, 37.95992051 ], [ 14.22375535, 37.95924039 ], [ 14.22420246, 37.95895829 ], [ 14.22537545, 37.95867534 ], [ 14.22684796, 37.95830944 ], [ 14.22809713, 37.9580068 ], [ 14.22817239, 37.95860101 ], [ 14.22805716, 37.95874456 ], [ 14.22799098, 37.9588372 ], [ 14.22794901, 37.95907283 ], [ 14.22793785, 37.95908234 ], [ 14.22752307, 37.9593742 ], [ 14.22714732, 37.95963443 ], [ 14.22623964, 37.9602414 ], [ 14.22629851, 37.9608368 ], [ 14.22629857, 37.96097255 ], [ 14.22608422, 37.96188898 ], [ 14.22584118, 37.96208954 ], [ 14.22475034, 37.96223681 ], [ 14.22422894, 37.96268594 ], [ 14.22410902, 37.96280258 ], [ 14.22382308, 37.96311247 ], [ 14.22341304, 37.96357753 ] ] ] } },
{ "type": "Feature", "properties": { "gml_id": "CadastralParcel.IT.AGE.PLA.I028_000900.2", "INSPIREID_LOCALID": "IT.AGE.PLA.I028_000900.2", "INSPIREID_NAMESPACE": "IT.AGE.PLA.", "LABEL": "2", "NATIONALCADASTRALREFERENCE": "I028_000900.2", "ADMINISTRATIVEUNIT": "I028" }, "geometry": { "type": "Polygon", "coordinates": [ [ [ 14.2148417, 37.96812567 ], [ 14.21477564, 37.96805679 ], [ 14.21472065, 37.9680121 ], [ 14.21470933, 37.96795806 ], [ 14.21482585, 37.96768786 ], [ 14.21484254, 37.96767088 ], [ 14.21517572, 37.96731387 ], [ 14.21577925, 37.96663386 ], [ 14.21639075, 37.96596206 ], [ 14.21716114, 37.96508982 ], [ 14.21673555, 37.96459908 ], [ 14.2161776, 37.96393696 ], [ 14.21573964, 37.96342032 ], [ 14.21552781, 37.9632699 ], [ 14.2147192, 37.96273359 ], [ 14.21513271, 37.96250708 ], [ 14.21641396, 37.96219051 ], [ 14.21764749, 37.96188736 ], [ 14.2177286, 37.96189084 ], [ 14.21804626, 37.96191025 ], [ 14.21837234, 37.96179844 ], [ 14.21859273, 37.96177215 ], [ 14.21928744, 37.9621002 ], [ 14.22068051, 37.96276994 ], [ 14.22201965, 37.96341395 ], [ 14.22246368, 37.96363054 ], [ 14.22233011, 37.96364125 ], [ 14.22203371, 37.96402082 ], [ 14.22174959, 37.96440656 ], [ 14.22159245, 37.96468491 ], [ 14.22142092, 37.96500874 ], [ 14.22139677, 37.96508065 ], [ 14.22132263, 37.96534067 ], [ 14.221152, 37.96598826 ], [ 14.2210865, 37.9662438 ], [ 14.22072985, 37.96667118 ], [ 14.22056094, 37.96689845 ], [ 14.22015698, 37.96737045 ], [ 14.21982234, 37.96777183 ], [ 14.2195453, 37.96789678 ], [ 14.21922173, 37.9680375 ], [ 14.21906155, 37.96822644 ], [ 14.21893769, 37.96831937 ], [ 14.2187935, 37.96843196 ], [ 14.21857834, 37.9685509 ], [ 14.21844735, 37.96861535 ], [ 14.21836747, 37.96883559 ], [ 14.21828586, 37.96900362 ], [ 14.21818023, 37.96924352 ], [ 14.21817565, 37.96925546 ], [ 14.2181102, 37.96942608 ], [ 14.21798232, 37.96971482 ], [ 14.21730482, 37.97038398 ], [ 14.21602487, 37.97123806 ], [ 14.21513219, 37.97169563 ], [ 14.21397115, 37.9720686 ], [ 14.21407864, 37.97154773 ], [ 14.2144396, 37.97093222 ], [ 14.2150279, 37.97085774 ], [ 14.21546481, 37.97040557 ], [ 14.2154867, 37.97034939 ], [ 14.21552906, 37.97023411 ], [ 14.21556897, 37.97008971 ], [ 14.21557093, 37.97007242 ], [ 14.21543287, 37.96970912 ], [ 14.21543157, 37.969705 ], [ 14.21541734, 37.96966825 ], [ 14.21537352, 37.96954683 ], [ 14.21521756, 37.96912192 ], [ 14.21502244, 37.96862544 ], [ 14.21499741, 37.96857579 ], [ 14.21496603, 37.9685497 ], [ 14.21492458, 37.96853906 ], [ 14.21494073, 37.96843554 ], [ 14.2149521, 37.96838177 ], [ 14.21491643, 37.96827757 ], [ 14.21490206, 37.9682429 ], [ 14.2148417, 37.96812567 ] ] ] } },
{ "type": "Feature", "properties": { "gml_id": "CadastralParcel.IT.AGE.PLA.L478_002400.7", "INSPIREID_LOCALID": "IT.AGE.PLA.L478_002400.7", "INSPIREID_NAMESPACE": "IT.AGE.PLA.", "LABEL": "7", "NATIONALCADASTRALREFERENCE": "L478_002400.7", "ADMINISTRATIVEUNIT": "L478" }, "geometry": { "type": "Polygon", "coordinates": [ [ [ 14.22300323, 37.96646866 ], [ 14.22316728, 37.9662712 ], [ 14.22441283, 37.96734427 ], [ 14.22423577, 37.96756276 ], [ 14.22398682, 37.9678133 ], [ 14.22395224, 37.96786351 ], [ 14.22405779, 37.96810302 ], [ 14.22393756, 37.96845245 ], [ 14.22396153, 37.96860705 ], [ 14.22381742, 37.96863941 ], [ 14.223699, 37.96868186 ], [ 14.22281447, 37.96789116 ], [ 14.22188974, 37.96710117 ], [ 14.22275123, 37.96665506 ], [ 14.22300323, 37.96646866 ] ] ] } },
{ "type": "Feature", "properties": { "gml_id": "CadastralParcel.IT.AGE.PLA.I028_000900.STRADA003", "INSPIREID_LOCALID": "IT.AGE.PLA.I028_000900.STRADA003", "INSPIREID_NAMESPACE": "IT.AGE.PLA.", "LABEL": "STRADA003", "NATIONALCADASTRALREFERENCE": "I028_000900.STRADA003", "ADMINISTRATIVEUNIT": "I028" }, "geometry": { "type": "Polygon", "coordinates": [ [ [ 14.22036941, 37.96725625 ], [ 14.2198756, 37.96785332 ], [ 14.21979263, 37.96783864 ], [ 14.21929021, 37.96805415 ], [ 14.21914869, 37.9682198 ], [ 14.21880507, 37.96846998 ], [ 14.21852808, 37.96864161 ], [ 14.21835145, 37.96899327 ], [ 14.21824793, 37.96923596 ], [ 14.21817565, 37.96925546 ], [ 14.21818023, 37.96924352 ], [ 14.21828586, 37.96900362 ], [ 14.21836747, 37.96883559 ], [ 14.21844735, 37.96861535 ], [ 14.21857834, 37.9685509 ], [ 14.2187935, 37.96843196 ], [ 14.21893769, 37.96831937 ], [ 14.21906155, 37.96822644 ], [ 14.21922173, 37.9680375 ], [ 14.2195453, 37.96789678 ], [ 14.21982234, 37.96777183 ], [ 14.22015698, 37.96737045 ], [ 14.22056094, 37.96689845 ], [ 14.22072985, 37.96667118 ], [ 14.2210865, 37.9662438 ], [ 14.221152, 37.96598826 ], [ 14.22132263, 37.96534067 ], [ 14.22139677, 37.96508065 ], [ 14.22142092, 37.96500874 ], [ 14.22159245, 37.96468491 ], [ 14.22174959, 37.96440656 ], [ 14.22203371, 37.96402082 ], [ 14.22233011, 37.96364125 ], [ 14.22246368, 37.96363054 ], [ 14.22341304, 37.96357753 ], [ 14.22340017, 37.96359212 ], [ 14.22332258, 37.96379491 ], [ 14.22240415, 37.96371766 ], [ 14.22202583, 37.96422442 ], [ 14.2217669, 37.96461373 ], [ 14.22153642, 37.96500363 ], [ 14.22138844, 37.96555017 ], [ 14.22119588, 37.96628814 ], [ 14.22100998, 37.96649561 ], [ 14.22036941, 37.96725625 ] ] ] } },
{ "type": "Feature", "properties": { "gml_id": "CadastralParcel.IT.AGE.PLA.I028_000900.4", "INSPIREID_LOCALID": "IT.AGE.PLA.I028_000900.4", "INSPIREID_NAMESPACE": "IT.AGE.PLA.", "LABEL": "4", "NATIONALCADASTRALREFERENCE": "I028_000900.4", "ADMINISTRATIVEUNIT": "I028" }, "geometry": { "type": "Polygon", "coordinates": [ [ [ 14.22830425, 37.95875892 ], [ 14.22828631, 37.95877257 ], [ 14.22794901, 37.95907283 ], [ 14.22799098, 37.9588372 ], [ 14.22805716, 37.95874456 ], [ 14.22817239, 37.95860101 ], [ 14.22809713, 37.9580068 ], [ 14.22839633, 37.95793264 ], [ 14.22837919, 37.95817998 ], [ 14.22830425, 37.95875892 ] ] ] } },
{ "type": "Feature", "properties": { "gml_id": "CadastralParcel.IT.AGE.PLA.L478_002400.50", "INSPIREID_LOCALID": "IT.AGE.PLA.L478_002400.50", "INSPIREID_NAMESPACE": "IT.AGE.PLA.", "LABEL": "50", "NATIONALCADASTRALREFERENCE": "L478_002400.50", "ADMINISTRATIVEUNIT": "L478" }, "geometry": { "type": "Polygon", "coordinates": [ [ [ 14.22342603, 37.96442756 ], [ 14.22333351, 37.96382103 ], [ 14.22474511, 37.96373054 ], [ 14.22538425, 37.96362518 ], [ 14.225977, 37.96323763 ], [ 14.22508467, 37.96421202 ], [ 14.22407015, 37.96529256 ], [ 14.2233502, 37.96604154 ], [ 14.22337827, 37.96509577 ], [ 14.22342603, 37.96442756 ] ] ] } },
{ "type": "Feature", "properties": { "gml_id": "CadastralParcel.IT.AGE.PLA.L478_002400.61", "INSPIREID_LOCALID": "IT.AGE.PLA.L478_002400.61", "INSPIREID_NAMESPACE": "IT.AGE.PLA.", "LABEL": "61", "NATIONALCADASTRALREFERENCE": "L478_002400.61", "ADMINISTRATIVEUNIT": "L478" }, "geometry": { "type": "Polygon", "coordinates": [ [ [ 14.22588978, 37.96209216 ], [ 14.22602077, 37.96199698 ], [ 14.22669104, 37.96272354 ], [ 14.22642821, 37.96284862 ], [ 14.22613537, 37.96301954 ], [ 14.22572972, 37.96327898 ], [ 14.2253911, 37.96352155 ], [ 14.22475492, 37.9636306 ], [ 14.22436798, 37.96367043 ], [ 14.22344579, 37.96360186 ], [ 14.22413748, 37.96281586 ], [ 14.22480094, 37.9622476 ], [ 14.22588978, 37.96209216 ] ] ] } },
{ "type": "Feature", "properties": { "gml_id": "CadastralParcel.IT.AGE.PLA.L478_002400.62", "INSPIREID_LOCALID": "IT.AGE.PLA.L478_002400.62", "INSPIREID_NAMESPACE": "IT.AGE.PLA.", "LABEL": "62", "NATIONALCADASTRALREFERENCE": "L478_002400.62", "ADMINISTRATIVEUNIT": "L478" }, "geometry": { "type": "Polygon", "coordinates": [ [ [ 14.22699701, 37.95978317 ], [ 14.22795751, 37.95910756 ], [ 14.22807278, 37.9590032 ], [ 14.22835021, 37.95875274 ], [ 14.22822431, 37.95902778 ], [ 14.22813304, 37.95913817 ], [ 14.22809668, 37.95933628 ], [ 14.22789958, 37.95959062 ], [ 14.22777238, 37.95990636 ], [ 14.22784185, 37.96030974 ], [ 14.22784369, 37.96069947 ], [ 14.22791663, 37.96080835 ], [ 14.22791331, 37.96089341 ], [ 14.22799914, 37.9610926 ], [ 14.22620425, 37.961554 ], [ 14.22633553, 37.96094029 ], [ 14.22627234, 37.96027049 ], [ 14.22632536, 37.96023753 ], [ 14.22699701, 37.95978317 ] ] ] } },
{ "type": "Feature", "properties": { "gml_id": "CadastralParcel.IT.AGE.PLA.L478_002400.STRADA003", "INSPIREID_LOCALID": "IT.AGE.PLA.L478_002400.STRADA003", "INSPIREID_NAMESPACE": "IT.AGE.PLA.", "LABEL": "STRADA003", "NATIONALCADASTRALREFERENCE": "L478_002400.STRADA003", "ADMINISTRATIVEUNIT": "L478" }, "geometry": { "type": "Polygon", "coordinates": [ [ [ 14.21669681, 37.97713653 ], [ 14.21647125, 37.97724041 ], [ 14.21633732, 37.97729795 ], [ 14.2150996, 37.97804502 ], [ 14.21291563, 37.97844512 ], [ 14.21253323, 37.97870533 ], [ 14.21196316, 37.97925808 ], [ 14.21170314, 37.97958117 ], [ 14.21153706, 37.9796523 ], [ 14.21131231, 37.98000148 ], [ 14.2112427, 37.98005119 ], [ 14.21070248, 37.98041943 ], [ 14.21055301, 37.98067272 ], [ 14.21016907, 37.9809316 ], [ 14.21061879, 37.98144366 ], [ 14.21069809, 37.98203381 ], [ 14.21037279, 37.98265354 ], [ 14.20985884, 37.98283491 ], [ 14.20955394, 37.98307978 ], [ 14.20946293, 37.98305138 ], [ 14.20958136, 37.98290547 ], [ 14.21010763, 37.98259661 ], [ 14.21045314, 37.98200194 ], [ 14.21040378, 37.9814992 ], [ 14.21003687, 37.98089532 ], [ 14.210514, 37.98062588 ], [ 14.21064588, 37.98040427 ], [ 14.21127739, 37.97996929 ], [ 14.21145137, 37.97956062 ], [ 14.21112125, 37.97902382 ], [ 14.21108213, 37.97796204 ], [ 14.21069249, 37.97710761 ], [ 14.21103168, 37.9763924 ], [ 14.21193525, 37.97528489 ], [ 14.21190673, 37.97522372 ], [ 14.21207663, 37.97507245 ], [ 14.2134879, 37.97346866 ], [ 14.21395997, 37.97290199 ], [ 14.21426378, 37.97269244 ], [ 14.21451427, 37.972505 ], [ 14.21419766, 37.97236409 ], [ 14.21394765, 37.97228965 ], [ 14.21387115, 37.97212974 ], [ 14.21406551, 37.97211137 ], [ 14.21521835, 37.97170941 ], [ 14.21611116, 37.97124605 ], [ 14.21734662, 37.97042662 ], [ 14.21807738, 37.9697157 ], [ 14.21837251, 37.96897209 ], [ 14.21857615, 37.96861376 ], [ 14.21913529, 37.96827424 ], [ 14.21934088, 37.96804615 ], [ 14.21981627, 37.96784227 ], [ 14.2198635, 37.96786499 ], [ 14.21935781, 37.96808168 ], [ 14.21920889, 37.96827167 ], [ 14.21899594, 37.96841414 ], [ 14.21864634, 37.96862748 ], [ 14.21858437, 37.96869853 ], [ 14.21856772, 37.96874526 ], [ 14.21848335, 37.96892374 ], [ 14.21839946, 37.96903973 ], [ 14.21813274, 37.96973447 ], [ 14.21749591, 37.97036688 ], [ 14.21803057, 37.97043542 ], [ 14.21848956, 37.97048192 ], [ 14.2190419, 37.97069789 ], [ 14.2192769, 37.97079897 ], [ 14.21944744, 37.9708933 ], [ 14.21991017, 37.97114927 ], [ 14.22044148, 37.97151843 ], [ 14.22079392, 37.97173775 ], [ 14.22130511, 37.97203758 ], [ 14.22171361, 37.97223377 ], [ 14.22190951, 37.97237002 ], [ 14.22242155, 37.97278633 ], [ 14.22250912, 37.9728124 ], [ 14.22335942, 37.97286448 ], [ 14.22316194, 37.97272807 ], [ 14.22294497, 37.97233941 ], [ 14.22292681, 37.97200594 ], [ 14.22300301, 37.9713555 ], [ 14.22300419, 37.97114511 ], [ 14.22304148, 37.97071405 ], [ 14.22297956, 37.97047193 ], [ 14.22291765, 37.97023807 ], [ 14.22293949, 37.97010208 ], [ 14.22300312, 37.96974837 ], [ 14.22322378, 37.96948923 ], [ 14.22357998, 37.96930169 ], [ 14.2237813, 37.96921655 ], [ 14.22389946, 37.96910674 ], [ 14.22375206, 37.96888995 ], [ 14.22374301, 37.9688298 ], [ 14.22367003, 37.96874031 ], [ 14.223699, 37.96868186 ], [ 14.22381742, 37.96863941 ], [ 14.22396153, 37.96860705 ], [ 14.22393756, 37.96845245 ], [ 14.22405779, 37.96810302 ], [ 14.22395224, 37.96786351 ], [ 14.22398682, 37.9678133 ], [ 14.22423577, 37.96756276 ], [ 14.22441283, 37.96734427 ], [ 14.22483047, 37.96717079 ], [ 14.22507179, 37.96701787 ], [ 14.22550484, 37.96691551 ], [ 14.22560675, 37.96686533 ], [ 14.22562219, 37.96650964 ], [ 14.22570104, 37.96640321 ], [ 14.22582953, 37.96624987 ], [ 14.22604662, 37.96614744 ], [ 14.22647435, 37.96550154 ], [ 14.22674261, 37.9654312 ], [ 14.22744769, 37.96519869 ], [ 14.22773875, 37.96503654 ], [ 14.22782481, 37.96493785 ], [ 14.22796832, 37.96477285 ], [ 14.22828463, 37.96446497 ], [ 14.22859266, 37.96422244 ], [ 14.22871592, 37.96416943 ], [ 14.22887544, 37.96402225 ], [ 14.22925427, 37.96374379 ], [ 14.22961356, 37.96346632 ], [ 14.22971707, 37.9633286 ], [ 14.2296963, 37.963135 ], [ 14.22955929, 37.96301789 ], [ 14.22925593, 37.96281699 ], [ 14.22906503, 37.96240704 ], [ 14.22898816, 37.96227916 ], [ 14.22841265, 37.96239606 ], [ 14.22790994, 37.96240858 ], [ 14.22753619, 37.9624664 ], [ 14.22710754, 37.96262285 ], [ 14.22695763, 37.96267215 ], [ 14.22636788, 37.96298698 ], [ 14.225977, 37.96323763 ], [ 14.22538425, 37.96362518 ], [ 14.22474511, 37.96373054 ], [ 14.22333351, 37.96382103 ], [ 14.22344579, 37.96360186 ], [ 14.22436798, 37.96367043 ], [ 14.22475492, 37.9636306 ], [ 14.2253911, 37.96352155 ], [ 14.22572972, 37.96327898 ], [ 14.22613537, 37.96301954 ], [ 14.22642821, 37.96284862 ], [ 14.22669104, 37.96272354 ], [ 14.22703374, 37.9625757 ], [ 14.22747301, 37.96241448 ], [ 14.22780477, 37.96237165 ], [ 14.22845136, 37.9622995 ], [ 14.22893261, 37.96214809 ], [ 14.22886225, 37.96203867 ], [ 14.22857167, 37.96172043 ], [ 14.22841701, 37.96138328 ], [ 14.22799914, 37.9610926 ], [ 14.22791331, 37.96089341 ], [ 14.22791663, 37.96080835 ], [ 14.22784369, 37.96069947 ], [ 14.22784185, 37.96030974 ], [ 14.22777238, 37.95990636 ], [ 14.22789958, 37.95959062 ], [ 14.22809668, 37.95933628 ], [ 14.22813304, 37.95913817 ], [ 14.22822431, 37.95902778 ], [ 14.22835021, 37.95875274 ], [ 14.228635, 37.9585622 ], [ 14.22833044, 37.95911953 ], [ 14.22825947, 37.95916465 ], [ 14.22818079, 37.95934086 ], [ 14.22800261, 37.95961485 ], [ 14.22790824, 37.95992623 ], [ 14.22796926, 37.96030286 ], [ 14.22798148, 37.96069767 ], [ 14.22805535, 37.96081807 ], [ 14.2281062, 37.96102733 ], [ 14.22849469, 37.96130649 ], [ 14.22867756, 37.9616449 ], [ 14.22896319, 37.96197265 ], [ 14.22907595, 37.96213158 ], [ 14.22935816, 37.96274159 ], [ 14.22957901, 37.96287371 ], [ 14.22979266, 37.96305961 ], [ 14.22985548, 37.96334344 ], [ 14.22970468, 37.96354576 ], [ 14.22949621, 37.96372177 ], [ 14.22899768, 37.96404068 ], [ 14.22869861, 37.96428305 ], [ 14.22908582, 37.96466028 ], [ 14.2298584, 37.96575237 ], [ 14.2305442, 37.96640819 ], [ 14.23119743, 37.96681015 ], [ 14.23119143, 37.96688876 ], [ 14.23064802, 37.96652473 ], [ 14.2304867, 37.96643221 ], [ 14.22981092, 37.96576724 ], [ 14.22976028, 37.96570163 ], [ 14.22902446, 37.9646856 ], [ 14.2286199, 37.96432305 ], [ 14.22848616, 37.96441499 ], [ 14.22809212, 37.96478824 ], [ 14.22780844, 37.96510312 ], [ 14.22762066, 37.96519151 ], [ 14.22742153, 37.96531705 ], [ 14.22715801, 37.96543831 ], [ 14.2268513, 37.96553918 ], [ 14.22654763, 37.96557866 ], [ 14.22633491, 37.96583884 ], [ 14.22611415, 37.9662201 ], [ 14.22604753, 37.96624215 ], [ 14.22582342, 37.96629931 ], [ 14.22568971, 37.96654705 ], [ 14.22568287, 37.96674581 ], [ 14.22570936, 37.966866 ], [ 14.22567811, 37.96693345 ], [ 14.22562868, 37.96696458 ], [ 14.22514411, 37.9670607 ], [ 14.22506399, 37.96710508 ], [ 14.22489033, 37.96721233 ], [ 14.22447486, 37.96738986 ], [ 14.22424424, 37.96768094 ], [ 14.22403755, 37.9678778 ], [ 14.22416049, 37.96809482 ], [ 14.22402125, 37.96851041 ], [ 14.22404542, 37.96862622 ], [ 14.2237619, 37.96870946 ], [ 14.22375525, 37.96874529 ], [ 14.22381834, 37.96883816 ], [ 14.22386073, 37.96895245 ], [ 14.22400164, 37.96911183 ], [ 14.22380033, 37.96926124 ], [ 14.22324496, 37.96953065 ], [ 14.2230337, 37.96978453 ], [ 14.2229587, 37.97021259 ], [ 14.2229795, 37.97031078 ], [ 14.2231053, 37.97073419 ], [ 14.22304448, 37.97114529 ], [ 14.22303447, 37.97162257 ], [ 14.22302123, 37.97202903 ], [ 14.22326279, 37.9721675 ], [ 14.22368014, 37.9725891 ], [ 14.2238308, 37.97281467 ], [ 14.22397908, 37.97298956 ], [ 14.22406984, 37.97303702 ], [ 14.22412216, 37.97309133 ], [ 14.22418659, 37.97329601 ], [ 14.22436003, 37.97364035 ], [ 14.22434229, 37.97368729 ], [ 14.22436493, 37.9737745 ], [ 14.22449169, 37.97397626 ], [ 14.22469982, 37.9742683 ], [ 14.22478112, 37.97444448 ], [ 14.22487431, 37.97460076 ], [ 14.22499973, 37.97482984 ], [ 14.22512467, 37.97499686 ], [ 14.22528558, 37.97516738 ], [ 14.22563305, 37.97562527 ], [ 14.22571571, 37.97560353 ], [ 14.22580411, 37.97575197 ], [ 14.22591244, 37.97586677 ], [ 14.22610209, 37.97626236 ], [ 14.22642057, 37.97663665 ], [ 14.22658835, 37.9767668 ], [ 14.2268613, 37.97685235 ], [ 14.22720485, 37.97694589 ], [ 14.22764341, 37.97700481 ], [ 14.22795413, 37.97707117 ], [ 14.22800788, 37.97720505 ], [ 14.22808167, 37.97726857 ], [ 14.22804082, 37.97757723 ], [ 14.22812022, 37.977684 ], [ 14.22820418, 37.97775186 ], [ 14.22817917, 37.97782401 ], [ 14.22803258, 37.97766553 ], [ 14.22797724, 37.97759692 ], [ 14.22799747, 37.97733688 ], [ 14.22790805, 37.97714173 ], [ 14.22765763, 37.97708203 ], [ 14.22729238, 37.97701509 ], [ 14.22701213, 37.97696053 ], [ 14.22688577, 37.97691878 ], [ 14.2268365, 37.97690241 ], [ 14.22664154, 37.97683616 ], [ 14.22651165, 37.97678722 ], [ 14.22641131, 37.97671545 ], [ 14.2262974, 37.976595 ], [ 14.22596983, 37.97626302 ], [ 14.22576179, 37.97585817 ], [ 14.22538762, 37.97542276 ], [ 14.2249134, 37.97485182 ], [ 14.22470966, 37.97450664 ], [ 14.2246505, 37.97433179 ], [ 14.22431346, 37.97401407 ], [ 14.22405108, 37.97369322 ], [ 14.22344426, 37.97294183 ], [ 14.22329475, 37.97293125 ], [ 14.22283748, 37.97289891 ], [ 14.22255465, 37.97287891 ], [ 14.22252999, 37.97287716 ], [ 14.22237542, 37.97284467 ], [ 14.22229455, 37.97278157 ], [ 14.22174377, 37.97233291 ], [ 14.22120252, 37.97207915 ], [ 14.22085564, 37.97188591 ], [ 14.22054585, 37.97169185 ], [ 14.22023946, 37.97148598 ], [ 14.21992251, 37.9712464 ], [ 14.2191838, 37.97084056 ], [ 14.21869639, 37.97064972 ], [ 14.21845831, 37.97056042 ], [ 14.21740425, 37.97044294 ], [ 14.21666341, 37.97094568 ], [ 14.21612428, 37.97129618 ], [ 14.215577, 37.97157944 ], [ 14.21518951, 37.97177319 ], [ 14.21406282, 37.97215985 ], [ 14.21417521, 37.97228708 ], [ 14.21480156, 37.97259231 ], [ 14.21512704, 37.97272448 ], [ 14.21554353, 37.97315582 ], [ 14.21592052, 37.97324666 ], [ 14.216387, 37.9731803 ], [ 14.21649233, 37.97317751 ], [ 14.217007, 37.97319974 ], [ 14.21814238, 37.97340343 ], [ 14.21843704, 37.97353716 ], [ 14.21887252, 37.97372457 ], [ 14.219038, 37.97380407 ], [ 14.21953499, 37.97413435 ], [ 14.2200571, 37.97469894 ], [ 14.22014649, 37.97472027 ], [ 14.22072253, 37.97486111 ], [ 14.2212811, 37.97512877 ], [ 14.22167344, 37.97542538 ], [ 14.22187401, 37.9756567 ], [ 14.22198384, 37.97577563 ], [ 14.22220732, 37.97590869 ], [ 14.22238783, 37.97603841 ], [ 14.22288356, 37.97652812 ], [ 14.22303959, 37.97656983 ], [ 14.22387656, 37.9768004 ], [ 14.22456451, 37.97748989 ], [ 14.22471436, 37.97779224 ], [ 14.22483624, 37.97805766 ], [ 14.22477894, 37.97804339 ], [ 14.22451056, 37.97752195 ], [ 14.22386471, 37.97686353 ], [ 14.22282618, 37.97657295 ], [ 14.22231669, 37.97605766 ], [ 14.22223441, 37.97600597 ], [ 14.22189703, 37.97579078 ], [ 14.22163749, 37.97547747 ], [ 14.22123963, 37.97517345 ], [ 14.22072288, 37.97491608 ], [ 14.22042411, 37.97484735 ], [ 14.22001107, 37.97474796 ], [ 14.21946527, 37.9741305 ], [ 14.21893721, 37.97381452 ], [ 14.21858345, 37.97365837 ], [ 14.21807812, 37.97344086 ], [ 14.21789705, 37.97341186 ], [ 14.2178536, 37.97340186 ], [ 14.21731186, 37.97330724 ], [ 14.21690258, 37.97324593 ], [ 14.21646457, 37.97322063 ], [ 14.2159403, 37.97330729 ], [ 14.2154919, 37.97318709 ], [ 14.21510523, 37.97277317 ], [ 14.2148802, 37.97269095 ], [ 14.21477465, 37.97265558 ], [ 14.21402597, 37.97293439 ], [ 14.21333742, 37.97377239 ], [ 14.21264892, 37.97457831 ], [ 14.21234126, 37.97491579 ], [ 14.21196744, 37.97534316 ], [ 14.21154281, 37.97585935 ], [ 14.21109775, 37.97639217 ], [ 14.21073878, 37.97710205 ], [ 14.21114701, 37.97798312 ], [ 14.21116017, 37.97870829 ], [ 14.21116815, 37.97901466 ], [ 14.21140577, 37.97931912 ], [ 14.21161038, 37.97947442 ], [ 14.21165455, 37.97946566 ], [ 14.21185846, 37.97917857 ], [ 14.21215195, 37.97892368 ], [ 14.21240365, 37.97868329 ], [ 14.21287954, 37.97834582 ], [ 14.21378811, 37.97822026 ], [ 14.21472008, 37.9780249 ], [ 14.21499521, 37.97797162 ], [ 14.21619829, 37.97726288 ], [ 14.21638687, 37.97716946 ], [ 14.21662914, 37.97707761 ], [ 14.21721492, 37.97709463 ], [ 14.21780242, 37.97702819 ], [ 14.21792953, 37.97700125 ], [ 14.21821568, 37.97689135 ], [ 14.21866371, 37.97680975 ], [ 14.21913784, 37.97680549 ], [ 14.21931526, 37.97685798 ], [ 14.21955522, 37.9769334 ], [ 14.22002788, 37.97695118 ], [ 14.22030062, 37.97728159 ], [ 14.22048279, 37.97754401 ], [ 14.22136763, 37.97751393 ], [ 14.22250753, 37.9774765 ], [ 14.22382513, 37.97785978 ], [ 14.22419743, 37.97799996 ], [ 14.22402106, 37.97800851 ], [ 14.22372694, 37.9779187 ], [ 14.22338644, 37.9778045 ], [ 14.22293089, 37.97766867 ], [ 14.22246324, 37.9775559 ], [ 14.22171468, 37.97757896 ], [ 14.22114804, 37.9776114 ], [ 14.22044221, 37.97762483 ], [ 14.22035152, 37.97757019 ], [ 14.22026654, 37.97738134 ], [ 14.21997616, 37.97702735 ], [ 14.21951776, 37.97699959 ], [ 14.21915215, 37.97690472 ], [ 14.21879707, 37.97689291 ], [ 14.21859181, 37.97691002 ], [ 14.21815301, 37.97699264 ], [ 14.21792665, 37.97710445 ], [ 14.21777561, 37.97711926 ], [ 14.21762044, 37.97713654 ], [ 14.21747519, 37.97715128 ], [ 14.21734646, 37.97716352 ], [ 14.21723095, 37.97717065 ], [ 14.21710562, 37.97716735 ], [ 14.21700999, 37.97716421 ], [ 14.21693084, 37.97716118 ], [ 14.21679564, 37.97715523 ], [ 14.21669681, 37.97713653 ] ] ] } },
{ "type": "Feature", "properties": { "gml_id": "CadastralParcel.IT.AGE.PLA.I028_000900.STRADA004", "INSPIREID_LOCALID": "IT.AGE.PLA.I028_000900.STRADA004", "INSPIREID_NAMESPACE": "IT.AGE.PLA.", "LABEL": "STRADA004", "NATIONALCADASTRALREFERENCE": "I028_000900.STRADA004", "ADMINISTRATIVEUNIT": "I028" }, "geometry": { "type": "Polygon", "coordinates": [ [ [ 14.22036941, 37.96725625 ], [ 14.2198756, 37.96785332 ], [ 14.21979263, 37.96783864 ], [ 14.21929021, 37.96805415 ], [ 14.21914869, 37.9682198 ], [ 14.21880507, 37.96846998 ], [ 14.21852808, 37.96864161 ], [ 14.21835145, 37.96899327 ], [ 14.21824793, 37.96923596 ], [ 14.21817565, 37.96925546 ], [ 14.21818023, 37.96924352 ], [ 14.21828586, 37.96900362 ], [ 14.21836747, 37.96883559 ], [ 14.21844735, 37.96861535 ], [ 14.21857834, 37.9685509 ], [ 14.2187935, 37.96843196 ], [ 14.21893769, 37.96831937 ], [ 14.21906155, 37.96822644 ], [ 14.21922173, 37.9680375 ], [ 14.2195453, 37.96789678 ], [ 14.21982234, 37.96777183 ], [ 14.22015698, 37.96737045 ], [ 14.22056094, 37.96689845 ], [ 14.22072985, 37.96667118 ], [ 14.2210865, 37.9662438 ], [ 14.221152, 37.96598826 ], [ 14.22132263, 37.96534067 ], [ 14.22139677, 37.96508065 ], [ 14.22142092, 37.96500874 ], [ 14.22159245, 37.96468491 ], [ 14.22174959, 37.96440656 ], [ 14.22203371, 37.96402082 ], [ 14.22233011, 37.96364125 ], [ 14.22246368, 37.96363054 ], [ 14.22341304, 37.96357753 ], [ 14.22340017, 37.96359212 ], [ 14.22332258, 37.96379491 ], [ 14.22240415, 37.96371766 ], [ 14.22202583, 37.96422442 ], [ 14.2217669, 37.96461373 ], [ 14.22153642, 37.96500363 ], [ 14.22138844, 37.96555017 ], [ 14.22119588, 37.96628814 ], [ 14.22100998, 37.96649561 ], [ 14.22036941, 37.96725625 ] ] ] } },
{ "type": "Feature", "properties": { "gml_id": "CadastralParcel.IT.AGE.PLA.L478_002400.STRADA001", "INSPIREID_LOCALID": "IT.AGE.PLA.L478_002400.STRADA001", "INSPIREID_NAMESPACE": "IT.AGE.PLA.", "LABEL": "STRADA001", "NATIONALCADASTRALREFERENCE": "L478_002400.STRADA001", "ADMINISTRATIVEUNIT": "L478" }, "geometry": { "type": "Polygon", "coordinates": [ [ [ 14.21669681, 37.97713653 ], [ 14.21647125, 37.97724041 ], [ 14.21633732, 37.97729795 ], [ 14.2150996, 37.97804502 ], [ 14.21291563, 37.97844512 ], [ 14.21253323, 37.97870533 ], [ 14.21196316, 37.97925808 ], [ 14.21170314, 37.97958117 ], [ 14.21153706, 37.9796523 ], [ 14.21131231, 37.98000148 ], [ 14.2112427, 37.98005119 ], [ 14.21070248, 37.98041943 ], [ 14.21055301, 37.98067272 ], [ 14.21016907, 37.9809316 ], [ 14.21061879, 37.98144366 ], [ 14.21069809, 37.98203381 ], [ 14.21037279, 37.98265354 ], [ 14.20985884, 37.98283491 ], [ 14.20955394, 37.98307978 ], [ 14.20946293, 37.98305138 ], [ 14.20958136, 37.98290547 ], [ 14.21010763, 37.98259661 ], [ 14.21045314, 37.98200194 ], [ 14.21040378, 37.9814992 ], [ 14.21003687, 37.98089532 ], [ 14.210514, 37.98062588 ], [ 14.21064588, 37.98040427 ], [ 14.21127739, 37.97996929 ], [ 14.21145137, 37.97956062 ], [ 14.21112125, 37.97902382 ], [ 14.21108213, 37.97796204 ], [ 14.21069249, 37.97710761 ], [ 14.21103168, 37.9763924 ], [ 14.21193525, 37.97528489 ], [ 14.21190673, 37.97522372 ], [ 14.21207663, 37.97507245 ], [ 14.2134879, 37.97346866 ], [ 14.21395997, 37.97290199 ], [ 14.21426378, 37.97269244 ], [ 14.21451427, 37.972505 ], [ 14.21419766, 37.97236409 ], [ 14.21394765, 37.97228965 ], [ 14.21387115, 37.97212974 ], [ 14.21406551, 37.97211137 ], [ 14.21521835, 37.97170941 ], [ 14.21611116, 37.97124605 ], [ 14.21734662, 37.97042662 ], [ 14.21807738, 37.9697157 ], [ 14.21837251, 37.96897209 ], [ 14.21857615, 37.96861376 ], [ 14.21913529, 37.96827424 ], [ 14.21934088, 37.96804615 ], [ 14.21981627, 37.96784227 ], [ 14.2198635, 37.96786499 ], [ 14.21935781, 37.96808168 ], [ 14.21920889, 37.96827167 ], [ 14.21899594, 37.96841414 ], [ 14.21864634, 37.96862748 ], [ 14.21858437, 37.96869853 ], [ 14.21856772, 37.96874526 ], [ 14.21848335, 37.96892374 ], [ 14.21839946, 37.96903973 ], [ 14.21813274, 37.96973447 ], [ 14.21749591, 37.97036688 ], [ 14.21803057, 37.97043542 ], [ 14.21848956, 37.97048192 ], [ 14.2190419, 37.97069789 ], [ 14.2192769, 37.97079897 ], [ 14.21944744, 37.9708933 ], [ 14.21991017, 37.97114927 ], [ 14.22044148, 37.97151843 ], [ 14.22079392, 37.97173775 ], [ 14.22130511, 37.97203758 ], [ 14.22171361, 37.97223377 ], [ 14.22190951, 37.97237002 ], [ 14.22242155, 37.97278633 ], [ 14.22250912, 37.9728124 ], [ 14.22335942, 37.97286448 ], [ 14.22316194, 37.97272807 ], [ 14.22294497, 37.97233941 ], [ 14.22292681, 37.97200594 ], [ 14.22300301, 37.9713555 ], [ 14.22300419, 37.97114511 ], [ 14.22304148, 37.97071405 ], [ 14.22297956, 37.97047193 ], [ 14.22291765, 37.97023807 ], [ 14.22293949, 37.97010208 ], [ 14.22300312, 37.96974837 ], [ 14.22322378, 37.96948923 ], [ 14.22357998, 37.96930169 ], [ 14.2237813, 37.96921655 ], [ 14.22389946, 37.96910674 ], [ 14.22375206, 37.96888995 ], [ 14.22374301, 37.9688298 ], [ 14.22367003, 37.96874031 ], [ 14.223699, 37.96868186 ], [ 14.22381742, 37.96863941 ], [ 14.22396153, 37.96860705 ], [ 14.22393756, 37.96845245 ], [ 14.22405779, 37.96810302 ], [ 14.22395224, 37.96786351 ], [ 14.22398682, 37.9678133 ], [ 14.22423577, 37.96756276 ], [ 14.22441283, 37.96734427 ], [ 14.22483047, 37.96717079 ], [ 14.22507179, 37.96701787 ], [ 14.22550484, 37.96691551 ], [ 14.22560675, 37.96686533 ], [ 14.22562219, 37.96650964 ], [ 14.22570104, 37.96640321 ], [ 14.22582953, 37.96624987 ], [ 14.22604662, 37.96614744 ], [ 14.22647435, 37.96550154 ], [ 14.22674261, 37.9654312 ], [ 14.22744769, 37.96519869 ], [ 14.22773875, 37.96503654 ], [ 14.22782481, 37.96493785 ], [ 14.22796832, 37.96477285 ], [ 14.22828463, 37.96446497 ], [ 14.22859266, 37.96422244 ], [ 14.22871592, 37.96416943 ], [ 14.22887544, 37.96402225 ], [ 14.22925427, 37.96374379 ], [ 14.22961356, 37.96346632 ], [ 14.22971707, 37.9633286 ], [ 14.2296963, 37.963135 ], [ 14.22955929, 37.96301789 ], [ 14.22925593, 37.96281699 ], [ 14.22906503, 37.96240704 ], [ 14.22898816, 37.96227916 ], [ 14.22841265, 37.96239606 ], [ 14.22790994, 37.96240858 ], [ 14.22753619, 37.9624664 ], [ 14.22710754, 37.96262285 ], [ 14.22695763, 37.96267215 ], [ 14.22636788, 37.96298698 ], [ 14.225977, 37.96323763 ], [ 14.22538425, 37.96362518 ], [ 14.22474511, 37.96373054 ], [ 14.22333351, 37.96382103 ], [ 14.22344579, 37.96360186 ], [ 14.22436798, 37.96367043 ], [ 14.22475492, 37.9636306 ], [ 14.2253911, 37.96352155 ], [ 14.22572972, 37.96327898 ], [ 14.22613537, 37.96301954 ], [ 14.22642821, 37.96284862 ], [ 14.22669104, 37.96272354 ], [ 14.22703374, 37.9625757 ], [ 14.22747301, 37.96241448 ], [ 14.22780477, 37.96237165 ], [ 14.22845136, 37.9622995 ], [ 14.22893261, 37.96214809 ], [ 14.22886225, 37.96203867 ], [ 14.22857167, 37.96172043 ], [ 14.22841701, 37.96138328 ], [ 14.22799914, 37.9610926 ], [ 14.22791331, 37.96089341 ], [ 14.22791663, 37.96080835 ], [ 14.22784369, 37.96069947 ], [ 14.22784185, 37.96030974 ], [ 14.22777238, 37.95990636 ], [ 14.22789958, 37.95959062 ], [ 14.22809668, 37.95933628 ], [ 14.22813304, 37.95913817 ], [ 14.22822431, 37.95902778 ], [ 14.22835021, 37.95875274 ], [ 14.228635, 37.9585622 ], [ 14.22833044, 37.95911953 ], [ 14.22825947, 37.95916465 ], [ 14.22818079, 37.95934086 ], [ 14.22800261, 37.95961485 ], [ 14.22790824, 37.95992623 ], [ 14.22796926, 37.96030286 ], [ 14.22798148, 37.96069767 ], [ 14.22805535, 37.96081807 ], [ 14.2281062, 37.96102733 ], [ 14.22849469, 37.96130649 ], [ 14.22867756, 37.9616449 ], [ 14.22896319, 37.96197265 ], [ 14.22907595, 37.96213158 ], [ 14.22935816, 37.96274159 ], [ 14.22957901, 37.96287371 ], [ 14.22979266, 37.96305961 ], [ 14.22985548, 37.96334344 ], [ 14.22970468, 37.96354576 ], [ 14.22949621, 37.96372177 ], [ 14.22899768, 37.96404068 ], [ 14.22869861, 37.96428305 ], [ 14.22908582, 37.96466028 ], [ 14.2298584, 37.96575237 ], [ 14.2305442, 37.96640819 ], [ 14.23119743, 37.96681015 ], [ 14.23119143, 37.96688876 ], [ 14.23064802, 37.96652473 ], [ 14.2304867, 37.96643221 ], [ 14.22981092, 37.96576724 ], [ 14.22976028, 37.96570163 ], [ 14.22902446, 37.9646856 ], [ 14.2286199, 37.96432305 ], [ 14.22848616, 37.96441499 ], [ 14.22809212, 37.96478824 ], [ 14.22780844, 37.96510312 ], [ 14.22762066, 37.96519151 ], [ 14.22742153, 37.96531705 ], [ 14.22715801, 37.96543831 ], [ 14.2268513, 37.96553918 ], [ 14.22654763, 37.96557866 ], [ 14.22633491, 37.96583884 ], [ 14.22611415, 37.9662201 ], [ 14.22604753, 37.96624215 ], [ 14.22582342, 37.96629931 ], [ 14.22568971, 37.96654705 ], [ 14.22568287, 37.96674581 ], [ 14.22570936, 37.966866 ], [ 14.22567811, 37.96693345 ], [ 14.22562868, 37.96696458 ], [ 14.22514411, 37.9670607 ], [ 14.22506399, 37.96710508 ], [ 14.22489033, 37.96721233 ], [ 14.22447486, 37.96738986 ], [ 14.22424424, 37.96768094 ], [ 14.22403755, 37.9678778 ], [ 14.22416049, 37.96809482 ], [ 14.22402125, 37.96851041 ], [ 14.22404542, 37.96862622 ], [ 14.2237619, 37.96870946 ], [ 14.22375525, 37.96874529 ], [ 14.22381834, 37.96883816 ], [ 14.22386073, 37.96895245 ], [ 14.22400164, 37.96911183 ], [ 14.22380033, 37.96926124 ], [ 14.22324496, 37.96953065 ], [ 14.2230337, 37.96978453 ], [ 14.2229587, 37.97021259 ], [ 14.2229795, 37.97031078 ], [ 14.2231053, 37.97073419 ], [ 14.22304448, 37.97114529 ], [ 14.22303447, 37.97162257 ], [ 14.22302123, 37.97202903 ], [ 14.22326279, 37.9721675 ], [ 14.22368014, 37.9725891 ], [ 14.2238308, 37.97281467 ], [ 14.22397908, 37.97298956 ], [ 14.22406984, 37.97303702 ], [ 14.22412216, 37.97309133 ], [ 14.22418659, 37.97329601 ], [ 14.22436003, 37.97364035 ], [ 14.22434229, 37.97368729 ], [ 14.22436493, 37.9737745 ], [ 14.22449169, 37.97397626 ], [ 14.22469982, 37.9742683 ], [ 14.22478112, 37.97444448 ], [ 14.22487431, 37.97460076 ], [ 14.22499973, 37.97482984 ], [ 14.22512467, 37.97499686 ], [ 14.22528558, 37.97516738 ], [ 14.22563305, 37.97562527 ], [ 14.22571571, 37.97560353 ], [ 14.22580411, 37.97575197 ], [ 14.22591244, 37.97586677 ], [ 14.22610209, 37.97626236 ], [ 14.22642057, 37.97663665 ], [ 14.22658835, 37.9767668 ], [ 14.2268613, 37.97685235 ], [ 14.22720485, 37.97694589 ], [ 14.22764341, 37.97700481 ], [ 14.22795413, 37.97707117 ], [ 14.22800788, 37.97720505 ], [ 14.22808167, 37.97726857 ], [ 14.22804082, 37.97757723 ], [ 14.22812022, 37.977684 ], [ 14.22820418, 37.97775186 ], [ 14.22817917, 37.97782401 ], [ 14.22803258, 37.97766553 ], [ 14.22797724, 37.97759692 ], [ 14.22799747, 37.97733688 ], [ 14.22790805, 37.97714173 ], [ 14.22765763, 37.97708203 ], [ 14.22729238, 37.97701509 ], [ 14.22701213, 37.97696053 ], [ 14.22688577, 37.97691878 ], [ 14.2268365, 37.97690241 ], [ 14.22664154, 37.97683616 ], [ 14.22651165, 37.97678722 ], [ 14.22641131, 37.97671545 ], [ 14.2262974, 37.976595 ], [ 14.22596983, 37.97626302 ], [ 14.22576179, 37.97585817 ], [ 14.22538762, 37.97542276 ], [ 14.2249134, 37.97485182 ], [ 14.22470966, 37.97450664 ], [ 14.2246505, 37.97433179 ], [ 14.22431346, 37.97401407 ], [ 14.22405108, 37.97369322 ], [ 14.22344426, 37.97294183 ], [ 14.22329475, 37.97293125 ], [ 14.22283748, 37.97289891 ], [ 14.22255465, 37.97287891 ], [ 14.22252999, 37.97287716 ], [ 14.22237542, 37.97284467 ], [ 14.22229455, 37.97278157 ], [ 14.22174377, 37.97233291 ], [ 14.22120252, 37.97207915 ], [ 14.22085564, 37.97188591 ], [ 14.22054585, 37.97169185 ], [ 14.22023946, 37.97148598 ], [ 14.21992251, 37.9712464 ], [ 14.2191838, 37.97084056 ], [ 14.21869639, 37.97064972 ], [ 14.21845831, 37.97056042 ], [ 14.21740425, 37.97044294 ], [ 14.21666341, 37.97094568 ], [ 14.21612428, 37.97129618 ], [ 14.215577, 37.97157944 ], [ 14.21518951, 37.97177319 ], [ 14.21406282, 37.97215985 ], [ 14.21417521, 37.97228708 ], [ 14.21480156, 37.97259231 ], [ 14.21512704, 37.97272448 ], [ 14.21554353, 37.97315582 ], [ 14.21592052, 37.97324666 ], [ 14.216387, 37.9731803 ], [ 14.21649233, 37.97317751 ], [ 14.217007, 37.97319974 ], [ 14.21814238, 37.97340343 ], [ 14.21843704, 37.97353716 ], [ 14.21887252, 37.97372457 ], [ 14.219038, 37.97380407 ], [ 14.21953499, 37.97413435 ], [ 14.2200571, 37.97469894 ], [ 14.22014649, 37.97472027 ], [ 14.22072253, 37.97486111 ], [ 14.2212811, 37.97512877 ], [ 14.22167344, 37.97542538 ], [ 14.22187401, 37.9756567 ], [ 14.22198384, 37.97577563 ], [ 14.22220732, 37.97590869 ], [ 14.22238783, 37.97603841 ], [ 14.22288356, 37.97652812 ], [ 14.22303959, 37.97656983 ], [ 14.22387656, 37.9768004 ], [ 14.22456451, 37.97748989 ], [ 14.22471436, 37.97779224 ], [ 14.22483624, 37.97805766 ], [ 14.22477894, 37.97804339 ], [ 14.22451056, 37.97752195 ], [ 14.22386471, 37.97686353 ], [ 14.22282618, 37.97657295 ], [ 14.22231669, 37.97605766 ], [ 14.22223441, 37.97600597 ], [ 14.22189703, 37.97579078 ], [ 14.22163749, 37.97547747 ], [ 14.22123963, 37.97517345 ], [ 14.22072288, 37.97491608 ], [ 14.22042411, 37.97484735 ], [ 14.22001107, 37.97474796 ], [ 14.21946527, 37.9741305 ], [ 14.21893721, 37.97381452 ], [ 14.21858345, 37.97365837 ], [ 14.21807812, 37.97344086 ], [ 14.21789705, 37.97341186 ], [ 14.2178536, 37.97340186 ], [ 14.21731186, 37.97330724 ], [ 14.21690258, 37.97324593 ], [ 14.21646457, 37.97322063 ], [ 14.2159403, 37.97330729 ], [ 14.2154919, 37.97318709 ], [ 14.21510523, 37.97277317 ], [ 14.2148802, 37.97269095 ], [ 14.21477465, 37.97265558 ], [ 14.21402597, 37.97293439 ], [ 14.21333742, 37.97377239 ], [ 14.21264892, 37.97457831 ], [ 14.21234126, 37.97491579 ], [ 14.21196744, 37.97534316 ], [ 14.21154281, 37.97585935 ], [ 14.21109775, 37.97639217 ], [ 14.21073878, 37.97710205 ], [ 14.21114701, 37.97798312 ], [ 14.21116017, 37.97870829 ], [ 14.21116815, 37.97901466 ], [ 14.21140577, 37.97931912 ], [ 14.21161038, 37.97947442 ], [ 14.21165455, 37.97946566 ], [ 14.21185846, 37.97917857 ], [ 14.21215195, 37.97892368 ], [ 14.21240365, 37.97868329 ], [ 14.21287954, 37.97834582 ], [ 14.21378811, 37.97822026 ], [ 14.21472008, 37.9780249 ], [ 14.21499521, 37.97797162 ], [ 14.21619829, 37.97726288 ], [ 14.21638687, 37.97716946 ], [ 14.21662914, 37.97707761 ], [ 14.21721492, 37.97709463 ], [ 14.21780242, 37.97702819 ], [ 14.21792953, 37.97700125 ], [ 14.21821568, 37.97689135 ], [ 14.21866371, 37.97680975 ], [ 14.21913784, 37.97680549 ], [ 14.21931526, 37.97685798 ], [ 14.21955522, 37.9769334 ], [ 14.22002788, 37.97695118 ], [ 14.22030062, 37.97728159 ], [ 14.22048279, 37.97754401 ], [ 14.22136763, 37.97751393 ], [ 14.22250753, 37.9774765 ], [ 14.22382513, 37.97785978 ], [ 14.22419743, 37.97799996 ], [ 14.22402106, 37.97800851 ], [ 14.22372694, 37.9779187 ], [ 14.22338644, 37.9778045 ], [ 14.22293089, 37.97766867 ], [ 14.22246324, 37.9775559 ], [ 14.22171468, 37.97757896 ], [ 14.22114804, 37.9776114 ], [ 14.22044221, 37.97762483 ], [ 14.22035152, 37.97757019 ], [ 14.22026654, 37.97738134 ], [ 14.21997616, 37.97702735 ], [ 14.21951776, 37.97699959 ], [ 14.21915215, 37.97690472 ], [ 14.21879707, 37.97689291 ], [ 14.21859181, 37.97691002 ], [ 14.21815301, 37.97699264 ], [ 14.21792665, 37.97710445 ], [ 14.21777561, 37.97711926 ], [ 14.21762044, 37.97713654 ], [ 14.21747519, 37.97715128 ], [ 14.21734646, 37.97716352 ], [ 14.21723095, 37.97717065 ], [ 14.21710562, 37.97716735 ], [ 14.21700999, 37.97716421 ], [ 14.21693084, 37.97716118 ], [ 14.21679564, 37.97715523 ], [ 14.21669681, 37.97713653 ] ] ] } },
{ "type": "Feature", "properties": { "gml_id": "CadastralParcel.IT.AGE.PLA.L478_002400.48", "INSPIREID_LOCALID": "IT.AGE.PLA.L478_002400.48", "INSPIREID_NAMESPACE": "IT.AGE.PLA.", "LABEL": "48", "NATIONALCADASTRALREFERENCE": "L478_002400.48", "ADMINISTRATIVEUNIT": "L478" }, "geometry": { "type": "Polygon", "coordinates": [ [ [ 14.22110722, 37.96746903 ], [ 14.22188974, 37.96710117 ], [ 14.22281447, 37.96789116 ], [ 14.22134842, 37.96894123 ], [ 14.2198635, 37.96786499 ], [ 14.21991892, 37.96784131 ], [ 14.22110722, 37.96746903 ] ] ] } },
{ "type": "Feature", "properties": { "gml_id": "CadastralParcel.IT.AGE.PLA.L478_002400.STRADA002", "INSPIREID_LOCALID": "IT.AGE.PLA.L478_002400.STRADA002", "INSPIREID_NAMESPACE": "IT.AGE.PLA.", "LABEL": "STRADA002", "NATIONALCADASTRALREFERENCE": "L478_002400.STRADA002", "ADMINISTRATIVEUNIT": "L478" }, "geometry": { "type": "Polygon", "coordinates": [ [ [ 14.21669681, 37.97713653 ], [ 14.21647125, 37.97724041 ], [ 14.21633732, 37.97729795 ], [ 14.2150996, 37.97804502 ], [ 14.21291563, 37.97844512 ], [ 14.21253323, 37.97870533 ], [ 14.21196316, 37.97925808 ], [ 14.21170314, 37.97958117 ], [ 14.21153706, 37.9796523 ], [ 14.21131231, 37.98000148 ], [ 14.2112427, 37.98005119 ], [ 14.21070248, 37.98041943 ], [ 14.21055301, 37.98067272 ], [ 14.21016907, 37.9809316 ], [ 14.21061879, 37.98144366 ], [ 14.21069809, 37.98203381 ], [ 14.21037279, 37.98265354 ], [ 14.20985884, 37.98283491 ], [ 14.20955394, 37.98307978 ], [ 14.20946293, 37.98305138 ], [ 14.20958136, 37.98290547 ], [ 14.21010763, 37.98259661 ], [ 14.21045314, 37.98200194 ], [ 14.21040378, 37.9814992 ], [ 14.21003687, 37.98089532 ], [ 14.210514, 37.98062588 ], [ 14.21064588, 37.98040427 ], [ 14.21127739, 37.97996929 ], [ 14.21145137, 37.97956062 ], [ 14.21112125, 37.97902382 ], [ 14.21108213, 37.97796204 ], [ 14.21069249, 37.97710761 ], [ 14.21103168, 37.9763924 ], [ 14.21193525, 37.97528489 ], [ 14.21190673, 37.97522372 ], [ 14.21207663, 37.97507245 ], [ 14.2134879, 37.97346866 ], [ 14.21395997, 37.97290199 ], [ 14.21426378, 37.97269244 ], [ 14.21451427, 37.972505 ], [ 14.21419766, 37.97236409 ], [ 14.21394765, 37.97228965 ], [ 14.21387115, 37.97212974 ], [ 14.21406551, 37.97211137 ], [ 14.21521835, 37.97170941 ], [ 14.21611116, 37.97124605 ], [ 14.21734662, 37.97042662 ], [ 14.21807738, 37.9697157 ], [ 14.21837251, 37.96897209 ], [ 14.21857615, 37.96861376 ], [ 14.21913529, 37.96827424 ], [ 14.21934088, 37.96804615 ], [ 14.21981627, 37.96784227 ], [ 14.2198635, 37.96786499 ], [ 14.21935781, 37.96808168 ], [ 14.21920889, 37.96827167 ], [ 14.21899594, 37.96841414 ], [ 14.21864634, 37.96862748 ], [ 14.21858437, 37.96869853 ], [ 14.21856772, 37.96874526 ], [ 14.21848335, 37.96892374 ], [ 14.21839946, 37.96903973 ], [ 14.21813274, 37.96973447 ], [ 14.21749591, 37.97036688 ], [ 14.21803057, 37.97043542 ], [ 14.21848956, 37.97048192 ], [ 14.2190419, 37.97069789 ], [ 14.2192769, 37.97079897 ], [ 14.21944744, 37.9708933 ], [ 14.21991017, 37.97114927 ], [ 14.22044148, 37.97151843 ], [ 14.22079392, 37.97173775 ], [ 14.22130511, 37.97203758 ], [ 14.22171361, 37.97223377 ], [ 14.22190951, 37.97237002 ], [ 14.22242155, 37.97278633 ], [ 14.22250912, 37.9728124 ], [ 14.22335942, 37.97286448 ], [ 14.22316194, 37.97272807 ], [ 14.22294497, 37.97233941 ], [ 14.22292681, 37.97200594 ], [ 14.22300301, 37.9713555 ], [ 14.22300419, 37.97114511 ], [ 14.22304148, 37.97071405 ], [ 14.22297956, 37.97047193 ], [ 14.22291765, 37.97023807 ], [ 14.22293949, 37.97010208 ], [ 14.22300312, 37.96974837 ], [ 14.22322378, 37.96948923 ], [ 14.22357998, 37.96930169 ], [ 14.2237813, 37.96921655 ], [ 14.22389946, 37.96910674 ], [ 14.22375206, 37.96888995 ], [ 14.22374301, 37.9688298 ], [ 14.22367003, 37.96874031 ], [ 14.223699, 37.96868186 ], [ 14.22381742, 37.96863941 ], [ 14.22396153, 37.96860705 ], [ 14.22393756, 37.96845245 ], [ 14.22405779, 37.96810302 ], [ 14.22395224, 37.96786351 ], [ 14.22398682, 37.9678133 ], [ 14.22423577, 37.96756276 ], [ 14.22441283, 37.96734427 ], [ 14.22483047, 37.96717079 ], [ 14.22507179, 37.96701787 ], [ 14.22550484, 37.96691551 ], [ 14.22560675, 37.96686533 ], [ 14.22562219, 37.96650964 ], [ 14.22570104, 37.96640321 ], [ 14.22582953, 37.96624987 ], [ 14.22604662, 37.96614744 ], [ 14.22647435, 37.96550154 ], [ 14.22674261, 37.9654312 ], [ 14.22744769, 37.96519869 ], [ 14.22773875, 37.96503654 ], [ 14.22782481, 37.96493785 ], [ 14.22796832, 37.96477285 ], [ 14.22828463, 37.96446497 ], [ 14.22859266, 37.96422244 ], [ 14.22871592, 37.96416943 ], [ 14.22887544, 37.96402225 ], [ 14.22925427, 37.96374379 ], [ 14.22961356, 37.96346632 ], [ 14.22971707, 37.9633286 ], [ 14.2296963, 37.963135 ], [ 14.22955929, 37.96301789 ], [ 14.22925593, 37.96281699 ], [ 14.22906503, 37.96240704 ], [ 14.22898816, 37.96227916 ], [ 14.22841265, 37.96239606 ], [ 14.22790994, 37.96240858 ], [ 14.22753619, 37.9624664 ], [ 14.22710754, 37.96262285 ], [ 14.22695763, 37.96267215 ], [ 14.22636788, 37.96298698 ], [ 14.225977, 37.96323763 ], [ 14.22538425, 37.96362518 ], [ 14.22474511, 37.96373054 ], [ 14.22333351, 37.96382103 ], [ 14.22344579, 37.96360186 ], [ 14.22436798, 37.96367043 ], [ 14.22475492, 37.9636306 ], [ 14.2253911, 37.96352155 ], [ 14.22572972, 37.96327898 ], [ 14.22613537, 37.96301954 ], [ 14.22642821, 37.96284862 ], [ 14.22669104, 37.96272354 ], [ 14.22703374, 37.9625757 ], [ 14.22747301, 37.96241448 ], [ 14.22780477, 37.96237165 ], [ 14.22845136, 37.9622995 ], [ 14.22893261, 37.96214809 ], [ 14.22886225, 37.96203867 ], [ 14.22857167, 37.96172043 ], [ 14.22841701, 37.96138328 ], [ 14.22799914, 37.9610926 ], [ 14.22791331, 37.96089341 ], [ 14.22791663, 37.96080835 ], [ 14.22784369, 37.96069947 ], [ 14.22784185, 37.96030974 ], [ 14.22777238, 37.95990636 ], [ 14.22789958, 37.95959062 ], [ 14.22809668, 37.95933628 ], [ 14.22813304, 37.95913817 ], [ 14.22822431, 37.95902778 ], [ 14.22835021, 37.95875274 ], [ 14.228635, 37.9585622 ], [ 14.22833044, 37.95911953 ], [ 14.22825947, 37.95916465 ], [ 14.22818079, 37.95934086 ], [ 14.22800261, 37.95961485 ], [ 14.22790824, 37.95992623 ], [ 14.22796926, 37.96030286 ], [ 14.22798148, 37.96069767 ], [ 14.22805535, 37.96081807 ], [ 14.2281062, 37.96102733 ], [ 14.22849469, 37.96130649 ], [ 14.22867756, 37.9616449 ], [ 14.22896319, 37.96197265 ], [ 14.22907595, 37.96213158 ], [ 14.22935816, 37.96274159 ], [ 14.22957901, 37.96287371 ], [ 14.22979266, 37.96305961 ], [ 14.22985548, 37.96334344 ], [ 14.22970468, 37.96354576 ], [ 14.22949621, 37.96372177 ], [ 14.22899768, 37.96404068 ], [ 14.22869861, 37.96428305 ], [ 14.22908582, 37.96466028 ], [ 14.2298584, 37.96575237 ], [ 14.2305442, 37.96640819 ], [ 14.23119743, 37.96681015 ], [ 14.23119143, 37.96688876 ], [ 14.23064802, 37.96652473 ], [ 14.2304867, 37.96643221 ], [ 14.22981092, 37.96576724 ], [ 14.22976028, 37.96570163 ], [ 14.22902446, 37.9646856 ], [ 14.2286199, 37.96432305 ], [ 14.22848616, 37.96441499 ], [ 14.22809212, 37.96478824 ], [ 14.22780844, 37.96510312 ], [ 14.22762066, 37.96519151 ], [ 14.22742153, 37.96531705 ], [ 14.22715801, 37.96543831 ], [ 14.2268513, 37.96553918 ], [ 14.22654763, 37.96557866 ], [ 14.22633491, 37.96583884 ], [ 14.22611415, 37.9662201 ], [ 14.22604753, 37.96624215 ], [ 14.22582342, 37.96629931 ], [ 14.22568971, 37.96654705 ], [ 14.22568287, 37.96674581 ], [ 14.22570936, 37.966866 ], [ 14.22567811, 37.96693345 ], [ 14.22562868, 37.96696458 ], [ 14.22514411, 37.9670607 ], [ 14.22506399, 37.96710508 ], [ 14.22489033, 37.96721233 ], [ 14.22447486, 37.96738986 ], [ 14.22424424, 37.96768094 ], [ 14.22403755, 37.9678778 ], [ 14.22416049, 37.96809482 ], [ 14.22402125, 37.96851041 ], [ 14.22404542, 37.96862622 ], [ 14.2237619, 37.96870946 ], [ 14.22375525, 37.96874529 ], [ 14.22381834, 37.96883816 ], [ 14.22386073, 37.96895245 ], [ 14.22400164, 37.96911183 ], [ 14.22380033, 37.96926124 ], [ 14.22324496, 37.96953065 ], [ 14.2230337, 37.96978453 ], [ 14.2229587, 37.97021259 ], [ 14.2229795, 37.97031078 ], [ 14.2231053, 37.97073419 ], [ 14.22304448, 37.97114529 ], [ 14.22303447, 37.97162257 ], [ 14.22302123, 37.97202903 ], [ 14.22326279, 37.9721675 ], [ 14.22368014, 37.9725891 ], [ 14.2238308, 37.97281467 ], [ 14.22397908, 37.97298956 ], [ 14.22406984, 37.97303702 ], [ 14.22412216, 37.97309133 ], [ 14.22418659, 37.97329601 ], [ 14.22436003, 37.97364035 ], [ 14.22434229, 37.97368729 ], [ 14.22436493, 37.9737745 ], [ 14.22449169, 37.97397626 ], [ 14.22469982, 37.9742683 ], [ 14.22478112, 37.97444448 ], [ 14.22487431, 37.97460076 ], [ 14.22499973, 37.97482984 ], [ 14.22512467, 37.97499686 ], [ 14.22528558, 37.97516738 ], [ 14.22563305, 37.97562527 ], [ 14.22571571, 37.97560353 ], [ 14.22580411, 37.97575197 ], [ 14.22591244, 37.97586677 ], [ 14.22610209, 37.97626236 ], [ 14.22642057, 37.97663665 ], [ 14.22658835, 37.9767668 ], [ 14.2268613, 37.97685235 ], [ 14.22720485, 37.97694589 ], [ 14.22764341, 37.97700481 ], [ 14.22795413, 37.97707117 ], [ 14.22800788, 37.97720505 ], [ 14.22808167, 37.97726857 ], [ 14.22804082, 37.97757723 ], [ 14.22812022, 37.977684 ], [ 14.22820418, 37.97775186 ], [ 14.22817917, 37.97782401 ], [ 14.22803258, 37.97766553 ], [ 14.22797724, 37.97759692 ], [ 14.22799747, 37.97733688 ], [ 14.22790805, 37.97714173 ], [ 14.22765763, 37.97708203 ], [ 14.22729238, 37.97701509 ], [ 14.22701213, 37.97696053 ], [ 14.22688577, 37.97691878 ], [ 14.2268365, 37.97690241 ], [ 14.22664154, 37.97683616 ], [ 14.22651165, 37.97678722 ], [ 14.22641131, 37.97671545 ], [ 14.2262974, 37.976595 ], [ 14.22596983, 37.97626302 ], [ 14.22576179, 37.97585817 ], [ 14.22538762, 37.97542276 ], [ 14.2249134, 37.97485182 ], [ 14.22470966, 37.97450664 ], [ 14.2246505, 37.97433179 ], [ 14.22431346, 37.97401407 ], [ 14.22405108, 37.97369322 ], [ 14.22344426, 37.97294183 ], [ 14.22329475, 37.97293125 ], [ 14.22283748, 37.97289891 ], [ 14.22255465, 37.97287891 ], [ 14.22252999, 37.97287716 ], [ 14.22237542, 37.97284467 ], [ 14.22229455, 37.97278157 ], [ 14.22174377, 37.97233291 ], [ 14.22120252, 37.97207915 ], [ 14.22085564, 37.97188591 ], [ 14.22054585, 37.97169185 ], [ 14.22023946, 37.97148598 ], [ 14.21992251, 37.9712464 ], [ 14.2191838, 37.97084056 ], [ 14.21869639, 37.97064972 ], [ 14.21845831, 37.97056042 ], [ 14.21740425, 37.97044294 ], [ 14.21666341, 37.97094568 ], [ 14.21612428, 37.97129618 ], [ 14.215577, 37.97157944 ], [ 14.21518951, 37.97177319 ], [ 14.21406282, 37.97215985 ], [ 14.21417521, 37.97228708 ], [ 14.21480156, 37.97259231 ], [ 14.21512704, 37.97272448 ], [ 14.21554353, 37.97315582 ], [ 14.21592052, 37.97324666 ], [ 14.216387, 37.9731803 ], [ 14.21649233, 37.97317751 ], [ 14.217007, 37.97319974 ], [ 14.21814238, 37.97340343 ], [ 14.21843704, 37.97353716 ], [ 14.21887252, 37.97372457 ], [ 14.219038, 37.97380407 ], [ 14.21953499, 37.97413435 ], [ 14.2200571, 37.97469894 ], [ 14.22014649, 37.97472027 ], [ 14.22072253, 37.97486111 ], [ 14.2212811, 37.97512877 ], [ 14.22167344, 37.97542538 ], [ 14.22187401, 37.9756567 ], [ 14.22198384, 37.97577563 ], [ 14.22220732, 37.97590869 ], [ 14.22238783, 37.97603841 ], [ 14.22288356, 37.97652812 ], [ 14.22303959, 37.97656983 ], [ 14.22387656, 37.9768004 ], [ 14.22456451, 37.97748989 ], [ 14.22471436, 37.97779224 ], [ 14.22483624, 37.97805766 ], [ 14.22477894, 37.97804339 ], [ 14.22451056, 37.97752195 ], [ 14.22386471, 37.97686353 ], [ 14.22282618, 37.97657295 ], [ 14.22231669, 37.97605766 ], [ 14.22223441, 37.97600597 ], [ 14.22189703, 37.97579078 ], [ 14.22163749, 37.97547747 ], [ 14.22123963, 37.97517345 ], [ 14.22072288, 37.97491608 ], [ 14.22042411, 37.97484735 ], [ 14.22001107, 37.97474796 ], [ 14.21946527, 37.9741305 ], [ 14.21893721, 37.97381452 ], [ 14.21858345, 37.97365837 ], [ 14.21807812, 37.97344086 ], [ 14.21789705, 37.97341186 ], [ 14.2178536, 37.97340186 ], [ 14.21731186, 37.97330724 ], [ 14.21690258, 37.97324593 ], [ 14.21646457, 37.97322063 ], [ 14.2159403, 37.97330729 ], [ 14.2154919, 37.97318709 ], [ 14.21510523, 37.97277317 ], [ 14.2148802, 37.97269095 ], [ 14.21477465, 37.97265558 ], [ 14.21402597, 37.97293439 ], [ 14.21333742, 37.97377239 ], [ 14.21264892, 37.97457831 ], [ 14.21234126, 37.97491579 ], [ 14.21196744, 37.97534316 ], [ 14.21154281, 37.97585935 ], [ 14.21109775, 37.97639217 ], [ 14.21073878, 37.97710205 ], [ 14.21114701, 37.97798312 ], [ 14.21116017, 37.97870829 ], [ 14.21116815, 37.97901466 ], [ 14.21140577, 37.97931912 ], [ 14.21161038, 37.97947442 ], [ 14.21165455, 37.97946566 ], [ 14.21185846, 37.97917857 ], [ 14.21215195, 37.97892368 ], [ 14.21240365, 37.97868329 ], [ 14.21287954, 37.97834582 ], [ 14.21378811, 37.97822026 ], [ 14.21472008, 37.9780249 ], [ 14.21499521, 37.97797162 ], [ 14.21619829, 37.97726288 ], [ 14.21638687, 37.97716946 ], [ 14.21662914, 37.97707761 ], [ 14.21721492, 37.97709463 ], [ 14.21780242, 37.97702819 ], [ 14.21792953, 37.97700125 ], [ 14.21821568, 37.97689135 ], [ 14.21866371, 37.97680975 ], [ 14.21913784, 37.97680549 ], [ 14.21931526, 37.97685798 ], [ 14.21955522, 37.9769334 ], [ 14.22002788, 37.97695118 ], [ 14.22030062, 37.97728159 ], [ 14.22048279, 37.97754401 ], [ 14.22136763, 37.97751393 ], [ 14.22250753, 37.9774765 ], [ 14.22382513, 37.97785978 ], [ 14.22419743, 37.97799996 ], [ 14.22402106, 37.97800851 ], [ 14.22372694, 37.9779187 ], [ 14.22338644, 37.9778045 ], [ 14.22293089, 37.97766867 ], [ 14.22246324, 37.9775559 ], [ 14.22171468, 37.97757896 ], [ 14.22114804, 37.9776114 ], [ 14.22044221, 37.97762483 ], [ 14.22035152, 37.97757019 ], [ 14.22026654, 37.97738134 ], [ 14.21997616, 37.97702735 ], [ 14.21951776, 37.97699959 ], [ 14.21915215, 37.97690472 ], [ 14.21879707, 37.97689291 ], [ 14.21859181, 37.97691002 ], [ 14.21815301, 37.97699264 ], [ 14.21792665, 37.97710445 ], [ 14.21777561, 37.97711926 ], [ 14.21762044, 37.97713654 ], [ 14.21747519, 37.97715128 ], [ 14.21734646, 37.97716352 ], [ 14.21723095, 37.97717065 ], [ 14.21710562, 37.97716735 ], [ 14.21700999, 37.97716421 ], [ 14.21693084, 37.97716118 ], [ 14.21679564, 37.97715523 ], [ 14.21669681, 37.97713653 ] ] ] } },
{ "type": "Feature", "properties": { "gml_id": "CadastralParcel.IT.AGE.PLA.L478_002400.STRADA007", "INSPIREID_LOCALID": "IT.AGE.PLA.L478_002400.STRADA007", "INSPIREID_NAMESPACE": "IT.AGE.PLA.", "LABEL": "STRADA007", "NATIONALCADASTRALREFERENCE": "L478_002400.STRADA007", "ADMINISTRATIVEUNIT": "L478" }, "geometry": { "type": "Polygon", "coordinates": [ [ [ 14.21669681, 37.97713653 ], [ 14.21647125, 37.97724041 ], [ 14.21633732, 37.97729795 ], [ 14.2150996, 37.97804502 ], [ 14.21291563, 37.97844512 ], [ 14.21253323, 37.97870533 ], [ 14.21196316, 37.97925808 ], [ 14.21170314, 37.97958117 ], [ 14.21153706, 37.9796523 ], [ 14.21131231, 37.98000148 ], [ 14.2112427, 37.98005119 ], [ 14.21070248, 37.98041943 ], [ 14.21055301, 37.98067272 ], [ 14.21016907, 37.9809316 ], [ 14.21061879, 37.98144366 ], [ 14.21069809, 37.98203381 ], [ 14.21037279, 37.98265354 ], [ 14.20985884, 37.98283491 ], [ 14.20955394, 37.98307978 ], [ 14.20946293, 37.98305138 ], [ 14.20958136, 37.98290547 ], [ 14.21010763, 37.98259661 ], [ 14.21045314, 37.98200194 ], [ 14.21040378, 37.9814992 ], [ 14.21003687, 37.98089532 ], [ 14.210514, 37.98062588 ], [ 14.21064588, 37.98040427 ], [ 14.21127739, 37.97996929 ], [ 14.21145137, 37.97956062 ], [ 14.21112125, 37.97902382 ], [ 14.21108213, 37.97796204 ], [ 14.21069249, 37.97710761 ], [ 14.21103168, 37.9763924 ], [ 14.21193525, 37.97528489 ], [ 14.21190673, 37.97522372 ], [ 14.21207663, 37.97507245 ], [ 14.2134879, 37.97346866 ], [ 14.21395997, 37.97290199 ], [ 14.21426378, 37.97269244 ], [ 14.21451427, 37.972505 ], [ 14.21419766, 37.97236409 ], [ 14.21394765, 37.97228965 ], [ 14.21387115, 37.97212974 ], [ 14.21406551, 37.97211137 ], [ 14.21521835, 37.97170941 ], [ 14.21611116, 37.97124605 ], [ 14.21734662, 37.97042662 ], [ 14.21807738, 37.9697157 ], [ 14.21837251, 37.96897209 ], [ 14.21857615, 37.96861376 ], [ 14.21913529, 37.96827424 ], [ 14.21934088, 37.96804615 ], [ 14.21981627, 37.96784227 ], [ 14.2198635, 37.96786499 ], [ 14.21935781, 37.96808168 ], [ 14.21920889, 37.96827167 ], [ 14.21899594, 37.96841414 ], [ 14.21864634, 37.96862748 ], [ 14.21858437, 37.96869853 ], [ 14.21856772, 37.96874526 ], [ 14.21848335, 37.96892374 ], [ 14.21839946, 37.96903973 ], [ 14.21813274, 37.96973447 ], [ 14.21749591, 37.97036688 ], [ 14.21803057, 37.97043542 ], [ 14.21848956, 37.97048192 ], [ 14.2190419, 37.97069789 ], [ 14.2192769, 37.97079897 ], [ 14.21944744, 37.9708933 ], [ 14.21991017, 37.97114927 ], [ 14.22044148, 37.97151843 ], [ 14.22079392, 37.97173775 ], [ 14.22130511, 37.97203758 ], [ 14.22171361, 37.97223377 ], [ 14.22190951, 37.97237002 ], [ 14.22242155, 37.97278633 ], [ 14.22250912, 37.9728124 ], [ 14.22335942, 37.97286448 ], [ 14.22316194, 37.97272807 ], [ 14.22294497, 37.97233941 ], [ 14.22292681, 37.97200594 ], [ 14.22300301, 37.9713555 ], [ 14.22300419, 37.97114511 ], [ 14.22304148, 37.97071405 ], [ 14.22297956, 37.97047193 ], [ 14.22291765, 37.97023807 ], [ 14.22293949, 37.97010208 ], [ 14.22300312, 37.96974837 ], [ 14.22322378, 37.96948923 ], [ 14.22357998, 37.96930169 ], [ 14.2237813, 37.96921655 ], [ 14.22389946, 37.96910674 ], [ 14.22375206, 37.96888995 ], [ 14.22374301, 37.9688298 ], [ 14.22367003, 37.96874031 ], [ 14.223699, 37.96868186 ], [ 14.22381742, 37.96863941 ], [ 14.22396153, 37.96860705 ], [ 14.22393756, 37.96845245 ], [ 14.22405779, 37.96810302 ], [ 14.22395224, 37.96786351 ], [ 14.22398682, 37.9678133 ], [ 14.22423577, 37.96756276 ], [ 14.22441283, 37.96734427 ], [ 14.22483047, 37.96717079 ], [ 14.22507179, 37.96701787 ], [ 14.22550484, 37.96691551 ], [ 14.22560675, 37.96686533 ], [ 14.22562219, 37.96650964 ], [ 14.22570104, 37.96640321 ], [ 14.22582953, 37.96624987 ], [ 14.22604662, 37.96614744 ], [ 14.22647435, 37.96550154 ], [ 14.22674261, 37.9654312 ], [ 14.22744769, 37.96519869 ], [ 14.22773875, 37.96503654 ], [ 14.22782481, 37.96493785 ], [ 14.22796832, 37.96477285 ], [ 14.22828463, 37.96446497 ], [ 14.22859266, 37.96422244 ], [ 14.22871592, 37.96416943 ], [ 14.22887544, 37.96402225 ], [ 14.22925427, 37.96374379 ], [ 14.22961356, 37.96346632 ], [ 14.22971707, 37.9633286 ], [ 14.2296963, 37.963135 ], [ 14.22955929, 37.96301789 ], [ 14.22925593, 37.96281699 ], [ 14.22906503, 37.96240704 ], [ 14.22898816, 37.96227916 ], [ 14.22841265, 37.96239606 ], [ 14.22790994, 37.96240858 ], [ 14.22753619, 37.9624664 ], [ 14.22710754, 37.96262285 ], [ 14.22695763, 37.96267215 ], [ 14.22636788, 37.96298698 ], [ 14.225977, 37.96323763 ], [ 14.22538425, 37.96362518 ], [ 14.22474511, 37.96373054 ], [ 14.22333351, 37.96382103 ], [ 14.22344579, 37.96360186 ], [ 14.22436798, 37.96367043 ], [ 14.22475492, 37.9636306 ], [ 14.2253911, 37.96352155 ], [ 14.22572972, 37.96327898 ], [ 14.22613537, 37.96301954 ], [ 14.22642821, 37.96284862 ], [ 14.22669104, 37.96272354 ], [ 14.22703374, 37.9625757 ], [ 14.22747301, 37.96241448 ], [ 14.22780477, 37.96237165 ], [ 14.22845136, 37.9622995 ], [ 14.22893261, 37.96214809 ], [ 14.22886225, 37.96203867 ], [ 14.22857167, 37.96172043 ], [ 14.22841701, 37.96138328 ], [ 14.22799914, 37.9610926 ], [ 14.22791331, 37.96089341 ], [ 14.22791663, 37.96080835 ], [ 14.22784369, 37.96069947 ], [ 14.22784185, 37.96030974 ], [ 14.22777238, 37.95990636 ], [ 14.22789958, 37.95959062 ], [ 14.22809668, 37.95933628 ], [ 14.22813304, 37.95913817 ], [ 14.22822431, 37.95902778 ], [ 14.22835021, 37.95875274 ], [ 14.228635, 37.9585622 ], [ 14.22833044, 37.95911953 ], [ 14.22825947, 37.95916465 ], [ 14.22818079, 37.95934086 ], [ 14.22800261, 37.95961485 ], [ 14.22790824, 37.95992623 ], [ 14.22796926, 37.96030286 ], [ 14.22798148, 37.96069767 ], [ 14.22805535, 37.96081807 ], [ 14.2281062, 37.96102733 ], [ 14.22849469, 37.96130649 ], [ 14.22867756, 37.9616449 ], [ 14.22896319, 37.96197265 ], [ 14.22907595, 37.96213158 ], [ 14.22935816, 37.96274159 ], [ 14.22957901, 37.96287371 ], [ 14.22979266, 37.96305961 ], [ 14.22985548, 37.96334344 ], [ 14.22970468, 37.96354576 ], [ 14.22949621, 37.96372177 ], [ 14.22899768, 37.96404068 ], [ 14.22869861, 37.96428305 ], [ 14.22908582, 37.96466028 ], [ 14.2298584, 37.96575237 ], [ 14.2305442, 37.96640819 ], [ 14.23119743, 37.96681015 ], [ 14.23119143, 37.96688876 ], [ 14.23064802, 37.96652473 ], [ 14.2304867, 37.96643221 ], [ 14.22981092, 37.96576724 ], [ 14.22976028, 37.96570163 ], [ 14.22902446, 37.9646856 ], [ 14.2286199, 37.96432305 ], [ 14.22848616, 37.96441499 ], [ 14.22809212, 37.96478824 ], [ 14.22780844, 37.96510312 ], [ 14.22762066, 37.96519151 ], [ 14.22742153, 37.96531705 ], [ 14.22715801, 37.96543831 ], [ 14.2268513, 37.96553918 ], [ 14.22654763, 37.96557866 ], [ 14.22633491, 37.96583884 ], [ 14.22611415, 37.9662201 ], [ 14.22604753, 37.96624215 ], [ 14.22582342, 37.96629931 ], [ 14.22568971, 37.96654705 ], [ 14.22568287, 37.96674581 ], [ 14.22570936, 37.966866 ], [ 14.22567811, 37.96693345 ], [ 14.22562868, 37.96696458 ], [ 14.22514411, 37.9670607 ], [ 14.22506399, 37.96710508 ], [ 14.22489033, 37.96721233 ], [ 14.22447486, 37.96738986 ], [ 14.22424424, 37.96768094 ], [ 14.22403755, 37.9678778 ], [ 14.22416049, 37.96809482 ], [ 14.22402125, 37.96851041 ], [ 14.22404542, 37.96862622 ], [ 14.2237619, 37.96870946 ], [ 14.22375525, 37.96874529 ], [ 14.22381834, 37.96883816 ], [ 14.22386073, 37.96895245 ], [ 14.22400164, 37.96911183 ], [ 14.22380033, 37.96926124 ], [ 14.22324496, 37.96953065 ], [ 14.2230337, 37.96978453 ], [ 14.2229587, 37.97021259 ], [ 14.2229795, 37.97031078 ], [ 14.2231053, 37.97073419 ], [ 14.22304448, 37.97114529 ], [ 14.22303447, 37.97162257 ], [ 14.22302123, 37.97202903 ], [ 14.22326279, 37.9721675 ], [ 14.22368014, 37.9725891 ], [ 14.2238308, 37.97281467 ], [ 14.22397908, 37.97298956 ], [ 14.22406984, 37.97303702 ], [ 14.22412216, 37.97309133 ], [ 14.22418659, 37.97329601 ], [ 14.22436003, 37.97364035 ], [ 14.22434229, 37.97368729 ], [ 14.22436493, 37.9737745 ], [ 14.22449169, 37.97397626 ], [ 14.22469982, 37.9742683 ], [ 14.22478112, 37.97444448 ], [ 14.22487431, 37.97460076 ], [ 14.22499973, 37.97482984 ], [ 14.22512467, 37.97499686 ], [ 14.22528558, 37.97516738 ], [ 14.22563305, 37.97562527 ], [ 14.22571571, 37.97560353 ], [ 14.22580411, 37.97575197 ], [ 14.22591244, 37.97586677 ], [ 14.22610209, 37.97626236 ], [ 14.22642057, 37.97663665 ], [ 14.22658835, 37.9767668 ], [ 14.2268613, 37.97685235 ], [ 14.22720485, 37.97694589 ], [ 14.22764341, 37.97700481 ], [ 14.22795413, 37.97707117 ], [ 14.22800788, 37.97720505 ], [ 14.22808167, 37.97726857 ], [ 14.22804082, 37.97757723 ], [ 14.22812022, 37.977684 ], [ 14.22820418, 37.97775186 ], [ 14.22817917, 37.97782401 ], [ 14.22803258, 37.97766553 ], [ 14.22797724, 37.97759692 ], [ 14.22799747, 37.97733688 ], [ 14.22790805, 37.97714173 ], [ 14.22765763, 37.97708203 ], [ 14.22729238, 37.97701509 ], [ 14.22701213, 37.97696053 ], [ 14.22688577, 37.97691878 ], [ 14.2268365, 37.97690241 ], [ 14.22664154, 37.97683616 ], [ 14.22651165, 37.97678722 ], [ 14.22641131, 37.97671545 ], [ 14.2262974, 37.976595 ], [ 14.22596983, 37.97626302 ], [ 14.22576179, 37.97585817 ], [ 14.22538762, 37.97542276 ], [ 14.2249134, 37.97485182 ], [ 14.22470966, 37.97450664 ], [ 14.2246505, 37.97433179 ], [ 14.22431346, 37.97401407 ], [ 14.22405108, 37.97369322 ], [ 14.22344426, 37.97294183 ], [ 14.22329475, 37.97293125 ], [ 14.22283748, 37.97289891 ], [ 14.22255465, 37.97287891 ], [ 14.22252999, 37.97287716 ], [ 14.22237542, 37.97284467 ], [ 14.22229455, 37.97278157 ], [ 14.22174377, 37.97233291 ], [ 14.22120252, 37.97207915 ], [ 14.22085564, 37.97188591 ], [ 14.22054585, 37.97169185 ], [ 14.22023946, 37.97148598 ], [ 14.21992251, 37.9712464 ], [ 14.2191838, 37.97084056 ], [ 14.21869639, 37.97064972 ], [ 14.21845831, 37.97056042 ], [ 14.21740425, 37.97044294 ], [ 14.21666341, 37.97094568 ], [ 14.21612428, 37.97129618 ], [ 14.215577, 37.97157944 ], [ 14.21518951, 37.97177319 ], [ 14.21406282, 37.97215985 ], [ 14.21417521, 37.97228708 ], [ 14.21480156, 37.97259231 ], [ 14.21512704, 37.97272448 ], [ 14.21554353, 37.97315582 ], [ 14.21592052, 37.97324666 ], [ 14.216387, 37.9731803 ], [ 14.21649233, 37.97317751 ], [ 14.217007, 37.97319974 ], [ 14.21814238, 37.97340343 ], [ 14.21843704, 37.97353716 ], [ 14.21887252, 37.97372457 ], [ 14.219038, 37.97380407 ], [ 14.21953499, 37.97413435 ], [ 14.2200571, 37.97469894 ], [ 14.22014649, 37.97472027 ], [ 14.22072253, 37.97486111 ], [ 14.2212811, 37.97512877 ], [ 14.22167344, 37.97542538 ], [ 14.22187401, 37.9756567 ], [ 14.22198384, 37.97577563 ], [ 14.22220732, 37.97590869 ], [ 14.22238783, 37.97603841 ], [ 14.22288356, 37.97652812 ], [ 14.22303959, 37.97656983 ], [ 14.22387656, 37.9768004 ], [ 14.22456451, 37.97748989 ], [ 14.22471436, 37.97779224 ], [ 14.22483624, 37.97805766 ], [ 14.22477894, 37.97804339 ], [ 14.22451056, 37.97752195 ], [ 14.22386471, 37.97686353 ], [ 14.22282618, 37.97657295 ], [ 14.22231669, 37.97605766 ], [ 14.22223441, 37.97600597 ], [ 14.22189703, 37.97579078 ], [ 14.22163749, 37.97547747 ], [ 14.22123963, 37.97517345 ], [ 14.22072288, 37.97491608 ], [ 14.22042411, 37.97484735 ], [ 14.22001107, 37.97474796 ], [ 14.21946527, 37.9741305 ], [ 14.21893721, 37.97381452 ], [ 14.21858345, 37.97365837 ], [ 14.21807812, 37.97344086 ], [ 14.21789705, 37.97341186 ], [ 14.2178536, 37.97340186 ], [ 14.21731186, 37.97330724 ], [ 14.21690258, 37.97324593 ], [ 14.21646457, 37.97322063 ], [ 14.2159403, 37.97330729 ], [ 14.2154919, 37.97318709 ], [ 14.21510523, 37.97277317 ], [ 14.2148802, 37.97269095 ], [ 14.21477465, 37.97265558 ], [ 14.21402597, 37.97293439 ], [ 14.21333742, 37.97377239 ], [ 14.21264892, 37.97457831 ], [ 14.21234126, 37.97491579 ], [ 14.21196744, 37.97534316 ], [ 14.21154281, 37.97585935 ], [ 14.21109775, 37.97639217 ], [ 14.21073878, 37.97710205 ], [ 14.21114701, 37.97798312 ], [ 14.21116017, 37.97870829 ], [ 14.21116815, 37.97901466 ], [ 14.21140577, 37.97931912 ], [ 14.21161038, 37.97947442 ], [ 14.21165455, 37.97946566 ], [ 14.21185846, 37.97917857 ], [ 14.21215195, 37.97892368 ], [ 14.21240365, 37.97868329 ], [ 14.21287954, 37.97834582 ], [ 14.21378811, 37.97822026 ], [ 14.21472008, 37.9780249 ], [ 14.21499521, 37.97797162 ], [ 14.21619829, 37.97726288 ], [ 14.21638687, 37.97716946 ], [ 14.21662914, 37.97707761 ], [ 14.21721492, 37.97709463 ], [ 14.21780242, 37.97702819 ], [ 14.21792953, 37.97700125 ], [ 14.21821568, 37.97689135 ], [ 14.21866371, 37.97680975 ], [ 14.21913784, 37.97680549 ], [ 14.21931526, 37.97685798 ], [ 14.21955522, 37.9769334 ], [ 14.22002788, 37.97695118 ], [ 14.22030062, 37.97728159 ], [ 14.22048279, 37.97754401 ], [ 14.22136763, 37.97751393 ], [ 14.22250753, 37.9774765 ], [ 14.22382513, 37.97785978 ], [ 14.22419743, 37.97799996 ], [ 14.22402106, 37.97800851 ], [ 14.22372694, 37.9779187 ], [ 14.22338644, 37.9778045 ], [ 14.22293089, 37.97766867 ], [ 14.22246324, 37.9775559 ], [ 14.22171468, 37.97757896 ], [ 14.22114804, 37.9776114 ], [ 14.22044221, 37.97762483 ], [ 14.22035152, 37.97757019 ], [ 14.22026654, 37.97738134 ], [ 14.21997616, 37.97702735 ], [ 14.21951776, 37.97699959 ], [ 14.21915215, 37.97690472 ], [ 14.21879707, 37.97689291 ], [ 14.21859181, 37.97691002 ], [ 14.21815301, 37.97699264 ], [ 14.21792665, 37.97710445 ], [ 14.21777561, 37.97711926 ], [ 14.21762044, 37.97713654 ], [ 14.21747519, 37.97715128 ], [ 14.21734646, 37.97716352 ], [ 14.21723095, 37.97717065 ], [ 14.21710562, 37.97716735 ], [ 14.21700999, 37.97716421 ], [ 14.21693084, 37.97716118 ], [ 14.21679564, 37.97715523 ], [ 14.21669681, 37.97713653 ] ] ] } },
{ "type": "Feature", "properties": { "gml_id": "CadastralParcel.IT.AGE.PLA.I028_000300.72", "INSPIREID_LOCALID": "IT.AGE.PLA.I028_000300.72", "INSPIREID_NAMESPACE": "IT.AGE.PLA.", "LABEL": "72", "NATIONALCADASTRALREFERENCE": "I028_000300.72", "ADMINISTRATIVEUNIT": "I028" }, "geometry": { "type": "MultiPolygon", "coordinates": [ [ [ [ 14.20002155, 37.98937512 ], [ 14.19841399, 37.9892711 ], [ 14.19846529, 37.9889296 ], [ 14.19939264, 37.98837312 ], [ 14.19917472, 37.98813167 ], [ 14.19949392, 37.98794703 ], [ 14.20000502, 37.98779274 ], [ 14.20046431, 37.9872773 ], [ 14.20061118, 37.98703998 ], [ 14.20536361, 37.98677489 ], [ 14.20486772, 37.98757348 ], [ 14.20452266, 37.98867206 ], [ 14.20454794, 37.98960275 ], [ 14.20002155, 37.98937512 ] ], [ [ 14.20003885, 37.98802375 ], [ 14.19963097, 37.98841926 ], [ 14.19978569, 37.98900465 ], [ 14.20021797, 37.98895938 ], [ 14.20075627, 37.988285 ], [ 14.20003885, 37.98802375 ] ] ] ] } },
{ "type": "Feature", "properties": { "gml_id": "CadastralParcel.IT.AGE.PLA.I028_000300.26", "INSPIREID_LOCALID": "IT.AGE.PLA.I028_000300.26", "INSPIREID_NAMESPACE": "IT.AGE.PLA.", "LABEL": "26", "NATIONALCADASTRALREFERENCE": "I028_000300.26", "ADMINISTRATIVEUNIT": "I028" }, "geometry": { "type": "Polygon", "coordinates": [ [ [ 14.20427197, 37.99257356 ], [ 14.20205588, 37.99248215 ], [ 14.20113688, 37.99227868 ], [ 14.20002155, 37.98937512 ], [ 14.20454794, 37.98960275 ], [ 14.20456327, 37.99016672 ], [ 14.20480395, 37.99103871 ], [ 14.20466181, 37.99142509 ], [ 14.20427197, 37.99257356 ] ] ] } },
{ "type": "Feature", "properties": { "gml_id": "CadastralParcel.IT.AGE.PLA.L478_001700.300", "INSPIREID_LOCALID": "IT.AGE.PLA.L478_001700.300", "INSPIREID_NAMESPACE": "IT.AGE.PLA.", "LABEL": "300", "NATIONALCADASTRALREFERENCE": "L478_001700.300", "ADMINISTRATIVEUNIT": "L478" }, "geometry": { "type": "Polygon", "coordinates": [ [ [ 14.20512965, 37.98722284 ], [ 14.20565104, 37.9863842 ], [ 14.20587825, 37.98600766 ], [ 14.20598924, 37.98582652 ], [ 14.20650599, 37.98533835 ], [ 14.20689029, 37.98498106 ], [ 14.20714892, 37.98441007 ], [ 14.20722838, 37.98440602 ], [ 14.20728769, 37.98442805 ], [ 14.2074793, 37.98456495 ], [ 14.20791357, 37.98513085 ], [ 14.20788353, 37.98528969 ], [ 14.20775275, 37.98594577 ], [ 14.20730758, 37.98646004 ], [ 14.20730642, 37.98689513 ], [ 14.20730145, 37.9874657 ], [ 14.20724333, 37.9876531 ], [ 14.20668789, 37.98752505 ], [ 14.20512965, 37.98722284 ] ] ] } },
{ "type": "Feature", "properties": { "gml_id": "CadastralParcel.IT.AGE.PLA.L478_000900.84", "INSPIREID_LOCALID": "IT.AGE.PLA.L478_000900.84", "INSPIREID_NAMESPACE": "IT.AGE.PLA.", "LABEL": "84", "NATIONALCADASTRALREFERENCE": "L478_000900.84", "ADMINISTRATIVEUNIT": "L478" }, "geometry": { "type": "Polygon", "coordinates": [ [ [ 14.19419919, 38.00047501 ], [ 14.19413364, 38.00031588 ], [ 14.19438881, 38.00028097 ], [ 14.19470638, 38.00026974 ], [ 14.19485286, 38.00022851 ], [ 14.19554841, 37.99999881 ], [ 14.19619392, 37.99979108 ], [ 14.19662681, 37.99971162 ], [ 14.19773482, 37.99947866 ], [ 14.19781151, 37.99946144 ], [ 14.19846688, 37.99915134 ], [ 14.19885548, 37.9989602 ], [ 14.19909423, 37.99860552 ], [ 14.19930661, 37.99829655 ], [ 14.19931253, 37.9977426 ], [ 14.19980544, 37.99744221 ], [ 14.20013075, 37.99724615 ], [ 14.20073122, 37.99688397 ], [ 14.20138238, 37.99648438 ], [ 14.20212107, 37.99602186 ], [ 14.2022473, 37.99594112 ], [ 14.20261766, 37.99549639 ], [ 14.20346714, 37.99448267 ], [ 14.20385668, 37.99401721 ], [ 14.20407917, 37.99374599 ], [ 14.20422469, 37.99288255 ], [ 14.20424563, 37.99276258 ], [ 14.20456094, 37.99182612 ], [ 14.20473023, 37.99132241 ], [ 14.20481977, 37.99106295 ], [ 14.20460424, 37.99027923 ], [ 14.20458709, 37.99018333 ], [ 14.20453838, 37.98870204 ], [ 14.20461375, 37.98844484 ], [ 14.20485125, 37.98767506 ], [ 14.20491719, 37.98751657 ], [ 14.20512838, 37.98718207 ], [ 14.20598071, 37.98736611 ], [ 14.20714022, 37.98762104 ], [ 14.20723813, 37.98764608 ], [ 14.20713614, 37.98797152 ], [ 14.20710693, 37.9881002 ], [ 14.20708865, 37.98833236 ], [ 14.20712865, 37.98857087 ], [ 14.20720714, 37.98869075 ], [ 14.20725819, 37.98875828 ], [ 14.20739862, 37.98890725 ], [ 14.20753566, 37.98902426 ], [ 14.20776894, 37.98917496 ], [ 14.2078173, 37.98924562 ], [ 14.20788706, 37.98945138 ], [ 14.20792186, 37.98976814 ], [ 14.20796332, 37.9900338 ], [ 14.20802742, 37.99024767 ], [ 14.20810017, 37.99053348 ], [ 14.20813761, 37.99063315 ], [ 14.20819859, 37.99077887 ], [ 14.20825722, 37.99088292 ], [ 14.20838153, 37.99105347 ], [ 14.20846893, 37.99121172 ], [ 14.20848977, 37.9912506 ], [ 14.20855307, 37.99155083 ], [ 14.20859568, 37.99166311 ], [ 14.20863101, 37.99171154 ], [ 14.20871116, 37.99180057 ], [ 14.20883631, 37.99235552 ], [ 14.20887979, 37.9925143 ], [ 14.20893562, 37.99263546 ], [ 14.20897381, 37.99280216 ], [ 14.20889316, 37.99291702 ], [ 14.20888686, 37.99295931 ], [ 14.20883055, 37.99343185 ], [ 14.2090238, 37.99349995 ], [ 14.20957206, 37.99351465 ], [ 14.20994187, 37.99354864 ], [ 14.21025845, 37.99352235 ], [ 14.21026822, 37.99367556 ], [ 14.21011298, 37.99386965 ], [ 14.20996825, 37.99405197 ], [ 14.20996448, 37.99417193 ], [ 14.20992676, 37.99432301 ], [ 14.20991062, 37.99438796 ], [ 14.20986744, 37.99444327 ], [ 14.20987643, 37.99450939 ], [ 14.2099097, 37.99462765 ], [ 14.20998864, 37.99480887 ], [ 14.21012277, 37.9948901 ], [ 14.21035271, 37.99502626 ], [ 14.21048625, 37.99510501 ], [ 14.21052538, 37.9951998 ], [ 14.21060874, 37.99526608 ], [ 14.2105741, 37.99542992 ], [ 14.21047136, 37.99552848 ], [ 14.21028288, 37.99573847 ], [ 14.21010146, 37.99598537 ], [ 14.21015477, 37.99614259 ], [ 14.21027431, 37.99633787 ], [ 14.21006177, 37.99643993 ], [ 14.2099732, 37.99652883 ], [ 14.20984703, 37.99674485 ], [ 14.20974441, 37.99688108 ], [ 14.20960701, 37.99704528 ], [ 14.20946999, 37.99736994 ], [ 14.20937702, 37.99756752 ], [ 14.20930702, 37.99764805 ], [ 14.20918189, 37.99778504 ], [ 14.20914049, 37.99780593 ], [ 14.20904596, 37.99782986 ], [ 14.20885622, 37.99779455 ], [ 14.20836644, 37.99779037 ], [ 14.20824426, 37.99774806 ], [ 14.20807562, 37.99779961 ], [ 14.20782544, 37.99780103 ], [ 14.20769093, 37.9978019 ], [ 14.20740597, 37.99785844 ], [ 14.20723112, 37.997887 ], [ 14.20707009, 37.99788873 ], [ 14.20703555, 37.99792454 ], [ 14.20703341, 37.99796965 ], [ 14.2070064, 37.99797317 ], [ 14.20699859, 37.99798212 ], [ 14.20695057, 37.99798279 ], [ 14.20691849, 37.9979881 ], [ 14.20680507, 37.99804134 ], [ 14.20662918, 37.99805985 ], [ 14.20620272, 37.99808576 ], [ 14.20609934, 37.99815145 ], [ 14.20603528, 37.9981772 ], [ 14.20581371, 37.99824068 ], [ 14.2058136, 37.99827681 ], [ 14.20560162, 37.99832514 ], [ 14.20546538, 37.99834756 ], [ 14.20510517, 37.99855453 ], [ 14.20474759, 37.99876035 ], [ 14.20448578, 37.99890462 ], [ 14.20392136, 37.99907386 ], [ 14.20376428, 37.99912274 ], [ 14.20343169, 37.9991799 ], [ 14.2029812, 37.99925414 ], [ 14.20237554, 37.99931721 ], [ 14.20232306, 37.99935811 ], [ 14.20201354, 37.99955812 ], [ 14.2019751, 37.99958402 ], [ 14.20190411, 37.99987975 ], [ 14.20187851, 37.99999843 ], [ 14.20152413, 38.00025508 ], [ 14.20119381, 38.00049539 ], [ 14.20107411, 38.00061693 ], [ 14.20084562, 38.00078434 ], [ 14.20071748, 38.00105871 ], [ 14.2004993, 38.00154897 ], [ 14.20044902, 38.00167358 ], [ 14.20051019, 38.00194748 ], [ 14.20059215, 38.00233025 ], [ 14.20062293, 38.00243193 ], [ 14.20073918, 38.00274759 ], [ 14.20068886, 38.00283243 ], [ 14.2005764, 38.00299518 ], [ 14.20050803, 38.00315969 ], [ 14.20042051, 38.00327699 ], [ 14.20022648, 38.00330287 ], [ 14.20011253, 38.00325958 ], [ 14.19971391, 38.00307415 ], [ 14.1993879, 38.00293864 ], [ 14.19913531, 38.00274714 ], [ 14.1988222, 38.00250065 ], [ 14.1985425, 38.00225028 ], [ 14.19837158, 38.00218645 ], [ 14.1977097, 38.00196494 ], [ 14.19702015, 38.00172889 ], [ 14.19634736, 38.00146866 ], [ 14.19579886, 38.00125988 ], [ 14.19575534, 38.00123727 ], [ 14.19519706, 38.00117479 ], [ 14.19468217, 38.00112154 ], [ 14.19450259, 38.0008852 ], [ 14.19427117, 38.00056715 ], [ 14.19419919, 38.00047501 ] ] ] } },
{ "type": "Feature", "properties": { "gml_id": "CadastralParcel.IT.AGE.PLA.L478_001700.STRADA003", "INSPIREID_LOCALID": "IT.AGE.PLA.L478_001700.STRADA003", "INSPIREID_NAMESPACE": "IT.AGE.PLA.", "LABEL": "STRADA003", "NATIONALCADASTRALREFERENCE": "L478_001700.STRADA003", "ADMINISTRATIVEUNIT": "L478" }, "geometry": { "type": "Polygon", "coordinates": [ [ [ 14.20714892, 37.98441007 ], [ 14.20714892, 37.98438673 ], [ 14.20722844, 37.98434486 ], [ 14.20726878, 37.98419429 ], [ 14.20739809, 37.98412041 ], [ 14.20775048, 37.98392433 ], [ 14.20824015, 37.98362835 ], [ 14.20870798, 37.9836582 ], [ 14.20922298, 37.98332437 ], [ 14.2094124, 37.98311271 ], [ 14.20953955, 37.98309622 ], [ 14.20987194, 37.98297857 ], [ 14.21003099, 37.98306047 ], [ 14.21025446, 37.98306679 ], [ 14.21055043, 37.98307984 ], [ 14.21062767, 37.98308241 ], [ 14.21094595, 37.9830792 ], [ 14.21118888, 37.98297345 ], [ 14.211239, 37.98295144 ], [ 14.21127539, 37.98292815 ], [ 14.21143085, 37.98282242 ], [ 14.21152503, 37.98273058 ], [ 14.21168929, 37.98256287 ], [ 14.21183937, 37.98242694 ], [ 14.21196569, 37.98231407 ], [ 14.21212793, 37.98218795 ], [ 14.21234379, 37.98201873 ], [ 14.21245706, 37.98184537 ], [ 14.2125469, 37.98171282 ], [ 14.21283592, 37.98141826 ], [ 14.2131013, 37.98123952 ], [ 14.21316126, 37.98117107 ], [ 14.2132951, 37.98103379 ], [ 14.21387327, 37.98094143 ], [ 14.21407298, 37.98082255 ], [ 14.21431883, 37.98077072 ], [ 14.21452193, 37.98085767 ], [ 14.21473091, 37.98086977 ], [ 14.21501711, 37.98090424 ], [ 14.21521005, 37.98088872 ], [ 14.21529978, 37.98088373 ], [ 14.21540831, 37.98085389 ], [ 14.21569179, 37.98077534 ], [ 14.21585005, 37.98073044 ], [ 14.21616233, 37.98072631 ], [ 14.21642527, 37.98065694 ], [ 14.21650186, 37.98064006 ], [ 14.21682719, 37.98059248 ], [ 14.21729573, 37.98055417 ], [ 14.21740029, 37.98054982 ], [ 14.21776754, 37.98068083 ], [ 14.21790519, 37.98067175 ], [ 14.21815398, 37.9806312 ], [ 14.21843705, 37.9805136 ], [ 14.21866095, 37.98027313 ], [ 14.21871151, 37.98032289 ], [ 14.21851329, 37.98058086 ], [ 14.21817003, 37.98069289 ], [ 14.2181335, 37.98069828 ], [ 14.21772814, 37.98075176 ], [ 14.21740025, 37.98060506 ], [ 14.2171459, 37.98063888 ], [ 14.21682473, 37.9806595 ], [ 14.21675684, 37.98066803 ], [ 14.21650056, 37.98071269 ], [ 14.21631082, 37.98076368 ], [ 14.21615454, 37.98080405 ], [ 14.21586046, 37.98080527 ], [ 14.2155439, 37.98087737 ], [ 14.21529994, 37.98092889 ], [ 14.21516027, 37.98094895 ], [ 14.21500769, 37.98096385 ], [ 14.21494071, 37.98095726 ], [ 14.21467946, 37.9809382 ], [ 14.21455332, 37.98093283 ], [ 14.21448841, 37.98092867 ], [ 14.2142707, 37.980837 ], [ 14.21412574, 37.9808731 ], [ 14.21409205, 37.98088549 ], [ 14.21393824, 37.98106219 ], [ 14.21334527, 37.98116427 ], [ 14.21320733, 37.98134411 ], [ 14.21300106, 37.98148087 ], [ 14.21345166, 37.9815394 ], [ 14.21392552, 37.98160254 ], [ 14.21407376, 37.98153284 ], [ 14.21430063, 37.98153415 ], [ 14.21452328, 37.98153515 ], [ 14.21460076, 37.98152978 ], [ 14.21489747, 37.98144026 ], [ 14.21511593, 37.98144597 ], [ 14.21548314, 37.98161973 ], [ 14.21558954, 37.98158414 ], [ 14.21565606, 37.98158827 ], [ 14.21598014, 37.98175118 ], [ 14.21615314, 37.98195699 ], [ 14.21636354, 37.98205935 ], [ 14.21636532, 37.98225311 ], [ 14.21630146, 37.9822953 ], [ 14.2162936, 37.98232092 ], [ 14.21652981, 37.98235528 ], [ 14.21668158, 37.98241578 ], [ 14.21679982, 37.98231194 ], [ 14.21702962, 37.98219018 ], [ 14.21718113, 37.9819866 ], [ 14.21733806, 37.98194258 ], [ 14.21732771, 37.98186776 ], [ 14.21748505, 37.98177695 ], [ 14.21764433, 37.9817847 ], [ 14.21782053, 37.98171387 ], [ 14.21804331, 37.98163025 ], [ 14.2180787, 37.98160965 ], [ 14.21829228, 37.98160229 ], [ 14.21856892, 37.98153619 ], [ 14.21861171, 37.98154641 ], [ 14.21858138, 37.98160531 ], [ 14.21831415, 37.98166861 ], [ 14.21808579, 37.98168615 ], [ 14.21796036, 37.9817463 ], [ 14.21763449, 37.98186239 ], [ 14.21749504, 37.98184702 ], [ 14.21741255, 37.98190245 ], [ 14.21742883, 37.98197035 ], [ 14.21726326, 37.98203443 ], [ 14.21723745, 37.98204787 ], [ 14.21709315, 37.982245 ], [ 14.21698671, 37.98229962 ], [ 14.21684575, 37.98237543 ], [ 14.21672349, 37.98248584 ], [ 14.21665348, 37.98246377 ], [ 14.21649938, 37.98242433 ], [ 14.21640355, 37.98240639 ], [ 14.21622669, 37.98237722 ], [ 14.2161928, 37.98235346 ], [ 14.21616961, 37.98233722 ], [ 14.21614746, 37.98232176 ], [ 14.21614529, 37.98230484 ], [ 14.21628502, 37.98222171 ], [ 14.21629522, 37.98211407 ], [ 14.21608659, 37.98200577 ], [ 14.21592384, 37.98181303 ], [ 14.21564752, 37.98166772 ], [ 14.21561422, 37.98165158 ], [ 14.21546846, 37.98169767 ], [ 14.21506047, 37.98150655 ], [ 14.21490693, 37.98151036 ], [ 14.214798, 37.98154447 ], [ 14.21463934, 37.9815977 ], [ 14.21448539, 37.98160539 ], [ 14.21435816, 37.98160379 ], [ 14.21414572, 37.98160235 ], [ 14.21408323, 37.98160384 ], [ 14.21400372, 37.98164134 ], [ 14.21390197, 37.98169505 ], [ 14.21383129, 37.98178013 ], [ 14.21377923, 37.98184515 ], [ 14.21372733, 37.98190201 ], [ 14.21358033, 37.9820194 ], [ 14.21363426, 37.98210296 ], [ 14.21326698, 37.98234187 ], [ 14.21292753, 37.98273141 ], [ 14.21281843, 37.98290475 ], [ 14.21276285, 37.98302934 ], [ 14.21275818, 37.98304647 ], [ 14.21272629, 37.9832097 ], [ 14.2126354, 37.98319323 ], [ 14.21266526, 37.98300968 ], [ 14.21284254, 37.98269815 ], [ 14.2131567, 37.98234445 ], [ 14.21348885, 37.98200372 ], [ 14.21368451, 37.9818137 ], [ 14.21379507, 37.98168853 ], [ 14.21382675, 37.98164934 ], [ 14.21292311, 37.9815353 ], [ 14.21266066, 37.98181756 ], [ 14.2124819, 37.98209863 ], [ 14.21212714, 37.98238462 ], [ 14.21182103, 37.9826336 ], [ 14.21155701, 37.98292034 ], [ 14.21146047, 37.98297943 ], [ 14.21135364, 37.98304099 ], [ 14.21124974, 37.98307725 ], [ 14.2109723, 37.98314667 ], [ 14.21066939, 37.98315075 ], [ 14.21032089, 37.98313526 ], [ 14.21006455, 37.98312905 ], [ 14.20993595, 37.98307866 ], [ 14.20981215, 37.98312505 ], [ 14.20925475, 37.98337724 ], [ 14.20874283, 37.9836857 ], [ 14.20828318, 37.98365716 ], [ 14.20768195, 37.98401064 ], [ 14.20743087, 37.98415754 ], [ 14.20731806, 37.98422401 ], [ 14.20728707, 37.98436765 ], [ 14.20752106, 37.98455129 ], [ 14.20783086, 37.98496112 ], [ 14.20795455, 37.98513122 ], [ 14.2078845, 37.98546553 ], [ 14.20783164, 37.98575197 ], [ 14.20779214, 37.98596264 ], [ 14.20735879, 37.98646754 ], [ 14.2073506, 37.9868301 ], [ 14.20734625, 37.9870229 ], [ 14.2073476, 37.98747165 ], [ 14.20729241, 37.98766177 ], [ 14.20724333, 37.9876531 ], [ 14.20730145, 37.9874657 ], [ 14.20730642, 37.98689513 ], [ 14.20730758, 37.98646004 ], [ 14.20775275, 37.98594577 ], [ 14.20788353, 37.98528969 ], [ 14.20791357, 37.98513085 ], [ 14.2074793, 37.98456495 ], [ 14.20728769, 37.98442805 ], [ 14.20722838, 37.98440602 ], [ 14.20714892, 37.98441007 ] ] ] } },
{ "type": "Feature", "properties": { "gml_id": "CadastralParcel.IT.AGE.PLA.L478_000900.STRADA005", "INSPIREID_LOCALID": "IT.AGE.PLA.L478_000900.STRADA005", "INSPIREID_NAMESPACE": "IT.AGE.PLA.", "LABEL": "STRADA005", "NATIONALCADASTRALREFERENCE": "L478_000900.STRADA005", "ADMINISTRATIVEUNIT": "L478" }, "geometry": { "type": "Polygon", "coordinates": [ [ [ 14.1940718, 38.00035863 ], [ 14.19413364, 38.00031588 ], [ 14.19419919, 38.00047501 ], [ 14.19427117, 38.00056715 ], [ 14.19450259, 38.0008852 ], [ 14.19468217, 38.00112154 ], [ 14.19519706, 38.00117479 ], [ 14.19575534, 38.00123727 ], [ 14.19579886, 38.00125988 ], [ 14.19634736, 38.00146866 ], [ 14.19702015, 38.00172889 ], [ 14.1977097, 38.00196494 ], [ 14.19837158, 38.00218645 ], [ 14.1985425, 38.00225028 ], [ 14.1988222, 38.00250065 ], [ 14.19913531, 38.00274714 ], [ 14.1993879, 38.00293864 ], [ 14.19971391, 38.00307415 ], [ 14.20011253, 38.00325958 ], [ 14.20022648, 38.00330287 ], [ 14.20042051, 38.00327699 ], [ 14.20050803, 38.00315969 ], [ 14.2005764, 38.00299518 ], [ 14.20068886, 38.00283243 ], [ 14.20073918, 38.00274759 ], [ 14.20062293, 38.00243193 ], [ 14.20059215, 38.00233025 ], [ 14.20051019, 38.00194748 ], [ 14.20044902, 38.00167358 ], [ 14.2004993, 38.00154897 ], [ 14.20071748, 38.00105871 ], [ 14.20084562, 38.00078434 ], [ 14.20107411, 38.00061693 ], [ 14.20119381, 38.00049539 ], [ 14.20152413, 38.00025508 ], [ 14.20187851, 37.99999843 ], [ 14.20190411, 37.99987975 ], [ 14.2019751, 37.99958402 ], [ 14.20201354, 37.99955812 ], [ 14.20232306, 37.99935811 ], [ 14.20237554, 37.99931721 ], [ 14.2029812, 37.99925414 ], [ 14.20343169, 37.9991799 ], [ 14.20376428, 37.99912274 ], [ 14.20392136, 37.99907386 ], [ 14.20448578, 37.99890462 ], [ 14.20474759, 37.99876035 ], [ 14.20510517, 37.99855453 ], [ 14.20546538, 37.99834756 ], [ 14.20560162, 37.99832514 ], [ 14.2058136, 37.99827681 ], [ 14.20581371, 37.99824068 ], [ 14.20603528, 37.9981772 ], [ 14.20609934, 37.99815145 ], [ 14.20620272, 37.99808576 ], [ 14.20662918, 37.99805985 ], [ 14.20680507, 37.99804134 ], [ 14.20691849, 37.9979881 ], [ 14.20695057, 37.99798279 ], [ 14.20699859, 37.99798212 ], [ 14.2070064, 37.99797317 ], [ 14.20703341, 37.99796965 ], [ 14.20703555, 37.99792454 ], [ 14.20707009, 37.99788873 ], [ 14.20723112, 37.997887 ], [ 14.20740597, 37.99785844 ], [ 14.20769093, 37.9978019 ], [ 14.20782544, 37.99780103 ], [ 14.20807562, 37.99779961 ], [ 14.20824426, 37.99774806 ], [ 14.20836644, 37.99779037 ], [ 14.20885622, 37.99779455 ], [ 14.20904596, 37.99782986 ], [ 14.20914049, 37.99780593 ], [ 14.20918189, 37.99778504 ], [ 14.20930702, 37.99764805 ], [ 14.20937702, 37.99756752 ], [ 14.20946999, 37.99736994 ], [ 14.20960701, 37.99704528 ], [ 14.20974441, 37.99688108 ], [ 14.20984703, 37.99674485 ], [ 14.2099732, 37.99652883 ], [ 14.21006177, 37.99643993 ], [ 14.21027431, 37.99633787 ], [ 14.21015477, 37.99614259 ], [ 14.21010146, 37.99598537 ], [ 14.21028288, 37.99573847 ], [ 14.21047136, 37.99552848 ], [ 14.2105741, 37.99542992 ], [ 14.21060874, 37.99526608 ], [ 14.21052538, 37.9951998 ], [ 14.21048625, 37.99510501 ], [ 14.21035271, 37.99502626 ], [ 14.21012277, 37.9948901 ], [ 14.20998864, 37.99480887 ], [ 14.2099097, 37.99462765 ], [ 14.20987643, 37.99450939 ], [ 14.20986744, 37.99444327 ], [ 14.20991062, 37.99438796 ], [ 14.20992676, 37.99432301 ], [ 14.20996448, 37.99417193 ], [ 14.20996825, 37.99405197 ], [ 14.21011298, 37.99386965 ], [ 14.21026822, 37.99367556 ], [ 14.21025845, 37.99352235 ], [ 14.21031886, 37.99338878 ], [ 14.21034115, 37.99324246 ], [ 14.21034238, 37.99312548 ], [ 14.21033453, 37.99293766 ], [ 14.21031675, 37.99284261 ], [ 14.21029498, 37.99274796 ], [ 14.21032652, 37.99244628 ], [ 14.21036338, 37.99220771 ], [ 14.21039106, 37.99213765 ], [ 14.21046863, 37.99192484 ], [ 14.21032796, 37.99189607 ], [ 14.21016185, 37.99188663 ], [ 14.21003122, 37.99184973 ], [ 14.21000342, 37.99177763 ], [ 14.20975379, 37.99186874 ], [ 14.20926674, 37.99186233 ], [ 14.20917604, 37.99184227 ], [ 14.20898991, 37.99182485 ], [ 14.20891146, 37.99180473 ], [ 14.20871116, 37.99180057 ], [ 14.20863101, 37.99171154 ], [ 14.20859568, 37.99166311 ], [ 14.20855307, 37.99155083 ], [ 14.20848977, 37.9912506 ], [ 14.20846893, 37.99121172 ], [ 14.20838153, 37.99105347 ], [ 14.20825722, 37.99088292 ], [ 14.20819859, 37.99077887 ], [ 14.20813761, 37.99063315 ], [ 14.20810017, 37.99053348 ], [ 14.20802742, 37.99024767 ], [ 14.20796332, 37.9900338 ], [ 14.20792186, 37.98976814 ], [ 14.20788706, 37.98945138 ], [ 14.2078173, 37.98924562 ], [ 14.20776894, 37.98917496 ], [ 14.20753566, 37.98902426 ], [ 14.20739862, 37.98890725 ], [ 14.20725819, 37.98875828 ], [ 14.20720714, 37.98869075 ], [ 14.20712865, 37.98857087 ], [ 14.20708865, 37.98833236 ], [ 14.20710693, 37.9881002 ], [ 14.20713614, 37.98797152 ], [ 14.20723813, 37.98764608 ], [ 14.20729875, 37.98766087 ], [ 14.2072498, 37.98781191 ], [ 14.20720709, 37.98796302 ], [ 14.20717582, 37.98812665 ], [ 14.20715671, 37.98830559 ], [ 14.20718289, 37.98851787 ], [ 14.20721652, 37.98860493 ], [ 14.2072508, 37.98865298 ], [ 14.20728767, 37.98872289 ], [ 14.20745042, 37.98887851 ], [ 14.20754765, 37.98896725 ], [ 14.20778347, 37.98912152 ], [ 14.20783926, 37.98917983 ], [ 14.20792314, 37.98941101 ], [ 14.20795053, 37.98964088 ], [ 14.20798446, 37.98993048 ], [ 14.20803146, 37.99007123 ], [ 14.20810481, 37.99034132 ], [ 14.20815072, 37.99050132 ], [ 14.20818716, 37.99062133 ], [ 14.20828204, 37.99082179 ], [ 14.20830144, 37.99086838 ], [ 14.20845264, 37.99107952 ], [ 14.20853334, 37.99123677 ], [ 14.20855969, 37.99137076 ], [ 14.20862378, 37.99157949 ], [ 14.20864996, 37.99163784 ], [ 14.20877937, 37.99166717 ], [ 14.20899088, 37.99173261 ], [ 14.20925306, 37.99176642 ], [ 14.20959533, 37.99178474 ], [ 14.20975576, 37.99178482 ], [ 14.20983349, 37.99176033 ], [ 14.21001054, 37.9916955 ], [ 14.21009196, 37.99165554 ], [ 14.21013697, 37.99165993 ], [ 14.21005926, 37.99177707 ], [ 14.21010207, 37.99180322 ], [ 14.21016275, 37.99182237 ], [ 14.21050118, 37.99183032 ], [ 14.2105661, 37.99183702 ], [ 14.21054038, 37.99189929 ], [ 14.21050804, 37.99192967 ], [ 14.21049968, 37.99200175 ], [ 14.21039608, 37.99222307 ], [ 14.21035827, 37.99262344 ], [ 14.21034225, 37.99273587 ], [ 14.21037519, 37.99287989 ], [ 14.21039237, 37.99302338 ], [ 14.21038726, 37.99327459 ], [ 14.21036619, 37.99337137 ], [ 14.21030711, 37.99352651 ], [ 14.21031578, 37.99368781 ], [ 14.21008017, 37.99398949 ], [ 14.21000152, 37.99409604 ], [ 14.20998454, 37.99426361 ], [ 14.20993897, 37.9944124 ], [ 14.20993891, 37.99452626 ], [ 14.20999539, 37.99466642 ], [ 14.21005107, 37.99478387 ], [ 14.21015411, 37.99484037 ], [ 14.21049685, 37.99504529 ], [ 14.21056152, 37.9950861 ], [ 14.21058386, 37.99517495 ], [ 14.21067421, 37.9952467 ], [ 14.21064733, 37.99539808 ], [ 14.21061356, 37.99545505 ], [ 14.21056648, 37.99550874 ], [ 14.21034636, 37.99574648 ], [ 14.21017303, 37.99597917 ], [ 14.21018542, 37.99606653 ], [ 14.21021023, 37.99613953 ], [ 14.21026623, 37.99622059 ], [ 14.21034379, 37.99634187 ], [ 14.21032117, 37.99637398 ], [ 14.21008593, 37.99651938 ], [ 14.2100323, 37.99656393 ], [ 14.20985634, 37.99685234 ], [ 14.2097642, 37.99696939 ], [ 14.20965683, 37.99707816 ], [ 14.20956192, 37.99732946 ], [ 14.20953016, 37.99737913 ], [ 14.20942808, 37.99759745 ], [ 14.20932067, 37.99771152 ], [ 14.2091588, 37.99788621 ], [ 14.20886254, 37.99788173 ], [ 14.20869174, 37.99786601 ], [ 14.20844977, 37.99786254 ], [ 14.20835752, 37.99787308 ], [ 14.20828053, 37.99784012 ], [ 14.20810616, 37.99788847 ], [ 14.2079495, 37.99788498 ], [ 14.20780667, 37.99789409 ], [ 14.20763675, 37.99790174 ], [ 14.20732065, 37.99796625 ], [ 14.2070829, 37.99796943 ], [ 14.2070712, 37.99801418 ], [ 14.20699761, 37.99805617 ], [ 14.20689601, 37.99810924 ], [ 14.20686868, 37.99811476 ], [ 14.20686325, 37.99811585 ], [ 14.20663988, 37.99815218 ], [ 14.206729, 37.99834685 ], [ 14.20663974, 37.9981522 ], [ 14.20655488, 37.99816017 ], [ 14.20636722, 37.99816794 ], [ 14.20625885, 37.99816645 ], [ 14.20623255, 37.99818106 ], [ 14.2062212, 37.99818738 ], [ 14.20621544, 37.99819059 ], [ 14.20615102, 37.99822641 ], [ 14.20608872, 37.99826106 ], [ 14.20608137, 37.99826514 ], [ 14.20600217, 37.99828001 ], [ 14.20577988, 37.99833186 ], [ 14.20547656, 37.99837841 ], [ 14.20543492, 37.99840451 ], [ 14.20518369, 37.99855398 ], [ 14.20484835, 37.99874519 ], [ 14.20451192, 37.99893138 ], [ 14.20434995, 37.99897852 ], [ 14.203764, 37.99915895 ], [ 14.2031415, 37.99927744 ], [ 14.20278967, 37.99931457 ], [ 14.20238649, 37.99935789 ], [ 14.20224798, 37.99944581 ], [ 14.20201964, 37.99959396 ], [ 14.20192362, 38.00001044 ], [ 14.2016304, 38.00023027 ], [ 14.20127637, 38.00049083 ], [ 14.2010859, 38.0006734 ], [ 14.20089087, 38.00081167 ], [ 14.20071671, 38.00117845 ], [ 14.20054695, 38.00155712 ], [ 14.20077452, 38.00186724 ], [ 14.20104164, 38.00224526 ], [ 14.2010977, 38.00228871 ], [ 14.20152925, 38.00253434 ], [ 14.2018877, 38.00278181 ], [ 14.20204637, 38.00292215 ], [ 14.20235975, 38.00323861 ], [ 14.20268554, 38.00362637 ], [ 14.20282806, 38.00376557 ], [ 14.20315244, 38.00407549 ], [ 14.20339696, 38.00435522 ], [ 14.2035397, 38.00474896 ], [ 14.2036126, 38.00519057 ], [ 14.20360754, 38.00541219 ], [ 14.20367401, 38.0055834 ], [ 14.20378279, 38.00581354 ], [ 14.20386291, 38.00608971 ], [ 14.20396119, 38.00649415 ], [ 14.20397369, 38.00653421 ], [ 14.2041481, 38.00672029 ], [ 14.20428832, 38.00692872 ], [ 14.2043597, 38.00705553 ], [ 14.20449982, 38.00715396 ], [ 14.2047345, 38.00733965 ], [ 14.2048029, 38.00739809 ], [ 14.20487927, 38.00751956 ], [ 14.2049738, 38.00762612 ], [ 14.20499775, 38.00763877 ], [ 14.2049088, 38.00773741 ], [ 14.20489357, 38.00770045 ], [ 14.20484583, 38.00759894 ], [ 14.20479512, 38.00747341 ], [ 14.20474856, 38.00741206 ], [ 14.20453273, 38.00724352 ], [ 14.20435278, 38.007105 ], [ 14.20429182, 38.0070539 ], [ 14.20425225, 38.00697832 ], [ 14.20421428, 38.00689368 ], [ 14.20416017, 38.00681681 ], [ 14.20399975, 38.00661421 ], [ 14.20392697, 38.00652869 ], [ 14.2038952, 38.00639766 ], [ 14.20382213, 38.00608272 ], [ 14.20375985, 38.00586894 ], [ 14.20365223, 38.00559073 ], [ 14.20358092, 38.00544301 ], [ 14.20357472, 38.00537465 ], [ 14.20357419, 38.00535567 ], [ 14.2035698, 38.00531155 ], [ 14.20355662, 38.00506641 ], [ 14.20350145, 38.00475516 ], [ 14.20337859, 38.00440302 ], [ 14.2033575, 38.00436979 ], [ 14.20316125, 38.00413153 ], [ 14.20306134, 38.00403032 ], [ 14.20272014, 38.00372247 ], [ 14.20261497, 38.00360431 ], [ 14.20246215, 38.00341955 ], [ 14.20215484, 38.00308787 ], [ 14.20188903, 38.00283906 ], [ 14.20153791, 38.00260337 ], [ 14.20136028, 38.00250365 ], [ 14.20107371, 38.00234293 ], [ 14.20102041, 38.00231142 ], [ 14.2008395, 38.0020914 ], [ 14.20063769, 38.00184241 ], [ 14.2005057, 38.00169655 ], [ 14.20053764, 38.00186666 ], [ 14.20058178, 38.00205277 ], [ 14.20063928, 38.00236331 ], [ 14.20067859, 38.00246369 ], [ 14.20078698, 38.00271934 ], [ 14.20079012, 38.00278396 ], [ 14.20067507, 38.00294606 ], [ 14.20063031, 38.00300771 ], [ 14.20053617, 38.00319411 ], [ 14.20045238, 38.00330106 ], [ 14.20041005, 38.00332469 ], [ 14.20022046, 38.00334314 ], [ 14.19982937, 38.00317409 ], [ 14.19966138, 38.00310233 ], [ 14.19936025, 38.00297929 ], [ 14.19910643, 38.00278566 ], [ 14.19881702, 38.00256135 ], [ 14.19870491, 38.00247078 ], [ 14.19847544, 38.00227261 ], [ 14.19783475, 38.00205828 ], [ 14.1975296, 38.00195332 ], [ 14.19707816, 38.00180052 ], [ 14.19667751, 38.00164712 ], [ 14.19609066, 38.00141684 ], [ 14.19574411, 38.00128231 ], [ 14.19536075, 38.00124246 ], [ 14.19463634, 38.00116612 ], [ 14.19450379, 38.00098969 ], [ 14.19428874, 38.00069209 ], [ 14.19414217, 38.00049649 ], [ 14.1940718, 38.00035863 ] ] ] } },
{ "type": "Feature", "properties": { "gml_id": "CadastralParcel.IT.AGE.PLA.L478_002400.STRADA004", "INSPIREID_LOCALID": "IT.AGE.PLA.L478_002400.STRADA004", "INSPIREID_NAMESPACE": "IT.AGE.PLA.", "LABEL": "STRADA004", "NATIONALCADASTRALREFERENCE": "L478_002400.STRADA004", "ADMINISTRATIVEUNIT": "L478" }, "geometry": { "type": "Polygon", "coordinates": [ [ [ 14.21669681, 37.97713653 ], [ 14.21647125, 37.97724041 ], [ 14.21633732, 37.97729795 ], [ 14.2150996, 37.97804502 ], [ 14.21291563, 37.97844512 ], [ 14.21253323, 37.97870533 ], [ 14.21196316, 37.97925808 ], [ 14.21170314, 37.97958117 ], [ 14.21153706, 37.9796523 ], [ 14.21131231, 37.98000148 ], [ 14.2112427, 37.98005119 ], [ 14.21070248, 37.98041943 ], [ 14.21055301, 37.98067272 ], [ 14.21016907, 37.9809316 ], [ 14.21061879, 37.98144366 ], [ 14.21069809, 37.98203381 ], [ 14.21037279, 37.98265354 ], [ 14.20985884, 37.98283491 ], [ 14.20955394, 37.98307978 ], [ 14.20946293, 37.98305138 ], [ 14.20958136, 37.98290547 ], [ 14.21010763, 37.98259661 ], [ 14.21045314, 37.98200194 ], [ 14.21040378, 37.9814992 ], [ 14.21003687, 37.98089532 ], [ 14.210514, 37.98062588 ], [ 14.21064588, 37.98040427 ], [ 14.21127739, 37.97996929 ], [ 14.21145137, 37.97956062 ], [ 14.21112125, 37.97902382 ], [ 14.21108213, 37.97796204 ], [ 14.21069249, 37.97710761 ], [ 14.21103168, 37.9763924 ], [ 14.21193525, 37.97528489 ], [ 14.21190673, 37.97522372 ], [ 14.21207663, 37.97507245 ], [ 14.2134879, 37.97346866 ], [ 14.21395997, 37.97290199 ], [ 14.21426378, 37.97269244 ], [ 14.21451427, 37.972505 ], [ 14.21419766, 37.97236409 ], [ 14.21394765, 37.97228965 ], [ 14.21387115, 37.97212974 ], [ 14.21406551, 37.97211137 ], [ 14.21521835, 37.97170941 ], [ 14.21611116, 37.97124605 ], [ 14.21734662, 37.97042662 ], [ 14.21807738, 37.9697157 ], [ 14.21837251, 37.96897209 ], [ 14.21857615, 37.96861376 ], [ 14.21913529, 37.96827424 ], [ 14.21934088, 37.96804615 ], [ 14.21981627, 37.96784227 ], [ 14.2198635, 37.96786499 ], [ 14.21935781, 37.96808168 ], [ 14.21920889, 37.96827167 ], [ 14.21899594, 37.96841414 ], [ 14.21864634, 37.96862748 ], [ 14.21858437, 37.96869853 ], [ 14.21856772, 37.96874526 ], [ 14.21848335, 37.96892374 ], [ 14.21839946, 37.96903973 ], [ 14.21813274, 37.96973447 ], [ 14.21749591, 37.97036688 ], [ 14.21803057, 37.97043542 ], [ 14.21848956, 37.97048192 ], [ 14.2190419, 37.97069789 ], [ 14.2192769, 37.97079897 ], [ 14.21944744, 37.9708933 ], [ 14.21991017, 37.97114927 ], [ 14.22044148, 37.97151843 ], [ 14.22079392, 37.97173775 ], [ 14.22130511, 37.97203758 ], [ 14.22171361, 37.97223377 ], [ 14.22190951, 37.97237002 ], [ 14.22242155, 37.97278633 ], [ 14.22250912, 37.9728124 ], [ 14.22335942, 37.97286448 ], [ 14.22316194, 37.97272807 ], [ 14.22294497, 37.97233941 ], [ 14.22292681, 37.97200594 ], [ 14.22300301, 37.9713555 ], [ 14.22300419, 37.97114511 ], [ 14.22304148, 37.97071405 ], [ 14.22297956, 37.97047193 ], [ 14.22291765, 37.97023807 ], [ 14.22293949, 37.97010208 ], [ 14.22300312, 37.96974837 ], [ 14.22322378, 37.96948923 ], [ 14.22357998, 37.96930169 ], [ 14.2237813, 37.96921655 ], [ 14.22389946, 37.96910674 ], [ 14.22375206, 37.96888995 ], [ 14.22374301, 37.9688298 ], [ 14.22367003, 37.96874031 ], [ 14.223699, 37.96868186 ], [ 14.22381742, 37.96863941 ], [ 14.22396153, 37.96860705 ], [ 14.22393756, 37.96845245 ], [ 14.22405779, 37.96810302 ], [ 14.22395224, 37.96786351 ], [ 14.22398682, 37.9678133 ], [ 14.22423577, 37.96756276 ], [ 14.22441283, 37.96734427 ], [ 14.22483047, 37.96717079 ], [ 14.22507179, 37.96701787 ], [ 14.22550484, 37.96691551 ], [ 14.22560675, 37.96686533 ], [ 14.22562219, 37.96650964 ], [ 14.22570104, 37.96640321 ], [ 14.22582953, 37.96624987 ], [ 14.22604662, 37.96614744 ], [ 14.22647435, 37.96550154 ], [ 14.22674261, 37.9654312 ], [ 14.22744769, 37.96519869 ], [ 14.22773875, 37.96503654 ], [ 14.22782481, 37.96493785 ], [ 14.22796832, 37.96477285 ], [ 14.22828463, 37.96446497 ], [ 14.22859266, 37.96422244 ], [ 14.22871592, 37.96416943 ], [ 14.22887544, 37.96402225 ], [ 14.22925427, 37.96374379 ], [ 14.22961356, 37.96346632 ], [ 14.22971707, 37.9633286 ], [ 14.2296963, 37.963135 ], [ 14.22955929, 37.96301789 ], [ 14.22925593, 37.96281699 ], [ 14.22906503, 37.96240704 ], [ 14.22898816, 37.96227916 ], [ 14.22841265, 37.96239606 ], [ 14.22790994, 37.96240858 ], [ 14.22753619, 37.9624664 ], [ 14.22710754, 37.96262285 ], [ 14.22695763, 37.96267215 ], [ 14.22636788, 37.96298698 ], [ 14.225977, 37.96323763 ], [ 14.22538425, 37.96362518 ], [ 14.22474511, 37.96373054 ], [ 14.22333351, 37.96382103 ], [ 14.22344579, 37.96360186 ], [ 14.22436798, 37.96367043 ], [ 14.22475492, 37.9636306 ], [ 14.2253911, 37.96352155 ], [ 14.22572972, 37.96327898 ], [ 14.22613537, 37.96301954 ], [ 14.22642821, 37.96284862 ], [ 14.22669104, 37.96272354 ], [ 14.22703374, 37.9625757 ], [ 14.22747301, 37.96241448 ], [ 14.22780477, 37.96237165 ], [ 14.22845136, 37.9622995 ], [ 14.22893261, 37.96214809 ], [ 14.22886225, 37.96203867 ], [ 14.22857167, 37.96172043 ], [ 14.22841701, 37.96138328 ], [ 14.22799914, 37.9610926 ], [ 14.22791331, 37.96089341 ], [ 14.22791663, 37.96080835 ], [ 14.22784369, 37.96069947 ], [ 14.22784185, 37.96030974 ], [ 14.22777238, 37.95990636 ], [ 14.22789958, 37.95959062 ], [ 14.22809668, 37.95933628 ], [ 14.22813304, 37.95913817 ], [ 14.22822431, 37.95902778 ], [ 14.22835021, 37.95875274 ], [ 14.228635, 37.9585622 ], [ 14.22833044, 37.95911953 ], [ 14.22825947, 37.95916465 ], [ 14.22818079, 37.95934086 ], [ 14.22800261, 37.95961485 ], [ 14.22790824, 37.95992623 ], [ 14.22796926, 37.96030286 ], [ 14.22798148, 37.96069767 ], [ 14.22805535, 37.96081807 ], [ 14.2281062, 37.96102733 ], [ 14.22849469, 37.96130649 ], [ 14.22867756, 37.9616449 ], [ 14.22896319, 37.96197265 ], [ 14.22907595, 37.96213158 ], [ 14.22935816, 37.96274159 ], [ 14.22957901, 37.96287371 ], [ 14.22979266, 37.96305961 ], [ 14.22985548, 37.96334344 ], [ 14.22970468, 37.96354576 ], [ 14.22949621, 37.96372177 ], [ 14.22899768, 37.96404068 ], [ 14.22869861, 37.96428305 ], [ 14.22908582, 37.96466028 ], [ 14.2298584, 37.96575237 ], [ 14.2305442, 37.96640819 ], [ 14.23119743, 37.96681015 ], [ 14.23119143, 37.96688876 ], [ 14.23064802, 37.96652473 ], [ 14.2304867, 37.96643221 ], [ 14.22981092, 37.96576724 ], [ 14.22976028, 37.96570163 ], [ 14.22902446, 37.9646856 ], [ 14.2286199, 37.96432305 ], [ 14.22848616, 37.96441499 ], [ 14.22809212, 37.96478824 ], [ 14.22780844, 37.96510312 ], [ 14.22762066, 37.96519151 ], [ 14.22742153, 37.96531705 ], [ 14.22715801, 37.96543831 ], [ 14.2268513, 37.96553918 ], [ 14.22654763, 37.96557866 ], [ 14.22633491, 37.96583884 ], [ 14.22611415, 37.9662201 ], [ 14.22604753, 37.96624215 ], [ 14.22582342, 37.96629931 ], [ 14.22568971, 37.96654705 ], [ 14.22568287, 37.96674581 ], [ 14.22570936, 37.966866 ], [ 14.22567811, 37.96693345 ], [ 14.22562868, 37.96696458 ], [ 14.22514411, 37.9670607 ], [ 14.22506399, 37.96710508 ], [ 14.22489033, 37.96721233 ], [ 14.22447486, 37.96738986 ], [ 14.22424424, 37.96768094 ], [ 14.22403755, 37.9678778 ], [ 14.22416049, 37.96809482 ], [ 14.22402125, 37.96851041 ], [ 14.22404542, 37.96862622 ], [ 14.2237619, 37.96870946 ], [ 14.22375525, 37.96874529 ], [ 14.22381834, 37.96883816 ], [ 14.22386073, 37.96895245 ], [ 14.22400164, 37.96911183 ], [ 14.22380033, 37.96926124 ], [ 14.22324496, 37.96953065 ], [ 14.2230337, 37.96978453 ], [ 14.2229587, 37.97021259 ], [ 14.2229795, 37.97031078 ], [ 14.2231053, 37.97073419 ], [ 14.22304448, 37.97114529 ], [ 14.22303447, 37.97162257 ], [ 14.22302123, 37.97202903 ], [ 14.22326279, 37.9721675 ], [ 14.22368014, 37.9725891 ], [ 14.2238308, 37.97281467 ], [ 14.22397908, 37.97298956 ], [ 14.22406984, 37.97303702 ], [ 14.22412216, 37.97309133 ], [ 14.22418659, 37.97329601 ], [ 14.22436003, 37.97364035 ], [ 14.22434229, 37.97368729 ], [ 14.22436493, 37.9737745 ], [ 14.22449169, 37.97397626 ], [ 14.22469982, 37.9742683 ], [ 14.22478112, 37.97444448 ], [ 14.22487431, 37.97460076 ], [ 14.22499973, 37.97482984 ], [ 14.22512467, 37.97499686 ], [ 14.22528558, 37.97516738 ], [ 14.22563305, 37.97562527 ], [ 14.22571571, 37.97560353 ], [ 14.22580411, 37.97575197 ], [ 14.22591244, 37.97586677 ], [ 14.22610209, 37.97626236 ], [ 14.22642057, 37.97663665 ], [ 14.22658835, 37.9767668 ], [ 14.2268613, 37.97685235 ], [ 14.22720485, 37.97694589 ], [ 14.22764341, 37.97700481 ], [ 14.22795413, 37.97707117 ], [ 14.22800788, 37.97720505 ], [ 14.22808167, 37.97726857 ], [ 14.22804082, 37.97757723 ], [ 14.22812022, 37.977684 ], [ 14.22820418, 37.97775186 ], [ 14.22817917, 37.97782401 ], [ 14.22803258, 37.97766553 ], [ 14.22797724, 37.97759692 ], [ 14.22799747, 37.97733688 ], [ 14.22790805, 37.97714173 ], [ 14.22765763, 37.97708203 ], [ 14.22729238, 37.97701509 ], [ 14.22701213, 37.97696053 ], [ 14.22688577, 37.97691878 ], [ 14.2268365, 37.97690241 ], [ 14.22664154, 37.97683616 ], [ 14.22651165, 37.97678722 ], [ 14.22641131, 37.97671545 ], [ 14.2262974, 37.976595 ], [ 14.22596983, 37.97626302 ], [ 14.22576179, 37.97585817 ], [ 14.22538762, 37.97542276 ], [ 14.2249134, 37.97485182 ], [ 14.22470966, 37.97450664 ], [ 14.2246505, 37.97433179 ], [ 14.22431346, 37.97401407 ], [ 14.22405108, 37.97369322 ], [ 14.22344426, 37.97294183 ], [ 14.22329475, 37.97293125 ], [ 14.22283748, 37.97289891 ], [ 14.22255465, 37.97287891 ], [ 14.22252999, 37.97287716 ], [ 14.22237542, 37.97284467 ], [ 14.22229455, 37.97278157 ], [ 14.22174377, 37.97233291 ], [ 14.22120252, 37.97207915 ], [ 14.22085564, 37.97188591 ], [ 14.22054585, 37.97169185 ], [ 14.22023946, 37.97148598 ], [ 14.21992251, 37.9712464 ], [ 14.2191838, 37.97084056 ], [ 14.21869639, 37.97064972 ], [ 14.21845831, 37.97056042 ], [ 14.21740425, 37.97044294 ], [ 14.21666341, 37.97094568 ], [ 14.21612428, 37.97129618 ], [ 14.215577, 37.97157944 ], [ 14.21518951, 37.97177319 ], [ 14.21406282, 37.97215985 ], [ 14.21417521, 37.97228708 ], [ 14.21480156, 37.97259231 ], [ 14.21512704, 37.97272448 ], [ 14.21554353, 37.97315582 ], [ 14.21592052, 37.97324666 ], [ 14.216387, 37.9731803 ], [ 14.21649233, 37.97317751 ], [ 14.217007, 37.97319974 ], [ 14.21814238, 37.97340343 ], [ 14.21843704, 37.97353716 ], [ 14.21887252, 37.97372457 ], [ 14.219038, 37.97380407 ], [ 14.21953499, 37.97413435 ], [ 14.2200571, 37.97469894 ], [ 14.22014649, 37.97472027 ], [ 14.22072253, 37.97486111 ], [ 14.2212811, 37.97512877 ], [ 14.22167344, 37.97542538 ], [ 14.22187401, 37.9756567 ], [ 14.22198384, 37.97577563 ], [ 14.22220732, 37.97590869 ], [ 14.22238783, 37.97603841 ], [ 14.22288356, 37.97652812 ], [ 14.22303959, 37.97656983 ], [ 14.22387656, 37.9768004 ], [ 14.22456451, 37.97748989 ], [ 14.22471436, 37.97779224 ], [ 14.22483624, 37.97805766 ], [ 14.22477894, 37.97804339 ], [ 14.22451056, 37.97752195 ], [ 14.22386471, 37.97686353 ], [ 14.22282618, 37.97657295 ], [ 14.22231669, 37.97605766 ], [ 14.22223441, 37.97600597 ], [ 14.22189703, 37.97579078 ], [ 14.22163749, 37.97547747 ], [ 14.22123963, 37.97517345 ], [ 14.22072288, 37.97491608 ], [ 14.22042411, 37.97484735 ], [ 14.22001107, 37.97474796 ], [ 14.21946527, 37.9741305 ], [ 14.21893721, 37.97381452 ], [ 14.21858345, 37.97365837 ], [ 14.21807812, 37.97344086 ], [ 14.21789705, 37.97341186 ], [ 14.2178536, 37.97340186 ], [ 14.21731186, 37.97330724 ], [ 14.21690258, 37.97324593 ], [ 14.21646457, 37.97322063 ], [ 14.2159403, 37.97330729 ], [ 14.2154919, 37.97318709 ], [ 14.21510523, 37.97277317 ], [ 14.2148802, 37.97269095 ], [ 14.21477465, 37.97265558 ], [ 14.21402597, 37.97293439 ], [ 14.21333742, 37.97377239 ], [ 14.21264892, 37.97457831 ], [ 14.21234126, 37.97491579 ], [ 14.21196744, 37.97534316 ], [ 14.21154281, 37.97585935 ], [ 14.21109775, 37.97639217 ], [ 14.21073878, 37.97710205 ], [ 14.21114701, 37.97798312 ], [ 14.21116017, 37.97870829 ], [ 14.21116815, 37.97901466 ], [ 14.21140577, 37.97931912 ], [ 14.21161038, 37.97947442 ], [ 14.21165455, 37.97946566 ], [ 14.21185846, 37.97917857 ], [ 14.21215195, 37.97892368 ], [ 14.21240365, 37.97868329 ], [ 14.21287954, 37.97834582 ], [ 14.21378811, 37.97822026 ], [ 14.21472008, 37.9780249 ], [ 14.21499521, 37.97797162 ], [ 14.21619829, 37.97726288 ], [ 14.21638687, 37.97716946 ], [ 14.21662914, 37.97707761 ], [ 14.21721492, 37.97709463 ], [ 14.21780242, 37.97702819 ], [ 14.21792953, 37.97700125 ], [ 14.21821568, 37.97689135 ], [ 14.21866371, 37.97680975 ], [ 14.21913784, 37.97680549 ], [ 14.21931526, 37.97685798 ], [ 14.21955522, 37.9769334 ], [ 14.22002788, 37.97695118 ], [ 14.22030062, 37.97728159 ], [ 14.22048279, 37.97754401 ], [ 14.22136763, 37.97751393 ], [ 14.22250753, 37.9774765 ], [ 14.22382513, 37.97785978 ], [ 14.22419743, 37.97799996 ], [ 14.22402106, 37.97800851 ], [ 14.22372694, 37.9779187 ], [ 14.22338644, 37.9778045 ], [ 14.22293089, 37.97766867 ], [ 14.22246324, 37.9775559 ], [ 14.22171468, 37.97757896 ], [ 14.22114804, 37.9776114 ], [ 14.22044221, 37.97762483 ], [ 14.22035152, 37.97757019 ], [ 14.22026654, 37.97738134 ], [ 14.21997616, 37.97702735 ], [ 14.21951776, 37.97699959 ], [ 14.21915215, 37.97690472 ], [ 14.21879707, 37.97689291 ], [ 14.21859181, 37.97691002 ], [ 14.21815301, 37.97699264 ], [ 14.21792665, 37.97710445 ], [ 14.21777561, 37.97711926 ], [ 14.21762044, 37.97713654 ], [ 14.21747519, 37.97715128 ], [ 14.21734646, 37.97716352 ], [ 14.21723095, 37.97717065 ], [ 14.21710562, 37.97716735 ], [ 14.21700999, 37.97716421 ], [ 14.21693084, 37.97716118 ], [ 14.21679564, 37.97715523 ], [ 14.21669681, 37.97713653 ] ] ] } },
{ "type": "Feature", "properties": { "gml_id": "CadastralParcel.IT.AGE.PLA.L478_000900.3", "INSPIREID_LOCALID": "IT.AGE.PLA.L478_000900.3", "INSPIREID_NAMESPACE": "IT.AGE.PLA.", "LABEL": "3", "NATIONALCADASTRALREFERENCE": "L478_000900.3", "ADMINISTRATIVEUNIT": "L478" }, "geometry": { "type": "Polygon", "coordinates": [ [ [ 14.1924293, 38.00287786 ], [ 14.19276263, 38.00214332 ], [ 14.19314038, 38.00130016 ], [ 14.19376018, 38.00069191 ], [ 14.1940718, 38.00035863 ], [ 14.19414217, 38.00049649 ], [ 14.19428874, 38.00069209 ], [ 14.19450379, 38.00098969 ], [ 14.19463634, 38.00116612 ], [ 14.19536075, 38.00124246 ], [ 14.19574411, 38.00128231 ], [ 14.19609066, 38.00141684 ], [ 14.19667751, 38.00164712 ], [ 14.19707816, 38.00180052 ], [ 14.1975296, 38.00195332 ], [ 14.19783475, 38.00205828 ], [ 14.19847544, 38.00227261 ], [ 14.19870491, 38.00247078 ], [ 14.19881702, 38.00256135 ], [ 14.19910643, 38.00278566 ], [ 14.19936025, 38.00297929 ], [ 14.19966138, 38.00310233 ], [ 14.19982937, 38.00317409 ], [ 14.20022046, 38.00334314 ], [ 14.20041005, 38.00332469 ], [ 14.20045238, 38.00330106 ], [ 14.20053617, 38.00319411 ], [ 14.20063031, 38.00300771 ], [ 14.20067507, 38.00294606 ], [ 14.20079012, 38.00278396 ], [ 14.20078698, 38.00271934 ], [ 14.20067859, 38.00246369 ], [ 14.20063928, 38.00236331 ], [ 14.20058178, 38.00205277 ], [ 14.20053764, 38.00186666 ], [ 14.2005057, 38.00169655 ], [ 14.20063769, 38.00184241 ], [ 14.2008395, 38.0020914 ], [ 14.20102041, 38.00231142 ], [ 14.20107371, 38.00234293 ], [ 14.20136028, 38.00250365 ], [ 14.20153791, 38.00260337 ], [ 14.20188903, 38.00283906 ], [ 14.20215484, 38.00308787 ], [ 14.20246215, 38.00341955 ], [ 14.20261497, 38.00360431 ], [ 14.20272014, 38.00372247 ], [ 14.20306134, 38.00403032 ], [ 14.20316125, 38.00413153 ], [ 14.2033575, 38.00436979 ], [ 14.20337859, 38.00440302 ], [ 14.20350145, 38.00475516 ], [ 14.20355662, 38.00506641 ], [ 14.2035698, 38.00531155 ], [ 14.20350731, 38.00530671 ], [ 14.20345627, 38.00529737 ], [ 14.20344436, 38.00534661 ], [ 14.20349536, 38.00536054 ], [ 14.20357472, 38.00537465 ], [ 14.20358092, 38.00544301 ], [ 14.20365223, 38.00559073 ], [ 14.20375985, 38.00586894 ], [ 14.20382213, 38.00608272 ], [ 14.2038952, 38.00639766 ], [ 14.20392697, 38.00652869 ], [ 14.20399975, 38.00661421 ], [ 14.20416017, 38.00681681 ], [ 14.20421428, 38.00689368 ], [ 14.20425225, 38.00697832 ], [ 14.20369191, 38.00693155 ], [ 14.20225055, 38.00677567 ], [ 14.20212778, 38.00668633 ], [ 14.20137543, 38.00611372 ], [ 14.20061269, 38.00553952 ], [ 14.20044517, 38.00497841 ], [ 14.20020046, 38.00413152 ], [ 14.19973651, 38.00406429 ], [ 14.19762135, 38.00379025 ], [ 14.19695162, 38.00369849 ], [ 14.19536079, 38.00339875 ], [ 14.19384051, 38.00313194 ], [ 14.1924293, 38.00287786 ] ] ] } },
{ "type": "Feature", "properties": { "gml_id": "CadastralParcel.IT.AGE.PLA.L478_000900.STRADA002", "INSPIREID_LOCALID": "IT.AGE.PLA.L478_000900.STRADA002", "INSPIREID_NAMESPACE": "IT.AGE.PLA.", "LABEL": "STRADA002", "NATIONALCADASTRALREFERENCE": "L478_000900.STRADA002", "ADMINISTRATIVEUNIT": "L478" }, "geometry": { "type": "Polygon", "coordinates": [ [ [ 14.1940718, 38.00035863 ], [ 14.19413364, 38.00031588 ], [ 14.19419919, 38.00047501 ], [ 14.19427117, 38.00056715 ], [ 14.19450259, 38.0008852 ], [ 14.19468217, 38.00112154 ], [ 14.19519706, 38.00117479 ], [ 14.19575534, 38.00123727 ], [ 14.19579886, 38.00125988 ], [ 14.19634736, 38.00146866 ], [ 14.19702015, 38.00172889 ], [ 14.1977097, 38.00196494 ], [ 14.19837158, 38.00218645 ], [ 14.1985425, 38.00225028 ], [ 14.1988222, 38.00250065 ], [ 14.19913531, 38.00274714 ], [ 14.1993879, 38.00293864 ], [ 14.19971391, 38.00307415 ], [ 14.20011253, 38.00325958 ], [ 14.20022648, 38.00330287 ], [ 14.20042051, 38.00327699 ], [ 14.20050803, 38.00315969 ], [ 14.2005764, 38.00299518 ], [ 14.20068886, 38.00283243 ], [ 14.20073918, 38.00274759 ], [ 14.20062293, 38.00243193 ], [ 14.20059215, 38.00233025 ], [ 14.20051019, 38.00194748 ], [ 14.20044902, 38.00167358 ], [ 14.2004993, 38.00154897 ], [ 14.20071748, 38.00105871 ], [ 14.20084562, 38.00078434 ], [ 14.20107411, 38.00061693 ], [ 14.20119381, 38.00049539 ], [ 14.20152413, 38.00025508 ], [ 14.20187851, 37.99999843 ], [ 14.20190411, 37.99987975 ], [ 14.2019751, 37.99958402 ], [ 14.20201354, 37.99955812 ], [ 14.20232306, 37.99935811 ], [ 14.20237554, 37.99931721 ], [ 14.2029812, 37.99925414 ], [ 14.20343169, 37.9991799 ], [ 14.20376428, 37.99912274 ], [ 14.20392136, 37.99907386 ], [ 14.20448578, 37.99890462 ], [ 14.20474759, 37.99876035 ], [ 14.20510517, 37.99855453 ], [ 14.20546538, 37.99834756 ], [ 14.20560162, 37.99832514 ], [ 14.2058136, 37.99827681 ], [ 14.20581371, 37.99824068 ], [ 14.20603528, 37.9981772 ], [ 14.20609934, 37.99815145 ], [ 14.20620272, 37.99808576 ], [ 14.20662918, 37.99805985 ], [ 14.20680507, 37.99804134 ], [ 14.20691849, 37.9979881 ], [ 14.20695057, 37.99798279 ], [ 14.20699859, 37.99798212 ], [ 14.2070064, 37.99797317 ], [ 14.20703341, 37.99796965 ], [ 14.20703555, 37.99792454 ], [ 14.20707009, 37.99788873 ], [ 14.20723112, 37.997887 ], [ 14.20740597, 37.99785844 ], [ 14.20769093, 37.9978019 ], [ 14.20782544, 37.99780103 ], [ 14.20807562, 37.99779961 ], [ 14.20824426, 37.99774806 ], [ 14.20836644, 37.99779037 ], [ 14.20885622, 37.99779455 ], [ 14.20904596, 37.99782986 ], [ 14.20914049, 37.99780593 ], [ 14.20918189, 37.99778504 ], [ 14.20930702, 37.99764805 ], [ 14.20937702, 37.99756752 ], [ 14.20946999, 37.99736994 ], [ 14.20960701, 37.99704528 ], [ 14.20974441, 37.99688108 ], [ 14.20984703, 37.99674485 ], [ 14.2099732, 37.99652883 ], [ 14.21006177, 37.99643993 ], [ 14.21027431, 37.99633787 ], [ 14.21015477, 37.99614259 ], [ 14.21010146, 37.99598537 ], [ 14.21028288, 37.99573847 ], [ 14.21047136, 37.99552848 ], [ 14.2105741, 37.99542992 ], [ 14.21060874, 37.99526608 ], [ 14.21052538, 37.9951998 ], [ 14.21048625, 37.99510501 ], [ 14.21035271, 37.99502626 ], [ 14.21012277, 37.9948901 ], [ 14.20998864, 37.99480887 ], [ 14.2099097, 37.99462765 ], [ 14.20987643, 37.99450939 ], [ 14.20986744, 37.99444327 ], [ 14.20991062, 37.99438796 ], [ 14.20992676, 37.99432301 ], [ 14.20996448, 37.99417193 ], [ 14.20996825, 37.99405197 ], [ 14.21011298, 37.99386965 ], [ 14.21026822, 37.99367556 ], [ 14.21025845, 37.99352235 ], [ 14.21031886, 37.99338878 ], [ 14.21034115, 37.99324246 ], [ 14.21034238, 37.99312548 ], [ 14.21033453, 37.99293766 ], [ 14.21031675, 37.99284261 ], [ 14.21029498, 37.99274796 ], [ 14.21032652, 37.99244628 ], [ 14.21036338, 37.99220771 ], [ 14.21039106, 37.99213765 ], [ 14.21046863, 37.99192484 ], [ 14.21032796, 37.99189607 ], [ 14.21016185, 37.99188663 ], [ 14.21003122, 37.99184973 ], [ 14.21000342, 37.99177763 ], [ 14.20975379, 37.99186874 ], [ 14.20926674, 37.99186233 ], [ 14.20917604, 37.99184227 ], [ 14.20898991, 37.99182485 ], [ 14.20891146, 37.99180473 ], [ 14.20871116, 37.99180057 ], [ 14.20863101, 37.99171154 ], [ 14.20859568, 37.99166311 ], [ 14.20855307, 37.99155083 ], [ 14.20848977, 37.9912506 ], [ 14.20846893, 37.99121172 ], [ 14.20838153, 37.99105347 ], [ 14.20825722, 37.99088292 ], [ 14.20819859, 37.99077887 ], [ 14.20813761, 37.99063315 ], [ 14.20810017, 37.99053348 ], [ 14.20802742, 37.99024767 ], [ 14.20796332, 37.9900338 ], [ 14.20792186, 37.98976814 ], [ 14.20788706, 37.98945138 ], [ 14.2078173, 37.98924562 ], [ 14.20776894, 37.98917496 ], [ 14.20753566, 37.98902426 ], [ 14.20739862, 37.98890725 ], [ 14.20725819, 37.98875828 ], [ 14.20720714, 37.98869075 ], [ 14.20712865, 37.98857087 ], [ 14.20708865, 37.98833236 ], [ 14.20710693, 37.9881002 ], [ 14.20713614, 37.98797152 ], [ 14.20723813, 37.98764608 ], [ 14.20729875, 37.98766087 ], [ 14.2072498, 37.98781191 ], [ 14.20720709, 37.98796302 ], [ 14.20717582, 37.98812665 ], [ 14.20715671, 37.98830559 ], [ 14.20718289, 37.98851787 ], [ 14.20721652, 37.98860493 ], [ 14.2072508, 37.98865298 ], [ 14.20728767, 37.98872289 ], [ 14.20745042, 37.98887851 ], [ 14.20754765, 37.98896725 ], [ 14.20778347, 37.98912152 ], [ 14.20783926, 37.98917983 ], [ 14.20792314, 37.98941101 ], [ 14.20795053, 37.98964088 ], [ 14.20798446, 37.98993048 ], [ 14.20803146, 37.99007123 ], [ 14.20810481, 37.99034132 ], [ 14.20815072, 37.99050132 ], [ 14.20818716, 37.99062133 ], [ 14.20828204, 37.99082179 ], [ 14.20830144, 37.99086838 ], [ 14.20845264, 37.99107952 ], [ 14.20853334, 37.99123677 ], [ 14.20855969, 37.99137076 ], [ 14.20862378, 37.99157949 ], [ 14.20864996, 37.99163784 ], [ 14.20877937, 37.99166717 ], [ 14.20899088, 37.99173261 ], [ 14.20925306, 37.99176642 ], [ 14.20959533, 37.99178474 ], [ 14.20975576, 37.99178482 ], [ 14.20983349, 37.99176033 ], [ 14.21001054, 37.9916955 ], [ 14.21009196, 37.99165554 ], [ 14.21013697, 37.99165993 ], [ 14.21005926, 37.99177707 ], [ 14.21010207, 37.99180322 ], [ 14.21016275, 37.99182237 ], [ 14.21050118, 37.99183032 ], [ 14.2105661, 37.99183702 ], [ 14.21054038, 37.99189929 ], [ 14.21050804, 37.99192967 ], [ 14.21049968, 37.99200175 ], [ 14.21039608, 37.99222307 ], [ 14.21035827, 37.99262344 ], [ 14.21034225, 37.99273587 ], [ 14.21037519, 37.99287989 ], [ 14.21039237, 37.99302338 ], [ 14.21038726, 37.99327459 ], [ 14.21036619, 37.99337137 ], [ 14.21030711, 37.99352651 ], [ 14.21031578, 37.99368781 ], [ 14.21008017, 37.99398949 ], [ 14.21000152, 37.99409604 ], [ 14.20998454, 37.99426361 ], [ 14.20993897, 37.9944124 ], [ 14.20993891, 37.99452626 ], [ 14.20999539, 37.99466642 ], [ 14.21005107, 37.99478387 ], [ 14.21015411, 37.99484037 ], [ 14.21049685, 37.99504529 ], [ 14.21056152, 37.9950861 ], [ 14.21058386, 37.99517495 ], [ 14.21067421, 37.9952467 ], [ 14.21064733, 37.99539808 ], [ 14.21061356, 37.99545505 ], [ 14.21056648, 37.99550874 ], [ 14.21034636, 37.99574648 ], [ 14.21017303, 37.99597917 ], [ 14.21018542, 37.99606653 ], [ 14.21021023, 37.99613953 ], [ 14.21026623, 37.99622059 ], [ 14.21034379, 37.99634187 ], [ 14.21032117, 37.99637398 ], [ 14.21008593, 37.99651938 ], [ 14.2100323, 37.99656393 ], [ 14.20985634, 37.99685234 ], [ 14.2097642, 37.99696939 ], [ 14.20965683, 37.99707816 ], [ 14.20956192, 37.99732946 ], [ 14.20953016, 37.99737913 ], [ 14.20942808, 37.99759745 ], [ 14.20932067, 37.99771152 ], [ 14.2091588, 37.99788621 ], [ 14.20886254, 37.99788173 ], [ 14.20869174, 37.99786601 ], [ 14.20844977, 37.99786254 ], [ 14.20835752, 37.99787308 ], [ 14.20828053, 37.99784012 ], [ 14.20810616, 37.99788847 ], [ 14.2079495, 37.99788498 ], [ 14.20780667, 37.99789409 ], [ 14.20763675, 37.99790174 ], [ 14.20732065, 37.99796625 ], [ 14.2070829, 37.99796943 ], [ 14.2070712, 37.99801418 ], [ 14.20699761, 37.99805617 ], [ 14.20689601, 37.99810924 ], [ 14.20686868, 37.99811476 ], [ 14.20686325, 37.99811585 ], [ 14.20663988, 37.99815218 ], [ 14.206729, 37.99834685 ], [ 14.20663974, 37.9981522 ], [ 14.20655488, 37.99816017 ], [ 14.20636722, 37.99816794 ], [ 14.20625885, 37.99816645 ], [ 14.20623255, 37.99818106 ], [ 14.2062212, 37.99818738 ], [ 14.20621544, 37.99819059 ], [ 14.20615102, 37.99822641 ], [ 14.20608872, 37.99826106 ], [ 14.20608137, 37.99826514 ], [ 14.20600217, 37.99828001 ], [ 14.20577988, 37.99833186 ], [ 14.20547656, 37.99837841 ], [ 14.20543492, 37.99840451 ], [ 14.20518369, 37.99855398 ], [ 14.20484835, 37.99874519 ], [ 14.20451192, 37.99893138 ], [ 14.20434995, 37.99897852 ], [ 14.203764, 37.99915895 ], [ 14.2031415, 37.99927744 ], [ 14.20278967, 37.99931457 ], [ 14.20238649, 37.99935789 ], [ 14.20224798, 37.99944581 ], [ 14.20201964, 37.99959396 ], [ 14.20192362, 38.00001044 ], [ 14.2016304, 38.00023027 ], [ 14.20127637, 38.00049083 ], [ 14.2010859, 38.0006734 ], [ 14.20089087, 38.00081167 ], [ 14.20071671, 38.00117845 ], [ 14.20054695, 38.00155712 ], [ 14.20077452, 38.00186724 ], [ 14.20104164, 38.00224526 ], [ 14.2010977, 38.00228871 ], [ 14.20152925, 38.00253434 ], [ 14.2018877, 38.00278181 ], [ 14.20204637, 38.00292215 ], [ 14.20235975, 38.00323861 ], [ 14.20268554, 38.00362637 ], [ 14.20282806, 38.00376557 ], [ 14.20315244, 38.00407549 ], [ 14.20339696, 38.00435522 ], [ 14.2035397, 38.00474896 ], [ 14.2036126, 38.00519057 ], [ 14.20360754, 38.00541219 ], [ 14.20367401, 38.0055834 ], [ 14.20378279, 38.00581354 ], [ 14.20386291, 38.00608971 ], [ 14.20396119, 38.00649415 ], [ 14.20397369, 38.00653421 ], [ 14.2041481, 38.00672029 ], [ 14.20428832, 38.00692872 ], [ 14.2043597, 38.00705553 ], [ 14.20449982, 38.00715396 ], [ 14.2047345, 38.00733965 ], [ 14.2048029, 38.00739809 ], [ 14.20487927, 38.00751956 ], [ 14.2049738, 38.00762612 ], [ 14.20499775, 38.00763877 ], [ 14.2049088, 38.00773741 ], [ 14.20489357, 38.00770045 ], [ 14.20484583, 38.00759894 ], [ 14.20479512, 38.00747341 ], [ 14.20474856, 38.00741206 ], [ 14.20453273, 38.00724352 ], [ 14.20435278, 38.007105 ], [ 14.20429182, 38.0070539 ], [ 14.20425225, 38.00697832 ], [ 14.20421428, 38.00689368 ], [ 14.20416017, 38.00681681 ], [ 14.20399975, 38.00661421 ], [ 14.20392697, 38.00652869 ], [ 14.2038952, 38.00639766 ], [ 14.20382213, 38.00608272 ], [ 14.20375985, 38.00586894 ], [ 14.20365223, 38.00559073 ], [ 14.20358092, 38.00544301 ], [ 14.20357472, 38.00537465 ], [ 14.20357419, 38.00535567 ], [ 14.2035698, 38.00531155 ], [ 14.20355662, 38.00506641 ], [ 14.20350145, 38.00475516 ], [ 14.20337859, 38.00440302 ], [ 14.2033575, 38.00436979 ], [ 14.20316125, 38.00413153 ], [ 14.20306134, 38.00403032 ], [ 14.20272014, 38.00372247 ], [ 14.20261497, 38.00360431 ], [ 14.20246215, 38.00341955 ], [ 14.20215484, 38.00308787 ], [ 14.20188903, 38.00283906 ], [ 14.20153791, 38.00260337 ], [ 14.20136028, 38.00250365 ], [ 14.20107371, 38.00234293 ], [ 14.20102041, 38.00231142 ], [ 14.2008395, 38.0020914 ], [ 14.20063769, 38.00184241 ], [ 14.2005057, 38.00169655 ], [ 14.20053764, 38.00186666 ], [ 14.20058178, 38.00205277 ], [ 14.20063928, 38.00236331 ], [ 14.20067859, 38.00246369 ], [ 14.20078698, 38.00271934 ], [ 14.20079012, 38.00278396 ], [ 14.20067507, 38.00294606 ], [ 14.20063031, 38.00300771 ], [ 14.20053617, 38.00319411 ], [ 14.20045238, 38.00330106 ], [ 14.20041005, 38.00332469 ], [ 14.20022046, 38.00334314 ], [ 14.19982937, 38.00317409 ], [ 14.19966138, 38.00310233 ], [ 14.19936025, 38.00297929 ], [ 14.19910643, 38.00278566 ], [ 14.19881702, 38.00256135 ], [ 14.19870491, 38.00247078 ], [ 14.19847544, 38.00227261 ], [ 14.19783475, 38.00205828 ], [ 14.1975296, 38.00195332 ], [ 14.19707816, 38.00180052 ], [ 14.19667751, 38.00164712 ], [ 14.19609066, 38.00141684 ], [ 14.19574411, 38.00128231 ], [ 14.19536075, 38.00124246 ], [ 14.19463634, 38.00116612 ], [ 14.19450379, 38.00098969 ], [ 14.19428874, 38.00069209 ], [ 14.19414217, 38.00049649 ], [ 14.1940718, 38.00035863 ] ] ] } },
{ "type": "Feature", "properties": { "gml_id": "CadastralParcel.IT.AGE.PLA.L478_000900.2", "INSPIREID_LOCALID": "IT.AGE.PLA.L478_000900.2", "INSPIREID_NAMESPACE": "IT.AGE.PLA.", "LABEL": "2", "NATIONALCADASTRALREFERENCE": "L478_000900.2", "ADMINISTRATIVEUNIT": "L478" }, "geometry": { "type": "Polygon", "coordinates": [ [ [ 14.18791603, 38.00928296 ], [ 14.18802356, 38.00902747 ], [ 14.18805609, 38.00895609 ], [ 14.18811752, 38.00886456 ], [ 14.18828082, 38.00857957 ], [ 14.18852478, 38.00835656 ], [ 14.18862405, 38.00826684 ], [ 14.18923827, 38.00770555 ], [ 14.18949575, 38.00747054 ], [ 14.18973331, 38.00721508 ], [ 14.19014294, 38.00688091 ], [ 14.19051377, 38.00658301 ], [ 14.19065787, 38.00646461 ], [ 14.19074428, 38.00635636 ], [ 14.19129605, 38.00575211 ], [ 14.19165659, 38.00537039 ], [ 14.19174534, 38.00527716 ], [ 14.19180813, 38.00417992 ], [ 14.19182379, 38.00390779 ], [ 14.19185719, 38.00370108 ], [ 14.19229769, 38.003116 ], [ 14.1923653, 38.00301886 ], [ 14.1924293, 38.00287786 ], [ 14.19384051, 38.00313194 ], [ 14.19536079, 38.00339875 ], [ 14.19695162, 38.00369849 ], [ 14.19762135, 38.00379025 ], [ 14.19973651, 38.00406429 ], [ 14.20020046, 38.00413152 ], [ 14.20044517, 38.00497841 ], [ 14.20061269, 38.00553952 ], [ 14.20137543, 38.00611372 ], [ 14.20212778, 38.00668633 ], [ 14.20225055, 38.00677567 ], [ 14.20369191, 38.00693155 ], [ 14.20425225, 38.00697832 ], [ 14.20429182, 38.0070539 ], [ 14.20435278, 38.007105 ], [ 14.20453273, 38.00724352 ], [ 14.20474856, 38.00741206 ], [ 14.20479512, 38.00747341 ], [ 14.20484583, 38.00759894 ], [ 14.20489357, 38.00770045 ], [ 14.2049088, 38.00773741 ], [ 14.20488214, 38.00776774 ], [ 14.20481268, 38.00778537 ], [ 14.2044092, 38.00777215 ], [ 14.2042395, 38.00785741 ], [ 14.20394147, 38.00800853 ], [ 14.20358766, 38.00807052 ], [ 14.20317556, 38.00814681 ], [ 14.20232145, 38.00830935 ], [ 14.20208681, 38.0083553 ], [ 14.20198709, 38.00841735 ], [ 14.20178016, 38.00848955 ], [ 14.20171808, 38.008493 ], [ 14.20161789, 38.00847462 ], [ 14.20146604, 38.00849339 ], [ 14.20131243, 38.00852856 ], [ 14.20124679, 38.00854814 ], [ 14.20107767, 38.00865779 ], [ 14.20089219, 38.0086991 ], [ 14.20077196, 38.00867329 ], [ 14.20052882, 38.00863425 ], [ 14.20037513, 38.00862715 ], [ 14.20015221, 38.00864107 ], [ 14.19978113, 38.00862144 ], [ 14.19957278, 38.00864793 ], [ 14.19942249, 38.00867097 ], [ 14.19932334, 38.00867042 ], [ 14.19925933, 38.00865877 ], [ 14.19918092, 38.00863196 ], [ 14.19912808, 38.00860402 ], [ 14.19879884, 38.00844463 ], [ 14.19865797, 38.00838229 ], [ 14.19852107, 38.00822097 ], [ 14.19843703, 38.00812467 ], [ 14.19824958, 38.00795952 ], [ 14.19812873, 38.0078307 ], [ 14.19805659, 38.0076441 ], [ 14.19800376, 38.00760274 ], [ 14.197887, 38.00751828 ], [ 14.19779576, 38.00746989 ], [ 14.19771728, 38.00743019 ], [ 14.19763581, 38.00747694 ], [ 14.19738483, 38.00763945 ], [ 14.19693319, 38.00764486 ], [ 14.19688238, 38.00764056 ], [ 14.1967885, 38.00759942 ], [ 14.19673291, 38.0075938 ], [ 14.19659629, 38.00755221 ], [ 14.19637346, 38.00750813 ], [ 14.1962509, 38.00752063 ], [ 14.19619052, 38.00751874 ], [ 14.19578661, 38.00733418 ], [ 14.19577822, 38.00721867 ], [ 14.19588701, 38.00709453 ], [ 14.19613791, 38.00682432 ], [ 14.19621424, 38.00673241 ], [ 14.19637661, 38.006504 ], [ 14.19642087, 38.00621414 ], [ 14.19632217, 38.00613335 ], [ 14.19605329, 38.00599102 ], [ 14.19580204, 38.00596138 ], [ 14.19570485, 38.00594335 ], [ 14.19552302, 38.00588148 ], [ 14.19517763, 38.0058596 ], [ 14.19486037, 38.00583192 ], [ 14.19470712, 38.00581871 ], [ 14.19446989, 38.00585101 ], [ 14.19428527, 38.00589334 ], [ 14.19410813, 38.00595148 ], [ 14.19382689, 38.00608196 ], [ 14.19373589, 38.00612253 ], [ 14.19360252, 38.00624037 ], [ 14.19331149, 38.00619891 ], [ 14.19320349, 38.00617766 ], [ 14.19304001, 38.00612847 ], [ 14.19271211, 38.00645042 ], [ 14.19272788, 38.00679709 ], [ 14.19264916, 38.00700856 ], [ 14.19275432, 38.00727953 ], [ 14.19269491, 38.00756258 ], [ 14.19253435, 38.00815192 ], [ 14.19234638, 38.00814642 ], [ 14.19206622, 38.00822789 ], [ 14.19156503, 38.00840631 ], [ 14.19135819, 38.00845929 ], [ 14.1913553, 38.00839119 ], [ 14.19135396, 38.00831511 ], [ 14.19130279, 38.00823716 ], [ 14.19122884, 38.008158 ], [ 14.19111901, 38.00809454 ], [ 14.19102756, 38.00804507 ], [ 14.1909306, 38.00802204 ], [ 14.19086197, 38.00801464 ], [ 14.19073198, 38.00805228 ], [ 14.19065415, 38.00809272 ], [ 14.19058867, 38.00815541 ], [ 14.1905498, 38.00819981 ], [ 14.19053083, 38.00825111 ], [ 14.19051389, 38.00831027 ], [ 14.19052469, 38.00835709 ], [ 14.19055931, 38.00843263 ], [ 14.19065572, 38.00854867 ], [ 14.19065672, 38.00857623 ], [ 14.1904806, 38.00855977 ], [ 14.19030508, 38.00857571 ], [ 14.19002843, 38.00863933 ], [ 14.18979971, 38.00874413 ], [ 14.18929977, 38.00898545 ], [ 14.18923116, 38.00900559 ], [ 14.18872543, 38.00911006 ], [ 14.18791603, 38.00928296 ] ] ] } },
{ "type": "Feature", "properties": { "gml_id": "CadastralParcel.IT.AGE.PLA.L478_000900.STRADA001", "INSPIREID_LOCALID": "IT.AGE.PLA.L478_000900.STRADA001", "INSPIREID_NAMESPACE": "IT.AGE.PLA.", "LABEL": "STRADA001", "NATIONALCADASTRALREFERENCE": "L478_000900.STRADA001", "ADMINISTRATIVEUNIT": "L478" }, "geometry": { "type": "Polygon", "coordinates": [ [ [ 14.1940718, 38.00035863 ], [ 14.19413364, 38.00031588 ], [ 14.19419919, 38.00047501 ], [ 14.19427117, 38.00056715 ], [ 14.19450259, 38.0008852 ], [ 14.19468217, 38.00112154 ], [ 14.19519706, 38.00117479 ], [ 14.19575534, 38.00123727 ], [ 14.19579886, 38.00125988 ], [ 14.19634736, 38.00146866 ], [ 14.19702015, 38.00172889 ], [ 14.1977097, 38.00196494 ], [ 14.19837158, 38.00218645 ], [ 14.1985425, 38.00225028 ], [ 14.1988222, 38.00250065 ], [ 14.19913531, 38.00274714 ], [ 14.1993879, 38.00293864 ], [ 14.19971391, 38.00307415 ], [ 14.20011253, 38.00325958 ], [ 14.20022648, 38.00330287 ], [ 14.20042051, 38.00327699 ], [ 14.20050803, 38.00315969 ], [ 14.2005764, 38.00299518 ], [ 14.20068886, 38.00283243 ], [ 14.20073918, 38.00274759 ], [ 14.20062293, 38.00243193 ], [ 14.20059215, 38.00233025 ], [ 14.20051019, 38.00194748 ], [ 14.20044902, 38.00167358 ], [ 14.2004993, 38.00154897 ], [ 14.20071748, 38.00105871 ], [ 14.20084562, 38.00078434 ], [ 14.20107411, 38.00061693 ], [ 14.20119381, 38.00049539 ], [ 14.20152413, 38.00025508 ], [ 14.20187851, 37.99999843 ], [ 14.20190411, 37.99987975 ], [ 14.2019751, 37.99958402 ], [ 14.20201354, 37.99955812 ], [ 14.20232306, 37.99935811 ], [ 14.20237554, 37.99931721 ], [ 14.2029812, 37.99925414 ], [ 14.20343169, 37.9991799 ], [ 14.20376428, 37.99912274 ], [ 14.20392136, 37.99907386 ], [ 14.20448578, 37.99890462 ], [ 14.20474759, 37.99876035 ], [ 14.20510517, 37.99855453 ], [ 14.20546538, 37.99834756 ], [ 14.20560162, 37.99832514 ], [ 14.2058136, 37.99827681 ], [ 14.20581371, 37.99824068 ], [ 14.20603528, 37.9981772 ], [ 14.20609934, 37.99815145 ], [ 14.20620272, 37.99808576 ], [ 14.20662918, 37.99805985 ], [ 14.20680507, 37.99804134 ], [ 14.20691849, 37.9979881 ], [ 14.20695057, 37.99798279 ], [ 14.20699859, 37.99798212 ], [ 14.2070064, 37.99797317 ], [ 14.20703341, 37.99796965 ], [ 14.20703555, 37.99792454 ], [ 14.20707009, 37.99788873 ], [ 14.20723112, 37.997887 ], [ 14.20740597, 37.99785844 ], [ 14.20769093, 37.9978019 ], [ 14.20782544, 37.99780103 ], [ 14.20807562, 37.99779961 ], [ 14.20824426, 37.99774806 ], [ 14.20836644, 37.99779037 ], [ 14.20885622, 37.99779455 ], [ 14.20904596, 37.99782986 ], [ 14.20914049, 37.99780593 ], [ 14.20918189, 37.99778504 ], [ 14.20930702, 37.99764805 ], [ 14.20937702, 37.99756752 ], [ 14.20946999, 37.99736994 ], [ 14.20960701, 37.99704528 ], [ 14.20974441, 37.99688108 ], [ 14.20984703, 37.99674485 ], [ 14.2099732, 37.99652883 ], [ 14.21006177, 37.99643993 ], [ 14.21027431, 37.99633787 ], [ 14.21015477, 37.99614259 ], [ 14.21010146, 37.99598537 ], [ 14.21028288, 37.99573847 ], [ 14.21047136, 37.99552848 ], [ 14.2105741, 37.99542992 ], [ 14.21060874, 37.99526608 ], [ 14.21052538, 37.9951998 ], [ 14.21048625, 37.99510501 ], [ 14.21035271, 37.99502626 ], [ 14.21012277, 37.9948901 ], [ 14.20998864, 37.99480887 ], [ 14.2099097, 37.99462765 ], [ 14.20987643, 37.99450939 ], [ 14.20986744, 37.99444327 ], [ 14.20991062, 37.99438796 ], [ 14.20992676, 37.99432301 ], [ 14.20996448, 37.99417193 ], [ 14.20996825, 37.99405197 ], [ 14.21011298, 37.99386965 ], [ 14.21026822, 37.99367556 ], [ 14.21025845, 37.99352235 ], [ 14.21031886, 37.99338878 ], [ 14.21034115, 37.99324246 ], [ 14.21034238, 37.99312548 ], [ 14.21033453, 37.99293766 ], [ 14.21031675, 37.99284261 ], [ 14.21029498, 37.99274796 ], [ 14.21032652, 37.99244628 ], [ 14.21036338, 37.99220771 ], [ 14.21039106, 37.99213765 ], [ 14.21046863, 37.99192484 ], [ 14.21032796, 37.99189607 ], [ 14.21016185, 37.99188663 ], [ 14.21003122, 37.99184973 ], [ 14.21000342, 37.99177763 ], [ 14.20975379, 37.99186874 ], [ 14.20926674, 37.99186233 ], [ 14.20917604, 37.99184227 ], [ 14.20898991, 37.99182485 ], [ 14.20891146, 37.99180473 ], [ 14.20871116, 37.99180057 ], [ 14.20863101, 37.99171154 ], [ 14.20859568, 37.99166311 ], [ 14.20855307, 37.99155083 ], [ 14.20848977, 37.9912506 ], [ 14.20846893, 37.99121172 ], [ 14.20838153, 37.99105347 ], [ 14.20825722, 37.99088292 ], [ 14.20819859, 37.99077887 ], [ 14.20813761, 37.99063315 ], [ 14.20810017, 37.99053348 ], [ 14.20802742, 37.99024767 ], [ 14.20796332, 37.9900338 ], [ 14.20792186, 37.98976814 ], [ 14.20788706, 37.98945138 ], [ 14.2078173, 37.98924562 ], [ 14.20776894, 37.98917496 ], [ 14.20753566, 37.98902426 ], [ 14.20739862, 37.98890725 ], [ 14.20725819, 37.98875828 ], [ 14.20720714, 37.98869075 ], [ 14.20712865, 37.98857087 ], [ 14.20708865, 37.98833236 ], [ 14.20710693, 37.9881002 ], [ 14.20713614, 37.98797152 ], [ 14.20723813, 37.98764608 ], [ 14.20729875, 37.98766087 ], [ 14.2072498, 37.98781191 ], [ 14.20720709, 37.98796302 ], [ 14.20717582, 37.98812665 ], [ 14.20715671, 37.98830559 ], [ 14.20718289, 37.98851787 ], [ 14.20721652, 37.98860493 ], [ 14.2072508, 37.98865298 ], [ 14.20728767, 37.98872289 ], [ 14.20745042, 37.98887851 ], [ 14.20754765, 37.98896725 ], [ 14.20778347, 37.98912152 ], [ 14.20783926, 37.98917983 ], [ 14.20792314, 37.98941101 ], [ 14.20795053, 37.98964088 ], [ 14.20798446, 37.98993048 ], [ 14.20803146, 37.99007123 ], [ 14.20810481, 37.99034132 ], [ 14.20815072, 37.99050132 ], [ 14.20818716, 37.99062133 ], [ 14.20828204, 37.99082179 ], [ 14.20830144, 37.99086838 ], [ 14.20845264, 37.99107952 ], [ 14.20853334, 37.99123677 ], [ 14.20855969, 37.99137076 ], [ 14.20862378, 37.99157949 ], [ 14.20864996, 37.99163784 ], [ 14.20877937, 37.99166717 ], [ 14.20899088, 37.99173261 ], [ 14.20925306, 37.99176642 ], [ 14.20959533, 37.99178474 ], [ 14.20975576, 37.99178482 ], [ 14.20983349, 37.99176033 ], [ 14.21001054, 37.9916955 ], [ 14.21009196, 37.99165554 ], [ 14.21013697, 37.99165993 ], [ 14.21005926, 37.99177707 ], [ 14.21010207, 37.99180322 ], [ 14.21016275, 37.99182237 ], [ 14.21050118, 37.99183032 ], [ 14.2105661, 37.99183702 ], [ 14.21054038, 37.99189929 ], [ 14.21050804, 37.99192967 ], [ 14.21049968, 37.99200175 ], [ 14.21039608, 37.99222307 ], [ 14.21035827, 37.99262344 ], [ 14.21034225, 37.99273587 ], [ 14.21037519, 37.99287989 ], [ 14.21039237, 37.99302338 ], [ 14.21038726, 37.99327459 ], [ 14.21036619, 37.99337137 ], [ 14.21030711, 37.99352651 ], [ 14.21031578, 37.99368781 ], [ 14.21008017, 37.99398949 ], [ 14.21000152, 37.99409604 ], [ 14.20998454, 37.99426361 ], [ 14.20993897, 37.9944124 ], [ 14.20993891, 37.99452626 ], [ 14.20999539, 37.99466642 ], [ 14.21005107, 37.99478387 ], [ 14.21015411, 37.99484037 ], [ 14.21049685, 37.99504529 ], [ 14.21056152, 37.9950861 ], [ 14.21058386, 37.99517495 ], [ 14.21067421, 37.9952467 ], [ 14.21064733, 37.99539808 ], [ 14.21061356, 37.99545505 ], [ 14.21056648, 37.99550874 ], [ 14.21034636, 37.99574648 ], [ 14.21017303, 37.99597917 ], [ 14.21018542, 37.99606653 ], [ 14.21021023, 37.99613953 ], [ 14.21026623, 37.99622059 ], [ 14.21034379, 37.99634187 ], [ 14.21032117, 37.99637398 ], [ 14.21008593, 37.99651938 ], [ 14.2100323, 37.99656393 ], [ 14.20985634, 37.99685234 ], [ 14.2097642, 37.99696939 ], [ 14.20965683, 37.99707816 ], [ 14.20956192, 37.99732946 ], [ 14.20953016, 37.99737913 ], [ 14.20942808, 37.99759745 ], [ 14.20932067, 37.99771152 ], [ 14.2091588, 37.99788621 ], [ 14.20886254, 37.99788173 ], [ 14.20869174, 37.99786601 ], [ 14.20844977, 37.99786254 ], [ 14.20835752, 37.99787308 ], [ 14.20828053, 37.99784012 ], [ 14.20810616, 37.99788847 ], [ 14.2079495, 37.99788498 ], [ 14.20780667, 37.99789409 ], [ 14.20763675, 37.99790174 ], [ 14.20732065, 37.99796625 ], [ 14.2070829, 37.99796943 ], [ 14.2070712, 37.99801418 ], [ 14.20699761, 37.99805617 ], [ 14.20689601, 37.99810924 ], [ 14.20686868, 37.99811476 ], [ 14.20686325, 37.99811585 ], [ 14.20663988, 37.99815218 ], [ 14.206729, 37.99834685 ], [ 14.20663974, 37.9981522 ], [ 14.20655488, 37.99816017 ], [ 14.20636722, 37.99816794 ], [ 14.20625885, 37.99816645 ], [ 14.20623255, 37.99818106 ], [ 14.2062212, 37.99818738 ], [ 14.20621544, 37.99819059 ], [ 14.20615102, 37.99822641 ], [ 14.20608872, 37.99826106 ], [ 14.20608137, 37.99826514 ], [ 14.20600217, 37.99828001 ], [ 14.20577988, 37.99833186 ], [ 14.20547656, 37.99837841 ], [ 14.20543492, 37.99840451 ], [ 14.20518369, 37.99855398 ], [ 14.20484835, 37.99874519 ], [ 14.20451192, 37.99893138 ], [ 14.20434995, 37.99897852 ], [ 14.203764, 37.99915895 ], [ 14.2031415, 37.99927744 ], [ 14.20278967, 37.99931457 ], [ 14.20238649, 37.99935789 ], [ 14.20224798, 37.99944581 ], [ 14.20201964, 37.99959396 ], [ 14.20192362, 38.00001044 ], [ 14.2016304, 38.00023027 ], [ 14.20127637, 38.00049083 ], [ 14.2010859, 38.0006734 ], [ 14.20089087, 38.00081167 ], [ 14.20071671, 38.00117845 ], [ 14.20054695, 38.00155712 ], [ 14.20077452, 38.00186724 ], [ 14.20104164, 38.00224526 ], [ 14.2010977, 38.00228871 ], [ 14.20152925, 38.00253434 ], [ 14.2018877, 38.00278181 ], [ 14.20204637, 38.00292215 ], [ 14.20235975, 38.00323861 ], [ 14.20268554, 38.00362637 ], [ 14.20282806, 38.00376557 ], [ 14.20315244, 38.00407549 ], [ 14.20339696, 38.00435522 ], [ 14.2035397, 38.00474896 ], [ 14.2036126, 38.00519057 ], [ 14.20360754, 38.00541219 ], [ 14.20367401, 38.0055834 ], [ 14.20378279, 38.00581354 ], [ 14.20386291, 38.00608971 ], [ 14.20396119, 38.00649415 ], [ 14.20397369, 38.00653421 ], [ 14.2041481, 38.00672029 ], [ 14.20428832, 38.00692872 ], [ 14.2043597, 38.00705553 ], [ 14.20449982, 38.00715396 ], [ 14.2047345, 38.00733965 ], [ 14.2048029, 38.00739809 ], [ 14.20487927, 38.00751956 ], [ 14.2049738, 38.00762612 ], [ 14.20499775, 38.00763877 ], [ 14.2049088, 38.00773741 ], [ 14.20489357, 38.00770045 ], [ 14.20484583, 38.00759894 ], [ 14.20479512, 38.00747341 ], [ 14.20474856, 38.00741206 ], [ 14.20453273, 38.00724352 ], [ 14.20435278, 38.007105 ], [ 14.20429182, 38.0070539 ], [ 14.20425225, 38.00697832 ], [ 14.20421428, 38.00689368 ], [ 14.20416017, 38.00681681 ], [ 14.20399975, 38.00661421 ], [ 14.20392697, 38.00652869 ], [ 14.2038952, 38.00639766 ], [ 14.20382213, 38.00608272 ], [ 14.20375985, 38.00586894 ], [ 14.20365223, 38.00559073 ], [ 14.20358092, 38.00544301 ], [ 14.20357472, 38.00537465 ], [ 14.20357419, 38.00535567 ], [ 14.2035698, 38.00531155 ], [ 14.20355662, 38.00506641 ], [ 14.20350145, 38.00475516 ], [ 14.20337859, 38.00440302 ], [ 14.2033575, 38.00436979 ], [ 14.20316125, 38.00413153 ], [ 14.20306134, 38.00403032 ], [ 14.20272014, 38.00372247 ], [ 14.20261497, 38.00360431 ], [ 14.20246215, 38.00341955 ], [ 14.20215484, 38.00308787 ], [ 14.20188903, 38.00283906 ], [ 14.20153791, 38.00260337 ], [ 14.20136028, 38.00250365 ], [ 14.20107371, 38.00234293 ], [ 14.20102041, 38.00231142 ], [ 14.2008395, 38.0020914 ], [ 14.20063769, 38.00184241 ], [ 14.2005057, 38.00169655 ], [ 14.20053764, 38.00186666 ], [ 14.20058178, 38.00205277 ], [ 14.20063928, 38.00236331 ], [ 14.20067859, 38.00246369 ], [ 14.20078698, 38.00271934 ], [ 14.20079012, 38.00278396 ], [ 14.20067507, 38.00294606 ], [ 14.20063031, 38.00300771 ], [ 14.20053617, 38.00319411 ], [ 14.20045238, 38.00330106 ], [ 14.20041005, 38.00332469 ], [ 14.20022046, 38.00334314 ], [ 14.19982937, 38.00317409 ], [ 14.19966138, 38.00310233 ], [ 14.19936025, 38.00297929 ], [ 14.19910643, 38.00278566 ], [ 14.19881702, 38.00256135 ], [ 14.19870491, 38.00247078 ], [ 14.19847544, 38.00227261 ], [ 14.19783475, 38.00205828 ], [ 14.1975296, 38.00195332 ], [ 14.19707816, 38.00180052 ], [ 14.19667751, 38.00164712 ], [ 14.19609066, 38.00141684 ], [ 14.19574411, 38.00128231 ], [ 14.19536075, 38.00124246 ], [ 14.19463634, 38.00116612 ], [ 14.19450379, 38.00098969 ], [ 14.19428874, 38.00069209 ], [ 14.19414217, 38.00049649 ], [ 14.1940718, 38.00035863 ] ] ] } }
]
}
